customer_id,first_name,last_name,email,phone,signup_date,country,region,segment
CUST-000001,John,Gomez,john.gomez251@example.com,+1-428-342-2679,2023-07-18 19:51:22,Usa,Central,Consumer
CUST-000002,Ana,Garcia,ana.garcia239@example.com,+1-717-816-1434,2023-03-24 20:26:03,Canada,Central,Consumer
CUST-000003,Olivia,White,olivia.white829@example.com,+1-206-977-3615,2023-07-24 15:23:12,Mexico,East,Consumer
CUST-000004,Marta,Lopez,marta.lopez390@example.com,+1-299-567-6635,2022-07-09 21:58:51,Mexico,North,Corporate
CUST-000005,Sebastian,Lopez,sebastian.lopez81@example.com,+1-765-500-6925,2024-02-15 21:01:14,Canada,North,Consumer
CUST-000006,David,Anderson,david.anderson876@example.com,+1-438-303-7227,2022-06-13 10:07:14,Brazil,East,Consumer
CUST-000007,James,Davis,james.davis719@example.com,+1-899-863-2169,2023-07-01 22:10:40,Germany,South,Consumer
CUST-000008,David,Brown,david.brown389@example.com,+1-476-855-4598,2024-08-04 11:48:24,Spain,North,Consumer
CUST-000009,Luis,Thomas,luis.thomas275@example.com,+1-267-416-6155,2024-04-01 07:44:29,Germany,West,Consumer
CUST-000010,Olivia,Martinez,olivia.martinez143@example.com,+1-452-962-9830,2023-06-27 09:33:58,Germany,Central,Consumer
CUST-000011,Camila,Moore,camila.moore225@example.com,+1-341-721-9085,2024-01-12 03:18:35,Spain,North,Home Office
CUST-000012,Sofia,Brown,sofia.brown611@example.com,+1-265-594-7252,2024-05-14 21:41:44,Brazil,Central,Consumer
CUST-000013,Sebastian,Gomez,sebastian.gomez699@example.com,+1-749-968-5371,2022-08-23 23:20:12,Mexico,North,Consumer
CUST-000014,Carlos, Martin  ,carlos.martin977@example.com,+1-939-936-5315,2022-01-07 18:13:32,Spain,South,Consumer
CUST-000015,John,Anderson,john.anderson624@example.com,+1-403-356-7126,2024-11-05 05:52:54,Uk,Central,Home Office
CUST-000016,Andres,Thomas,andres.thomas20@example.com,+1-314-571-6038,,Usa,South,Home Office
CUST-000017,Maria,Garcia,maria.garcia836@example.com,+1-270-978-9727,2024-09-22 04:34:43,Canada,West,Home Office
CUST-000018,Carlos,Wilson,carlos.wilson894@example.com,+1-821-633-4470,2024-12-16 19:38:06,Spain,South,Corporate
CUST-000019,Lucia,Taylor,lucia.taylor922@example.com,+1-729-662-2982,2024-06-16 09:01:33,Canada,North,Consumer
CUST-000020,Camila,Thompson,,+1-425-207-2163,2023-04-17 22:58:39,Usa,South,Consumer
CUST-000021,Luis,Thomas,luis.thomas527@example.com,+1-443-485-8953,2022-05-26 07:48:00,Uk,South,Corporate
CUST-000022,Camila,White,camila.white249@example.com,+1-684-616-4119,2024-08-26 03:26:03,Usa,West,Consumer
CUST-000023,Diego,Martin,diego.martin690@example.com,+1-869-861-2612,2022-04-21 02:12:24,Brazil,East,Corporate
CUST-000024,John,Rodriguez,john.rodriguez195@example.com,+1-749-659-3296,2023-01-28 15:21:36,Canada,East,Consumer
CUST-000025,Maria,Martin,maria.martin52@example.com,+1-867-753-1241,2022-07-20 03:23:44,Spain,South,Consumer
CUST-000026,Mateo,Lee,mateo.lee886@example.com,+1-610-260-3697,2023-03-14 13:47:52,Usa,West,Consumer
CUST-000027,Olivia,Anderson,olivia.anderson714@example.com,+1-948-769-8973,2024-05-16 05:38:09,Canada,East,Consumer
CUST-000028,Luis,White,luis.white766@example.com,+1-521-258-1821,2022-05-05 21:16:09,Brazil,Central,Home Office
CUST-000029,Valentina,Brown,valentina.brown984@example.com,+1-720-282-4044,2022-04-27 02:29:41,Uk,North,Corporate
CUST-000030,David,Moore,david.moore965@example.com,+1-783-452-1651,2022-09-03 22:33:03,Usa,West,Corporate
CUST-000031,Camila,Perez,camila.perez958@example.com,+1-467-409-6147,2023-10-10 08:41:25,Mexico,West,Consumer
CUST-000032,Pedro,Martin,pedro.martin952@example.com,+1-969-274-1152,2023-10-10 16:41:08,Uk,Central,Home Office
CUST-000033,Maria,Thompson,maria.thompson519@example.com,+1-471-335-6718,2023-03-13 02:30:16,Canada,East,Consumer
CUST-000034,Olivia,Thompson,olivia.thompson627@example.com,+1-869-741-1128,2023-09-12 20:11:32,Mexico,North,Home Office
CUST-000035,Sofia,Wilson,sofia.wilson912@example.com,+1-309-960-3546,2022-08-25 09:54:57,Mexico,Central,Consumer
CUST-000036,Marta,Davis,marta.davis518@example.com,+1-700-457-1832,2023-06-25 03:21:37,Germany,West,Corporate
CUST-000037,Luis,Gomez,luis.gomez790@example.com,+1-333-852-5291,2023-11-15 05:52:58,Germany,West,Consumer
CUST-000038,Diego,Thompson,diego.thompson115@example.com,+1-277-907-3442,2022-01-20 19:51:51,Usa,East,Consumer
CUST-000039,Sofia,Jackson,sofia.jackson43@example.com,+1-515-573-1653,2022-09-19 13:01:38,Canada,South,Corporate
CUST-000040,James,Thompson,james.thompson998@example.com,+1-835-967-3532,2024-04-12 08:37:09,Spain,South,Home Office
CUST-000041,Carlos, Jackson  ,carlos.jackson184@example.com,+1-954-540-7745,2022-02-20 09:02:07,Mexico,South,Corporate
CUST-000042,John,Moore,john.moore880@example.com,+1-681-427-4269,2022-03-21 16:45:32,Mexico,East,Corporate
CUST-000043,David,Rodriguez,david.rodriguez676@example.com,+1-397-608-6378,2022-02-18 10:08:37,Spain,North,Home Office
CUST-000044,Laura,Taylor,laura.taylor410@example.com,+1-895-749-6425,2024-11-09 01:00:17,Usa,East,Consumer
CUST-000045,Laura,Smith,laura.smith611@example.com,+1-644-553-6139,2022-08-11 15:53:19,Uk,Central,Consumer
CUST-000046,Camila,Davis,camila.davis46@example.com,+1-925-646-1027,2023-06-06 18:55:46,Spain,Central,Corporate
CUST-000047,Emma,Taylor,emma.taylor72@example.com,+1-880-538-6143,2024-06-02 04:32:14,Germany,East,Consumer
CUST-000048,Diego,Thomas,diego.thomas714@example.com,+1-502-767-3085,2024-04-04 06:59:04,Brazil,West,Corporate
CUST-000049,Carlos,Harris,carlos.harris416@example.com,+1-761-200-5978,2023-09-09 10:26:46,Canada,West,Corporate
CUST-000050,Andres,Thomas,andres.thomas453@example.com,+1-652-891-4501,2024-08-10 18:36:40,Brazil,South,Corporate
CUST-000051,Pedro,Perez,pedro.perez96@example.com,+1-969-440-6085,2023-11-18 08:10:44,Spain,South,Consumer
CUST-000052,Luis,Rodriguez,luis.rodriguez626@example.com,+1-986-274-8461,2024-08-31 15:05:21,Germany,Central,Consumer
CUST-000053,Lucia,Lee,lucia.lee250@example.com,+1-351-871-1090,2024-03-29 03:52:50,Spain,West,Consumer
CUST-000054,Valentina, Martin  ,valentina.martin571@example.com,+1-455-324-8478,2022-04-13 04:51:17,Spain,West,Corporate
CUST-000055,Sebastian,Harris,sebastian.harris973@example.com,+1-973-653-9270,2023-10-12 15:32:13,Spain,Central,Consumer
CUST-000056,Carlos,Lee,carlos.lee266@example.com,+1-969-453-5543,2024-07-10 18:58:47,Brazil,South,Consumer
CUST-000057,Maria,Anderson,maria.anderson279@example.com,+1-543-527-9849,2023-04-26 02:56:01,Canada,South,Consumer
CUST-000058,Sofia,Davis,sofia.davis425@example.com,+1-617-538-9890,2022-05-12 16:57:49,Brazil,North,Consumer
CUST-000059,Diego,Moore,diego.moore878@example.com,+1-983-789-7232,2022-02-10 17:21:58,Usa,East,Consumer
CUST-000060,Lucia,Jackson,lucia.jackson500@example.com,+1-424-479-8140,2023-03-28 17:40:54,Usa,West,Consumer
CUST-000061,Lucia,Brown,lucia.brown942@example.com,+1-330-837-9751,2024-08-15 00:58:54,Brazil,Central,Consumer
CUST-000062,Ana,Garcia,ana.garcia139@example.com,,2024-05-27 09:28:19,Brazil,East,Consumer
CUST-000063,Marta,Thomas,marta.thomas285@example.com,+1-970-631-5133,2024-02-16 02:58:55,Brazil,North,Corporate
CUST-000064,Luis,Taylor,luis.taylor666@example.com,+1-270-999-1659,2023-04-05 01:07:47,Canada,South,Corporate
CUST-000065,Andres,Martinez,andres.martinez130@example.com,,2023-05-04 20:32:00,Canada,West,Corporate
CUST-000066,James,Brown,james.brown797@example.com,+1-367-518-2771,2022-08-23 21:04:09,Usa,East,Consumer
CUST-000067,Lucia,Moore,lucia.moore78@example.com,+1-806-907-4978,2023-02-11 03:42:36,Germany,East,Home Office
CUST-000068,Andres,Lopez,andres.lopez356@example.com,+1-745-638-7071,2022-03-26 02:30:38,Uk,East,Consumer
CUST-000069,Diego,Lee,diego.lee444@example.com,+1-570-850-8532,2022-08-05 05:34:12,Brazil,South,Corporate
CUST-000070,Laura,Harris,laura.harris477@example.com,+1-646-948-5397,2024-09-17 11:44:05,Spain,South,Corporate
CUST-000071,Maria,Wilson,maria.wilson250@example.com,+1-968-675-7209,2024-07-12 12:14:52,Usa,West,Home Office
CUST-000072,Carlos,Lee,carlos.lee364@example.com,+1-464-548-5581,2023-03-11 21:42:19,Germany,East,Consumer
CUST-000073,Valentina,Davis,valentina.davis248@example.com,+1-937-616-9004,2022-06-25 20:12:48,Spain,South,Corporate
CUST-000074,Mateo,Martin,mateo.martin96@example.com,+1-501-426-7625,2022-02-05 08:51:30,Mexico,Central,Consumer
CUST-000075,Sebastian, Perez  ,sebastian.perez436@example.com,+1-963-763-6419,2023-12-06 12:48:32,Germany,West,Consumer
CUST-000076,Laura,Rodriguez,laura.rodriguez739@example.com,+1-397-523-2958,2022-09-05 19:30:36,Spain,South,Consumer
CUST-000077,Mateo,Wilson,mateo.wilson612@example.com,+1-489-302-4180,2024-12-10 10:47:09,Canada,East,Consumer
CUST-000078,Ana,Thompson,ana.thompson281@example.com,+1-246-255-5786,2022-09-17 04:35:51,Germany,West,Consumer
CUST-000079,Ana,White,ana.white481@example.com,+1-690-651-6582,2023-08-06 06:42:44,Usa,East,Home Office
CUST-000080,Mateo,Lopez,mateo.lopez411@example.com,+1-703-275-1878,2022-05-14 05:31:27,Canada,Central,Home Office
CUST-000081,Maria,Rodriguez,maria.rodriguez572@example.com,+1-982-626-4697,2022-08-31 19:01:34,Brazil,West,Home Office
CUST-000082,Pedro,White,pedro.white313@example.com,+1-782-835-1986,2024-05-28 22:11:45,Germany,North,Home Office
CUST-000083,Emma,Davis,emma.davis677@example.com,,2023-06-26 06:19:42,Uk,North,Consumer
CUST-000084,Diego,Martin,diego.martin299@example.com,+1-233-437-5720,2024-08-20 10:17:36,Germany,West,Consumer
CUST-000085,David,Wilson,david.wilson436@example.com,+1-317-757-4683,2023-02-10 23:34:46,Canada,East,Corporate
CUST-000086,Maria,Smith,maria.smith812@example.com,+1-514-809-5728,2022-12-06 15:59:20,Usa,West,Corporate
CUST-000087,Lucia,Wilson,lucia.wilson553@example.com,+1-705-648-2317,2024-10-21 21:46:25,Usa,West,Corporate
CUST-000088,Andres,Wilson,andres.wilson94@example.com,+1-434-890-1339,2022-02-22 09:48:45,Uk,North,Corporate
CUST-000089,Carlos,Lee,carlos.lee668@example.com,+1-652-484-3973,2024-11-28 21:18:40,Brazil,West,Home Office
CUST-000090,Mateo,Taylor,mateo.taylor342@example.com,+1-528-886-2713,2024-04-16 05:51:19,Mexico,West,Corporate
CUST-000091,Pedro,Moore,pedro.moore466@example.com,+1-290-522-5135,2022-03-17 11:46:12,Usa,West,Home Office
CUST-000092,Ana,Thompson,ana.thompson424@example.com,+1-255-392-9494,2024-08-04 13:10:19,Uk,West,Corporate
CUST-000093,Luis,Davis,luis.davis563@example.com,+1-334-494-8178,2023-07-01 17:38:52,Usa,North,Home Office
CUST-000094,Andres,Rodriguez,andres.rodriguez319@example.com,+1-764-214-7684,2022-11-21 03:23:37,Canada,North,Consumer
CUST-000095,John,Martinez,john.martinez956@example.com,+1-933-498-9337,2024-10-17 09:57:18,Brazil,West,Home Office
CUST-000096,David,Martin,david.martin393@example.com,+1-395-813-9327,2022-10-24 04:58:12,Spain,North,Consumer
CUST-000097,Diego,Thomas,diego.thomas274@example.com,+1-202-489-5891,2024-11-05 21:22:11,Uk,West,Home Office
CUST-000098,Olivia,Thompson,olivia.thompson354@example.com,+1-540-765-9903,2024-09-18 13:44:01,Brazil,East,Home Office
CUST-000099,David,White,david.white240@example.com,+1-994-620-1715,2024-02-24 11:35:04,Germany,West,Corporate
CUST-000100,Lucia,Moore,lucia.moore508@example.com,+1-237-329-9229,2022-11-08 21:29:16,Mexico,North,Home Office
CUST-000101,Olivia,Lopez,olivia.lopez933@example.com,+1-667-215-3361,2024-12-13 14:55:36,Spain,South,Consumer
CUST-000102,Laura,Thomas,laura.thomas666@example.com,+1-282-536-9742,2024-03-25 13:50:08,Mexico,West,Home Office
CUST-000103,Luis, Harris  ,luis.harris241@example.com,+1-846-900-5708,2022-05-21 08:16:57,Germany,Unknown,Consumer
CUST-000104,John,Lopez,john.lopez171@example.com,+1-910-506-1474,2024-06-27 01:40:28,Mexico,North,Consumer
CUST-000105,James,Jackson,james.jackson251@example.com,+1-743-621-3950,2022-10-26 06:11:20,Canada,North,Corporate
CUST-000106,Lucia,Harris,lucia.harris510@example.com,+1-797-346-4804,2023-05-09 16:47:23,Germany,East,Consumer
CUST-000107,Ana,Martin,ana.martin694@example.com,+1-759-361-2210,2023-08-13 16:04:58,Mexico,Central,Consumer
CUST-000108,Diego,Wilson,diego.wilson866@example.com,+1-509-403-7302,2024-07-24 17:35:35,Usa,South,Consumer
CUST-000109,James,White,james.white717@example.com,+1-502-222-7484,2023-08-29 09:59:36,Usa,Central,Home Office
CUST-000110,Luis,Harris,luis.harris853@example.com,+1-493-994-4770,2024-10-14 22:06:09,Spain,East,Consumer
CUST-000111,Emma, Harris  ,emma.harris695@example.com,+1-973-938-3240,2023-05-29 22:52:25,Usa,North,Consumer
CUST-000112,Olivia, Smith  ,olivia.smith750@example.com,+1-334-292-5835,2024-01-18 11:53:43,Germany,West,Consumer
CUST-000113,Sofia,Thompson,sofia.thompson544@example.com,+1-713-479-3695,2024-01-20 09:21:21,Spain,West,Home Office
CUST-000114,Pedro,Thomas,pedro.thomas480@example.com,+1-277-344-4696,2022-08-24 14:28:09,Spain,Central,Consumer
CUST-000115,Lucia,Gomez,lucia.gomez550@example.com,+1-326-665-7038,2023-06-26 09:32:42,Uk,West,Corporate
CUST-000116,James,Lopez,james.lopez483@example.com,+1-225-834-6374,2023-04-24 22:12:44,Canada,North,Corporate
CUST-000117,Olivia,Anderson,olivia.anderson120@example.com,+1-343-246-1609,2024-04-16 11:04:53,Brazil,North,Consumer
CUST-000118,Sebastian, Martinez  ,sebastian.martinez465@example.com,+1-579-886-9850,2024-03-06 15:15:35,Uk,South,Home Office
CUST-000119,John,Lee,john.lee962@example.com,+1-486-233-7070,2024-04-15 07:54:37,Brazil,West,Home Office
CUST-000120,James,Lopez,james.lopez558@example.com,+1-860-567-1992,2024-01-23 14:29:44,Mexico,South,Home Office
CUST-000121,Olivia,Garcia,olivia.garcia658@example.com,+1-854-811-1349,2023-03-11 01:50:29,Spain,East,Consumer
CUST-000122,Sofia,White,sofia.white71@example.com,+1-983-767-4394,2023-02-25 21:20:58,Canada,South,Consumer
CUST-000123,Sofia,Harris,sofia.harris284@example.com,+1-348-333-9850,2022-01-06 09:07:33,Spain,South,Consumer
CUST-000124,Ana,Martinez,ana.martinez367@example.com,+1-443-802-6304,2022-01-31 00:34:28,Canada,East,Consumer
CUST-000125,Diego,Perez,diego.perez764@example.com,+1-265-687-8344,2022-08-21 13:10:53,Uk,Central,Consumer
CUST-000126,Valentina,Rodriguez,valentina.rodriguez745@example.com,+1-874-733-5941,2022-03-30 16:40:36,Germany,North,Consumer
CUST-000127,Mateo,Moore,mateo.moore703@example.com,+1-310-702-8267,2024-05-23 02:40:32,Usa,East,Corporate
CUST-000128,Maria,Martinez,maria.martinez640@example.com,+1-848-799-9984,2023-07-18 11:50:22,Brazil,Central,Consumer
CUST-000129,Olivia,Perez,olivia.perez102@example.com,+1-918-317-4522,2024-05-31 15:39:30,Brazil,South,Consumer
CUST-000130,Olivia,Moore,olivia.moore748@example.com,+1-297-520-7992,2024-05-01 11:22:43,Germany,East,Consumer
CUST-000131,Sofia,Lee,sofia.lee94@example.com,+1-287-295-8075,2022-05-18 03:30:56,Germany,East,Corporate
CUST-000132,Sebastian,Smith,sebastian.smith687@example.com,+1-325-620-6793,2023-11-07 15:23:55,Spain,North,Home Office
CUST-000133,Andres,Anderson,andres.anderson107@example.com,+1-791-719-4485,2023-12-22 05:38:00,Germany,West,Consumer
CUST-000134,John,Taylor,john.taylor118@example.com,+1-980-485-4705,2024-01-23 15:37:24,Spain,Central,Home Office
CUST-000135,Andres,Harris,andres.harris624@example.com,+1-873-910-5381,2022-02-23 01:03:14,Canada,East,Corporate
CUST-000136,Pedro,Thomas,pedro.thomas7@example.com,+1-385-346-7566,2023-12-20 02:32:00,Canada,North,Consumer
CUST-000137,Valentina,Davis,valentina.davis430@example.com,+1-664-549-3578,2024-02-10 13:28:23,Mexico,East,Corporate
CUST-000138,Camila,Harris,camila.harris905@example.com,+1-253-359-3579,2022-06-23 22:29:41,Usa,North,Consumer
CUST-000139,Diego,Lee,diego.lee425@example.com,+1-479-420-9394,2024-06-24 04:08:38,Mexico,West,Consumer
CUST-000140,Camila,Lee,camila.lee684@example.com,+1-515-246-4612,2024-12-15 14:23:27,Uk,North,Consumer
CUST-000141,Pedro,Davis,pedro.davis783@example.com,+1-461-496-6375,2022-10-09 04:22:06,Usa,West,Corporate
CUST-000142,Carlos,Martinez,carlos.martinez546@example.com,,2024-02-18 20:20:33,Spain,East,Consumer
CUST-000143,Luis,Jackson,luis.jackson471@example.com,+1-279-520-8033,2022-02-08 20:52:36,Brazil,West,Consumer
CUST-000144,Lucia,Gomez,lucia.gomez176@example.com,+1-832-671-6928,2023-10-28 03:12:31,Brazil,North,Consumer
CUST-000145,Camila,Moore,camila.moore81@example.com,+1-605-517-6562,2024-12-09 08:04:01,Mexico,South,Consumer
CUST-000146,John,Perez,john.perez199@example.com,+1-994-557-6752,2024-11-10 23:29:59,Spain,South,Consumer
CUST-000147,Sofia,Wilson,sofia.wilson178@example.com,+1-816-356-2234,2023-02-09 06:26:58,Spain,West,Consumer
CUST-000148,Camila,White,camila.white698@example.com,+1-778-858-6295,2024-07-08 22:50:10,Mexico,South,Consumer
CUST-000149,Mateo,Martin,mateo.martin816@example.com,,2023-09-13 12:48:49,Uk,North,Consumer
CUST-000150,Olivia,Smith,olivia.smith378@example.com,+1-493-278-2479,2022-04-27 22:23:30,Uk,Central,Consumer
CUST-000151,Camila,Thompson,camila.thompson461@example.com,+1-785-867-4084,2022-03-26 11:42:23,Uk,West,Consumer
CUST-000152,Luis,Martin,luis.martin831@example.com,+1-551-931-2381,2022-07-31 18:22:12,Germany,South,Consumer
CUST-000153,Olivia,Martin,olivia.martin536@example.com,+1-824-362-6962,2024-12-09 13:34:30,Mexico,West,Consumer
CUST-000154,Marta,Harris,,+1-846-862-6482,2022-04-18 02:23:59,Mexico,North,Consumer
CUST-000155,Lucia,Anderson,lucia.anderson742@example.com,+1-872-817-3463,2023-06-01 12:08:14,Usa,Central,Corporate
CUST-000156,James,Anderson,james.anderson133@example.com,+1-809-925-2388,2024-03-13 11:16:17,Uk,West,Corporate
CUST-000157,Marta,Martinez,marta.martinez96@example.com,+1-861-886-7937,2024-12-14 18:30:48,Mexico,North,Consumer
CUST-000158,Carlos,Davis,carlos.davis971@example.com,+1-984-697-4145,2023-12-01 08:14:53,Canada,South,Consumer
CUST-000159,John,Perez,john.perez39@example.com,+1-877-544-3147,2024-12-14 21:44:42,Brazil,South,Consumer
CUST-000160,Andres,Brown,andres.brown45@example.com,+1-620-573-4891,2024-06-15 16:10:22,Uk,East,Corporate
CUST-000161,Olivia,Rodriguez,olivia.rodriguez245@example.com,+1-516-680-4178,2024-12-29 13:23:33,Germany,Central,Home Office
CUST-000162,Olivia,Anderson,olivia.anderson515@example.com,+1-740-628-3655,2024-02-22 07:16:14,Spain,Central,Consumer
CUST-000163,Laura,Smith,laura.smith896@example.com,+1-580-767-2680,2024-09-11 18:47:01,Spain,North,Consumer
CUST-000164,Carlos,Wilson,carlos.wilson928@example.com,+1-725-350-8167,2024-07-09 03:20:21,Canada,West,Home Office
CUST-000165,Ana,Jackson,ana.jackson406@example.com,+1-714-582-4862,2022-04-20 14:03:35,Usa,East,Consumer
CUST-000166,Marta,Lopez,marta.lopez811@example.com,+1-349-340-1627,2023-11-18 10:26:41,Spain,West,Corporate
CUST-000167,Sofia,Lee,sofia.lee631@example.com,+1-205-281-1311,2024-07-07 09:19:04,Canada,South,Consumer
CUST-000168,Andres,Perez,andres.perez114@example.com,+1-994-495-4893,2024-05-16 10:57:52,Usa,North,Consumer
CUST-000169,Andres,Martin,andres.martin114@example.com,+1-711-811-9782,2022-05-09 00:35:54,Germany,Central,Consumer
CUST-000170,Sofia,Anderson,sofia.anderson2@example.com,+1-829-561-4941,2024-05-29 20:46:38,Brazil,South,Corporate
CUST-000171,Maria,Perez,maria.perez70@example.com,+1-738-757-9312,2024-01-09 18:28:55,Uk,North,Consumer
CUST-000172,Mateo,Smith,mateo.smith383@example.com,+1-459-965-1266,2024-03-03 13:00:05,Spain,North,Consumer
CUST-000173,John,White,john.white137@example.com,+1-245-560-9945,2023-11-12 12:19:34,Spain,South,Corporate
CUST-000174,Olivia,Lee,olivia.lee831@example.com,+1-338-264-8498,,Mexico,South,Consumer
CUST-000175,Emma,Smith,emma.smith956@example.com,+1-517-727-7524,2023-10-09 19:46:16,Brazil,East,Consumer
CUST-000176,Emma,Anderson,emma.anderson883@example.com,+1-999-248-6438,2024-01-02 09:56:51,Usa,East,Consumer
CUST-000177,Lucia,Martin,lucia.martin348@example.com,+1-391-708-9151,2024-03-02 13:22:28,Spain,Central,Consumer
CUST-000178,Maria,Jackson,maria.jackson441@example.com,+1-816-384-9937,2022-06-11 10:41:44,Mexico,North,Consumer
CUST-000179,Pedro,Anderson,pedro.anderson618@example.com,+1-934-636-3730,2024-07-02 16:09:43,Mexico,West,Consumer
CUST-000180,James,Harris,james.harris282@example.com,+1-854-258-2229,2024-06-09 23:12:40,Brazil,East,Consumer
CUST-000181,Carlos,Gomez,carlos.gomez870@example.com,+1-822-894-8179,2022-10-20 01:16:01,Canada,North,Consumer
CUST-000182,James,Taylor,james.taylor973@example.com,+1-780-233-3513,2024-02-24 16:22:52,Mexico,East,Consumer
CUST-000183,Maria,White,maria.white543@example.com,+1-575-607-6150,2022-10-09 23:38:59,Mexico,South,Home Office
CUST-000184,Ana,Brown,ana.brown531@example.com,+1-596-775-2929,2024-10-19 09:31:51,Spain,East,Corporate
CUST-000185,Emma,Harris,emma.harris711@example.com,+1-702-404-3009,2023-08-08 04:56:30,Spain,North,Consumer
CUST-000186,Olivia,Garcia,olivia.garcia684@example.com,,2023-10-17 20:01:29,Uk,Unknown,Home Office
CUST-000187,Carlos,Brown,carlos.brown521@example.com,+1-429-324-4292,2024-01-11 05:03:22,Canada,West,Consumer
CUST-000188,Sebastian,White,sebastian.white479@example.com,+1-764-332-2412,2024-01-26 02:23:37,Mexico,West,Home Office
CUST-000189,Mateo,Perez,mateo.perez788@example.com,+1-619-788-2208,2024-04-21 04:33:46,Mexico,North,Consumer
CUST-000190,Valentina,Taylor,valentina.taylor900@example.com,+1-998-764-3981,2022-09-20 04:41:52,Brazil,Central,Home Office
CUST-000191,Luis,Lopez,luis.lopez157@example.com,+1-511-368-3653,2024-11-27 11:44:51,Germany,South,Consumer
CUST-000192,Valentina,Anderson,valentina.anderson257@example.com,+1-401-850-5496,2022-06-11 04:33:26,Germany,East,Corporate
CUST-000193,Maria,Perez,maria.perez607@example.com,+1-794-357-3804,2022-12-12 23:59:01,Uk,Central,Consumer
CUST-000194,Camila,Smith,camila.smith84@example.com,+1-246-856-5336,2022-02-28 23:42:24,Canada,Central,Consumer
CUST-000195,Ana,Lee,ana.lee658@example.com,+1-509-694-5012,2023-08-17 14:47:07,Mexico,West,Consumer
CUST-000196,Luis,Brown,luis.brown426@example.com,+1-695-675-4342,2024-06-19 12:23:09,Uk,South,Consumer
CUST-000197,Marta,Taylor,marta.taylor134@example.com,+1-978-579-9437,2024-03-27 20:26:56,Usa,East,Consumer
CUST-000198,John,Wilson,john.wilson254@example.com,+1-344-299-1829,2024-07-09 10:33:58,Brazil,Central,Consumer
CUST-000199,Carlos,Thomas,carlos.thomas195@example.com,+1-981-363-9163,2023-10-03 18:44:26,Brazil,West,Home Office
CUST-000200,Mateo,Gomez,mateo.gomez968@example.com,+1-602-717-8491,2022-07-04 08:45:52,Canada,Central,Consumer
CUST-000201,Luis,Anderson,luis.anderson612@example.com,+1-869-888-8710,2024-10-10 10:24:13,Uk,North,Corporate
CUST-000202,Diego,Martinez,diego.martinez745@example.com,+1-574-982-7606,2023-06-26 13:19:24,Usa,West,Consumer
CUST-000203,Sebastian,Davis,sebastian.davis567@example.com,+1-495-275-7329,2024-01-13 18:21:33,Brazil,Central,Consumer
CUST-000204,Andres,Harris,andres.harris132@example.com,+1-299-603-7114,2022-09-01 12:20:44,Uk,East,Corporate
CUST-000205,Emma,Harris,emma.harris412@example.com,,2024-11-08 01:25:00,Canada,East,Corporate
CUST-000206,Valentina,Martin,valentina.martin621@example.com,+1-727-343-6373,2022-11-02 22:19:16,Mexico,South,Consumer
CUST-000207,Andres,Anderson,andres.anderson520@example.com,+1-721-745-9025,2023-11-20 20:29:43,Mexico,West,Corporate
CUST-000208,James,Thomas,james.thomas427@example.com,+1-797-515-1436,2022-08-13 21:43:58,Brazil,East,Home Office
CUST-000209,Camila,White,camila.white739@example.com,+1-252-797-8871,2023-04-12 06:12:29,Uk,Central,Corporate
CUST-000210,Lucia,Martinez,lucia.martinez33@example.com,+1-786-917-2800,2023-05-12 06:56:46,Usa,West,Consumer
CUST-000211,Sofia,Jackson,sofia.jackson421@example.com,+1-713-993-8726,2023-02-22 02:16:03,Germany,South,Consumer
CUST-000212,Sebastian,Thomas,,+1-585-521-3837,2024-09-06 16:44:09,Uk,East,Consumer
CUST-000213,Laura,Harris,laura.harris197@example.com,+1-452-485-5890,2024-09-18 08:11:13,Mexico,East,Corporate
CUST-000214,Mateo,Thomas,mateo.thomas358@example.com,+1-773-938-5480,2024-09-09 10:28:41,Usa,Central,Corporate
CUST-000215,Lucia,Moore,lucia.moore978@example.com,+1-991-349-5758,2023-12-08 01:31:53,Mexico,North,Consumer
CUST-000216,Olivia,Wilson,olivia.wilson220@example.com,+1-406-751-5442,2024-09-08 20:27:44,Germany,East,Consumer
CUST-000217,Andres,White,andres.white249@example.com,+1-251-885-9700,2023-05-06 08:12:59,Germany,South,Consumer
CUST-000218,Diego,Thomas,diego.thomas103@example.com,+1-897-989-3252,2024-08-25 00:11:19,Uk,South,Consumer
CUST-000219,Mateo,Lee,mateo.lee775@example.com,+1-494-528-5676,2023-02-13 23:30:59,Usa,North,Corporate
CUST-000220,David,Thompson,david.thompson936@example.com,+1-379-627-3880,2022-03-18 01:19:23,Spain,West,Corporate
CUST-000221,Carlos,Anderson,carlos.anderson10@example.com,+1-505-781-2758,2022-03-18 12:11:54,Mexico,West,Home Office
CUST-000222,Sebastian,Perez,sebastian.perez911@example.com,+1-337-716-8668,2024-10-08 09:56:01,Canada,North,Consumer
CUST-000223,Olivia,Wilson,olivia.wilson15@example.com,+1-954-545-5833,2023-01-17 20:40:20,Germany,South,Consumer
CUST-000224,Lucia,Jackson,lucia.jackson336@example.com,+1-288-610-2562,2024-11-21 06:43:39,Canada,West,Consumer
CUST-000225,David,Gomez,david.gomez393@example.com,+1-441-657-5374,2023-06-19 12:00:04,Mexico,Central,Corporate
CUST-000226,Ana,Wilson,ana.wilson710@example.com,+1-441-263-2936,2024-01-07 16:56:40,Mexico,South,Consumer
CUST-000227,Valentina,Anderson,valentina.anderson655@example.com,+1-502-576-4618,2022-08-29 07:58:41,Canada,West,Consumer
CUST-000228,Andres, Taylor  ,andres.taylor719@example.com,+1-762-682-9806,2024-05-01 07:57:07,Spain,South,Corporate
CUST-000229,Andres,Garcia,andres.garcia458@example.com,+1-740-920-6927,2024-12-12 02:50:37,Uk,North,Consumer
CUST-000230,Sebastian,Perez,sebastian.perez587@example.com,,2023-02-19 11:56:47,Spain,Central,Consumer
CUST-000231,Emma,White,emma.white94@example.com,+1-722-656-1911,2024-09-28 16:30:32,Canada,Central,Consumer
CUST-000232,Camila,Smith,camila.smith689@example.com,+1-515-940-1356,2024-08-04 14:24:57,Mexico,North,Corporate
CUST-000233,Camila,Garcia,camila.garcia434@example.com,+1-552-917-2044,2022-04-03 19:42:11,Usa,North,Home Office
CUST-000234,Mateo,Smith,mateo.smith419@example.com,+1-384-987-3218,2023-08-11 23:21:25,Germany,West,Consumer
CUST-000235,Lucia,Martin,lucia.martin385@example.com,,2024-02-13 04:50:31,Germany,East,Consumer
CUST-000236,Sebastian,Moore,sebastian.moore131@example.com,+1-945-428-1056,2024-12-19 00:49:39,Mexico,West,Corporate
CUST-000237,Sebastian,Jackson,sebastian.jackson389@example.com,+1-435-453-8546,2024-12-25 12:36:11,Canada,East,Consumer
CUST-000238,John,Smith,john.smith630@example.com,+1-984-216-4943,2024-05-08 07:30:11,Usa,North,Consumer
CUST-000239,Olivia,Harris,olivia.harris251@example.com,+1-958-245-7590,2022-04-10 15:58:55,Canada,Central,Consumer
CUST-000240,Luis,Martinez,luis.martinez297@example.com,+1-439-949-6224,2024-10-28 21:01:30,Uk,East,Consumer
CUST-000241,Sofia,Perez,sofia.perez424@example.com,+1-507-481-1998,2023-03-29 20:16:10,Uk,South,Corporate
CUST-000242,Diego,Thompson,diego.thompson49@example.com,+1-552-858-7244,2024-10-12 19:05:42,Mexico,West,Consumer
CUST-000243,Pedro,Moore,pedro.moore773@example.com,+1-750-684-4948,2023-01-12 08:12:16,Mexico,South,Corporate
CUST-000244,Luis,Thompson,luis.thompson992@example.com,+1-626-770-9683,2024-04-25 04:52:55,Brazil,South,Consumer
CUST-000245,Marta,Garcia,,+1-579-294-9775,2024-07-10 06:56:06,Usa,East,Consumer
CUST-000246,Andres,Harris,andres.harris895@example.com,+1-274-392-4555,2022-03-22 17:27:15,Canada,East,Consumer
CUST-000247,Ana,Davis,ana.davis986@example.com,+1-959-320-8846,2023-01-25 08:49:57,Germany,Central,Corporate
CUST-000248,Lucia,Rodriguez,lucia.rodriguez795@example.com,+1-489-589-8639,2023-10-21 19:25:46,Germany,East,Consumer
CUST-000249,James,Perez,james.perez478@example.com,+1-300-939-8692,2024-10-15 11:39:33,Canada,East,Consumer
CUST-000250,Luis,White,luis.white760@example.com,+1-349-216-5272,2023-03-30 20:08:43,Uk,Central,Corporate
CUST-000251,Pedro,Martinez,pedro.martinez338@example.com,+1-435-588-5026,2023-02-06 18:10:44,Uk,Unknown,Consumer
CUST-000252,Mateo,Lee,mateo.lee173@example.com,+1-950-560-3773,2024-08-01 05:05:44,Germany,Central,Consumer
CUST-000253,Sebastian,Smith,sebastian.smith35@example.com,+1-276-884-1794,2024-12-09 00:13:56,Brazil,South,Corporate
CUST-000254,David,Garcia,david.garcia10@example.com,+1-423-717-8471,2022-11-06 13:35:16,Usa,Central,Corporate
CUST-000255,Andres,Lee,andres.lee17@example.com,+1-206-744-7739,2024-09-26 00:25:53,Usa,Central,Corporate
CUST-000256,Sebastian,Anderson,sebastian.anderson515@example.com,+1-914-890-8054,2022-02-05 06:31:36,Usa,North,Consumer
CUST-000257,David,Davis,,+1-562-473-7502,2024-12-14 02:52:37,Mexico,West,Consumer
CUST-000258,David,Rodriguez,david.rodriguez701@example.com,+1-282-869-1519,2023-09-07 03:24:15,Brazil,West,Consumer
CUST-000259,Mateo,Smith,mateo.smith720@example.com,+1-375-284-9189,2022-01-20 15:47:53,Germany,East,Consumer
CUST-000260,John,Perez,john.perez236@example.com,,2022-03-29 09:52:12,Usa,North,Corporate
CUST-000261,Laura,Thompson,laura.thompson184@example.com,+1-522-216-4394,2022-03-09 21:22:23,Canada,West,Home Office
CUST-000262,Pedro,Brown,pedro.brown581@example.com,+1-598-893-9856,2023-05-08 12:04:40,Brazil,South,Corporate
CUST-000263,Maria,Perez,maria.perez55@example.com,+1-300-647-4803,2023-12-10 02:46:03,Mexico,Central,Corporate
CUST-000264,Andres,Moore,andres.moore31@example.com,+1-849-479-8381,2023-10-31 17:51:44,Canada,East,Consumer
CUST-000265,Lucia,Jackson,lucia.jackson697@example.com,+1-799-876-7227,2023-01-16 03:07:12,Spain,Central,Consumer
CUST-000266,David,Garcia,david.garcia275@example.com,+1-357-589-3527,2022-06-18 14:11:08,Mexico,East,Consumer
CUST-000267,Ana,Anderson,ana.anderson369@example.com,+1-979-476-2674,2024-06-29 04:49:27,Usa,South,Consumer
CUST-000268,Sebastian,Thompson,sebastian.thompson418@example.com,+1-305-226-2468,2024-11-15 12:53:08,Uk,North,Consumer
CUST-000269,Marta,Moore,marta.moore299@example.com,+1-623-597-2387,2022-01-26 20:22:19,Canada,Central,Consumer
CUST-000270,Lucia,Brown,lucia.brown276@example.com,+1-508-474-9079,2022-10-12 05:18:47,Usa,South,Consumer
CUST-000271,Diego,Anderson,diego.anderson802@example.com,+1-278-569-5123,2024-09-18 08:58:41,Germany,West,Consumer
CUST-000272,Emma,Martin,emma.martin139@example.com,+1-511-206-7483,2022-08-08 12:05:44,Spain,Central,Consumer
CUST-000273,Marta,Martin,marta.martin441@example.com,+1-866-808-3230,2023-11-17 10:56:18,Mexico,Central,Home Office
CUST-000274,Emma,Lee,emma.lee182@example.com,+1-607-526-5775,2023-10-06 23:02:35,Brazil,Central,Corporate
CUST-000275,Marta,Moore,marta.moore837@example.com,+1-602-573-2865,2023-07-29 20:31:45,Canada,Central,Home Office
CUST-000276,Carlos,Thompson,carlos.thompson976@example.com,+1-944-672-4434,2022-02-25 15:57:49,Spain,East,Corporate
CUST-000277,Maria, Jackson  ,maria.jackson143@example.com,+1-848-510-4965,2024-10-19 09:11:59,Germany,South,Corporate
CUST-000278,Lucia,Garcia,lucia.garcia613@example.com,+1-690-796-7566,2024-07-08 19:27:20,Uk,West,Consumer
CUST-000279,James,Thompson,james.thompson112@example.com,+1-987-454-6816,2022-06-24 06:03:22,Germany,Central,Consumer
CUST-000280,Lucia,Thomas,lucia.thomas109@example.com,+1-210-300-5239,2024-05-31 08:04:58,Uk,Central,Consumer
CUST-000281,Camila,Rodriguez,camila.rodriguez384@example.com,+1-600-674-9199,2024-07-01 05:29:18,Mexico,North,Consumer
CUST-000282,Pedro,Jackson,pedro.jackson119@example.com,+1-947-345-6707,2022-06-25 11:21:20,Mexico,Unknown,Corporate
CUST-000283,Valentina, Lee  ,valentina.lee488@example.com,+1-299-648-8412,2023-12-15 11:36:40,Usa,East,Consumer
CUST-000284,John,Gomez,john.gomez664@example.com,+1-311-893-3692,2023-12-04 08:52:50,Uk,South,Consumer
CUST-000285,Marta,Thompson,marta.thompson982@example.com,+1-673-437-7636,2024-05-23 22:55:43,Canada,South,Corporate
CUST-000286,Diego,Moore,diego.moore756@example.com,+1-828-402-8365,2022-03-01 21:33:41,Brazil,West,Consumer
CUST-000287,Emma,Davis,emma.davis771@example.com,+1-920-264-2667,2023-07-25 19:32:51,Canada,East,Consumer
CUST-000288,Olivia,Lopez,olivia.lopez687@example.com,+1-701-740-6134,2023-06-22 21:44:06,Brazil,Central,Consumer
CUST-000289,John,Taylor,john.taylor866@example.com,+1-668-832-3826,2023-12-22 10:49:46,Uk,Central,Consumer
CUST-000290,Sofia,Thomas,sofia.thomas245@example.com,+1-512-319-3999,2022-08-30 13:35:29,Germany,South,Consumer
CUST-000291,Diego,Harris,diego.harris589@example.com,+1-592-633-4043,2022-10-10 17:43:08,Germany,Central,Corporate
CUST-000292,Carlos,Thompson,carlos.thompson502@example.com,+1-495-343-4065,2022-12-08 11:27:12,Spain,West,Corporate
CUST-000293,James,Gomez,james.gomez140@example.com,+1-399-593-9281,2024-09-19 23:46:39,Brazil,West,Corporate
CUST-000294,Diego,Martin,diego.martin172@example.com,+1-284-778-1505,2024-09-27 08:01:45,Mexico,North,Consumer
CUST-000295,Sebastian,Anderson,sebastian.anderson800@example.com,+1-668-779-9115,2022-12-11 20:00:53,Uk,North,Consumer
CUST-000296,Laura,Thompson,laura.thompson556@example.com,+1-974-242-8231,2024-01-22 19:53:31,Canada,West,Consumer
CUST-000297,David,Anderson,david.anderson461@example.com,+1-469-556-2425,2022-03-08 15:59:09,Spain,North,Corporate
CUST-000298,David,Davis,david.davis882@example.com,+1-927-824-8015,2023-12-20 06:02:35,Uk,South,Corporate
CUST-000299,Emma,Smith,emma.smith546@example.com,+1-487-811-9827,2023-12-20 06:07:49,Mexico,East,Consumer
CUST-000300,Laura,Perez,laura.perez139@example.com,+1-968-621-1971,2022-07-15 10:05:49,Spain,South,Corporate
CUST-000301,Sofia,Rodriguez,sofia.rodriguez729@example.com,+1-529-453-7434,2022-10-27 17:49:14,Canada,Central,Corporate
CUST-000302,Diego,Moore,diego.moore78@example.com,+1-848-987-2525,2024-07-14 14:40:02,Uk,East,Corporate
CUST-000303,James,Martin,james.martin336@example.com,+1-795-202-2526,2024-09-26 16:41:29,Germany,East,Home Office
CUST-000304,Sebastian,Moore,sebastian.moore992@example.com,+1-639-416-9105,2023-03-23 09:46:37,Mexico,East,Consumer
CUST-000305,Camila,Martinez,camila.martinez808@example.com,+1-551-898-1793,2024-09-20 01:40:21,Usa,West,Consumer
CUST-000306,Carlos, Martin  ,carlos.martin1@example.com,+1-638-407-3161,2024-07-23 23:39:56,Mexico,South,Home Office
CUST-000307,Laura,Garcia,laura.garcia257@example.com,+1-284-580-3711,2024-01-09 01:53:07,Brazil,East,Corporate
CUST-000308,David,Jackson,david.jackson721@example.com,+1-297-201-4496,2022-07-06 17:21:36,Usa,South,Consumer
CUST-000309,Valentina, Martin  ,valentina.martin9@example.com,+1-912-551-2975,2022-01-20 15:22:33,Germany,South,Consumer
CUST-000310,David,Moore,david.moore749@example.com,+1-304-305-6133,2022-07-02 13:22:57,Mexico,South,Consumer
CUST-000311,Sofia,Martinez,sofia.martinez544@example.com,+1-776-208-3688,2022-05-21 16:01:24,Mexico,South,Corporate
CUST-000312,Sofia,Jackson,sofia.jackson881@example.com,+1-422-288-2646,2024-06-25 05:05:51,Spain,North,Consumer
CUST-000313,Lucia,Taylor,lucia.taylor323@example.com,+1-343-453-5537,2024-05-29 23:28:11,Usa,South,Consumer
CUST-000314,Andres,Harris,andres.harris798@example.com,+1-907-227-5942,2023-08-07 07:28:48,Uk,Central,Consumer
CUST-000315,Lucia,Anderson,lucia.anderson803@example.com,+1-445-706-7322,2022-04-22 04:06:17,Canada,West,Corporate
CUST-000316,Maria,Perez,maria.perez370@example.com,+1-524-335-7337,2022-01-25 20:41:38,Brazil,East,Consumer
CUST-000317,Carlos,Lee,carlos.lee18@example.com,+1-801-269-1225,2022-05-30 09:32:45,Canada,North,Home Office
CUST-000318,Lucia,Perez,,+1-929-713-7806,2023-08-10 15:25:18,Germany,West,Consumer
CUST-000319,Sebastian,Thompson,sebastian.thompson285@example.com,+1-285-517-2294,2022-11-09 18:36:57,Canada,South,Consumer
CUST-000320,Lucia,White,lucia.white318@example.com,+1-915-647-4909,2022-05-16 02:06:29,Canada,North,Home Office
CUST-000321,John,Martin,john.martin317@example.com,+1-882-959-3877,2022-04-23 04:20:55,Usa,South,Corporate
CUST-000322,Carlos,Lee,carlos.lee536@example.com,+1-729-938-5247,2023-12-12 06:04:44,Mexico,South,Corporate
CUST-000323,Laura,Lopez,,+1-639-478-9582,2022-03-02 02:19:31,Mexico,Central,Corporate
CUST-000324,Mateo,Martin,mateo.martin369@example.com,+1-256-711-3734,2024-11-12 13:23:13,Canada,East,Corporate
CUST-000325,Camila,Lopez,camila.lopez759@example.com,+1-721-202-1721,2023-04-13 00:26:50,Canada,North,Consumer
CUST-000326,Lucia,Martinez,lucia.martinez954@example.com,+1-236-766-7870,2023-01-02 08:10:27,Mexico,South,Consumer
CUST-000327,Marta,Wilson,marta.wilson586@example.com,+1-581-322-9225,2022-06-09 01:55:03,Canada,South,Corporate
CUST-000328,Luis,Moore,luis.moore899@example.com,+1-676-489-6090,2022-05-22 11:54:59,Usa,Central,Consumer
CUST-000329,James,Davis,james.davis578@example.com,+1-511-957-4974,2023-08-21 16:53:27,Mexico,Central,Home Office
CUST-000330,Emma,Thompson,emma.thompson155@example.com,+1-206-619-1391,2023-05-18 08:28:59,Uk,East,Corporate
CUST-000331,Ana,Thomas,ana.thomas778@example.com,+1-873-585-6038,2022-01-03 03:47:04,Canada,Central,Home Office
CUST-000332,Diego,Lee,diego.lee996@example.com,+1-345-928-5584,2022-05-03 03:23:13,Usa,South,Home Office
CUST-000333,Valentina,Jackson,valentina.jackson470@example.com,+1-965-286-2565,2024-02-02 18:24:07,Canada,West,Consumer
CUST-000334,Camila,Smith,camila.smith679@example.com,+1-333-442-5778,2024-06-09 09:30:08,Spain,East,Home Office
CUST-000335,Lucia,Thomas,lucia.thomas464@example.com,+1-478-439-2223,2023-10-14 07:22:49,Canada,Central,Consumer
CUST-000336,John,Brown,john.brown478@example.com,+1-521-616-2978,2024-07-09 19:30:44,Mexico,South,Consumer
CUST-000337,Olivia,Wilson,olivia.wilson93@example.com,+1-361-902-5984,2022-09-03 21:57:56,Usa,South,Corporate
CUST-000338,Marta,Martinez,marta.martinez729@example.com,+1-454-564-7492,2022-07-06 18:41:40,Usa,East,Consumer
CUST-000339,Carlos,Gomez,carlos.gomez876@example.com,+1-663-769-5093,2024-04-08 03:26:55,Brazil,North,Corporate
CUST-000340,Sofia,Lopez,sofia.lopez64@example.com,+1-999-427-3141,2022-01-25 07:12:49,Spain,West,Consumer
CUST-000341,Maria,White,maria.white940@example.com,+1-276-222-2056,2023-06-15 07:11:59,Germany,West,Corporate
CUST-000342,Maria,Thomas,maria.thomas44@example.com,+1-672-251-3752,2022-09-08 20:53:40,Brazil,West,Consumer
CUST-000343,Lucia,Jackson,lucia.jackson363@example.com,+1-419-391-5505,2022-12-20 10:11:21,Brazil,South,Consumer
CUST-000344,Andres,Harris,andres.harris663@example.com,+1-502-710-7750,2023-05-19 20:02:59,Brazil,North,Consumer
CUST-000345,Lucia,Martinez,lucia.martinez205@example.com,+1-858-738-5082,2024-05-08 22:57:54,Spain,Central,Corporate
CUST-000346,Lucia,Taylor,lucia.taylor558@example.com,+1-696-552-9231,2024-09-09 11:42:33,Brazil,East,Consumer
CUST-000347,Marta,Harris,marta.harris31@example.com,+1-997-487-1959,2023-03-25 17:10:24,Uk,East,Corporate
CUST-000348,David,Brown,david.brown254@example.com,+1-872-446-5366,2022-07-25 19:25:51,Spain,North,Corporate
CUST-000349,David,White,david.white364@example.com,+1-377-380-4875,2024-03-06 21:34:22,Mexico,East,Home Office
CUST-000350,Ana,Taylor,ana.taylor577@example.com,+1-392-704-9882,2022-10-19 11:15:08,Canada,West,Consumer
CUST-000351,Luis,Rodriguez,luis.rodriguez21@example.com,+1-739-689-1011,2023-03-25 12:04:41,Uk,South,Corporate
CUST-000352,Marta,Brown,marta.brown61@example.com,+1-222-351-3320,2023-10-25 04:02:18,Spain,Central,Home Office
CUST-000353,Maria,Taylor,maria.taylor601@example.com,+1-303-544-5944,2024-03-21 11:44:44,Canada,South,Corporate
CUST-000354,Diego,Lee,diego.lee179@example.com,+1-924-775-6846,2023-10-12 08:07:40,Germany,Central,Corporate
CUST-000355,Lucia,Anderson,lucia.anderson131@example.com,+1-381-946-1029,2023-08-27 20:51:22,Brazil,Central,Consumer
CUST-000356,Andres,Thomas,andres.thomas655@example.com,+1-779-306-9129,2023-03-29 05:07:14,Mexico,North,Consumer
CUST-000357,Marta, Brown  ,marta.brown842@example.com,+1-925-886-6500,2022-07-01 16:15:40,Usa,East,Consumer
CUST-000358,Maria,Taylor,maria.taylor806@example.com,+1-310-937-1020,2023-06-10 01:45:10,Brazil,West,Corporate
CUST-000359,Carlos,Jackson,carlos.jackson903@example.com,+1-587-559-9946,2024-10-06 13:39:57,Usa,West,Corporate
CUST-000360,Camila,Rodriguez,camila.rodriguez463@example.com,+1-275-234-5831,2022-11-30 00:43:51,Mexico,Unknown,Home Office
CUST-000361,Maria,Thomas,maria.thomas910@example.com,+1-584-364-2228,2022-12-15 19:55:02,Usa,East,Consumer
CUST-000362,Andres,Lee,andres.lee442@example.com,+1-869-368-8113,2022-03-05 05:43:11,Usa,North,Consumer
CUST-000363,Emma,Jackson,emma.jackson677@example.com,+1-488-504-4891,2023-06-28 03:29:31,Usa,West,Consumer
CUST-000364,Mateo,Martinez,mateo.martinez370@example.com,+1-203-637-2435,2022-04-22 10:43:27,Spain,Central,Consumer
CUST-000365,John,Gomez,john.gomez175@example.com,+1-853-498-2342,2023-02-28 17:14:31,Spain,North,Consumer
CUST-000366,Lucia,Lee,,+1-876-471-2493,2024-09-28 23:22:10,Uk,West,Consumer
CUST-000367,Lucia,Taylor,lucia.taylor457@example.com,,2023-01-18 16:55:56,Mexico,South,Corporate
CUST-000368,Camila,Smith,camila.smith771@example.com,+1-913-883-2584,2022-11-06 03:07:13,Germany,East,Corporate
CUST-000369,Diego,White,diego.white567@example.com,+1-262-596-9561,2023-04-11 15:14:30,Uk,West,Consumer
CUST-000370,David,Lee,,+1-604-931-1568,2023-09-05 18:16:51,Uk,Central,Corporate
CUST-000371,Andres,Martinez,andres.martinez973@example.com,+1-975-659-3832,2022-09-04 06:05:10,Canada,South,Consumer
CUST-000372,Diego,Garcia,diego.garcia207@example.com,+1-842-351-5225,2024-06-10 11:38:30,Germany,North,Consumer
CUST-000373,Sebastian,Moore,sebastian.moore878@example.com,+1-482-732-8506,2023-10-30 00:27:00,Spain,Central,Consumer
CUST-000374,Diego,Lopez,diego.lopez154@example.com,+1-351-780-2641,2024-04-28 03:50:45,Uk,North,Corporate
CUST-000375,Sebastian,Taylor,sebastian.taylor271@example.com,+1-592-870-8955,2024-04-21 20:49:36,Uk,West,Consumer
CUST-000376,Laura,Moore,laura.moore634@example.com,+1-823-897-7581,2022-10-22 01:24:43,Brazil,East,Corporate
CUST-000377,Luis,Lee,luis.lee919@example.com,+1-581-220-6535,2023-07-05 11:02:02,Mexico,East,Corporate
CUST-000378,John,Rodriguez,john.rodriguez308@example.com,+1-961-653-6257,2022-10-03 09:48:33,Germany,West,Corporate
CUST-000379,Maria,Davis,maria.davis217@example.com,+1-616-958-8937,2024-06-23 18:48:18,Spain,East,Corporate
CUST-000380,Valentina,Brown,valentina.brown319@example.com,+1-926-718-7609,2022-05-15 04:56:19,Spain,Central,Home Office
CUST-000381,Ana,Brown,ana.brown897@example.com,+1-405-259-5087,2023-01-30 01:12:14,Brazil,North,Home Office
CUST-000382,Emma,Wilson,emma.wilson844@example.com,,2024-01-25 23:08:04,Usa,North,Consumer
CUST-000383,Mateo,Harris,mateo.harris182@example.com,+1-685-800-6730,2024-07-02 12:32:01,Canada,East,Corporate
CUST-000384,Maria,Anderson,maria.anderson396@example.com,+1-250-366-4511,2022-02-26 08:03:32,Germany,South,Corporate
CUST-000385,Laura,Jackson,laura.jackson21@example.com,+1-999-985-1145,2024-11-17 17:15:40,Canada,South,Corporate
CUST-000386,Ana,Rodriguez,ana.rodriguez623@example.com,+1-512-929-5511,2023-06-01 15:25:49,Brazil,East,Consumer
CUST-000387,Emma,Martin,emma.martin694@example.com,+1-733-838-7506,2023-09-11 21:16:49,Usa,North,Consumer
CUST-000388,James,Thompson,james.thompson306@example.com,+1-900-310-8892,2023-08-02 02:19:27,Mexico,East,Corporate
CUST-000389,Laura,Wilson,laura.wilson193@example.com,+1-353-729-4937,2023-09-04 02:04:01,Spain,Central,Consumer
CUST-000390,Marta,Martinez,marta.martinez672@example.com,+1-709-502-5250,2022-02-22 15:14:22,Brazil,West,Corporate
CUST-000391,Camila,White,camila.white352@example.com,+1-943-930-4643,2023-01-24 19:27:55,Germany,West,Home Office
CUST-000392,James,Perez,james.perez866@example.com,+1-374-873-3967,2023-09-07 10:41:46,Usa,West,Consumer
CUST-000393,Laura,Thompson,laura.thompson970@example.com,+1-896-543-2463,2023-01-10 08:05:31,Mexico,South,Corporate
CUST-000394,Pedro,Jackson,pedro.jackson381@example.com,+1-466-799-5817,2023-11-10 16:53:06,Spain,North,Consumer
CUST-000395,Camila, White  ,camila.white484@example.com,+1-399-712-2963,2022-05-26 13:53:46,Uk,East,Consumer
CUST-000396,Sofia,Martinez,sofia.martinez351@example.com,+1-619-783-8496,2023-02-15 05:12:52,Mexico,South,Corporate
CUST-000397,Mateo,Thomas,mateo.thomas321@example.com,+1-849-259-1077,2022-12-29 16:27:31,Mexico,South,Corporate
CUST-000398,Carlos,White,carlos.white502@example.com,+1-981-998-2442,2022-11-21 04:42:41,Uk,West,Corporate
CUST-000399,Lucia,Jackson,lucia.jackson393@example.com,+1-204-238-9745,2024-09-04 07:15:37,Germany,East,Home Office
CUST-000400,Marta,Perez,marta.perez19@example.com,+1-892-204-5076,2023-01-26 08:14:17,Germany,East,Consumer
CUST-000401,John,Moore,john.moore603@example.com,+1-513-371-2069,2024-10-27 01:39:52,Mexico,East,Consumer
CUST-000402,Valentina,Harris,valentina.harris346@example.com,+1-644-903-3192,2024-12-09 12:28:42,Brazil,East,Corporate
CUST-000403,Carlos,Moore,carlos.moore234@example.com,+1-429-944-3149,2022-02-09 07:41:21,Germany,North,Consumer
CUST-000404,Carlos,Lopez,carlos.lopez729@example.com,+1-866-238-7147,2024-01-21 23:18:48,Mexico,Central,Corporate
CUST-000405,Andres,Smith,andres.smith670@example.com,+1-220-249-2897,2022-08-10 15:10:27,Brazil,West,Consumer
CUST-000406,Laura,Lee,laura.lee211@example.com,+1-911-902-1152,2022-11-10 10:57:47,Brazil,North,Corporate
CUST-000407,Laura,Harris,laura.harris429@example.com,+1-307-723-2928,2022-10-08 10:17:34,Usa,North,Consumer
CUST-000408,Andres,Davis,andres.davis852@example.com,+1-735-406-6864,2023-06-23 14:55:07,Mexico,South,Consumer
CUST-000409,Mateo, Davis  ,mateo.davis339@example.com,+1-440-202-1208,2024-09-11 03:14:25,Usa,Central,Corporate
CUST-000410,Sofia,Garcia,sofia.garcia77@example.com,+1-940-940-2659,2024-11-13 09:19:00,Germany,South,Consumer
CUST-000411,Pedro,Wilson,pedro.wilson52@example.com,+1-302-378-1646,2024-08-08 10:34:45,Mexico,East,Consumer
CUST-000412,John,Lopez,john.lopez10@example.com,+1-341-879-3793,2022-04-04 11:57:58,Mexico,West,Home Office
CUST-000413,Laura,Garcia,laura.garcia835@example.com,+1-550-387-2865,2024-02-03 14:35:30,Brazil,West,Consumer
CUST-000414,Lucia,Lee,lucia.lee665@example.com,+1-370-315-3171,2024-05-13 02:08:06,Spain,South,Consumer
CUST-000415,Camila,Lee,camila.lee186@example.com,+1-825-588-6875,2024-06-16 22:15:31,Usa,South,Consumer
CUST-000416,Mateo,Lopez,mateo.lopez452@example.com,+1-247-264-5286,2024-04-22 23:50:48,Mexico,North,Corporate
CUST-000417,Valentina,White,valentina.white979@example.com,+1-885-546-9504,2023-04-04 19:02:44,Germany,Central,Consumer
CUST-000418,David,Lee,david.lee680@example.com,+1-892-856-7305,2023-12-10 05:24:44,Spain,Central,Home Office
CUST-000419,Andres,Smith,andres.smith659@example.com,+1-360-717-8688,2022-01-24 18:03:10,Spain,South,Consumer
CUST-000420,Mateo,Thomas,mateo.thomas339@example.com,+1-484-251-9305,2023-05-09 08:06:30,Uk,West,Consumer
CUST-000421,David,Garcia,david.garcia455@example.com,+1-786-658-2442,2024-07-29 18:08:53,Brazil,East,Consumer
CUST-000422,Mateo,Gomez,mateo.gomez414@example.com,+1-622-236-9996,2022-07-30 00:00:22,Spain,North,Corporate
CUST-000423,Andres,Anderson,andres.anderson576@example.com,+1-411-870-8474,2024-11-07 12:24:36,Mexico,North,Corporate
CUST-000424,Olivia,Thomas,olivia.thomas734@example.com,+1-872-572-8414,2024-08-26 04:09:05,Usa,South,Consumer
CUST-000425,James, Anderson  ,james.anderson383@example.com,+1-918-308-1750,2024-12-05 05:58:36,Brazil,South,Corporate
CUST-000426,Diego,Lopez,diego.lopez626@example.com,+1-400-392-2978,2023-06-05 14:18:17,Canada,West,Corporate
CUST-000427,Emma,Thomas,emma.thomas776@example.com,+1-624-247-3018,2022-08-09 16:24:08,Brazil,Central,Home Office
CUST-000428,Sofia,Lee,sofia.lee544@example.com,+1-953-249-8091,2022-01-09 21:18:12,Brazil,Central,Corporate
CUST-000429,Carlos,White,carlos.white749@example.com,+1-331-306-7347,2022-12-22 23:56:22,Uk,Central,Home Office
CUST-000430,Valentina,Moore,valentina.moore624@example.com,+1-909-980-5067,2024-05-07 09:57:40,Brazil,East,Home Office
CUST-000431,Olivia,Martinez,olivia.martinez423@example.com,+1-816-916-9393,2022-10-10 10:52:59,Spain,Central,Home Office
CUST-000432,Sebastian,Davis,sebastian.davis215@example.com,+1-839-931-5760,2023-02-16 12:34:18,Germany,South,Home Office
CUST-000433,Carlos,Perez,carlos.perez728@example.com,+1-318-979-6771,2023-10-23 20:28:19,Brazil,Central,Consumer
CUST-000434,Diego,Thompson,diego.thompson899@example.com,+1-632-213-9564,2023-08-09 03:52:35,Usa,West,Consumer
CUST-000435,Luis,Davis,luis.davis769@example.com,+1-364-493-5105,2023-07-01 05:19:52,Spain,North,Corporate
CUST-000436,Pedro,Davis,pedro.davis368@example.com,+1-663-304-4675,2022-03-08 23:33:39,Uk,West,Consumer
CUST-000437,Pedro,Smith,pedro.smith397@example.com,+1-626-901-6122,2024-02-21 20:06:08,Usa,North,Corporate
CUST-000438,Emma,Harris,emma.harris850@example.com,+1-430-848-7025,2024-06-26 21:25:20,Uk,Central,Consumer
CUST-000439,Emma,Anderson,emma.anderson182@example.com,+1-899-276-4063,2024-07-08 06:19:39,Germany,Central,Consumer
CUST-000440,Luis,Jackson,luis.jackson570@example.com,+1-470-333-3636,2023-07-26 21:15:44,Spain,East,Consumer
CUST-000441,Olivia,Martinez,olivia.martinez158@example.com,+1-530-811-1833,2022-03-23 22:46:08,Uk,East,Consumer
CUST-000442,Camila, Thompson  ,camila.thompson75@example.com,+1-924-525-9608,2024-01-04 08:00:30,Canada,Central,Consumer
CUST-000443,Valentina,Brown,valentina.brown557@example.com,+1-749-613-2506,2024-05-01 12:43:16,Canada,South,Corporate
CUST-000444,Marta,Taylor,marta.taylor224@example.com,+1-970-833-9691,2023-08-25 17:17:20,Uk,North,Consumer
CUST-000445,James,Martin,james.martin927@example.com,+1-857-828-4994,2023-05-08 01:27:06,Germany,East,Consumer
CUST-000446,John,Moore,john.moore554@example.com,+1-941-489-1404,2023-06-10 18:49:06,Spain,East,Consumer
CUST-000447,Valentina,Martin,valentina.martin45@example.com,+1-503-867-4154,2024-09-23 11:39:44,Uk,North,Home Office
CUST-000448,Carlos,Thompson,carlos.thompson8@example.com,+1-841-267-4453,2024-12-28 22:55:11,Spain,Unknown,Home Office
CUST-000449,Diego,Lopez,diego.lopez551@example.com,+1-919-959-8130,2023-02-26 23:32:26,Spain,North,Corporate
CUST-000450,Sofia,Gomez,sofia.gomez735@example.com,+1-539-238-2433,2024-07-29 02:40:00,Usa,South,Corporate
CUST-000451,Sebastian,Garcia,sebastian.garcia933@example.com,+1-464-617-7357,2023-04-12 16:25:29,Germany,West,Consumer
CUST-000452,Ana,Moore,ana.moore548@example.com,+1-206-856-2036,2022-08-31 21:19:16,Usa,North,Consumer
CUST-000453,Valentina,Lopez,valentina.lopez806@example.com,+1-902-508-2417,2023-08-17 10:14:59,Spain,West,Consumer
CUST-000454,Ana,Lee,ana.lee547@example.com,+1-425-339-7406,2022-11-17 19:52:09,Mexico,South,Consumer
CUST-000455,James,Gomez,james.gomez127@example.com,+1-242-205-7456,2022-10-17 19:33:25,Uk,North,Consumer
CUST-000456,James,Davis,james.davis928@example.com,+1-861-724-3333,2024-04-25 05:51:36,Canada,South,Corporate
CUST-000457,Laura,Davis,laura.davis186@example.com,+1-887-780-1891,2022-08-23 19:58:59,Brazil,Central,Consumer
CUST-000458,Maria,Wilson,maria.wilson203@example.com,+1-943-794-8982,2022-07-21 12:02:45,Mexico,South,Corporate
CUST-000459,David,Lopez,david.lopez635@example.com,+1-271-398-6206,2023-08-07 17:41:22,Brazil,East,Corporate
CUST-000460,Pedro,White,pedro.white580@example.com,+1-780-573-6182,2022-11-09 15:35:39,Canada,North,Consumer
CUST-000461,David, Jackson  ,david.jackson861@example.com,+1-568-337-6432,2023-07-21 17:28:28,Brazil,West,Consumer
CUST-000462,Pedro,Lee,pedro.lee180@example.com,+1-861-821-2343,2022-08-11 10:13:00,Spain,South,Home Office
CUST-000463,Emma,Wilson,emma.wilson745@example.com,+1-277-219-9309,2022-06-06 22:59:48,Usa,Central,Consumer
CUST-000464,Camila,Davis,camila.davis565@example.com,+1-466-756-9842,2022-03-17 17:11:19,Germany,South,Consumer
CUST-000465,David,White,david.white138@example.com,+1-675-713-9362,2023-08-19 03:17:49,Brazil,East,Consumer
CUST-000466,David,Harris,david.harris776@example.com,+1-726-343-8310,2022-12-06 05:47:49,Canada,Central,Home Office
CUST-000467,Sofia,Lee,sofia.lee42@example.com,+1-424-979-8989,2024-01-05 08:26:15,Usa,East,Consumer
CUST-000468,Luis,Davis,luis.davis930@example.com,+1-569-597-8695,2024-11-26 16:33:11,Usa,North,Home Office
CUST-000469,Marta,Lopez,marta.lopez649@example.com,+1-480-959-5314,2024-12-03 21:04:02,Uk,Central,Consumer
CUST-000470,Lucia,Taylor,lucia.taylor530@example.com,+1-457-585-4651,2022-06-09 18:48:01,Brazil,East,Corporate
CUST-000471,James,Lee,james.lee909@example.com,+1-818-206-9222,2024-09-14 05:03:34,Brazil,South,Consumer
CUST-000472,Valentina,Wilson,valentina.wilson154@example.com,+1-391-361-6934,2023-03-10 21:55:08,Germany,North,Corporate
CUST-000473,Diego,Thomas,diego.thomas494@example.com,+1-891-690-8848,2022-08-21 07:40:17,Uk,South,Corporate
CUST-000474,Diego,Gomez,diego.gomez45@example.com,+1-330-787-3639,2023-05-15 04:54:18,Germany,Central,Consumer
CUST-000475,Camila,Martinez,camila.martinez171@example.com,+1-464-384-9464,2022-04-25 14:45:43,Uk,Central,Corporate
CUST-000476,Pedro,Garcia,pedro.garcia460@example.com,+1-821-682-8891,2023-03-20 06:12:36,Canada,West,Corporate
CUST-000477,Camila,Brown,camila.brown271@example.com,+1-371-941-6614,2024-11-12 16:30:37,Uk,Central,Consumer
CUST-000478,Lucia,Moore,lucia.moore112@example.com,+1-216-407-9564,2022-09-28 18:21:47,Germany,West,Corporate
CUST-000479,Andres,Lopez,andres.lopez488@example.com,+1-829-814-1639,2022-12-30 19:20:55,Uk,North,Consumer
CUST-000480,Sofia,Harris,sofia.harris919@example.com,+1-993-894-8069,2022-01-03 19:00:25,Brazil,East,Home Office
CUST-000481,Valentina,Jackson,valentina.jackson961@example.com,+1-693-987-7246,2023-04-15 12:45:43,Uk,Central,Consumer
CUST-000482,Sofia,Wilson,sofia.wilson785@example.com,+1-438-285-5641,2024-09-04 21:46:59,Uk,West,Consumer
CUST-000483,Ana,Gomez,ana.gomez121@example.com,+1-732-207-7144,2024-12-06 23:49:52,Canada,East,Consumer
CUST-000484,John,Martinez,john.martinez668@example.com,+1-799-459-5281,2024-05-22 19:31:08,Brazil,Central,Consumer
CUST-000485,Laura,Moore,laura.moore424@example.com,+1-765-770-8904,2023-02-22 06:30:25,Mexico,Central,Consumer
CUST-000486,Laura,Anderson,laura.anderson793@example.com,+1-922-607-3262,2023-12-07 04:20:08,Germany,South,Consumer
CUST-000487,Carlos,Lopez,carlos.lopez521@example.com,+1-610-546-1852,2023-03-16 05:51:08,Brazil,North,Corporate
CUST-000488,Sofia,Lee,sofia.lee91@example.com,+1-265-469-4633,2024-06-10 13:30:06,Usa,Central,Consumer
CUST-000489,Lucia,Moore,lucia.moore294@example.com,+1-928-811-1941,2024-12-03 06:22:53,Germany,West,Consumer
CUST-000490,Emma,Perez,emma.perez200@example.com,+1-234-813-9364,2023-08-09 18:46:48,Germany,South,Corporate
CUST-000491,Luis,Taylor,luis.taylor671@example.com,+1-200-361-2422,2023-05-05 10:02:47,Spain,West,Consumer
CUST-000492,Lucia,Moore,lucia.moore531@example.com,+1-215-954-2124,2023-02-15 03:16:58,Uk,East,Corporate
CUST-000493,Sebastian,White,sebastian.white356@example.com,+1-483-431-4187,2023-12-14 16:33:26,Brazil,Central,Consumer
CUST-000494,Carlos,Jackson,carlos.jackson110@example.com,+1-772-274-9243,2024-11-02 10:42:48,Mexico,North,Corporate
CUST-000495,Laura,Thompson,laura.thompson711@example.com,+1-653-586-8923,2023-05-28 08:51:26,Spain,East,Home Office
CUST-000496,Olivia,Martin,olivia.martin494@example.com,+1-319-464-2106,2022-02-26 13:55:57,Germany,South,Corporate
CUST-000497,David,Thomas,david.thomas979@example.com,+1-561-728-9776,2024-04-24 00:21:14,Germany,East,Consumer
CUST-000498,Maria,Moore,maria.moore78@example.com,+1-767-382-8807,2023-12-02 11:25:39,Mexico,South,Home Office
CUST-000499,Laura,Brown,laura.brown511@example.com,+1-954-404-4847,2023-01-25 08:48:46,Spain,East,Consumer
CUST-000500,Emma,Rodriguez,emma.rodriguez160@example.com,+1-997-309-2964,2023-12-31 02:51:27,Germany,West,Corporate
CUST-000501,Sebastian,Smith,sebastian.smith381@example.com,+1-835-522-9066,2024-09-14 20:55:03,Spain,East,Consumer
CUST-000502,Valentina,Wilson,valentina.wilson228@example.com,,2024-03-25 01:58:17,Uk,West,Consumer
CUST-000503,Sebastian,Smith,sebastian.smith356@example.com,+1-603-902-3863,2024-10-26 16:38:45,Usa,Central,Consumer
CUST-000504,Ana,Gomez,ana.gomez389@example.com,,2023-03-08 13:09:55,Uk,East,Consumer
CUST-000505,Laura,Rodriguez,laura.rodriguez483@example.com,+1-827-551-6995,2023-07-06 06:41:45,Brazil,West,Consumer
CUST-000506,James,Taylor,james.taylor287@example.com,+1-661-384-3148,2024-03-31 20:58:03,Germany,South,Corporate
CUST-000507,Laura,Rodriguez,laura.rodriguez877@example.com,+1-590-400-3389,2024-06-04 05:26:41,Brazil,North,Consumer
CUST-000508,Mateo,Martinez,mateo.martinez547@example.com,+1-937-523-8972,2024-11-24 10:55:26,Mexico,Central,Home Office
CUST-000509,Luis,Moore,luis.moore708@example.com,+1-367-261-4530,2022-07-22 09:15:30,Brazil,North,Consumer
CUST-000510,Marta,Wilson,marta.wilson369@example.com,+1-773-770-5222,2024-01-10 12:31:47,Usa,West,Consumer
CUST-000511,Andres,Davis,andres.davis800@example.com,+1-491-563-6326,2022-12-24 18:35:04,Brazil,West,Home Office
CUST-000512,Lucia,Harris,lucia.harris475@example.com,+1-846-348-3745,2023-08-10 23:19:22,Spain,Unknown,Consumer
CUST-000513,Andres,White,andres.white870@example.com,+1-273-281-3654,2024-04-08 12:30:39,Canada,East,Consumer
CUST-000514,Pedro,Wilson,pedro.wilson278@example.com,+1-655-999-6950,2024-03-20 21:22:08,Uk,West,Consumer
CUST-000515,Carlos,Gomez,carlos.gomez746@example.com,+1-440-877-5122,2022-09-14 02:54:54,Canada,South,Consumer
CUST-000516,John,Garcia,john.garcia562@example.com,+1-255-226-7504,2024-08-27 19:04:39,Spain,North,Consumer
CUST-000517,Andres,Martinez,andres.martinez671@example.com,+1-599-516-4757,2022-06-22 09:00:26,Germany,East,Consumer
CUST-000518,Sofia,Martinez,sofia.martinez859@example.com,+1-374-229-1575,2024-12-14 12:59:31,Spain,East,Home Office
CUST-000519,Olivia,Thompson,olivia.thompson562@example.com,+1-655-338-9835,2023-07-12 06:26:44,Uk,Central,Consumer
CUST-000520,Camila,Jackson,camila.jackson656@example.com,+1-854-746-6073,2024-12-08 12:38:24,Brazil,Central,Consumer
CUST-000521,Maria,Martin,maria.martin375@example.com,+1-622-466-3551,2023-09-23 11:03:09,Usa,North,Consumer
CUST-000522,Sofia,Taylor,sofia.taylor481@example.com,+1-747-208-9059,2023-08-11 17:22:10,Mexico,North,Corporate
CUST-000523,Pedro,Harris,pedro.harris816@example.com,+1-207-761-7121,2023-04-19 06:51:56,Brazil,Central,Consumer
CUST-000524,David,Brown,david.brown849@example.com,+1-587-425-5308,2024-03-09 02:53:02,Brazil,South,Consumer
CUST-000525,Andres,Wilson,andres.wilson665@example.com,+1-960-744-5404,2023-08-07 15:02:00,Canada,North,Consumer
CUST-000526,Pedro,Lopez,pedro.lopez633@example.com,+1-663-478-9060,2024-07-21 06:50:13,Mexico,North,Consumer
CUST-000527,Sebastian,Gomez,sebastian.gomez996@example.com,+1-304-488-5410,2023-01-16 04:33:09,Germany,West,Corporate
CUST-000528,David,Garcia,david.garcia16@example.com,+1-705-422-6601,2022-11-05 15:18:02,Mexico,West,Home Office
CUST-000529,Olivia,Smith,olivia.smith83@example.com,,2023-11-08 09:42:11,Spain,West,Consumer
CUST-000530,Mateo,Brown,mateo.brown918@example.com,+1-456-590-1206,2023-01-29 04:26:25,Spain,South,Consumer
CUST-000531,Olivia,Rodriguez,olivia.rodriguez204@example.com,+1-671-952-2539,2022-03-10 18:58:26,Germany,South,Consumer
CUST-000532,Pedro,Thomas,pedro.thomas645@example.com,+1-945-243-9534,2022-11-21 04:26:49,Mexico,West,Corporate
CUST-000533,Emma,Taylor,emma.taylor885@example.com,+1-882-423-2850,2022-04-17 08:35:28,Germany,West,Consumer
CUST-000534,Carlos,Wilson,carlos.wilson406@example.com,+1-448-209-1688,2022-09-03 21:09:22,Spain,West,Corporate
CUST-000535,Sofia,Taylor,sofia.taylor255@example.com,,2022-07-03 22:31:27,Mexico,North,Consumer
CUST-000536,Sofia, Thompson  ,sofia.thompson129@example.com,+1-699-438-6189,2022-08-08 20:19:44,Spain,East,Corporate
CUST-000537,Olivia,Davis,olivia.davis706@example.com,+1-586-566-3207,2022-02-13 09:07:39,Usa,West,Corporate
CUST-000538,Sebastian,Anderson,sebastian.anderson195@example.com,+1-780-391-9906,2024-09-30 12:39:29,Mexico,West,Consumer
CUST-000539,Andres,Thompson,andres.thompson71@example.com,+1-743-358-8362,2022-11-25 10:45:54,Spain,East,Consumer
CUST-000540,Olivia,Gomez,olivia.gomez389@example.com,+1-951-389-1306,,Spain,East,Corporate
CUST-000541,David,Thomas,david.thomas675@example.com,+1-751-596-4110,2022-05-10 19:04:50,Germany,West,Corporate
CUST-000542,Sofia,Harris,sofia.harris331@example.com,+1-619-856-6276,2023-08-03 04:01:18,Usa,Central,Corporate
CUST-000543,Luis,Martinez,luis.martinez895@example.com,+1-232-406-2753,2023-01-01 17:40:18,Canada,North,Consumer
CUST-000544,Lucia,Lee,lucia.lee639@example.com,+1-918-804-5193,2024-12-12 01:47:13,Mexico,South,Corporate
CUST-000545,Maria,Gomez,maria.gomez672@example.com,+1-703-281-8668,2023-03-04 23:15:44,Usa,East,Consumer
CUST-000546,Diego,Taylor,diego.taylor844@example.com,+1-831-472-9667,2022-04-30 01:28:48,Germany,North,Corporate
CUST-000547,Maria,Davis,maria.davis100@example.com,+1-303-942-4784,2024-11-29 19:21:25,Brazil,South,Consumer
CUST-000548,David,White,david.white572@example.com,+1-967-771-7802,2023-01-02 03:50:29,Spain,Unknown,Consumer
CUST-000549,Olivia,Jackson,olivia.jackson171@example.com,+1-384-763-7579,2022-08-02 18:22:31,Mexico,South,Consumer
CUST-000550,Andres,Martin,andres.martin925@example.com,+1-522-763-6319,2023-12-23 13:32:02,Brazil,West,Corporate
CUST-000551,Marta, Harris  ,marta.harris577@example.com,+1-758-419-7145,2023-05-08 20:02:00,Germany,East,Consumer
CUST-000552,Olivia,Martin,olivia.martin1@example.com,+1-943-235-5660,2024-03-24 21:41:27,Usa,Central,Consumer
CUST-000553,Pedro,Gomez,pedro.gomez228@example.com,+1-419-522-1355,2023-09-08 10:02:50,Uk,Central,Consumer
CUST-000554,Camila,Martinez,camila.martinez39@example.com,+1-671-564-3557,2022-07-13 05:02:21,Mexico,East,Home Office
CUST-000555,David,Rodriguez,david.rodriguez831@example.com,+1-507-294-7550,2023-06-09 20:43:08,Canada,North,Corporate
CUST-000556,Mateo,Brown,mateo.brown846@example.com,+1-906-919-2562,2024-09-26 21:40:18,Germany,East,Consumer
CUST-000557,Camila,Moore,camila.moore799@example.com,+1-257-989-6478,2022-06-10 12:40:03,Spain,West,Consumer
CUST-000558,John,Rodriguez,john.rodriguez650@example.com,+1-996-847-7266,2022-01-24 01:58:14,Mexico,Central,Consumer
CUST-000559,Sebastian,White,sebastian.white335@example.com,,2022-11-03 05:34:39,Usa,West,Home Office
CUST-000560,Andres,White,andres.white93@example.com,+1-427-642-5747,2024-10-30 14:21:24,Canada,South,Consumer
CUST-000561,Mateo,White,mateo.white562@example.com,+1-608-468-2393,2022-04-11 14:30:35,Uk,West,Corporate
CUST-000562,Sofia,Martinez,sofia.martinez573@example.com,+1-402-699-7476,2024-09-11 23:44:51,Uk,South,Consumer
CUST-000563,Valentina,Rodriguez,valentina.rodriguez74@example.com,+1-472-995-8046,2023-05-12 11:46:30,Germany,Central,Consumer
CUST-000564,Diego,Jackson,diego.jackson357@example.com,+1-395-528-6644,2024-01-19 21:37:20,Germany,North,Corporate
CUST-000565,Carlos,Taylor,carlos.taylor639@example.com,+1-349-651-1735,2024-06-24 08:30:03,Canada,East,Consumer
CUST-000566,Maria,Lopez,maria.lopez249@example.com,+1-835-351-5713,2022-04-22 00:30:00,Mexico,North,Consumer
CUST-000567,Mateo,Gomez,mateo.gomez215@example.com,+1-957-750-4471,2023-11-11 07:25:12,Uk,Central,Corporate
CUST-000568,Sebastian,Lee,sebastian.lee712@example.com,+1-915-884-1301,2022-10-17 13:42:42,Uk,Central,Consumer
CUST-000569,Carlos,Smith,carlos.smith206@example.com,+1-913-832-5444,2023-08-05 01:55:57,Brazil,North,Consumer
CUST-000570,Laura,Taylor,laura.taylor20@example.com,+1-499-864-7332,2022-08-09 08:24:59,Brazil,Central,Home Office
CUST-000571,John,Thomas,john.thomas888@example.com,+1-811-744-2442,2024-09-19 06:47:14,Canada,Central,Home Office
CUST-000572,Sebastian,Gomez,sebastian.gomez254@example.com,+1-742-512-6465,2022-03-23 17:50:16,Brazil,South,Consumer
CUST-000573,James,Taylor,james.taylor242@example.com,+1-713-482-2015,2023-09-12 22:47:03,Mexico,West,Home Office
CUST-000574,Ana,Thompson,ana.thompson231@example.com,+1-355-549-7436,2023-07-28 23:55:05,Canada,North,Corporate
CUST-000575,Valentina,Harris,valentina.harris428@example.com,+1-446-786-3502,2023-04-11 15:31:37,Mexico,Central,Consumer
CUST-000576,Sebastian,Martinez,sebastian.martinez669@example.com,+1-341-794-9869,2023-02-28 07:21:57,Spain,South,Consumer
CUST-000577,Valentina,Martinez,valentina.martinez931@example.com,+1-988-348-3589,2024-05-30 11:33:34,Usa,Central,Consumer
CUST-000578,John,Brown,john.brown860@example.com,+1-349-944-1483,2023-10-13 11:36:11,Brazil,West,Consumer
CUST-000579,Laura,Martinez,laura.martinez110@example.com,+1-334-389-1429,2023-01-20 22:16:53,Uk,East,Corporate
CUST-000580,Andres,Rodriguez,andres.rodriguez237@example.com,+1-903-226-6886,2023-04-21 02:53:37,Germany,West,Consumer
CUST-000581,Andres,Lee,andres.lee189@example.com,+1-596-703-8763,2024-02-05 05:00:24,Canada,South,Consumer
CUST-000582,Diego,Gomez,diego.gomez974@example.com,+1-622-427-4323,2023-07-07 07:26:52,Usa,South,Home Office
CUST-000583,Olivia,Harris,olivia.harris705@example.com,+1-532-668-5043,2024-09-30 15:34:00,Brazil,North,Corporate
CUST-000584,Lucia,Thomas,lucia.thomas627@example.com,+1-960-785-9784,2024-03-18 19:07:23,Germany,North,Consumer
CUST-000585,Olivia,Martin,olivia.martin899@example.com,+1-451-731-9812,2022-03-28 14:24:13,Germany,North,Consumer
CUST-000586,Valentina,Smith,valentina.smith299@example.com,+1-650-607-5989,2023-01-24 10:24:35,Brazil,South,Consumer
CUST-000587,Andres,Smith,andres.smith926@example.com,+1-345-674-8400,2024-11-24 03:17:34,Germany,Central,Consumer
CUST-000588,Camila,Thompson,camila.thompson403@example.com,+1-623-531-8387,2022-10-05 00:54:25,Canada,West,Consumer
CUST-000589,Emma,Martin,emma.martin257@example.com,+1-531-908-3686,2022-07-04 04:29:53,Usa,North,Corporate
CUST-000590,James,Garcia,james.garcia725@example.com,+1-593-944-9383,2024-12-08 22:17:05,Canada,West,Consumer
CUST-000591,Luis,Brown,luis.brown580@example.com,+1-875-353-3656,2023-11-18 05:15:53,Canada,Unknown,Consumer
CUST-000592,Pedro,Martin,pedro.martin642@example.com,+1-385-320-3155,2023-08-15 07:23:08,Usa,Central,Corporate
CUST-000593,Ana,Martin,ana.martin876@example.com,+1-710-756-1094,2024-10-16 22:08:09,Brazil,South,Consumer
CUST-000594,Mateo,Martin,mateo.martin453@example.com,+1-281-815-1107,2024-04-19 08:54:35,Uk,East,Corporate
CUST-000595,Sebastian,Davis,,+1-351-256-6718,2022-04-11 01:20:13,Canada,Unknown,Corporate
CUST-000596,Andres,Anderson,andres.anderson943@example.com,+1-289-250-2784,2023-11-10 15:10:51,Canada,South,Corporate
CUST-000597,Andres,Harris,andres.harris990@example.com,+1-666-967-6901,2022-12-30 01:18:17,Usa,East,Consumer
CUST-000598,Lucia,Garcia,lucia.garcia864@example.com,+1-763-266-5797,,Canada,North,Corporate
CUST-000599,Laura,Thomas,laura.thomas424@example.com,+1-737-414-4425,2024-12-15 22:17:03,Usa,North,Consumer
CUST-000600,Valentina,Garcia,valentina.garcia742@example.com,+1-905-819-5705,2024-09-17 15:32:54,Uk,East,Consumer
CUST-000601,Camila,Harris,camila.harris950@example.com,+1-332-829-9132,2023-12-26 18:55:18,Germany,West,Consumer
CUST-000602,Carlos,Harris,carlos.harris726@example.com,+1-497-398-1025,2023-04-22 04:18:13,Usa,West,Corporate
CUST-000603,John,Davis,john.davis424@example.com,+1-246-541-6728,2024-04-29 20:24:14,Spain,South,Consumer
CUST-000604,Emma,Anderson,emma.anderson810@example.com,+1-269-515-5919,2023-06-06 18:26:52,Uk,East,Corporate
CUST-000605,John, Thomas  ,john.thomas406@example.com,+1-941-782-1477,2023-12-01 06:23:40,Canada,East,Corporate
CUST-000606,Mateo,Lee,mateo.lee662@example.com,+1-339-693-3545,2022-03-14 22:50:08,Brazil,Central,Home Office
CUST-000607,Olivia,Jackson,olivia.jackson856@example.com,+1-733-506-6169,2022-04-25 20:12:48,Uk,North,Consumer
CUST-000608,Marta, Taylor  ,marta.taylor993@example.com,+1-352-487-1510,2022-05-16 12:20:53,Brazil,Central,Corporate
CUST-000609,Camila,Harris,camila.harris192@example.com,+1-809-319-6050,2024-03-08 11:27:02,Germany,North,Consumer
CUST-000610,Maria,Lee,maria.lee381@example.com,+1-662-509-4541,2023-05-02 19:07:05,Mexico,South,Consumer
CUST-000611,Luis,Davis,luis.davis455@example.com,+1-718-225-8907,2022-07-09 18:12:23,Canada,South,Consumer
CUST-000612,Mateo,Perez,mateo.perez795@example.com,+1-535-346-2609,2023-09-28 18:47:32,Germany,South,Consumer
CUST-000613,Luis, Martin  ,luis.martin731@example.com,+1-734-318-1067,2024-03-04 11:19:20,Usa,Central,Home Office
CUST-000614,Marta,Martin,marta.martin106@example.com,+1-733-984-6119,2022-04-05 00:49:06,Uk,East,Corporate
CUST-000615,Emma,Thomas,emma.thomas198@example.com,+1-493-483-9720,2023-02-15 11:37:11,Spain,West,Corporate
CUST-000616,Laura,Martinez,laura.martinez281@example.com,+1-317-215-9422,2022-11-19 03:43:38,Canada,Central,Consumer
CUST-000617,Marta,Wilson,marta.wilson966@example.com,+1-921-490-5011,2022-10-17 06:14:09,Usa,East,Corporate
CUST-000618,Marta,Thompson,marta.thompson52@example.com,+1-333-229-8712,2024-06-27 01:50:13,Usa,West,Consumer
CUST-000619,Diego,Moore,diego.moore722@example.com,+1-810-806-8304,2023-01-02 22:26:21,Mexico,East,Consumer
CUST-000620,Emma,Thompson,emma.thompson998@example.com,+1-973-982-8629,2022-06-10 20:40:21,Canada,North,Corporate
CUST-000621,Olivia,Lopez,olivia.lopez318@example.com,+1-900-859-8625,2024-07-22 17:07:55,Canada,South,Consumer
CUST-000622,Andres,Wilson,andres.wilson402@example.com,+1-387-916-6412,2024-01-15 11:49:27,Brazil,West,Consumer
CUST-000623,Mateo,Lopez,mateo.lopez491@example.com,+1-672-374-5624,2023-12-21 12:41:33,Uk,Central,Consumer
CUST-000624,John,Moore,john.moore334@example.com,+1-769-865-2162,2022-08-08 10:59:59,Uk,West,Consumer
CUST-000625,Diego,Rodriguez,diego.rodriguez562@example.com,+1-362-693-7288,2023-05-15 02:24:18,Mexico,South,Corporate
CUST-000626,Camila,Jackson,camila.jackson581@example.com,+1-550-757-4869,2024-06-10 06:18:06,Germany,North,Corporate
CUST-000627,Camila,Lee,camila.lee607@example.com,,2022-08-23 20:12:36,Usa,West,Consumer
CUST-000628,Lucia,Garcia,lucia.garcia702@example.com,+1-810-989-7208,2022-08-11 11:55:14,Brazil,North,Consumer
CUST-000629,Sofia,White,sofia.white776@example.com,+1-350-876-3444,2022-01-01 16:29:32,Uk,East,Consumer
CUST-000630,Camila,Martin,camila.martin211@example.com,+1-897-524-5910,2023-02-05 20:45:47,Spain,East,Home Office
CUST-000631,Diego,Taylor,diego.taylor597@example.com,+1-208-826-9362,2022-07-02 14:42:58,Spain,South,Home Office
CUST-000632,Luis,Taylor,luis.taylor1@example.com,+1-920-773-6885,2022-04-19 03:59:38,Spain,East,Home Office
CUST-000633,David,Jackson,david.jackson641@example.com,+1-525-928-7271,2024-03-18 14:46:59,Brazil,West,Consumer
CUST-000634,Carlos,Lee,carlos.lee193@example.com,+1-768-593-6902,2022-10-12 15:11:27,Canada,Unknown,Home Office
CUST-000635,Sofia,Martinez,sofia.martinez74@example.com,+1-863-216-3359,2022-01-24 17:43:12,Germany,West,Home Office
CUST-000636,Sofia,Garcia,sofia.garcia658@example.com,+1-625-666-7974,2022-10-09 22:41:30,Canada,West,Consumer
CUST-000637,Sebastian,Martin,sebastian.martin364@example.com,+1-431-390-7959,2024-02-27 22:00:42,Usa,Central,Consumer
CUST-000638,David,Perez,david.perez421@example.com,+1-759-790-7012,2023-07-06 01:13:05,Usa,Central,Consumer
CUST-000639,James, Lopez  ,james.lopez985@example.com,+1-907-281-3327,2024-09-13 19:09:57,Spain,East,Consumer
CUST-000640,Maria,Perez,maria.perez252@example.com,+1-683-845-2279,2022-07-01 23:04:18,Uk,Central,Consumer
CUST-000641,Luis,Thomas,luis.thomas798@example.com,+1-211-680-8438,,Brazil,Central,Corporate
CUST-000642,Diego,Taylor,diego.taylor297@example.com,+1-371-236-5981,2023-08-27 20:31:26,Mexico,North,Corporate
CUST-000643,Camila,Brown,camila.brown673@example.com,+1-498-955-1447,2022-04-16 10:26:33,Brazil,North,Consumer
CUST-000644,Maria,Wilson,maria.wilson136@example.com,+1-830-487-5509,2023-06-01 09:21:19,Usa,North,Corporate
CUST-000645,Camila,Martinez,camila.martinez379@example.com,+1-379-467-4869,2024-07-03 17:39:19,Canada,Central,Home Office
CUST-000646,Marta,Garcia,marta.garcia610@example.com,+1-357-707-7765,2022-10-25 13:57:02,Canada,West,Corporate
CUST-000647,Carlos,Davis,carlos.davis56@example.com,+1-857-470-2900,2023-12-08 01:54:44,Canada,West,Consumer
CUST-000648,Pedro,Lee,pedro.lee240@example.com,+1-588-899-7390,2024-12-26 17:16:45,Mexico,South,Consumer
CUST-000649,Diego,Gomez,diego.gomez950@example.com,+1-659-591-6172,2023-08-15 19:18:21,Germany,North,Consumer
CUST-000650,Sebastian,Taylor,,+1-867-479-6488,2024-06-03 09:50:32,Mexico,North,Consumer
CUST-000651,Camila,Moore,camila.moore792@example.com,+1-891-967-4961,2024-08-02 21:26:05,Spain,South,Consumer
CUST-000652,Carlos,Thomas,carlos.thomas689@example.com,+1-208-269-1195,2022-01-22 14:58:23,Usa,Central,Consumer
CUST-000653,Olivia,Taylor,olivia.taylor743@example.com,+1-490-457-4163,2023-03-26 01:14:21,Usa,Central,Consumer
CUST-000654,Andres,Davis,andres.davis726@example.com,+1-322-288-3128,2022-09-07 13:41:17,Germany,Central,Corporate
CUST-000655,Carlos,Lopez,carlos.lopez260@example.com,+1-501-678-2240,2023-01-13 23:15:26,Brazil,East,Corporate
CUST-000656,Marta,Wilson,marta.wilson800@example.com,+1-275-483-2022,2022-11-28 13:56:14,Brazil,East,Home Office
CUST-000657,Laura,Wilson,laura.wilson452@example.com,+1-271-703-4287,2022-12-31 22:13:13,Brazil,South,Corporate
CUST-000658,John,Martinez,john.martinez224@example.com,+1-828-858-2740,2024-06-02 16:04:38,Germany,East,Consumer
CUST-000659,Maria,Garcia,maria.garcia796@example.com,+1-656-219-9154,2023-05-29 05:25:10,Germany,North,Home Office
CUST-000660,Lucia, Wilson  ,lucia.wilson717@example.com,+1-537-600-1060,2022-11-07 18:45:52,Germany,West,Consumer
CUST-000661,Lucia,Garcia,lucia.garcia4@example.com,+1-593-905-8898,2023-04-08 04:24:46,Uk,Central,Home Office
CUST-000662,James,Thomas,james.thomas411@example.com,+1-256-847-2485,2023-09-13 13:18:07,Uk,East,Consumer
CUST-000663,Olivia,Anderson,olivia.anderson181@example.com,+1-767-240-7294,2023-02-20 06:57:15,Mexico,West,Home Office
CUST-000664,James,Lee,james.lee907@example.com,+1-847-648-4104,2022-06-23 05:05:42,Usa,South,Consumer
CUST-000665,Camila,Rodriguez,camila.rodriguez399@example.com,+1-264-753-6041,2024-09-28 18:11:34,Uk,West,Home Office
CUST-000666,Ana,Smith,ana.smith58@example.com,+1-545-938-1701,2023-11-26 14:45:50,Usa,South,Corporate
CUST-000667,Valentina,Martin,valentina.martin759@example.com,+1-793-438-2180,2022-11-02 01:20:33,Germany,South,Consumer
CUST-000668,Ana,Lee,ana.lee249@example.com,+1-918-864-3138,,Canada,North,Home Office
CUST-000669,John,Martin,john.martin856@example.com,+1-805-265-2742,2022-12-16 04:09:25,Brazil,Central,Corporate
CUST-000670,David,Garcia,david.garcia437@example.com,+1-545-955-7586,2023-02-20 11:48:18,Usa,Central,Consumer
CUST-000671,Marta,Davis,marta.davis608@example.com,+1-377-543-2035,2022-04-04 04:23:46,Mexico,South,Corporate
CUST-000672,Carlos,Taylor,carlos.taylor450@example.com,+1-449-795-1666,2022-12-04 04:51:21,Usa,Central,Consumer
CUST-000673,Carlos,Gomez,carlos.gomez83@example.com,+1-206-207-3939,2024-09-24 03:14:43,Germany,Central,Home Office
CUST-000674,Diego,Lee,diego.lee212@example.com,+1-346-855-5439,2022-09-17 19:02:42,Brazil,West,Consumer
CUST-000675,Carlos,Harris,carlos.harris611@example.com,+1-384-934-9190,2022-03-19 22:17:02,Usa,East,Consumer
CUST-000676,Ana,Thompson,ana.thompson197@example.com,+1-320-742-2567,2023-04-28 22:32:03,Mexico,Central,Consumer
CUST-000677,Olivia,Davis,,+1-398-315-3444,2023-07-21 17:16:22,Brazil,South,Consumer
CUST-000678,Luis,Smith,luis.smith292@example.com,+1-414-645-5118,2024-01-16 12:10:16,Uk,West,Consumer
CUST-000679,Luis,Thompson,luis.thompson162@example.com,+1-229-696-9436,2022-12-27 04:13:32,Usa,South,Corporate
CUST-000680,Camila,White,camila.white430@example.com,+1-403-965-6336,2023-10-30 08:22:34,Spain,North,Consumer
CUST-000681,John, Rodriguez  ,john.rodriguez891@example.com,+1-404-584-4615,2024-04-24 02:40:37,Brazil,Central,Consumer
CUST-000682,Diego,Martinez,diego.martinez951@example.com,+1-824-665-3917,2023-03-19 14:06:08,Mexico,South,Consumer
CUST-000683,Emma,Taylor,emma.taylor208@example.com,+1-543-330-1525,2023-07-07 20:42:16,Usa,East,Consumer
CUST-000684,Olivia,Martin,olivia.martin176@example.com,+1-978-551-4602,2024-05-06 10:44:47,Uk,South,Corporate
CUST-000685,Andres,Brown,andres.brown89@example.com,+1-621-734-9015,2023-04-16 07:52:49,Uk,West,Corporate
CUST-000686,Laura,Gomez,laura.gomez754@example.com,+1-452-453-6362,2024-05-26 15:48:37,Uk,South,Home Office
CUST-000687,Camila,Martinez,camila.martinez428@example.com,+1-245-241-8711,2022-01-11 18:21:28,Usa,West,Consumer
CUST-000688,Mateo,Lopez,mateo.lopez508@example.com,+1-446-285-1203,2024-07-15 14:48:16,Canada,South,Consumer
CUST-000689,David,Garcia,david.garcia492@example.com,+1-885-512-3650,2022-02-02 16:43:19,Spain,Central,Corporate
CUST-000690,Ana,Martin,ana.martin791@example.com,,2024-08-07 06:44:01,Spain,East,Corporate
CUST-000691,Ana,Garcia,ana.garcia915@example.com,+1-907-540-9698,2024-02-28 01:11:27,Mexico,West,Corporate
CUST-000692,Andres,Thompson,andres.thompson807@example.com,+1-901-282-6500,,Uk,East,Home Office
CUST-000693,John,Moore,john.moore477@example.com,+1-833-241-6989,2024-01-19 13:20:29,Canada,Central,Corporate
CUST-000694,Sebastian,Davis,sebastian.davis343@example.com,+1-444-752-2860,2022-10-11 23:37:50,Brazil,Central,Home Office
CUST-000695,Emma,Rodriguez,emma.rodriguez362@example.com,+1-473-715-7929,2023-10-19 10:05:25,Usa,North,Consumer
CUST-000696,Olivia,Lee,olivia.lee540@example.com,+1-325-681-9714,2024-10-23 19:24:02,Mexico,West,Corporate
CUST-000697,Maria,Davis,maria.davis90@example.com,+1-282-600-3929,2024-07-26 10:29:57,Usa,North,Consumer
CUST-000698,John,Martinez,john.martinez155@example.com,+1-409-733-1371,2024-10-13 10:40:26,Brazil,Central,Home Office
CUST-000699,Mateo,Taylor,mateo.taylor455@example.com,+1-955-860-1351,2024-05-10 10:36:49,Canada,North,Consumer
CUST-000700,David,Perez,david.perez422@example.com,+1-792-551-6346,2023-11-19 17:42:00,Uk,Central,Corporate
CUST-000701,Olivia,Martin,olivia.martin581@example.com,+1-335-513-3813,2023-09-15 09:27:59,Canada,West,Consumer
CUST-000702,Pedro,Smith,pedro.smith362@example.com,+1-491-666-3725,2022-10-31 22:31:25,Canada,Central,Consumer
CUST-000703,Carlos,Martinez,carlos.martinez244@example.com,+1-319-242-6187,2022-11-27 20:55:04,Canada,West,Consumer
CUST-000704,Carlos,Davis,carlos.davis682@example.com,+1-524-552-3423,2022-03-13 13:34:38,Brazil,Central,Home Office
CUST-000705,Sebastian,Anderson,sebastian.anderson943@example.com,+1-225-614-9182,2022-09-06 05:17:35,Brazil,East,Consumer
CUST-000706,Sebastian,Perez,sebastian.perez663@example.com,,2023-11-10 10:33:08,Spain,Central,Corporate
CUST-000707,Camila, Martin  ,camila.martin706@example.com,+1-315-949-8847,2023-11-25 01:27:33,Canada,Central,Consumer
CUST-000708,Ana,Moore,ana.moore457@example.com,+1-565-294-6347,2023-03-28 02:00:13,Uk,South,Consumer
CUST-000709,David,Wilson,david.wilson24@example.com,+1-285-751-8298,2023-02-05 03:10:52,Uk,West,Consumer
CUST-000710,Marta,Harris,marta.harris967@example.com,+1-257-882-6915,2024-11-13 14:28:28,Canada,West,Consumer
CUST-000711,James,Gomez,james.gomez354@example.com,+1-559-515-8300,2023-08-06 20:25:35,Usa,South,Corporate
CUST-000712,Olivia,Jackson,olivia.jackson296@example.com,+1-367-945-7944,2024-06-25 15:04:49,Canada,Central,Consumer
CUST-000713,Sofia,Davis,sofia.davis487@example.com,+1-737-543-2083,2023-09-14 21:30:21,Spain,West,Consumer
CUST-000714,Diego,Wilson,diego.wilson180@example.com,+1-769-673-3243,2024-04-28 07:15:17,Canada,West,Consumer
CUST-000715,Mateo,Smith,mateo.smith855@example.com,+1-799-511-9095,2023-09-11 20:21:46,Germany,West,Consumer
CUST-000716,Ana,Martinez,ana.martinez308@example.com,+1-855-851-8742,2023-06-22 04:31:16,Germany,East,Consumer
CUST-000717,Mateo,Rodriguez,mateo.rodriguez123@example.com,+1-983-483-9078,2022-02-28 02:25:45,Uk,East,Consumer
CUST-000718,Camila,Jackson,camila.jackson644@example.com,+1-902-687-2959,2023-06-13 13:35:16,Uk,Unknown,Consumer
CUST-000719,Laura,Brown,laura.brown150@example.com,+1-527-672-3219,2022-04-30 13:00:43,Canada,North,Consumer
CUST-000720,Diego,Taylor,diego.taylor297@example.com,+1-498-742-2258,2022-04-10 18:42:33,Canada,South,Corporate
CUST-000721,Andres,Brown,andres.brown894@example.com,+1-523-901-5932,2023-10-23 09:53:00,Germany,East,Consumer
CUST-000722,Camila,Taylor,,+1-340-730-5610,2022-10-22 13:34:51,Spain,West,Consumer
CUST-000723,Carlos,Lopez,carlos.lopez159@example.com,+1-715-426-4087,2023-03-23 20:20:24,Uk,Central,Corporate
CUST-000724,Sebastian,Lopez,sebastian.lopez472@example.com,+1-278-319-3150,2024-05-04 00:37:57,Brazil,East,Consumer
CUST-000725,James,Martinez,james.martinez912@example.com,+1-811-735-6604,2024-06-24 06:16:11,Germany,East,Consumer
CUST-000726,John,Rodriguez,john.rodriguez878@example.com,+1-910-345-4712,2022-09-21 11:11:35,Canada,South,Consumer
CUST-000727,Maria,Jackson,maria.jackson80@example.com,+1-219-993-8934,2022-08-17 15:42:04,Usa,South,Consumer
CUST-000728,Valentina,White,valentina.white481@example.com,+1-321-459-1709,2022-05-02 02:24:43,Mexico,North,Corporate
CUST-000729,John,Harris,john.harris602@example.com,+1-404-389-6759,2023-02-25 01:03:55,Usa,South,Corporate
CUST-000730,Laura,White,laura.white361@example.com,+1-364-712-4962,2023-12-14 18:22:59,Uk,North,Consumer
CUST-000731,Camila,Gomez,camila.gomez223@example.com,+1-932-396-5617,2024-12-19 06:15:14,Spain,Central,Consumer
CUST-000732,John,Davis,john.davis872@example.com,+1-924-686-7004,2024-10-29 21:27:31,Canada,West,Corporate
CUST-000733,John,Brown,john.brown389@example.com,,2023-12-28 08:17:05,Brazil,North,Corporate
CUST-000734,Marta,Lopez,marta.lopez113@example.com,+1-732-339-9123,2024-08-12 13:09:09,Germany,East,Consumer
CUST-000735,Luis,Garcia,luis.garcia506@example.com,+1-318-594-5646,2023-11-03 16:38:12,Uk,East,Corporate
CUST-000736,Olivia,Rodriguez,olivia.rodriguez298@example.com,+1-638-393-2140,2024-04-14 17:19:07,Germany,East,Consumer
CUST-000737,Mateo,Lopez,mateo.lopez449@example.com,+1-735-874-2392,2024-03-22 04:20:26,Canada,West,Consumer
CUST-000738,Camila,Lopez,camila.lopez67@example.com,+1-572-403-6548,2022-12-12 07:17:28,Uk,West,Consumer
CUST-000739,Diego,Lee,diego.lee784@example.com,+1-930-984-5472,2023-07-25 23:26:28,Brazil,East,Consumer
CUST-000740,Andres, Moore  ,andres.moore524@example.com,+1-485-350-8448,2024-09-19 03:56:00,Usa,East,Consumer
CUST-000741,David,Martinez,david.martinez102@example.com,+1-955-254-2117,2022-03-02 18:08:11,Germany,North,Home Office
CUST-000742,Lucia,Harris,lucia.harris157@example.com,+1-510-836-2578,2023-11-01 02:47:09,Germany,Central,Corporate
CUST-000743,Olivia, Davis  ,olivia.davis678@example.com,+1-709-702-9270,2023-08-25 09:31:36,Uk,East,Corporate
CUST-000744,Sebastian,Thompson,sebastian.thompson976@example.com,+1-982-232-8051,2022-02-06 04:20:15,Brazil,West,Consumer
CUST-000745,Lucia,Martin,lucia.martin37@example.com,+1-233-381-5965,2024-07-30 05:58:34,Brazil,West,Consumer
CUST-000746,Lucia,Lee,lucia.lee583@example.com,+1-891-702-9837,2022-08-13 20:50:00,Brazil,West,Consumer
CUST-000747,Carlos,Perez,carlos.perez401@example.com,+1-469-706-7189,2022-04-25 22:27:43,Germany,Unknown,Corporate
CUST-000748,Pedro,Thomas,pedro.thomas29@example.com,+1-804-246-3100,2022-05-06 13:20:26,Mexico,Central,Consumer
CUST-000749,Marta,Moore,marta.moore439@example.com,+1-553-565-7749,2022-07-19 12:47:21,Usa,South,Consumer
CUST-000750,Pedro,White,pedro.white933@example.com,+1-904-267-5995,2022-06-23 04:10:03,Mexico,South,Consumer
CUST-000751,Marta,Smith,marta.smith674@example.com,+1-632-781-9433,2024-08-01 15:20:03,Mexico,North,Corporate
CUST-000752,Camila,Gomez,camila.gomez387@example.com,+1-784-599-6282,2023-10-11 20:50:43,Usa,West,Consumer
CUST-000753,Emma,Thomas,emma.thomas515@example.com,+1-983-883-6563,2024-10-14 06:04:00,Uk,East,Consumer
CUST-000754,Diego,Davis,diego.davis651@example.com,+1-277-748-4507,2024-10-14 10:27:44,Mexico,North,Consumer
CUST-000755,Camila,Moore,camila.moore640@example.com,,2023-04-08 21:32:56,Mexico,East,Consumer
CUST-000756,Valentina,Lee,valentina.lee215@example.com,+1-555-278-5945,2024-05-24 18:22:24,Spain,East,Consumer
CUST-000757,Sebastian,Thomas,sebastian.thomas425@example.com,+1-611-457-9443,2023-02-14 16:30:05,Germany,Central,Consumer
CUST-000758,Ana,Perez,ana.perez591@example.com,+1-711-418-8656,2023-01-18 09:45:18,Germany,Central,Corporate
CUST-000759,Diego,White,diego.white535@example.com,+1-405-573-8577,2022-05-03 05:22:45,Canada,South,Corporate
CUST-000760,Pedro,Jackson,pedro.jackson327@example.com,+1-265-849-4335,2024-04-20 15:00:59,Mexico,East,Corporate
CUST-000761,Laura,Harris,laura.harris416@example.com,+1-444-316-3456,2023-04-29 06:59:14,Usa,South,Corporate
CUST-000762,Pedro,Martin,pedro.martin574@example.com,+1-646-632-1606,2024-09-21 07:21:15,Canada,East,Consumer
CUST-000763,Laura,Wilson,,+1-243-939-8960,2022-12-27 00:43:29,Usa,North,Consumer
CUST-000764,Pedro,Garcia,pedro.garcia919@example.com,+1-572-887-2479,2024-04-13 14:27:01,Spain,South,Consumer
CUST-000765,Camila,Perez,camila.perez535@example.com,+1-880-794-9605,2022-09-05 09:10:04,Brazil,North,Consumer
CUST-000766,John,Thomas,john.thomas853@example.com,+1-798-954-7388,2023-11-06 08:35:24,Brazil,South,Consumer
CUST-000767,Carlos,Davis,carlos.davis451@example.com,+1-618-460-1916,2023-07-17 17:51:12,Uk,East,Corporate
CUST-000768,John,Thomas,john.thomas487@example.com,+1-899-452-5550,2024-05-17 05:16:33,Mexico,West,Corporate
CUST-000769,Pedro,Gomez,pedro.gomez862@example.com,+1-957-878-1895,2022-03-13 08:43:34,Mexico,Central,Consumer
CUST-000770,James,Lopez,james.lopez888@example.com,+1-442-653-7364,,Brazil,East,Consumer
CUST-000771,David,Anderson,david.anderson881@example.com,+1-364-649-6196,2023-03-07 23:27:46,Brazil,North,Consumer
CUST-000772,Maria,Lee,maria.lee755@example.com,+1-622-540-7920,2024-08-22 03:39:19,Spain,South,Corporate
CUST-000773,Valentina,Garcia,valentina.garcia431@example.com,+1-816-946-9973,2023-12-22 11:53:50,Brazil,North,Corporate
CUST-000774,Carlos,Martin,carlos.martin4@example.com,+1-610-404-6006,2022-10-06 11:25:20,Uk,North,Consumer
CUST-000775,David,Perez,david.perez868@example.com,+1-808-902-7722,2022-09-24 11:37:44,Brazil,West,Home Office
CUST-000776,Sofia,Wilson,sofia.wilson704@example.com,+1-807-535-5616,2022-12-22 07:13:59,Usa,West,Consumer
CUST-000777,Lucia,Moore,lucia.moore22@example.com,+1-223-771-4747,2023-04-05 03:14:22,Brazil,South,Consumer
CUST-000778,Carlos,Smith,carlos.smith633@example.com,+1-639-814-5262,2024-04-01 05:26:02,Usa,East,Consumer
CUST-000779,Camila,Lopez,camila.lopez736@example.com,+1-738-645-8433,2022-01-29 17:59:29,Usa,South,Corporate
CUST-000780,Emma,Wilson,emma.wilson765@example.com,+1-706-591-3133,2023-08-13 15:42:12,Spain,South,Corporate
CUST-000781,Pedro,Davis,pedro.davis185@example.com,+1-618-349-1471,2024-05-06 10:33:56,Mexico,South,Corporate
CUST-000782,David,Taylor,david.taylor88@example.com,+1-210-680-3182,2024-07-27 11:46:08,Germany,West,Corporate
CUST-000783,Lucia,Jackson,lucia.jackson75@example.com,+1-297-770-1962,2023-06-09 01:53:50,Mexico,South,Consumer
CUST-000784,James,Harris,james.harris6@example.com,+1-459-716-7241,2022-04-04 11:00:50,Brazil,East,Consumer
CUST-000785,Sebastian,Smith,sebastian.smith267@example.com,+1-373-715-9074,2023-01-03 12:20:56,Brazil,South,Consumer
CUST-000786,Valentina,Jackson,valentina.jackson267@example.com,+1-319-520-1723,2022-10-18 04:39:20,Brazil,East,Corporate
CUST-000787,Diego,Anderson,diego.anderson628@example.com,+1-979-470-9470,2023-06-24 11:23:46,Brazil,South,Consumer
CUST-000788,Mateo,Martinez,mateo.martinez55@example.com,+1-393-352-1894,2024-06-20 08:22:08,Canada,North,Consumer
CUST-000789,Carlos,Martin,carlos.martin119@example.com,+1-706-241-8233,2024-06-12 12:58:49,Germany,Central,Consumer
CUST-000790,Mateo,Lopez,mateo.lopez127@example.com,+1-557-295-4337,2022-10-31 10:20:39,Canada,South,Corporate
CUST-000791,Laura,White,laura.white598@example.com,+1-204-738-3958,2023-03-11 15:09:40,Usa,South,Corporate
CUST-000792,John,Thomas,john.thomas292@example.com,+1-897-896-2998,2022-02-23 14:21:04,Mexico,Central,Home Office
CUST-000793,John,Thomas,john.thomas30@example.com,+1-283-671-8861,2022-11-11 16:31:53,Germany,East,Consumer
CUST-000794,Ana,Thomas,ana.thomas672@example.com,+1-837-663-6323,2022-03-31 20:43:20,Canada,South,Home Office
CUST-000795,Pedro,Thomas,pedro.thomas762@example.com,+1-272-760-7248,2022-04-24 03:22:10,Brazil,East,Consumer
CUST-000796,Lucia,Garcia,lucia.garcia873@example.com,+1-413-366-7365,2022-02-12 14:39:02,Mexico,South,Consumer
CUST-000797,Mateo,Jackson,mateo.jackson926@example.com,+1-901-817-3151,2023-09-28 13:04:20,Germany,North,Corporate
CUST-000798,Valentina,Davis,valentina.davis457@example.com,+1-597-687-5398,2024-09-29 20:30:01,Uk,West,Consumer
CUST-000799,Diego,Taylor,diego.taylor445@example.com,+1-845-636-2522,2023-01-17 01:28:20,Uk,East,Home Office
CUST-000800,David, Martinez  ,david.martinez540@example.com,+1-844-862-9596,2024-10-11 03:03:26,Mexico,West,Consumer
CUST-000801,Mateo,Anderson,mateo.anderson131@example.com,+1-900-507-5073,2022-11-01 19:02:42,Brazil,East,Consumer
CUST-000802,Sebastian,Garcia,sebastian.garcia526@example.com,+1-310-722-7961,2022-04-03 15:02:15,Usa,West,Corporate
CUST-000803,Camila,Wilson,camila.wilson261@example.com,+1-799-283-9248,2023-12-29 00:35:32,Usa,West,Consumer
CUST-000804,Carlos, Moore  ,carlos.moore86@example.com,+1-626-921-5876,2022-04-03 11:25:49,Uk,West,Corporate
CUST-000805,Olivia,Harris,olivia.harris350@example.com,+1-391-416-4032,2023-06-27 02:50:52,Germany,Central,Consumer
CUST-000806,John,Jackson,john.jackson19@example.com,+1-205-604-2911,2024-12-30 00:29:03,Canada,West,Consumer
CUST-000807,Lucia,Harris,lucia.harris311@example.com,+1-833-831-6910,2024-09-23 14:22:53,Spain,East,Consumer
CUST-000808,Sofia,Gomez,sofia.gomez115@example.com,+1-216-912-4083,2023-01-26 00:58:34,Canada,West,Corporate
CUST-000809,David,Jackson,david.jackson89@example.com,+1-508-988-8592,2023-01-26 05:23:40,Brazil,West,Consumer
CUST-000810,Carlos,Martinez,carlos.martinez987@example.com,,2024-06-30 16:21:58,Uk,South,Consumer
CUST-000811,Camila,Moore,camila.moore342@example.com,+1-208-305-8074,2022-04-15 15:08:04,Spain,West,Corporate
CUST-000812,Andres,Thompson,andres.thompson38@example.com,+1-699-609-8964,2023-08-19 18:41:26,Uk,Unknown,Home Office
CUST-000813,Mateo,Rodriguez,mateo.rodriguez541@example.com,+1-219-632-6174,2022-05-05 20:08:36,Usa,East,Home Office
CUST-000814,Diego,Lee,diego.lee507@example.com,+1-837-861-6681,2022-08-28 16:19:22,Germany,West,Consumer
CUST-000815,Pedro,Davis,pedro.davis353@example.com,+1-648-437-9317,2024-08-19 07:59:56,Uk,East,Home Office
CUST-000816,Olivia,Martinez,olivia.martinez741@example.com,+1-928-599-7829,2023-08-24 23:45:24,Germany,East,Corporate
CUST-000817,Carlos,Harris,carlos.harris290@example.com,+1-907-967-2412,2023-03-01 17:34:53,Canada,South,Consumer
CUST-000818,Andres,Lee,andres.lee813@example.com,+1-625-705-5975,2022-07-26 08:32:45,Canada,Central,Consumer
CUST-000819,Ana,Taylor,ana.taylor366@example.com,+1-893-362-3862,2023-06-19 18:19:51,Usa,North,Consumer
CUST-000820,John,Harris,john.harris124@example.com,+1-775-429-8968,2023-04-10 09:23:13,Mexico,East,Corporate
CUST-000821,Sebastian,Wilson,sebastian.wilson874@example.com,+1-906-727-2706,2022-11-06 01:50:08,Brazil,West,Home Office
CUST-000822,John,Lopez,john.lopez844@example.com,+1-775-242-9311,2022-07-28 03:50:16,Canada,North,Home Office
CUST-000823,James,Brown,james.brown726@example.com,+1-652-980-9288,2023-08-22 18:08:45,Germany,North,Consumer
CUST-000824,James,Thomas,james.thomas126@example.com,+1-406-649-7811,2022-10-10 00:14:23,Canada,West,Consumer
CUST-000825,Valentina,Brown,valentina.brown273@example.com,+1-581-932-7799,2022-06-24 13:07:50,Germany,South,Consumer
CUST-000826,Valentina,Jackson,valentina.jackson142@example.com,+1-639-623-7706,2023-04-13 16:42:09,Spain,Central,Corporate
CUST-000827,James,Gomez,james.gomez150@example.com,+1-988-210-9476,2024-06-25 02:32:00,Usa,East,Consumer
CUST-000828,Carlos,Jackson,carlos.jackson403@example.com,+1-977-237-3473,2022-05-06 20:55:08,Usa,Central,Home Office
CUST-000829,Diego,Moore,diego.moore739@example.com,+1-960-521-6638,2023-09-16 00:17:15,Spain,East,Home Office
CUST-000830,Andres,Martinez,andres.martinez457@example.com,+1-859-410-9919,2024-04-07 22:43:56,Spain,Central,Corporate
CUST-000831,James,Moore,james.moore903@example.com,+1-508-286-1605,2023-02-09 19:34:02,Mexico,West,Corporate
CUST-000832,Sofia,Perez,sofia.perez219@example.com,+1-295-723-6115,2023-08-05 18:58:52,Mexico,South,Consumer
CUST-000833,Sebastian, White  ,,+1-992-511-7926,2023-06-14 18:23:47,Usa,North,Corporate
CUST-000834,Laura,Perez,laura.perez127@example.com,+1-248-974-3043,2023-12-27 16:20:16,Mexico,Unknown,Corporate
CUST-000835,Olivia,Thomas,olivia.thomas825@example.com,+1-963-795-9737,2023-04-29 21:40:59,Canada,East,Consumer
CUST-000836,Camila,Martinez,camila.martinez533@example.com,+1-955-453-2724,2024-02-13 11:56:11,Uk,Central,Consumer
CUST-000837,James,Martin,james.martin151@example.com,+1-928-635-7751,2022-07-20 02:59:00,Usa,North,Consumer
CUST-000838,Sofia,Lee,sofia.lee457@example.com,+1-279-578-9622,2023-03-16 14:39:49,Uk,Central,Consumer
CUST-000839,Lucia,Wilson,lucia.wilson652@example.com,+1-633-650-9020,2024-10-18 15:10:46,Spain,South,Consumer
CUST-000840,Sofia,Lee,sofia.lee133@example.com,+1-921-725-9669,2024-07-26 04:17:54,Germany,South,Consumer
CUST-000841,Luis,Brown,luis.brown944@example.com,+1-321-816-7694,2024-01-27 04:01:01,Usa,East,Consumer
CUST-000842,Luis,Perez,luis.perez121@example.com,+1-580-512-7135,2022-11-10 11:02:28,Mexico,West,Consumer
CUST-000843,Sofia,Martinez,sofia.martinez50@example.com,+1-512-490-4532,2024-05-13 06:39:56,Spain,West,Consumer
CUST-000844,Sebastian,Taylor,sebastian.taylor892@example.com,+1-245-627-8883,2022-05-19 20:51:52,Mexico,Central,Consumer
CUST-000845,Marta,Moore,marta.moore855@example.com,+1-937-820-3175,2024-08-31 05:02:36,Uk,West,Corporate
CUST-000846,Olivia,Martinez,olivia.martinez92@example.com,+1-839-880-7711,2023-10-29 14:05:55,Canada,West,Consumer
CUST-000847,Luis,Martin,luis.martin662@example.com,+1-290-369-1406,2023-07-23 20:49:32,Germany,East,Consumer
CUST-000848,John,Thompson,john.thompson198@example.com,+1-833-754-1866,2022-06-24 20:45:43,Uk,South,Corporate
CUST-000849,Valentina,Gomez,valentina.gomez675@example.com,+1-744-384-1310,2022-09-04 10:00:39,Spain,South,Consumer
CUST-000850,Camila,Martin,camila.martin827@example.com,+1-746-821-6249,2022-06-23 14:37:44,Uk,North,Consumer
CUST-000851,Ana,Thomas,ana.thomas185@example.com,+1-624-224-9649,2024-06-14 11:33:19,Brazil,East,Consumer
CUST-000852,John,Thompson,john.thompson293@example.com,+1-347-387-5187,2022-12-11 03:15:47,Canada,East,Home Office
CUST-000853,Carlos,Smith,carlos.smith186@example.com,+1-227-930-1958,2023-10-29 10:51:02,Brazil,North,Consumer
CUST-000854,Diego,Thomas,diego.thomas385@example.com,+1-323-253-4318,2023-06-13 08:43:27,Spain,Central,Consumer
CUST-000855,Mateo,Perez,mateo.perez395@example.com,,2024-10-30 11:35:24,Brazil,Central,Consumer
CUST-000856,Mateo,Gomez,mateo.gomez649@example.com,+1-439-219-5409,2024-04-14 20:10:23,Uk,North,Consumer
CUST-000857,Sebastian,Martinez,sebastian.martinez582@example.com,+1-616-656-2374,2023-09-16 23:08:55,Uk,South,Corporate
CUST-000858,Sofia,Taylor,sofia.taylor801@example.com,+1-451-750-7942,2022-12-11 20:12:44,Brazil,North,Consumer
CUST-000859,Olivia,Harris,olivia.harris669@example.com,+1-371-200-1985,2023-08-16 17:33:21,Mexico,Unknown,Consumer
CUST-000860,Lucia,Taylor,lucia.taylor600@example.com,+1-722-488-1745,2023-03-12 05:52:37,Germany,Central,Consumer
CUST-000861,Pedro,Garcia,pedro.garcia716@example.com,+1-325-343-5578,2024-03-20 15:43:38,Canada,Central,Consumer
CUST-000862,Marta,Thomas,marta.thomas771@example.com,+1-924-663-5473,2023-06-20 08:57:14,Germany,East,Consumer
CUST-000863,Olivia,Harris,olivia.harris17@example.com,+1-908-336-1033,2023-11-04 22:09:54,Brazil,North,Home Office
CUST-000864,Carlos,Jackson,carlos.jackson781@example.com,+1-602-751-2329,2024-09-28 23:37:58,Germany,North,Consumer
CUST-000865,Olivia,Lopez,olivia.lopez996@example.com,+1-585-815-6864,2023-12-24 14:04:52,Canada,North,Consumer
CUST-000866,James, Davis  ,james.davis10@example.com,,2024-06-29 10:14:08,Germany,East,Consumer
CUST-000867,Andres,Anderson,andres.anderson240@example.com,+1-705-571-1602,2023-03-29 10:13:19,Brazil,Central,Consumer
CUST-000868,Emma,Moore,emma.moore891@example.com,+1-484-782-9197,2022-08-16 17:59:11,Canada,Central,Consumer
CUST-000869,Camila,Harris,camila.harris67@example.com,+1-802-331-2065,2022-12-26 04:38:22,Mexico,Central,Home Office
CUST-000870,Valentina,Wilson,valentina.wilson869@example.com,+1-894-223-9731,2023-01-28 22:22:18,Mexico,Central,Home Office
CUST-000871,Ana,Jackson,ana.jackson875@example.com,,2022-04-17 09:58:38,Usa,Central,Consumer
CUST-000872,James,Perez,james.perez906@example.com,+1-938-429-1769,2022-03-31 10:07:09,Brazil,Central,Consumer
CUST-000873,Ana,Moore,ana.moore343@example.com,,2023-02-03 08:12:53,Germany,West,Home Office
CUST-000874,David,Davis,david.davis338@example.com,+1-518-264-2584,2022-12-03 01:00:53,Brazil,West,Corporate
CUST-000875,Camila,Thomas,camila.thomas254@example.com,+1-310-684-4905,2023-05-28 12:24:29,Spain,North,Corporate
CUST-000876,Valentina,Rodriguez,valentina.rodriguez795@example.com,+1-814-834-8184,2022-05-30 03:28:59,Germany,West,Consumer
CUST-000877,Maria,Smith,maria.smith387@example.com,+1-520-910-2065,2022-03-10 04:38:36,Usa,West,Consumer
CUST-000878,Andres,Jackson,andres.jackson105@example.com,+1-893-257-1855,2022-05-15 10:44:15,Spain,West,Consumer
CUST-000879,Andres,Jackson,andres.jackson886@example.com,+1-813-875-1173,2023-04-23 16:30:29,Brazil,West,Corporate
CUST-000880,Andres,Harris,andres.harris348@example.com,+1-866-891-1425,2022-07-27 16:31:56,Uk,East,Consumer
CUST-000881,John,Lopez,john.lopez610@example.com,+1-930-269-4172,2022-01-26 20:52:12,Canada,Central,Consumer
CUST-000882,Diego,Lee,diego.lee191@example.com,+1-448-340-1722,2024-06-29 02:12:08,Canada,East,Consumer
CUST-000883,Valentina, Taylor  ,valentina.taylor598@example.com,+1-754-994-3385,2023-09-30 05:22:01,Brazil,East,Corporate
CUST-000884,Pedro,Taylor,pedro.taylor531@example.com,+1-800-873-3369,2022-01-17 02:05:12,Canada,Central,Corporate
CUST-000885,Sebastian,Smith,sebastian.smith353@example.com,+1-400-405-4297,2024-05-14 02:29:25,Mexico,South,Corporate
CUST-000886,Olivia,Harris,olivia.harris873@example.com,+1-792-779-6499,2023-11-10 22:25:53,Mexico,West,Consumer
CUST-000887,John,Martin,john.martin508@example.com,+1-424-203-4654,2022-03-28 08:23:02,Brazil,Central,Consumer
CUST-000888,Mateo,Thomas,mateo.thomas211@example.com,+1-609-388-1110,2024-02-09 13:12:35,Usa,North,Consumer
CUST-000889,Sebastian,Lopez,sebastian.lopez298@example.com,+1-650-399-6896,2022-10-19 01:35:54,Usa,South,Consumer
CUST-000890,Carlos,Rodriguez,carlos.rodriguez737@example.com,+1-378-547-5029,2023-06-21 06:30:01,Canada,North,Consumer
CUST-000891,Laura, Lopez  ,laura.lopez852@example.com,+1-893-340-7208,2022-02-12 23:50:35,Spain,North,Consumer
CUST-000892,Emma,Anderson,emma.anderson246@example.com,+1-578-581-3807,2024-07-23 19:11:05,Spain,Central,Home Office
CUST-000893,Maria,Lopez,maria.lopez904@example.com,+1-333-394-4140,2022-10-23 19:23:23,Brazil,East,Consumer
CUST-000894,Diego,Rodriguez,diego.rodriguez782@example.com,+1-830-801-4098,2022-04-05 19:29:44,Mexico,South,Consumer
CUST-000895,Luis,Wilson,luis.wilson872@example.com,+1-720-798-9011,2022-09-16 07:37:05,Germany,North,Corporate
CUST-000896,Andres,Garcia,andres.garcia521@example.com,+1-597-969-9342,2022-12-09 13:37:35,Brazil,Central,Consumer
CUST-000897,Marta,Taylor,marta.taylor712@example.com,+1-694-932-9106,2024-12-12 17:14:56,Mexico,Central,Consumer
CUST-000898,Camila,Smith,camila.smith225@example.com,+1-407-662-4840,2023-03-01 14:24:51,Canada,East,Consumer
CUST-000899,Lucia,White,lucia.white958@example.com,+1-583-460-2388,2022-11-18 04:53:26,Spain,North,Consumer
CUST-000900,Valentina,Taylor,valentina.taylor598@example.com,+1-242-676-9392,2023-04-17 22:36:52,Mexico,West,Consumer
CUST-000901,Diego,Jackson,diego.jackson824@example.com,+1-709-524-5473,2024-01-23 13:55:18,Usa,South,Consumer
CUST-000902,Laura,Garcia,laura.garcia924@example.com,+1-284-501-9220,2024-01-06 18:40:12,Uk,North,Corporate
CUST-000903,David,Lopez,david.lopez74@example.com,+1-568-239-9946,2022-08-31 07:17:34,Mexico,South,Corporate
CUST-000904,Laura,Anderson,laura.anderson196@example.com,+1-922-818-3258,2023-07-17 19:46:28,Mexico,North,Corporate
CUST-000905,Pedro,Taylor,pedro.taylor969@example.com,+1-615-793-1194,2024-04-07 17:11:06,Germany,Central,Home Office
CUST-000906,Sofia,Moore,sofia.moore233@example.com,+1-940-967-4438,2023-04-12 17:16:25,Canada,Central,Consumer
CUST-000907,Sebastian,Martin,sebastian.martin349@example.com,+1-287-520-4077,2024-08-02 15:36:42,Spain,West,Consumer
CUST-000908,Olivia,Thompson,,+1-342-791-3102,2022-03-03 11:07:31,Germany,North,Consumer
CUST-000909,James,Thomas,james.thomas430@example.com,+1-635-902-7608,2023-04-07 19:34:24,Mexico,East,Consumer
CUST-000910,Camila,Smith,camila.smith158@example.com,+1-538-781-7404,2022-10-12 13:53:00,Canada,West,Consumer
CUST-000911,Lucia,Davis,lucia.davis112@example.com,+1-536-783-8397,2024-08-30 23:15:55,Mexico,North,Consumer
CUST-000912,Sebastian,Brown,sebastian.brown847@example.com,+1-905-817-9005,2022-03-07 00:58:37,Canada,South,Consumer
CUST-000913,Lucia,Anderson,lucia.anderson239@example.com,+1-498-875-9591,2023-02-26 02:32:52,Brazil,North,Consumer
CUST-000914,Ana,Brown,ana.brown881@example.com,+1-620-600-3572,2023-11-01 04:01:55,Canada,Central,Consumer
CUST-000915,Maria,Moore,maria.moore134@example.com,+1-410-517-8081,2023-02-27 17:17:10,Canada,Central,Consumer
CUST-000916,Pedro,White,pedro.white515@example.com,+1-933-901-8519,2023-02-20 10:01:42,Canada,North,Home Office
CUST-000917,Olivia,Garcia,olivia.garcia620@example.com,+1-452-738-6388,2024-03-28 20:43:29,Brazil,West,Consumer
CUST-000918,Luis,Garcia,luis.garcia662@example.com,+1-667-555-5873,2023-08-13 14:14:20,Uk,South,Consumer
CUST-000919,Carlos,Harris,carlos.harris469@example.com,+1-593-874-4005,2024-06-03 20:42:09,Usa,West,Corporate
CUST-000920,Luis,Rodriguez,luis.rodriguez281@example.com,+1-843-750-5782,2022-11-20 02:25:48,Germany,South,Home Office
CUST-000921,Diego,Thompson,diego.thompson378@example.com,+1-278-973-2723,2022-09-06 18:21:52,Spain,East,Consumer
CUST-000922,Carlos,Wilson,carlos.wilson519@example.com,+1-245-673-1437,2023-03-01 02:39:53,Germany,West,Consumer
CUST-000923,Lucia,Davis,lucia.davis39@example.com,+1-210-456-2878,2024-03-23 04:58:08,Mexico,West,Consumer
CUST-000924,Maria,Garcia,maria.garcia731@example.com,+1-648-343-8713,2023-05-12 10:09:47,Spain,South,Consumer
CUST-000925,Ana,Harris,ana.harris182@example.com,+1-501-327-9759,2022-07-25 14:13:49,Canada,North,Corporate
CUST-000926,Ana,Wilson,ana.wilson452@example.com,+1-566-382-4549,2022-11-11 01:15:14,Germany,Unknown,Consumer
CUST-000927,Luis,Perez,luis.perez400@example.com,+1-906-515-8274,2022-07-30 01:54:30,Uk,North,Consumer
CUST-000928,Lucia,Davis,lucia.davis384@example.com,+1-444-404-2497,2023-05-27 00:35:02,Brazil,North,Home Office
CUST-000929,Marta,Davis,marta.davis226@example.com,+1-298-880-3750,2022-05-10 06:04:55,Usa,West,Consumer
CUST-000930,Marta,Thomas,marta.thomas640@example.com,+1-412-754-7472,2023-01-24 15:34:43,Usa,South,Consumer
CUST-000931,James,Thomas,james.thomas16@example.com,+1-611-869-6181,2022-12-22 00:26:10,Brazil,South,Consumer
CUST-000932,Maria, Wilson  ,maria.wilson45@example.com,+1-268-423-7735,2024-01-26 10:58:42,Spain,Central,Consumer
CUST-000933,John,Thompson,john.thompson258@example.com,+1-297-814-6314,2022-12-18 22:58:09,Germany,West,Corporate
CUST-000934,Sofia,Thomas,sofia.thomas651@example.com,+1-979-904-6209,2022-12-26 17:33:13,Usa,East,Consumer
CUST-000935,Camila, Martin  ,camila.martin524@example.com,+1-855-959-4808,2024-02-23 18:19:44,Uk,North,Consumer
CUST-000936,Andres,Lopez,andres.lopez243@example.com,+1-955-638-4990,2023-09-25 22:33:53,Usa,North,Consumer
CUST-000937,Mateo,Anderson,mateo.anderson156@example.com,+1-584-409-1621,2023-02-18 08:40:03,Germany,Central,Home Office
CUST-000938,Olivia,Thomas,olivia.thomas285@example.com,+1-525-859-1648,2022-10-02 18:57:51,Spain,West,Corporate
CUST-000939,Pedro,Gomez,,+1-950-539-6615,2023-04-15 08:49:12,Canada,Central,Consumer
CUST-000940,David,Rodriguez,david.rodriguez534@example.com,+1-529-387-8247,2024-02-21 22:55:46,Usa,North,Home Office
CUST-000941,Maria,Davis,maria.davis650@example.com,,2022-04-17 03:20:27,Canada,Central,Consumer
CUST-000942,Emma,Rodriguez,emma.rodriguez81@example.com,+1-636-942-8652,2024-11-05 11:20:24,Canada,South,Consumer
CUST-000943,Carlos,Harris,carlos.harris311@example.com,+1-492-790-8344,2023-05-25 23:08:29,Canada,East,Home Office
CUST-000944,Mateo,Garcia,mateo.garcia408@example.com,+1-586-371-8712,2024-01-07 16:04:12,Brazil,Central,Corporate
CUST-000945,Diego,Martinez,diego.martinez21@example.com,+1-980-590-8002,2024-09-14 03:01:49,Spain,East,Consumer
CUST-000946,Sofia,Thompson,sofia.thompson264@example.com,+1-589-674-6011,2022-12-26 16:30:54,Mexico,West,Consumer
CUST-000947,Mateo,Garcia,mateo.garcia140@example.com,+1-932-680-4206,2023-11-14 05:38:00,Canada,North,Consumer
CUST-000948,Valentina,Taylor,valentina.taylor415@example.com,+1-625-604-7113,2024-10-03 13:58:56,Brazil,East,Corporate
CUST-000949,Camila,Garcia,camila.garcia907@example.com,+1-239-327-7304,2024-04-17 20:35:35,Canada,South,Corporate
CUST-000950,Laura,Taylor,laura.taylor727@example.com,+1-700-850-7032,2024-11-09 02:06:03,Germany,West,Home Office
CUST-000951,David,Rodriguez,david.rodriguez36@example.com,+1-570-846-1462,2024-09-05 23:29:45,Canada,East,Corporate
CUST-000952,Sofia,Wilson,sofia.wilson617@example.com,+1-792-878-3644,2023-05-22 00:26:57,Usa,North,Corporate
CUST-000953,Lucia,Moore,lucia.moore531@example.com,+1-393-633-3716,2022-06-14 15:32:30,Mexico,East,Consumer
CUST-000954,Sebastian,Moore,sebastian.moore752@example.com,+1-621-970-2456,2023-09-23 03:58:42,Germany,Central,Corporate
CUST-000955,James,Martinez,james.martinez767@example.com,+1-414-966-7520,2023-07-05 11:13:03,Usa,South,Corporate
CUST-000956,Ana,Lopez,ana.lopez793@example.com,+1-913-627-9600,2022-05-24 15:10:36,Germany,East,Corporate
CUST-000957,Carlos,Brown,carlos.brown191@example.com,+1-920-337-4244,2024-02-07 17:42:42,Canada,Central,Home Office
CUST-000958,Olivia,White,olivia.white191@example.com,+1-405-260-3993,2023-03-12 06:59:10,Mexico,West,Consumer
CUST-000959,Andres,Lopez,andres.lopez82@example.com,+1-500-287-7188,2022-12-07 04:32:22,Mexico,North,Consumer
CUST-000960,Camila,Rodriguez,camila.rodriguez497@example.com,+1-888-978-2651,2024-09-05 00:20:46,Usa,East,Corporate
CUST-000961,Ana,White,ana.white100@example.com,+1-416-734-1118,2022-03-27 13:40:39,Uk,Central,Home Office
CUST-000962,Laura,Lee,laura.lee776@example.com,+1-545-818-8036,2024-08-27 12:15:12,Mexico,East,Home Office
CUST-000963,David,Taylor,david.taylor388@example.com,+1-825-258-6833,2024-03-27 12:01:27,Spain,North,Consumer
CUST-000964,Lucia,Martinez,lucia.martinez617@example.com,+1-325-743-5578,2022-02-22 09:02:56,Mexico,West,Corporate
CUST-000965,Mateo,Perez,mateo.perez677@example.com,+1-392-203-6278,2024-04-26 00:36:19,Germany,East,Home Office
CUST-000966,Marta,Martin,marta.martin622@example.com,+1-696-609-2333,2023-04-24 12:40:56,Brazil,West,Home Office
CUST-000967,John,Moore,john.moore622@example.com,+1-399-929-3345,2023-08-25 18:56:04,Uk,Central,Consumer
CUST-000968,Mateo,Garcia,mateo.garcia853@example.com,+1-889-761-8648,2023-09-10 06:07:07,Brazil,North,Consumer
CUST-000969,Sebastian,Rodriguez,sebastian.rodriguez217@example.com,+1-374-971-2465,2023-05-14 03:50:24,Brazil,North,Consumer
CUST-000970,Marta,Moore,marta.moore226@example.com,+1-936-463-8803,2023-07-29 04:28:54,Germany,South,Home Office
CUST-000971,Mateo,Garcia,mateo.garcia893@example.com,+1-429-789-2059,2023-11-13 23:26:48,Mexico,West,Home Office
CUST-000972,Lucia,Thompson,lucia.thompson828@example.com,+1-438-428-5244,2024-06-13 04:12:43,Mexico,North,Consumer
CUST-000973,Marta,White,marta.white763@example.com,+1-318-786-7025,2023-01-21 04:38:20,Spain,East,Home Office
CUST-000974,Camila,Gomez,camila.gomez64@example.com,+1-804-748-4110,2023-09-29 14:07:55,Brazil,East,Corporate
CUST-000975,Sofia,Perez,sofia.perez110@example.com,+1-604-209-9819,2023-03-31 16:46:12,Mexico,South,Corporate
CUST-000976,Pedro,Rodriguez,pedro.rodriguez697@example.com,+1-666-350-5643,2024-10-20 05:18:39,Germany,North,Consumer
CUST-000977,Pedro,Perez,pedro.perez281@example.com,+1-923-787-8836,2022-09-10 22:58:36,Spain,South,Consumer
CUST-000978,Lucia,Smith,lucia.smith157@example.com,+1-933-415-4687,2023-11-14 01:54:49,Spain,South,Home Office
CUST-000979,Lucia,Anderson,lucia.anderson23@example.com,+1-761-601-6528,2022-11-23 15:22:49,Germany,West,Home Office
CUST-000980,Lucia,Moore,lucia.moore541@example.com,+1-944-489-5626,2022-05-28 07:06:11,Germany,Central,Consumer
CUST-000981,Sofia,Thomas,sofia.thomas871@example.com,+1-926-511-8496,2022-04-21 23:50:04,Canada,Central,Consumer
CUST-000982,Mateo,Anderson,mateo.anderson215@example.com,+1-423-966-4205,2022-10-24 23:42:39,Usa,East,Corporate
CUST-000983,Camila,Lopez,camila.lopez386@example.com,+1-637-895-3756,2022-10-30 02:03:03,Usa,East,Home Office
CUST-000984,Carlos,Smith,carlos.smith528@example.com,+1-865-546-8107,2022-08-29 05:24:33,Germany,West,Consumer
CUST-000985,John,Rodriguez,john.rodriguez501@example.com,+1-509-904-3826,2024-03-23 23:46:03,Germany,West,Corporate
CUST-000986,Maria,Martin,maria.martin282@example.com,+1-847-868-8292,2024-02-22 13:22:25,Usa,North,Consumer
CUST-000987,John, Lee  ,john.lee231@example.com,+1-223-800-8856,2024-11-09 09:57:57,Germany,North,Corporate
CUST-000988,Carlos,Moore,carlos.moore661@example.com,,2024-09-18 20:48:17,Canada,North,Consumer
CUST-000989,Sebastian,Brown,sebastian.brown833@example.com,+1-917-220-7451,2024-04-10 20:14:43,Spain,Central,Corporate
CUST-000990,Valentina,Lee,valentina.lee532@example.com,+1-798-751-3033,2022-05-11 07:33:12,Germany,North,Consumer
CUST-000991,Andres,Brown,andres.brown569@example.com,+1-657-521-3015,2022-01-11 01:25:30,Canada,Central,Consumer
CUST-000992,Carlos,Garcia,carlos.garcia872@example.com,+1-971-235-2386,2023-06-10 04:32:26,Uk,East,Consumer
CUST-000993,Sebastian,Brown,sebastian.brown968@example.com,+1-873-200-5068,2024-05-16 10:56:40,Usa,Central,Home Office
CUST-000994,Pedro,Thompson,pedro.thompson144@example.com,+1-790-702-6127,2024-06-30 19:01:46,Mexico,Central,Consumer
CUST-000995,Emma,Lopez,emma.lopez243@example.com,+1-237-392-3321,2022-04-02 10:54:43,Spain,South,Home Office
CUST-000996,Andres,Thompson,andres.thompson606@example.com,+1-567-484-3105,2023-03-19 22:39:27,Brazil,North,Consumer
CUST-000997,Laura,Moore,laura.moore410@example.com,+1-667-285-5164,2022-12-01 15:29:10,Germany,South,Consumer
CUST-000998,Maria,Wilson,maria.wilson732@example.com,+1-581-777-9379,2023-01-30 22:01:31,Canada,West,Corporate
CUST-000999,Marta,Jackson,marta.jackson27@example.com,+1-818-453-2270,2024-02-16 09:50:05,Usa,Central,Consumer
CUST-001000,Sebastian,Jackson,sebastian.jackson338@example.com,+1-855-291-6944,2022-05-16 12:08:34,Spain,East,Consumer
CUST-001001,David,Wilson,david.wilson101@example.com,+1-586-427-7203,2022-01-21 03:49:22,Spain,North,Consumer
CUST-001002,Pedro,White,pedro.white98@example.com,+1-741-557-5620,2024-09-29 20:04:51,Mexico,Central,Consumer
CUST-001003,Luis,Brown,luis.brown970@example.com,+1-969-598-3960,2023-10-14 12:34:02,Spain,Central,Consumer
CUST-001004,Lucia,Lee,lucia.lee266@example.com,+1-209-903-9414,2022-09-19 05:39:40,Germany,South,Consumer
CUST-001005,Camila,Wilson,camila.wilson941@example.com,+1-942-854-7064,2022-04-19 09:04:11,Germany,Central,Consumer
CUST-001006,Olivia,Brown,olivia.brown363@example.com,+1-679-714-5699,2024-06-17 10:02:32,Brazil,Central,Home Office
CUST-001007,David, Anderson  ,david.anderson971@example.com,+1-512-616-6123,2022-06-28 03:16:54,Germany,North,Consumer
CUST-001008,David,Garcia,,+1-258-286-5683,2022-12-05 20:10:34,Brazil,North,Home Office
CUST-001009,Diego,Perez,diego.perez492@example.com,+1-709-727-9722,2022-10-07 04:32:23,Brazil,North,Corporate
CUST-001010,Ana,Jackson,ana.jackson768@example.com,+1-553-450-9652,2024-12-30 22:10:48,Usa,Central,Consumer
CUST-001011,Carlos,Perez,carlos.perez180@example.com,+1-276-575-3184,2023-04-06 18:42:09,Mexico,North,Consumer
CUST-001012,Lucia,Brown,lucia.brown994@example.com,+1-315-546-5092,2024-02-04 19:37:43,Spain,North,Consumer
CUST-001013,Mateo,Anderson,mateo.anderson219@example.com,+1-202-955-7449,2023-06-27 07:55:03,Mexico,Central,Corporate
CUST-001014,Luis,Martin,luis.martin59@example.com,+1-564-206-8542,2024-09-26 11:57:43,Mexico,East,Consumer
CUST-001015,James,Brown,james.brown364@example.com,+1-209-303-8058,2024-04-03 17:54:53,Canada,North,Consumer
CUST-001016,Sofia,Jackson,sofia.jackson936@example.com,+1-699-207-3549,2022-09-11 23:54:26,Mexico,South,Consumer
CUST-001017,James,Anderson,james.anderson439@example.com,+1-386-749-5415,2024-01-17 03:57:26,Brazil,West,Consumer
CUST-001018,James,Jackson,james.jackson368@example.com,+1-926-403-2813,2022-01-12 06:54:06,Mexico,North,Consumer
CUST-001019,Diego,Thomas,diego.thomas165@example.com,+1-882-403-8852,2022-03-06 09:40:38,Usa,West,Consumer
CUST-001020,Mateo,Martinez,mateo.martinez770@example.com,+1-982-999-7551,2023-10-28 18:16:19,Germany,West,Consumer
CUST-001021,John,Gomez,john.gomez160@example.com,+1-552-712-1223,2022-09-16 08:36:39,Usa,East,Consumer
CUST-001022,Andres,Gomez,andres.gomez492@example.com,+1-496-488-8961,2024-06-08 03:00:28,Spain,West,Consumer
CUST-001023,Sofia,Perez,sofia.perez256@example.com,+1-487-985-2884,2023-01-18 09:35:41,Germany,South,Corporate
CUST-001024,Diego,Davis,diego.davis724@example.com,,2024-08-28 22:14:58,Canada,South,Home Office
CUST-001025,Camila,Martinez,camila.martinez124@example.com,+1-335-610-1628,2023-04-15 09:58:15,Canada,South,Consumer
CUST-001026,Andres,Davis,andres.davis886@example.com,+1-252-589-7673,2022-07-06 19:06:49,Mexico,South,Consumer
CUST-001027,Diego,Lee,diego.lee523@example.com,+1-637-859-1846,2022-05-06 11:04:43,Usa,East,Consumer
CUST-001028,James,Jackson,james.jackson328@example.com,+1-248-386-1669,2023-05-21 00:01:10,Usa,East,Consumer
CUST-001029,Mateo,Wilson,mateo.wilson442@example.com,+1-389-458-9049,2022-07-26 13:14:15,Mexico,East,Consumer
CUST-001030,Ana,Thompson,ana.thompson340@example.com,+1-569-959-6920,2022-09-24 21:26:29,Uk,Central,Consumer
CUST-001031,Laura,Davis,laura.davis90@example.com,+1-308-333-2971,2024-02-26 01:29:39,Uk,South,Consumer
CUST-001032,Olivia,Lopez,olivia.lopez965@example.com,+1-759-833-6618,2022-06-03 10:58:35,Germany,West,Home Office
CUST-001033,Emma,Thompson,emma.thompson45@example.com,+1-330-396-7851,2022-11-11 20:02:34,Germany,East,Home Office
CUST-001034,Sebastian,Taylor,sebastian.taylor460@example.com,+1-844-934-2923,2024-01-20 15:52:43,Usa,West,Consumer
CUST-001035,Valentina,Gomez,valentina.gomez614@example.com,,2022-12-08 10:32:45,Usa,Central,Consumer
CUST-001036,Emma,Moore,emma.moore702@example.com,+1-745-725-2228,2024-10-10 06:01:34,Brazil,Central,Consumer
CUST-001037,Lucia,Moore,lucia.moore212@example.com,+1-388-203-3621,2023-07-11 20:49:19,Canada,Central,Corporate
CUST-001038,Valentina,Martin,valentina.martin725@example.com,+1-937-737-5240,2024-10-28 11:02:48,Spain,South,Consumer
CUST-001039,Laura,Thompson,laura.thompson176@example.com,+1-429-246-9741,2022-09-01 08:40:23,Mexico,North,Corporate
CUST-001040,Laura,Martinez,laura.martinez895@example.com,+1-252-857-5079,2023-07-08 07:38:41,Uk,North,Consumer
CUST-001041,James,Harris,james.harris333@example.com,+1-285-922-9999,2024-01-26 09:36:48,Germany,South,Consumer
CUST-001042,Andres,Anderson,andres.anderson59@example.com,+1-840-210-6824,2023-10-27 07:59:01,Germany,East,Consumer
CUST-001043,Ana,Thompson,ana.thompson740@example.com,+1-963-904-7258,2022-08-06 23:48:18,Mexico,Central,Consumer
CUST-001044,Olivia,Rodriguez,olivia.rodriguez276@example.com,+1-408-795-7479,2023-10-27 05:40:00,Brazil,South,Corporate
CUST-001045,Diego,Taylor,diego.taylor924@example.com,+1-690-295-9125,2022-10-31 06:36:31,Brazil,South,Corporate
CUST-001046,Carlos,Davis,carlos.davis966@example.com,+1-946-384-5621,2024-10-01 00:45:58,Mexico,South,Home Office
CUST-001047,Lucia,Harris,lucia.harris72@example.com,+1-346-273-7986,2023-01-20 08:55:45,Brazil,West,Consumer
CUST-001048,Valentina,Martinez,valentina.martinez618@example.com,+1-302-586-7291,2022-01-25 00:45:15,Usa,North,Corporate
CUST-001049,Luis,Martinez,luis.martinez789@example.com,+1-285-474-3336,2023-05-24 22:50:32,Uk,North,Corporate
CUST-001050,Ana,Lopez,ana.lopez874@example.com,+1-924-287-4314,2023-11-25 05:04:09,Brazil,Central,Home Office
CUST-001051,Carlos,Anderson,carlos.anderson491@example.com,+1-358-449-1915,2023-11-11 19:47:21,Germany,East,Corporate
CUST-001052,John,Gomez,john.gomez106@example.com,+1-757-503-2680,2022-04-02 18:37:28,Spain,West,Consumer
CUST-001053,David,Gomez,david.gomez438@example.com,+1-594-350-6788,2023-04-10 23:51:39,Mexico,South,Home Office
CUST-001054,Lucia,Lopez,lucia.lopez174@example.com,+1-312-429-2666,2024-10-04 10:15:37,Mexico,North,Corporate
CUST-001055,John,Taylor,john.taylor918@example.com,+1-244-819-3475,2022-06-23 06:28:59,Brazil,Central,Consumer
CUST-001056,Carlos,Jackson,carlos.jackson915@example.com,+1-883-903-5940,2022-11-04 22:44:48,Spain,East,Consumer
CUST-001057,John,Wilson,john.wilson678@example.com,+1-577-471-2251,2024-10-19 00:04:45,Spain,South,Corporate
CUST-001058,Sofia,Thomas,sofia.thomas400@example.com,+1-657-938-8838,2022-10-30 02:27:02,Usa,Central,Consumer
CUST-001059,Laura,Martinez,laura.martinez331@example.com,+1-330-386-7308,2022-07-05 12:50:17,Mexico,West,Consumer
CUST-001060,Diego,Harris,diego.harris142@example.com,+1-869-451-7278,2023-11-14 15:14:34,Uk,West,Consumer
CUST-001061,Mateo,Thompson,mateo.thompson394@example.com,+1-285-794-7911,2023-04-17 19:11:07,Uk,South,Corporate
CUST-001062,David,Taylor,david.taylor209@example.com,+1-217-571-8764,2022-01-06 04:51:50,Usa,North,Home Office
CUST-001063,James,Martinez,james.martinez472@example.com,+1-347-764-7898,2023-08-27 08:49:44,Canada,South,Consumer
CUST-001064,Sofia,Lopez,sofia.lopez387@example.com,+1-950-226-7958,2022-10-21 13:31:57,Usa,North,Corporate
CUST-001065,Maria,Lee,maria.lee31@example.com,+1-350-574-3314,2022-11-20 02:52:33,Canada,North,Consumer
CUST-001066,Diego,Martinez,diego.martinez482@example.com,+1-961-343-9641,2023-01-09 10:54:17,Brazil,West,Corporate
CUST-001067,Olivia,Gomez,olivia.gomez114@example.com,+1-359-261-1526,2023-08-11 21:59:50,Spain,South,Consumer
CUST-001068,Ana,Moore,ana.moore697@example.com,+1-665-767-5227,2024-05-17 20:49:41,Uk,East,Corporate
CUST-001069,Diego,Brown,diego.brown997@example.com,+1-294-734-7185,2023-07-11 04:33:21,Germany,South,Consumer
CUST-001070,Luis,Rodriguez,luis.rodriguez189@example.com,+1-963-772-2264,2024-03-14 17:03:18,Brazil,East,Corporate
CUST-001071,Lucia,Moore,lucia.moore56@example.com,+1-580-862-7950,2022-12-04 07:05:23,Mexico,North,Consumer
CUST-001072,James,Harris,james.harris29@example.com,+1-445-488-3666,2023-11-19 19:43:04,Usa,North,Consumer
CUST-001073,Ana,Anderson,ana.anderson565@example.com,+1-406-853-1530,2023-01-20 08:45:01,Mexico,North,Home Office
CUST-001074,Camila,Smith,camila.smith47@example.com,+1-249-522-2527,2024-09-17 11:14:09,Usa,East,Corporate
CUST-001075,Lucia,Perez,lucia.perez323@example.com,+1-969-600-6830,2023-02-04 04:42:56,Germany,North,Consumer
CUST-001076,Valentina,Lopez,valentina.lopez827@example.com,+1-993-353-1388,2024-10-25 21:22:42,Spain,West,Consumer
CUST-001077,Luis,Anderson,luis.anderson156@example.com,+1-898-674-2290,2022-11-27 22:47:24,Usa,South,Home Office
CUST-001078,Sofia,Brown,sofia.brown529@example.com,+1-946-823-9573,2024-10-24 12:25:49,Brazil,South,Consumer
CUST-001079,James,Harris,,+1-929-992-7350,2024-06-01 08:42:20,Canada,Central,Corporate
CUST-001080,Sofia,White,sofia.white100@example.com,+1-215-346-6071,2024-10-15 19:55:14,Spain,North,Consumer
CUST-001081,Olivia,Thomas,olivia.thomas957@example.com,+1-502-365-2116,2022-12-14 10:11:55,Uk,East,Consumer
CUST-001082,Maria,Brown,maria.brown265@example.com,,2024-08-01 23:40:35,Canada,North,Home Office
CUST-001083,Mateo,Smith,mateo.smith880@example.com,,2024-01-15 22:33:43,Germany,South,Consumer
CUST-001084,Valentina,Harris,valentina.harris383@example.com,+1-285-898-7769,2023-10-05 18:25:14,Brazil,East,Home Office
CUST-001085,Luis,Harris,luis.harris759@example.com,+1-450-916-1130,2022-04-27 05:37:38,Spain,North,Consumer
CUST-001086,Carlos,White,carlos.white875@example.com,+1-274-428-7360,2024-03-28 16:49:51,Germany,North,Consumer
CUST-001087,Olivia,Thompson,olivia.thompson112@example.com,+1-287-384-2775,2024-08-10 14:27:08,Spain,West,Consumer
CUST-001088,Marta,Garcia,marta.garcia351@example.com,+1-818-697-4483,2023-10-12 17:20:19,Usa,East,Consumer
CUST-001089,Sebastian,Martinez,sebastian.martinez150@example.com,+1-855-418-6245,2024-08-20 20:41:15,Usa,Central,Corporate
CUST-001090,Luis,Taylor,luis.taylor485@example.com,,2024-05-30 00:50:07,Spain,West,Consumer
CUST-001091,Carlos,Garcia,carlos.garcia71@example.com,+1-480-614-2338,,Spain,West,Home Office
CUST-001092,Valentina,Davis,valentina.davis189@example.com,+1-255-294-8021,2023-06-16 12:27:09,Spain,East,Consumer
CUST-001093,James,Jackson,james.jackson487@example.com,+1-748-905-3632,2024-09-13 15:54:10,Mexico,Central,Consumer
CUST-001094,Ana,Thompson,ana.thompson80@example.com,+1-940-883-3369,2023-02-11 11:47:12,Germany,East,Consumer
CUST-001095,Olivia,Martinez,olivia.martinez886@example.com,+1-524-316-7658,2024-10-19 09:34:06,Uk,North,Home Office
CUST-001096,Sofia,Martin,sofia.martin38@example.com,+1-423-963-4074,2022-07-19 15:17:53,Germany,Central,Corporate
CUST-001097,Andres,Moore,andres.moore357@example.com,+1-414-395-1235,2023-03-19 13:28:50,Spain,East,Consumer
CUST-001098,Pedro,Perez,pedro.perez717@example.com,+1-711-864-8471,2022-09-13 15:04:30,Brazil,East,Consumer
CUST-001099,Sebastian,Jackson,sebastian.jackson998@example.com,+1-983-543-2857,2024-12-07 06:24:04,Brazil,West,Consumer
CUST-001100,Sebastian,Harris,sebastian.harris556@example.com,+1-646-590-5669,2022-11-30 15:55:43,Germany,East,Corporate
CUST-001101,John,Garcia,john.garcia92@example.com,+1-865-216-7738,2022-08-01 03:46:28,Brazil,Central,Home Office
CUST-001102,John,Martin,john.martin596@example.com,+1-233-883-5749,2024-10-27 15:18:54,Canada,South,Corporate
CUST-001103,Sebastian,Moore,sebastian.moore201@example.com,+1-680-327-6744,2022-08-23 16:53:30,Brazil,West,Consumer
CUST-001104,James,Rodriguez,james.rodriguez291@example.com,+1-474-874-5333,2024-11-05 11:11:31,Spain,West,Corporate
CUST-001105,Ana,Jackson,ana.jackson16@example.com,+1-226-357-7134,2022-03-08 18:53:41,Spain,Central,Consumer
CUST-001106,Carlos, White  ,carlos.white248@example.com,+1-769-600-4156,2024-05-30 22:26:15,Germany,West,Corporate
CUST-001107,Camila, Jackson  ,camila.jackson962@example.com,+1-851-599-3846,2022-09-21 14:40:37,Mexico,Central,Consumer
CUST-001108,David,Lopez,david.lopez517@example.com,+1-321-846-7422,2022-09-16 22:50:23,Mexico,Central,Consumer
CUST-001109,Marta,Davis,marta.davis96@example.com,+1-226-647-1189,2022-07-10 22:53:50,Spain,Central,Consumer
CUST-001110,Andres,Thompson,andres.thompson586@example.com,,2022-06-11 16:31:08,Germany,East,Consumer
CUST-001111,David,Anderson,david.anderson549@example.com,+1-451-943-7194,2023-02-01 09:29:01,Germany,North,Consumer
CUST-001112,Sofia,Gomez,sofia.gomez114@example.com,+1-670-810-3010,2022-07-31 03:53:54,Canada,East,Consumer
CUST-001113,Carlos,Garcia,carlos.garcia507@example.com,+1-570-412-7402,2022-06-08 03:39:55,Brazil,North,Consumer
CUST-001114,Mateo,Garcia,mateo.garcia704@example.com,+1-629-584-6137,2023-03-07 23:04:00,Brazil,South,Consumer
CUST-001115,Ana,Brown,ana.brown121@example.com,+1-551-555-8928,2022-03-06 22:21:18,Uk,Central,Consumer
CUST-001116,Valentina,Wilson,valentina.wilson198@example.com,+1-820-230-9781,2022-09-07 00:50:19,Uk,Central,Corporate
CUST-001117,Emma,Taylor,emma.taylor921@example.com,+1-422-230-6366,2022-08-24 05:02:41,Canada,North,Corporate
CUST-001118,Sofia,Wilson,sofia.wilson494@example.com,+1-404-294-6710,2023-07-15 20:04:45,Germany,East,Consumer
CUST-001119,Mateo,Jackson,mateo.jackson970@example.com,+1-609-397-5097,2024-11-15 06:17:50,Canada,East,Home Office
CUST-001120,John,White,john.white170@example.com,+1-410-939-8992,2023-10-01 15:46:55,Brazil,West,Consumer
CUST-001121,Laura,Thomas,laura.thomas622@example.com,+1-592-639-4272,2022-08-09 20:38:56,Mexico,East,Home Office
CUST-001122,Maria,Martin,maria.martin911@example.com,+1-234-723-5146,2022-12-09 21:22:02,Brazil,East,Corporate
CUST-001123,Valentina,Taylor,valentina.taylor31@example.com,+1-317-384-6286,2024-03-26 15:38:00,Spain,South,Consumer
CUST-001124,Maria,Davis,maria.davis381@example.com,+1-348-998-6151,2024-02-01 04:27:10,Usa,East,Corporate
CUST-001125,Marta,Davis,marta.davis582@example.com,+1-529-438-2085,2024-08-11 14:02:20,Mexico,Central,Consumer
CUST-001126,Emma,Lopez,emma.lopez734@example.com,+1-822-887-2225,2023-07-24 20:53:48,Germany,West,Corporate
CUST-001127,Diego,Thomas,diego.thomas203@example.com,+1-401-250-9092,2023-10-18 18:09:19,Usa,East,Consumer
CUST-001128,John,Martin,john.martin616@example.com,+1-534-805-7272,2022-12-17 08:36:28,Uk,North,Consumer
CUST-001129,Camila,Gomez,camila.gomez292@example.com,+1-334-612-1606,2024-08-03 19:25:22,Uk,North,Consumer
CUST-001130,Ana,Garcia,ana.garcia98@example.com,,2024-08-20 10:00:02,Mexico,East,Consumer
CUST-001131,Sebastian,Thomas,sebastian.thomas628@example.com,+1-248-602-5889,2024-10-08 16:33:02,Brazil,North,Corporate
CUST-001132,Andres,Lopez,andres.lopez230@example.com,+1-248-210-3273,2022-03-01 03:49:40,Mexico,West,Consumer
CUST-001133,Maria,Davis,maria.davis836@example.com,+1-750-205-1860,2024-01-26 09:27:17,Spain,North,Consumer
CUST-001134,Pedro,Garcia,pedro.garcia338@example.com,+1-904-827-7218,2023-06-25 09:49:37,Germany,South,Home Office
CUST-001135,Camila,Martin,camila.martin130@example.com,+1-526-351-7771,2022-09-03 23:11:20,Brazil,North,Consumer
CUST-001136,David, White  ,,+1-701-487-6274,2024-09-05 17:34:29,Canada,North,Consumer
CUST-001137,Pedro,Garcia,pedro.garcia572@example.com,+1-448-875-4373,2023-12-24 02:50:25,Usa,West,Consumer
CUST-001138,Ana,Davis,ana.davis839@example.com,+1-594-392-8989,2024-08-16 03:48:21,Mexico,South,Corporate
CUST-001139,Valentina,Perez,valentina.perez779@example.com,+1-519-925-8438,2023-10-04 23:51:30,Canada,Central,Consumer
CUST-001140,Sofia,Rodriguez,sofia.rodriguez395@example.com,+1-663-835-9412,2024-01-15 07:23:30,Spain,West,Consumer
CUST-001141,Laura,Jackson,laura.jackson703@example.com,+1-514-791-2672,2022-12-03 05:21:45,Brazil,North,Corporate
CUST-001142,David,Gomez,david.gomez192@example.com,+1-473-229-8802,,Brazil,East,Consumer
CUST-001143,Sebastian,Garcia,sebastian.garcia442@example.com,+1-417-354-7503,2023-12-27 18:17:03,Brazil,Central,Consumer
CUST-001144,Olivia,Wilson,olivia.wilson101@example.com,,2024-01-28 15:23:09,Canada,East,Consumer
CUST-001145,Carlos,Harris,carlos.harris543@example.com,+1-822-705-9497,2023-07-20 15:47:08,Usa,North,Corporate
CUST-001146,John,Rodriguez,john.rodriguez55@example.com,+1-236-789-5361,2022-08-24 08:41:35,Usa,Central,Consumer
CUST-001147,David,Harris,,+1-602-303-4602,2024-04-08 09:46:02,Brazil,South,Consumer
CUST-001148,Emma,Taylor,emma.taylor723@example.com,+1-810-494-1050,2023-08-13 03:25:52,Canada,Central,Home Office
CUST-001149,Andres,Lee,andres.lee874@example.com,+1-904-444-3789,2023-09-18 11:28:22,Germany,North,Consumer
CUST-001150,Marta,Martin,marta.martin986@example.com,+1-213-882-8775,2022-10-18 15:34:48,Mexico,North,Consumer
CUST-001151,Laura,Garcia,laura.garcia696@example.com,+1-978-209-6769,2022-12-16 17:15:05,Uk,North,Consumer
CUST-001152,David,Lee,david.lee47@example.com,+1-217-780-5762,2022-08-13 08:18:42,Uk,Central,Consumer
CUST-001153,Sofia,Lopez,sofia.lopez312@example.com,+1-953-543-8415,2022-07-24 17:51:52,Germany,East,Home Office
CUST-001154,Laura,Lee,laura.lee374@example.com,,2023-06-04 10:57:50,Germany,East,Home Office
CUST-001155,Andres, Lee  ,andres.lee277@example.com,+1-902-731-1339,2022-08-19 05:23:05,Brazil,South,Corporate
CUST-001156,Sofia,Taylor,sofia.taylor32@example.com,+1-450-791-8056,2024-10-16 13:05:09,Canada,North,Consumer
CUST-001157,Lucia,Lopez,lucia.lopez899@example.com,+1-841-895-9927,2023-07-15 16:21:26,Uk,South,Consumer
CUST-001158,James,Thomas,james.thomas604@example.com,+1-627-482-6067,2024-03-11 06:56:18,Usa,Central,Consumer
CUST-001159,Marta,Harris,marta.harris444@example.com,+1-665-780-6685,2022-09-09 10:30:02,Usa,North,Consumer
CUST-001160,Sofia,Martin,sofia.martin536@example.com,+1-496-838-3664,2022-11-04 11:03:19,Brazil,East,Consumer
CUST-001161,Pedro,Gomez,pedro.gomez42@example.com,+1-422-489-3022,2024-07-18 01:56:12,Brazil,East,Consumer
CUST-001162,James,Gomez,james.gomez258@example.com,+1-341-558-5641,2022-04-13 18:16:37,Germany,Central,Consumer
CUST-001163,Maria,Wilson,maria.wilson751@example.com,+1-401-642-2322,2022-10-20 10:35:16,Canada,North,Consumer
CUST-001164,James,Rodriguez,james.rodriguez433@example.com,+1-608-300-5280,2024-03-02 10:59:46,Uk,East,Consumer
CUST-001165,Diego,Thomas,diego.thomas700@example.com,+1-986-404-5096,2022-10-13 04:56:25,Brazil,Central,Consumer
CUST-001166,Pedro,Garcia,pedro.garcia581@example.com,+1-843-672-9942,2023-09-01 06:40:34,Brazil,West,Consumer
CUST-001167,Valentina,Martin,valentina.martin516@example.com,+1-901-929-6858,2023-10-04 17:03:11,Mexico,West,Consumer
CUST-001168,Diego,Martin,diego.martin935@example.com,+1-772-227-7896,2022-02-26 03:13:10,Spain,South,Corporate
CUST-001169,Pedro,Rodriguez,pedro.rodriguez383@example.com,+1-330-835-9900,2024-11-14 20:35:30,Mexico,North,Corporate
CUST-001170,Lucia,Martinez,lucia.martinez687@example.com,+1-206-673-9487,2024-04-05 16:45:22,Spain,North,Consumer
CUST-001171,Laura,Lopez,laura.lopez609@example.com,+1-299-497-8888,2023-11-14 12:03:45,Spain,North,Consumer
CUST-001172,Camila,Perez,camila.perez719@example.com,+1-409-728-3361,2022-04-19 20:27:48,Germany,West,Consumer
CUST-001173,Sofia,Anderson,sofia.anderson737@example.com,+1-206-696-4288,2023-09-29 04:10:35,Usa,North,Consumer
CUST-001174,John,Perez,john.perez254@example.com,,2022-07-18 00:53:51,Spain,Central,Consumer
CUST-001175,Luis,Lopez,luis.lopez415@example.com,+1-695-388-4849,2023-09-07 19:54:19,Mexico,Central,Corporate
CUST-001176,Andres,Lopez,andres.lopez150@example.com,+1-851-222-4027,2024-06-04 05:09:31,Spain,South,Consumer
CUST-001177,Sebastian,Davis,sebastian.davis492@example.com,+1-496-496-2638,2024-09-02 21:26:10,Brazil,East,Corporate
CUST-001178,Lucia,Moore,lucia.moore476@example.com,+1-626-635-3427,2022-08-08 01:01:06,Mexico,West,Consumer
CUST-001179,Lucia,Gomez,lucia.gomez35@example.com,+1-860-866-8282,2023-09-13 01:33:07,Mexico,South,Consumer
CUST-001180,Olivia,Wilson,olivia.wilson163@example.com,+1-566-712-9244,2022-01-19 07:40:27,Mexico,Central,Consumer
CUST-001181,Maria,Brown,maria.brown361@example.com,+1-871-936-6558,2022-11-07 16:43:45,Germany,South,Consumer
CUST-001182,Pedro,Moore,pedro.moore939@example.com,+1-860-695-7168,2022-05-20 17:10:33,Uk,South,Consumer
CUST-001183,Valentina,Perez,valentina.perez133@example.com,+1-914-531-6703,2023-06-15 21:16:50,Uk,West,Consumer
CUST-001184,Ana,Brown,,+1-881-308-9182,2023-04-20 17:20:44,Mexico,South,Home Office
CUST-001185,David,Lopez,david.lopez746@example.com,+1-593-973-7882,2022-12-23 02:20:37,Usa,Central,Consumer
CUST-001186,Luis,Garcia,luis.garcia782@example.com,+1-583-821-1482,2024-06-23 06:20:15,Mexico,North,Corporate
CUST-001187,Lucia,Martinez,lucia.martinez201@example.com,+1-458-702-8168,2023-02-14 10:24:58,Canada,South,Corporate
CUST-001188,Diego,Perez,diego.perez89@example.com,+1-796-224-2576,2023-01-29 07:24:38,Usa,South,Home Office
CUST-001189,James,Jackson,james.jackson349@example.com,+1-389-898-9653,2022-05-28 18:03:54,Canada,South,Consumer
CUST-001190,Mateo,Perez,mateo.perez366@example.com,+1-833-772-3258,2023-12-23 02:26:42,Brazil,West,Corporate
CUST-001191,Maria,White,maria.white131@example.com,+1-729-505-2653,2022-06-10 04:17:36,Brazil,South,Consumer
CUST-001192,Sebastian,Thomas,,+1-496-457-7396,2022-02-16 13:01:51,Usa,South,Home Office
CUST-001193,Maria,Thompson,maria.thompson874@example.com,+1-730-825-9192,2023-05-10 11:22:05,Brazil,Central,Consumer
CUST-001194,John,White,john.white960@example.com,+1-469-868-1491,2024-08-22 01:10:30,Mexico,West,Consumer
CUST-001195,Marta,Smith,marta.smith210@example.com,+1-760-951-6400,2022-10-13 02:16:09,Canada,West,Consumer
CUST-001196,Camila,Harris,camila.harris355@example.com,+1-272-626-2320,2022-03-14 20:04:36,Brazil,South,Consumer
CUST-001197,Luis,Lopez,luis.lopez509@example.com,,2022-03-14 15:42:39,Brazil,East,Corporate
CUST-001198,David,Gomez,david.gomez27@example.com,+1-992-400-9752,2022-04-24 22:08:29,Spain,West,Corporate
CUST-001199,Ana,Thompson,ana.thompson54@example.com,+1-596-984-7180,2024-09-14 04:33:35,Brazil,West,Consumer
CUST-001200,John,Martin,john.martin919@example.com,+1-830-576-6763,2022-08-30 07:03:01,Mexico,West,Home Office
CUST-001201,David,Rodriguez,david.rodriguez603@example.com,+1-210-432-7767,2022-07-08 19:31:23,Uk,North,Home Office
CUST-001202,Ana,Rodriguez,ana.rodriguez79@example.com,+1-258-329-8185,2022-04-27 06:34:30,Mexico,North,Consumer
CUST-001203,Andres,Rodriguez,andres.rodriguez133@example.com,+1-820-607-8843,2023-08-22 23:56:30,Usa,North,Consumer
CUST-001204,Sebastian,Davis,sebastian.davis723@example.com,+1-952-565-4609,2024-10-10 16:08:55,Germany,East,Home Office
CUST-001205,Sebastian,Anderson,sebastian.anderson540@example.com,,2023-05-16 18:19:47,Usa,North,Consumer
CUST-001206,Diego,Harris,diego.harris287@example.com,+1-280-408-3246,2024-09-22 18:58:07,Canada,East,Corporate
CUST-001207,Emma,Lopez,emma.lopez743@example.com,+1-345-236-4851,2024-02-02 16:01:48,Germany,West,Home Office
CUST-001208,Ana,Lee,ana.lee277@example.com,+1-484-802-7294,2022-03-11 10:56:15,Spain,North,Consumer
CUST-001209,Andres,Moore,andres.moore20@example.com,+1-591-593-8274,2024-10-11 01:37:01,Canada,South,Consumer
CUST-001210,Diego,Thompson,diego.thompson677@example.com,+1-512-232-9872,2022-04-18 12:39:47,Usa,Central,Corporate
CUST-001211,Marta,Wilson,marta.wilson776@example.com,+1-228-549-8111,2023-03-20 15:33:59,Spain,North,Corporate
CUST-001212,Sebastian,Moore,sebastian.moore880@example.com,+1-747-674-7944,2023-08-12 20:50:52,Germany,Central,Corporate
CUST-001213,Laura,Brown,laura.brown479@example.com,+1-963-443-3160,2024-02-20 00:33:10,Mexico,East,Consumer
CUST-001214,David,Thompson,david.thompson346@example.com,+1-784-604-1632,2023-08-29 22:24:41,Mexico,East,Consumer
CUST-001215,Laura,Harris,laura.harris128@example.com,+1-514-782-6259,2022-01-26 09:37:50,Spain,South,Consumer
CUST-001216,Ana,Martin,ana.martin478@example.com,+1-237-567-8867,2022-01-19 23:13:10,Spain,Central,Consumer
CUST-001217,Luis,White,luis.white284@example.com,+1-824-764-6145,2022-06-12 02:19:54,Brazil,South,Consumer
CUST-001218,Laura, Wilson  ,laura.wilson131@example.com,+1-432-845-3858,2024-10-10 05:20:54,Spain,Central,Corporate
CUST-001219,David,Lopez,david.lopez189@example.com,+1-900-718-8214,2022-03-20 21:06:47,Mexico,North,Consumer
CUST-001220,David,Smith,david.smith999@example.com,+1-463-216-6789,2023-06-15 19:40:36,Germany,North,Corporate
CUST-001221,James,Lopez,james.lopez520@example.com,+1-654-315-9372,2022-06-08 02:49:11,Canada,South,Consumer
CUST-001222,James,Jackson,james.jackson658@example.com,+1-636-489-3344,2022-05-27 00:53:56,Mexico,Central,Corporate
CUST-001223,Marta,Jackson,marta.jackson482@example.com,+1-501-836-1510,2024-02-07 05:50:12,Mexico,North,Consumer
CUST-001224,Sofia,White,sofia.white109@example.com,+1-823-416-6129,2022-02-22 18:35:51,Germany,Central,Corporate
CUST-001225,James, Davis  ,james.davis851@example.com,+1-796-233-3458,2024-02-15 13:52:30,Spain,North,Home Office
CUST-001226,David,White,david.white589@example.com,+1-845-761-7849,2024-10-28 19:37:23,Germany,North,Corporate
CUST-001227,Valentina,Smith,valentina.smith676@example.com,+1-737-732-8225,2024-08-25 11:32:21,Mexico,South,Corporate
CUST-001228,Pedro,Rodriguez,pedro.rodriguez249@example.com,+1-986-570-4782,2023-11-05 16:35:45,Mexico,North,Corporate
CUST-001229,Olivia,Jackson,olivia.jackson82@example.com,+1-560-773-9284,2024-01-12 02:46:59,Mexico,West,Corporate
CUST-001230,Olivia,Jackson,,+1-328-750-5013,2023-04-16 14:50:27,Germany,Central,Corporate
CUST-001231,Andres,Wilson,andres.wilson350@example.com,+1-521-320-2335,2023-08-11 14:52:23,Brazil,Central,Home Office
CUST-001232,Camila,Lee,camila.lee922@example.com,+1-384-664-1254,2023-02-10 06:04:19,Usa,West,Consumer
CUST-001233,Sebastian,Lee,sebastian.lee130@example.com,+1-234-641-1392,2022-07-26 06:04:40,Usa,South,Consumer
CUST-001234,Valentina,Moore,valentina.moore363@example.com,+1-330-611-4955,2024-05-14 10:40:55,Usa,East,Home Office
CUST-001235,Marta,White,marta.white740@example.com,+1-246-275-6815,2022-08-09 16:20:37,Brazil,West,Corporate
CUST-001236,Diego,Anderson,diego.anderson717@example.com,+1-337-951-4005,2024-09-04 21:27:54,Spain,Central,Consumer
CUST-001237,Ana,White,ana.white691@example.com,+1-864-664-7215,2024-01-28 11:40:00,Brazil,South,Consumer
CUST-001238,Camila,Wilson,camila.wilson238@example.com,+1-504-705-6588,2022-07-18 01:45:29,Uk,Central,Home Office
CUST-001239,Camila,Perez,camila.perez293@example.com,+1-530-593-6219,2024-05-23 06:29:45,Canada,North,Corporate
CUST-001240,Emma,Jackson,emma.jackson285@example.com,+1-788-830-6150,2024-11-29 03:37:17,Mexico,East,Consumer
CUST-001241,Pedro, Wilson  ,pedro.wilson450@example.com,,2024-09-23 09:26:43,Uk,North,Home Office
CUST-001242,Laura,Martinez,laura.martinez212@example.com,+1-765-720-3766,2022-07-16 00:59:44,Uk,North,Home Office
CUST-001243,Sebastian,Thompson,sebastian.thompson7@example.com,+1-700-226-7054,2023-02-04 07:23:46,Mexico,Central,Consumer
CUST-001244,Olivia,Perez,olivia.perez851@example.com,+1-664-502-2795,2022-09-16 04:22:00,Brazil,West,Consumer
CUST-001245,Maria,Martinez,maria.martinez750@example.com,+1-884-319-6795,2023-07-25 02:52:43,Germany,South,Corporate
CUST-001246,Marta,Brown,marta.brown344@example.com,+1-482-664-9402,2024-11-04 02:41:50,Germany,East,Home Office
CUST-001247,Luis, Jackson  ,,+1-922-733-6202,2022-07-25 06:55:55,Spain,Central,Corporate
CUST-001248,Luis,Gomez,luis.gomez141@example.com,+1-800-585-4607,2023-05-19 07:07:27,Mexico,West,Consumer
CUST-001249,Carlos,Lee,carlos.lee135@example.com,+1-403-850-2453,2023-08-02 18:47:53,Spain,South,Consumer
CUST-001250,Maria,Lee,maria.lee728@example.com,+1-382-239-7851,2023-03-04 09:34:41,Uk,West,Corporate
CUST-001251,David,Taylor,david.taylor544@example.com,+1-872-384-5916,2024-09-18 08:26:34,Mexico,West,Consumer
CUST-001252,Lucia,Harris,lucia.harris557@example.com,+1-692-502-2581,,Usa,East,Consumer
CUST-001253,Olivia,Thomas,olivia.thomas679@example.com,,2023-05-22 16:55:13,Mexico,North,Consumer
CUST-001254,Lucia,Martinez,lucia.martinez861@example.com,+1-700-815-7750,2024-09-17 08:33:03,Usa,East,Consumer
CUST-001255,Emma,Jackson,emma.jackson576@example.com,+1-990-530-5286,2022-05-05 11:33:50,Brazil,West,Corporate
CUST-001256,Diego,Moore,diego.moore935@example.com,+1-255-474-8954,2023-06-18 07:58:17,Mexico,North,Consumer
CUST-001257,Diego,Rodriguez,diego.rodriguez549@example.com,+1-411-998-2807,2022-12-08 22:19:46,Uk,East,Consumer
CUST-001258,Sebastian,Gomez,sebastian.gomez822@example.com,+1-588-292-6460,2022-02-13 12:50:29,Spain,Central,Consumer
CUST-001259,Luis,Perez,luis.perez371@example.com,+1-748-403-3572,2023-03-08 19:30:15,Brazil,South,Consumer
CUST-001260,Carlos,Taylor,carlos.taylor424@example.com,+1-420-766-5074,2023-11-10 00:29:47,Usa,North,Corporate
CUST-001261,Valentina,Lopez,valentina.lopez408@example.com,+1-696-243-3571,2024-10-24 10:18:25,Mexico,North,Consumer
CUST-001262,David,Smith,david.smith768@example.com,+1-326-586-7565,2023-07-12 04:46:35,Spain,East,Home Office
CUST-001263,Maria,Garcia,maria.garcia740@example.com,+1-920-980-7805,2024-10-30 00:44:01,Usa,Central,Corporate
CUST-001264,Sofia,Lopez,sofia.lopez199@example.com,+1-820-519-6303,2024-03-12 15:28:45,Uk,North,Consumer
CUST-001265,Olivia,Davis,olivia.davis271@example.com,+1-871-790-8723,2022-07-24 13:42:39,Mexico,West,Consumer
CUST-001266,Diego,Thompson,diego.thompson495@example.com,+1-491-919-9736,2023-07-25 18:26:40,Canada,West,Consumer
CUST-001267,Mateo,Moore,mateo.moore782@example.com,+1-759-931-2774,2024-02-03 16:27:59,Canada,Central,Home Office
CUST-001268,Lucia,Rodriguez,lucia.rodriguez379@example.com,+1-688-776-2785,2024-07-04 23:24:15,Mexico,East,Consumer
CUST-001269,Maria,Lopez,maria.lopez213@example.com,+1-701-807-5095,2022-12-13 03:03:15,Canada,West,Corporate
CUST-001270,Mateo,Perez,,+1-985-705-5129,2023-04-22 14:59:43,Mexico,East,Corporate
CUST-001271,Luis,Thomas,luis.thomas893@example.com,+1-205-474-4427,2024-04-12 20:28:36,Spain,West,Consumer
CUST-001272,Marta,Rodriguez,marta.rodriguez473@example.com,+1-925-694-9428,2023-10-22 20:11:59,Spain,North,Home Office
CUST-001273,Diego,Garcia,diego.garcia131@example.com,+1-975-213-3655,2024-02-09 18:55:49,Germany,North,Consumer
CUST-001274,Olivia,Lopez,olivia.lopez907@example.com,+1-634-707-3797,2022-03-21 22:47:52,Spain,Central,Consumer
CUST-001275,Sebastian,Jackson,sebastian.jackson10@example.com,+1-503-320-8134,2024-03-28 10:42:44,Germany,East,Consumer
CUST-001276,Andres,Taylor,andres.taylor145@example.com,+1-497-735-4349,2022-12-06 22:21:18,Germany,East,Consumer
CUST-001277,Laura,Lee,laura.lee216@example.com,+1-538-964-3217,2024-08-05 05:58:47,Uk,West,Consumer
CUST-001278,Diego,Brown,diego.brown482@example.com,+1-268-205-6109,2022-11-04 06:49:58,Canada,North,Consumer
CUST-001279,Marta,Lopez,marta.lopez640@example.com,+1-679-808-3563,2022-05-06 02:25:51,Mexico,Central,Home Office
CUST-001280,James,Gomez,james.gomez282@example.com,+1-491-636-6009,2023-01-30 13:22:19,Uk,West,Home Office
CUST-001281,Sebastian,Thompson,sebastian.thompson80@example.com,+1-806-356-2687,2023-02-19 07:52:49,Mexico,South,Consumer
CUST-001282,John,Martinez,john.martinez602@example.com,+1-860-984-7274,2024-12-05 12:01:14,Uk,Central,Corporate
CUST-001283,Andres,Lee,andres.lee173@example.com,+1-202-437-4546,2023-03-05 03:19:31,Spain,Central,Consumer
CUST-001284,Carlos,Lee,carlos.lee332@example.com,+1-279-253-3244,2022-01-01 18:37:50,Spain,West,Consumer
CUST-001285,Mateo,Thomas,mateo.thomas513@example.com,+1-978-320-4944,2023-09-12 20:23:39,Brazil,West,Corporate
CUST-001286,Mateo,Taylor,mateo.taylor859@example.com,+1-734-524-9694,2023-10-01 02:50:49,Uk,South,Home Office
CUST-001287,Laura,Martinez,laura.martinez574@example.com,+1-652-701-5104,2024-06-14 04:22:40,Uk,West,Corporate
CUST-001288,Carlos,Gomez,carlos.gomez876@example.com,+1-677-989-6668,2024-01-19 15:26:24,Canada,Central,Consumer
CUST-001289,Emma,Moore,emma.moore184@example.com,+1-965-210-4208,2024-02-06 16:05:44,Mexico,Central,Consumer
CUST-001290,Camila,Anderson,camila.anderson97@example.com,+1-577-459-9237,2023-11-04 00:28:23,Uk,East,Consumer
CUST-001291,Laura, Lee  ,laura.lee45@example.com,+1-912-921-5145,2024-03-26 09:58:56,Germany,North,Home Office
CUST-001292,Ana,Lee,ana.lee503@example.com,,2024-07-19 03:46:56,Usa,East,Consumer
CUST-001293,Sofia,Brown,sofia.brown85@example.com,+1-629-322-1918,2022-09-27 16:08:34,Germany,North,Consumer
CUST-001294,Sebastian,Wilson,sebastian.wilson671@example.com,+1-828-955-1273,2023-02-02 12:06:43,Spain,East,Home Office
CUST-001295,Carlos,White,carlos.white529@example.com,+1-214-880-7605,2024-01-21 15:09:35,Spain,North,Consumer
CUST-001296,Valentina,Martinez,valentina.martinez86@example.com,+1-376-654-1729,2023-07-01 10:01:53,Uk,South,Corporate
CUST-001297,Diego,Brown,,+1-480-774-6745,2022-01-07 04:17:09,Mexico,West,Consumer
CUST-001298,Maria,White,maria.white91@example.com,+1-319-292-3990,2024-08-06 03:08:46,Canada,East,Consumer
CUST-001299,Ana,Brown,ana.brown223@example.com,+1-853-583-8542,2022-01-22 02:57:32,Germany,South,Consumer
CUST-001300,Emma,Martinez,emma.martinez55@example.com,+1-588-922-5703,2023-09-28 06:28:51,Mexico,South,Consumer
CUST-001301,Diego,Rodriguez,diego.rodriguez280@example.com,+1-404-381-5832,,Germany,West,Consumer
CUST-001302,Mateo,Taylor,mateo.taylor358@example.com,+1-990-857-9569,2024-01-15 16:22:19,Spain,South,Consumer
CUST-001303,Camila,Moore,camila.moore551@example.com,+1-782-415-8108,2022-11-15 12:37:51,Germany,East,Consumer
CUST-001304,Valentina,Thompson,,,2023-07-05 09:24:04,Canada,West,Consumer
CUST-001305,John,Perez,john.perez487@example.com,,2023-01-17 13:33:15,Uk,West,Corporate
CUST-001306,Luis,Thomas,luis.thomas645@example.com,+1-567-208-3600,2022-08-03 15:20:34,Brazil,East,Consumer
CUST-001307,John,Brown,john.brown314@example.com,+1-366-678-9958,2024-01-04 06:46:40,Spain,North,Consumer
CUST-001308,Andres,Martin,andres.martin749@example.com,+1-608-684-4990,2024-06-09 09:11:45,Germany,East,Corporate
CUST-001309,Mateo,Moore,mateo.moore42@example.com,,2023-09-07 03:55:36,Brazil,West,Corporate
CUST-001310,Camila,Moore,camila.moore168@example.com,+1-724-370-5924,2022-02-28 21:43:50,Germany,Central,Consumer
CUST-001311,Camila,Martinez,camila.martinez680@example.com,+1-541-255-2481,2022-09-24 11:15:37,Spain,South,Corporate
CUST-001312,Olivia, Moore  ,olivia.moore472@example.com,+1-200-874-3416,2022-12-05 07:17:47,Canada,East,Consumer
CUST-001313,Carlos,Rodriguez,carlos.rodriguez448@example.com,+1-292-941-5009,2023-02-21 05:36:43,Germany,Central,Corporate
CUST-001314,James,Gomez,james.gomez164@example.com,+1-552-302-8713,2024-09-04 20:01:07,Germany,West,Corporate
CUST-001315,Mateo,Moore,mateo.moore724@example.com,+1-448-981-2569,2024-08-07 14:06:40,Canada,East,Corporate
CUST-001316,Sofia,Moore,sofia.moore920@example.com,+1-489-890-7956,2023-11-01 21:44:01,Brazil,Central,Consumer
CUST-001317,Mateo,White,mateo.white228@example.com,+1-823-382-4852,2022-02-25 13:26:22,Mexico,East,Consumer
CUST-001318,Ana,Harris,ana.harris937@example.com,+1-279-861-4769,2024-03-26 05:01:38,Brazil,South,Consumer
CUST-001319,Pedro,Jackson,pedro.jackson348@example.com,+1-593-869-3947,2022-07-10 15:29:58,Canada,Unknown,Consumer
CUST-001320,Mateo,Smith,mateo.smith982@example.com,+1-631-383-3679,2023-06-19 14:29:54,Germany,Central,Corporate
CUST-001321,Olivia,Garcia,olivia.garcia703@example.com,+1-950-303-7626,2023-12-11 00:26:42,Canada,East,Consumer
CUST-001322,Valentina,Moore,valentina.moore12@example.com,+1-697-869-7581,2024-07-20 15:22:52,Spain,North,Consumer
CUST-001323,Laura,Lopez,laura.lopez515@example.com,+1-581-999-8758,2024-07-11 12:11:57,Spain,Central,Home Office
CUST-001324,John,Brown,john.brown545@example.com,+1-977-592-2310,2024-05-18 05:28:31,Usa,East,Home Office
CUST-001325,Camila,Wilson,camila.wilson528@example.com,+1-829-945-8454,2023-02-09 15:50:01,Usa,West,Consumer
CUST-001326,John, Lee  ,john.lee376@example.com,+1-251-813-7050,2024-07-31 09:11:12,Brazil,East,Corporate
CUST-001327,Ana,Thompson,ana.thompson184@example.com,+1-500-565-7833,2023-07-02 00:38:16,Brazil,East,Consumer
CUST-001328,Luis,Harris,luis.harris366@example.com,+1-949-237-9704,2022-08-17 14:25:32,Canada,South,Consumer
CUST-001329,John,Martinez,john.martinez649@example.com,+1-705-641-5500,2022-10-24 12:34:30,Brazil,Central,Consumer
CUST-001330,Valentina,White,valentina.white42@example.com,+1-278-534-7107,2024-07-27 01:23:38,Canada,Central,Home Office
CUST-001331,John,Moore,john.moore743@example.com,+1-280-545-5947,2024-11-15 15:23:01,Brazil,North,Consumer
CUST-001332,Laura,Garcia,laura.garcia989@example.com,+1-319-396-5275,2024-06-06 11:02:21,Uk,Central,Consumer
CUST-001333,David,Smith,david.smith588@example.com,+1-684-420-8158,2024-02-06 10:00:16,Germany,South,Consumer
CUST-001334,Luis,Harris,luis.harris932@example.com,+1-385-894-5668,2024-03-27 09:55:40,Usa,West,Consumer
CUST-001335,Diego,Martinez,diego.martinez274@example.com,+1-673-813-6212,2023-07-17 03:32:13,Canada,South,Consumer
CUST-001336,Marta,Rodriguez,marta.rodriguez627@example.com,+1-494-945-8547,2022-05-11 21:24:19,Brazil,Central,Consumer
CUST-001337,Lucia,Lee,lucia.lee352@example.com,+1-548-527-6674,2022-01-26 16:10:46,Canada,West,Home Office
CUST-001338,Mateo,Davis,mateo.davis715@example.com,+1-374-889-7390,2024-12-26 09:18:34,Brazil,North,Corporate
CUST-001339,Camila,Garcia,camila.garcia575@example.com,+1-553-285-4400,2024-09-23 19:16:54,Mexico,East,Consumer
CUST-001340,Marta,Martin,marta.martin31@example.com,+1-359-839-3731,2024-08-15 22:43:43,Mexico,Central,Consumer
CUST-001341,Ana,Anderson,ana.anderson241@example.com,+1-584-750-3157,2024-10-02 13:46:41,Uk,North,Consumer
CUST-001342,Emma,Davis,emma.davis585@example.com,+1-496-382-3606,2022-08-15 14:36:15,Uk,West,Consumer
CUST-001343,Emma,Jackson,emma.jackson328@example.com,+1-988-571-2730,2023-07-26 23:03:04,Spain,East,Consumer
CUST-001344,Sebastian,Moore,sebastian.moore880@example.com,+1-613-706-8600,2023-04-07 10:25:23,Spain,West,Consumer
CUST-001345,Carlos,Moore,carlos.moore4@example.com,+1-745-542-8602,2023-08-14 23:53:28,Canada,North,Consumer
CUST-001346,Diego,Jackson,diego.jackson194@example.com,+1-851-229-4673,2024-04-20 05:02:42,Uk,Central,Consumer
CUST-001347,Maria,Harris,,+1-223-532-5095,2024-04-17 06:03:38,Uk,West,Corporate
CUST-001348,James,Gomez,,+1-723-397-3644,2024-03-08 16:40:00,Mexico,South,Consumer
CUST-001349,Emma,Thomas,emma.thomas301@example.com,+1-266-231-4391,2022-09-29 21:01:47,Brazil,West,Consumer
CUST-001350,Andres,Martin,,+1-381-672-9195,2023-05-11 23:21:06,Usa,Central,Corporate
CUST-001351,Carlos,Rodriguez,carlos.rodriguez740@example.com,,2024-08-04 14:47:40,Spain,Central,Home Office
CUST-001352,Lucia,Garcia,lucia.garcia981@example.com,+1-466-933-9803,2024-05-04 04:24:17,Germany,Central,Corporate
CUST-001353,Sebastian,Gomez,sebastian.gomez493@example.com,+1-943-261-5799,2024-06-17 14:30:18,Spain,North,Consumer
CUST-001354,Valentina,Martin,valentina.martin807@example.com,+1-327-306-3391,2024-05-27 09:33:26,Spain,Central,Corporate
CUST-001355,John,Brown,john.brown423@example.com,+1-872-547-3325,2024-01-21 08:50:59,Spain,West,Consumer
CUST-001356,John,Thomas,john.thomas470@example.com,+1-926-703-5009,2022-06-01 09:27:58,Mexico,East,Corporate
CUST-001357,Marta,Martin,marta.martin582@example.com,+1-481-808-1585,2023-06-13 05:05:52,Canada,Central,Consumer
CUST-001358,David,Taylor,david.taylor731@example.com,+1-498-514-3593,2024-01-13 20:40:01,Germany,East,Consumer
CUST-001359,Olivia,Anderson,olivia.anderson762@example.com,+1-911-331-3400,2022-11-13 22:06:59,Mexico,West,Consumer
CUST-001360,David,Gomez,david.gomez598@example.com,+1-510-351-1197,2023-03-10 09:26:42,Mexico,Central,Corporate
CUST-001361,Valentina,Moore,valentina.moore634@example.com,+1-374-552-3553,2024-09-03 21:22:37,Spain,Central,Consumer
CUST-001362,James,Moore,james.moore664@example.com,+1-373-737-8897,2024-09-20 06:23:08,Brazil,West,Consumer
CUST-001363,Maria,Thomas,maria.thomas317@example.com,+1-411-429-3459,2023-04-06 10:07:59,Uk,North,Corporate
CUST-001364,James,Lee,james.lee584@example.com,+1-853-212-9587,2024-07-29 08:18:53,Germany,South,Consumer
CUST-001365,Luis,Moore,luis.moore975@example.com,+1-537-719-2100,2022-07-22 09:53:02,Uk,Central,Corporate
CUST-001366,Sebastian,Garcia,sebastian.garcia458@example.com,+1-780-735-5062,2022-04-25 08:54:32,Mexico,South,Corporate
CUST-001367,David,Rodriguez,david.rodriguez182@example.com,+1-241-823-5354,2024-07-23 20:05:48,Mexico,North,Corporate
CUST-001368,Maria,Martinez,maria.martinez311@example.com,+1-262-412-4728,2024-12-06 08:52:53,Uk,Central,Consumer
CUST-001369,John,Thompson,john.thompson327@example.com,+1-849-274-4218,2022-04-15 17:24:51,Usa,West,Consumer
CUST-001370,Emma,Lopez,emma.lopez613@example.com,+1-698-507-1157,2023-03-17 21:10:46,Brazil,North,Corporate
CUST-001371,Olivia,Davis,olivia.davis1@example.com,+1-457-972-7671,2024-07-23 21:53:40,Mexico,West,Corporate
CUST-001372,Marta,Perez,marta.perez527@example.com,+1-490-860-5909,2024-09-16 09:37:09,Spain,Central,Consumer
CUST-001373,Laura,Thompson,laura.thompson317@example.com,+1-840-650-2826,2024-10-27 06:37:58,Brazil,North,Consumer
CUST-001374,Valentina, Lee  ,valentina.lee168@example.com,+1-383-267-8078,2024-10-12 11:05:29,Usa,West,Consumer
CUST-001375,Sebastian,Brown,sebastian.brown798@example.com,+1-311-981-4797,2023-02-01 07:45:46,Mexico,Central,Consumer
CUST-001376,Valentina,Lee,valentina.lee702@example.com,+1-507-824-4445,2022-07-30 20:47:23,Germany,South,Consumer
CUST-001377,Emma,Moore,emma.moore873@example.com,+1-361-824-3574,2022-12-18 11:51:27,Uk,West,Corporate
CUST-001378,Diego,Wilson,diego.wilson956@example.com,+1-469-683-5974,2023-04-14 13:30:00,Canada,East,Consumer
CUST-001379,James,Thomas,james.thomas316@example.com,+1-635-776-7447,2024-07-10 15:11:13,Usa,West,Consumer
CUST-001380,Diego,Taylor,diego.taylor999@example.com,+1-667-985-5492,2022-10-14 00:42:33,Spain,South,Consumer
CUST-001381,Laura,Anderson,laura.anderson25@example.com,+1-529-637-7265,2024-02-04 11:51:28,Uk,Central,Corporate
CUST-001382,Emma, Harris  ,emma.harris451@example.com,+1-480-309-2219,2024-10-27 08:51:08,Canada,East,Corporate
CUST-001383,Camila,Lee,camila.lee800@example.com,+1-875-599-8979,2022-04-05 09:05:47,Mexico,Central,Consumer
CUST-001384,Luis,Lopez,luis.lopez655@example.com,+1-550-482-9812,2022-04-25 13:27:04,Brazil,East,Consumer
CUST-001385,Sofia,Garcia,sofia.garcia794@example.com,+1-950-623-3486,2023-10-27 05:28:35,Uk,East,Consumer
CUST-001386,Sebastian,Garcia,sebastian.garcia252@example.com,+1-535-786-9955,2024-06-16 09:29:32,Uk,Central,Corporate
CUST-001387,Ana,Martinez,ana.martinez892@example.com,,2022-05-20 13:09:07,Spain,West,Corporate
CUST-001388,Emma,Brown,emma.brown480@example.com,+1-433-671-6934,2023-10-20 12:07:28,Canada,East,Consumer
CUST-001389,Ana,Martinez,ana.martinez658@example.com,+1-620-637-7493,2022-09-02 17:42:27,Spain,North,Corporate
CUST-001390,Luis, Perez  ,luis.perez17@example.com,+1-779-647-1525,2024-02-04 18:21:28,Spain,East,Corporate
CUST-001391,Mateo,Anderson,mateo.anderson650@example.com,+1-268-952-2237,2023-11-15 20:34:55,Usa,Central,Corporate
CUST-001392,Sebastian,Brown,sebastian.brown867@example.com,+1-289-787-8675,2024-11-17 22:12:38,Germany,South,Corporate
CUST-001393,Diego,Wilson,diego.wilson463@example.com,+1-956-355-6413,2024-08-11 02:39:31,Canada,Central,Consumer
CUST-001394,Valentina,Jackson,valentina.jackson412@example.com,+1-788-500-1104,2022-02-13 22:42:28,Spain,West,Consumer
CUST-001395,David,Thomas,david.thomas155@example.com,+1-465-428-6351,2024-05-24 19:22:58,Brazil,South,Corporate
CUST-001396,Camila,Taylor,camila.taylor194@example.com,+1-991-351-4377,2022-11-09 11:13:53,Canada,North,Consumer
CUST-001397,Andres,Smith,andres.smith554@example.com,+1-556-270-6365,2022-09-18 11:28:51,Canada,South,Consumer
CUST-001398,Carlos,Jackson,carlos.jackson239@example.com,+1-422-990-6821,2023-07-10 00:59:37,Canada,West,Consumer
CUST-001399,Lucia,Gomez,lucia.gomez889@example.com,+1-961-957-4417,2024-06-28 13:51:01,Usa,West,Consumer
CUST-001400,Emma,Davis,emma.davis605@example.com,+1-327-295-3868,2024-02-19 18:26:54,Uk,Central,Consumer
CUST-001401,Emma,Lopez,emma.lopez759@example.com,+1-819-566-6191,2024-09-28 15:06:51,Canada,South,Home Office
CUST-001402,Valentina,Taylor,valentina.taylor262@example.com,+1-720-314-8486,2024-09-05 00:35:16,Usa,West,Corporate
CUST-001403,Lucia,Lopez,lucia.lopez370@example.com,+1-517-266-8113,2023-12-28 23:44:19,Mexico,South,Home Office
CUST-001404,Maria,Moore,maria.moore17@example.com,+1-481-947-6296,2024-08-23 01:39:06,Canada,South,Consumer
CUST-001405,Ana,Martinez,ana.martinez160@example.com,+1-343-911-8697,2024-11-28 01:25:10,Usa,Central,Corporate
CUST-001406,Pedro,Taylor,pedro.taylor844@example.com,+1-361-629-3824,2024-04-29 06:21:30,Uk,South,Corporate
CUST-001407,Carlos,Taylor,carlos.taylor806@example.com,+1-366-230-9151,2022-08-13 07:25:48,Mexico,West,Corporate
CUST-001408,Laura,Harris,laura.harris30@example.com,+1-226-539-1466,2023-10-20 17:07:49,Usa,South,Home Office
CUST-001409,Luis,Thompson,luis.thompson781@example.com,+1-812-939-9604,2024-02-12 06:10:48,Canada,North,Consumer
CUST-001410,David,Garcia,david.garcia68@example.com,+1-315-687-8609,2024-05-09 15:06:44,Spain,Central,Consumer
CUST-001411,Andres,Gomez,andres.gomez488@example.com,+1-680-463-3100,2023-09-30 11:45:20,Germany,Central,Consumer
CUST-001412,Andres,Lopez,andres.lopez505@example.com,+1-966-784-4215,2024-09-05 04:34:53,Canada,Central,Consumer
CUST-001413,Sofia,Rodriguez,sofia.rodriguez762@example.com,+1-297-934-7616,2022-06-18 10:16:41,Uk,North,Consumer
CUST-001414,Laura,Brown,laura.brown337@example.com,+1-927-673-9518,2023-09-09 18:49:11,Uk,East,Corporate
CUST-001415,Sofia,Thomas,sofia.thomas384@example.com,+1-877-348-1560,2024-05-14 14:01:06,Germany,North,Corporate
CUST-001416,Carlos,Gomez,carlos.gomez650@example.com,+1-234-443-3652,2022-10-20 14:26:44,Mexico,North,Consumer
CUST-001417,Mateo,Taylor,mateo.taylor644@example.com,+1-791-615-8407,2023-01-20 07:49:19,Brazil,Central,Consumer
CUST-001418,Olivia,Lopez,olivia.lopez672@example.com,+1-986-726-6527,2023-07-27 12:16:44,Canada,East,Consumer
CUST-001419,Mateo,Thompson,mateo.thompson680@example.com,+1-298-884-6609,2024-07-23 18:53:55,Mexico,North,Corporate
CUST-001420,Diego,Gomez,diego.gomez97@example.com,+1-432-668-2820,2022-09-16 04:22:45,Uk,East,Consumer
CUST-001421,James, Anderson  ,james.anderson447@example.com,+1-766-284-9269,2024-07-15 06:38:55,Brazil,Central,Consumer
CUST-001422,David,Gomez,david.gomez752@example.com,+1-962-562-9611,2023-02-11 21:52:45,Spain,South,Consumer
CUST-001423,Valentina,Perez,valentina.perez820@example.com,+1-745-571-9838,2022-04-07 08:23:22,Germany,Central,Consumer
CUST-001424,Carlos,Lopez,carlos.lopez651@example.com,+1-849-833-4707,2022-12-06 05:32:09,Uk,Central,Consumer
CUST-001425,Emma,Wilson,emma.wilson983@example.com,+1-610-503-7386,2022-04-11 18:59:46,Brazil,West,Consumer
CUST-001426,Sofia,Anderson,sofia.anderson77@example.com,+1-457-925-6105,2022-01-01 07:36:01,Germany,Central,Consumer
CUST-001427,Maria,Smith,,+1-347-692-3625,2024-04-20 08:49:40,Brazil,South,Corporate
CUST-001428,Lucia,White,lucia.white255@example.com,+1-558-272-4707,2023-02-01 10:03:24,Canada,West,Consumer
CUST-001429,Camila,Martinez,camila.martinez455@example.com,+1-345-888-5513,2023-02-26 11:55:22,Usa,North,Consumer
CUST-001430,Valentina,Lopez,valentina.lopez238@example.com,+1-876-648-5895,2024-08-22 04:32:46,Uk,Central,Consumer
CUST-001431,Maria,Thomas,maria.thomas973@example.com,+1-241-590-5185,2023-07-12 04:06:29,Germany,West,Consumer
CUST-001432,Carlos,Lee,carlos.lee231@example.com,+1-735-305-2451,2023-08-20 21:57:57,Uk,East,Consumer
CUST-001433,Mateo,Jackson,mateo.jackson59@example.com,+1-853-307-5590,2024-05-13 10:02:38,Mexico,Central,Consumer
CUST-001434,Laura,Taylor,laura.taylor14@example.com,+1-303-930-8955,2022-06-20 08:50:16,Uk,West,Consumer
CUST-001435,Diego,Wilson,diego.wilson800@example.com,+1-925-699-7157,2022-08-01 22:05:11,Uk,West,Consumer
CUST-001436,John,White,john.white590@example.com,+1-297-320-4909,2022-07-21 13:07:57,Uk,Central,Consumer
CUST-001437,Lucia,Smith,lucia.smith663@example.com,+1-650-671-9564,2023-12-13 01:21:25,Brazil,West,Corporate
CUST-001438,Ana,Davis,ana.davis25@example.com,+1-845-536-2618,2023-01-06 10:38:29,Brazil,North,Corporate
CUST-001439,Laura,Taylor,laura.taylor361@example.com,+1-454-483-8307,2023-12-06 01:44:25,Mexico,West,Corporate
CUST-001440,Laura,Brown,laura.brown572@example.com,+1-989-760-6273,2023-03-05 14:36:41,Spain,East,Corporate
CUST-001441,Carlos,Lee,carlos.lee342@example.com,+1-560-831-9818,2022-07-02 08:17:08,Mexico,East,Consumer
CUST-001442,Maria,Moore,maria.moore637@example.com,+1-709-854-4050,2023-10-03 13:56:00,Canada,East,Home Office
CUST-001443,Mateo,Taylor,mateo.taylor826@example.com,,2023-11-22 06:08:11,Mexico,North,Consumer
CUST-001444,Camila,Anderson,camila.anderson718@example.com,+1-857-773-5853,2024-11-02 20:23:09,Uk,South,Consumer
CUST-001445,Maria,Davis,maria.davis93@example.com,+1-928-812-7629,2022-07-11 09:35:20,Canada,East,Consumer
CUST-001446,Lucia,Martinez,lucia.martinez107@example.com,+1-953-500-2346,2024-02-28 11:47:25,Canada,West,Corporate
CUST-001447,David,Thompson,david.thompson684@example.com,+1-480-226-9101,2022-11-14 08:10:21,Spain,South,Consumer
CUST-001448,David,Martin,david.martin149@example.com,+1-212-503-4992,2023-03-19 00:45:22,Spain,Central,Consumer
CUST-001449,Olivia,Jackson,olivia.jackson423@example.com,+1-390-731-7547,2023-01-29 22:50:15,Uk,West,Corporate
CUST-001450,James,Wilson,james.wilson380@example.com,+1-573-440-6245,2024-06-02 19:40:27,Mexico,North,Home Office
CUST-001451,Sofia,Thomas,sofia.thomas815@example.com,+1-751-792-3109,2023-05-21 03:31:04,Spain,Central,Corporate
CUST-001452,Sebastian,Thomas,sebastian.thomas827@example.com,+1-818-433-6707,,Uk,South,Consumer
CUST-001453,Camila,Smith,camila.smith634@example.com,+1-648-709-8146,2024-07-31 02:21:14,Canada,North,Consumer
CUST-001454,Sebastian,Smith,sebastian.smith489@example.com,+1-923-351-2044,2023-12-13 12:54:13,Usa,East,Consumer
CUST-001455,Ana,Harris,ana.harris442@example.com,+1-921-982-3184,2024-10-02 14:25:36,Canada,West,Consumer
CUST-001456,Pedro,Thomas,pedro.thomas584@example.com,+1-720-616-3363,,Germany,Central,Consumer
CUST-001457,Ana,Harris,ana.harris730@example.com,,2022-04-19 02:35:07,Uk,North,Consumer
CUST-001458,Carlos,Davis,carlos.davis616@example.com,+1-992-977-3938,2023-05-25 06:35:55,Usa,West,Corporate
CUST-001459,Marta,Garcia,marta.garcia969@example.com,+1-613-787-7347,2022-07-12 14:50:21,Brazil,West,Consumer
CUST-001460,Marta,Brown,marta.brown319@example.com,+1-563-381-8051,2022-07-16 09:10:31,Brazil,North,Consumer
CUST-001461,Lucia,Davis,lucia.davis360@example.com,+1-862-848-2336,2023-04-10 12:22:07,Brazil,North,Consumer
CUST-001462,Ana,Harris,ana.harris571@example.com,+1-260-899-7113,2022-05-05 03:28:36,Canada,North,Home Office
CUST-001463,Valentina,Gomez,valentina.gomez335@example.com,+1-593-513-1453,2022-01-10 20:40:59,Uk,East,Home Office
CUST-001464,Carlos,Davis,carlos.davis187@example.com,+1-748-423-6656,2024-10-17 03:31:49,Spain,South,Consumer
CUST-001465,Camila, Brown  ,camila.brown724@example.com,+1-990-381-9312,2024-06-21 05:25:10,Spain,West,Consumer
CUST-001466,Luis,Thompson,luis.thompson827@example.com,+1-519-498-2765,2022-09-04 12:42:31,Germany,South,Consumer
CUST-001467,Carlos,Lopez,carlos.lopez198@example.com,+1-817-358-6527,2024-10-16 16:33:14,Germany,Central,Corporate
CUST-001468,Olivia,Lopez,olivia.lopez347@example.com,+1-452-574-3316,2022-05-15 08:43:05,Spain,West,Consumer
CUST-001469,Lucia,Smith,lucia.smith61@example.com,+1-691-875-2618,2024-01-04 18:55:36,Usa,East,Home Office
CUST-001470,Camila,White,camila.white535@example.com,+1-603-975-9951,2024-12-25 23:25:05,Canada,East,Consumer
CUST-001471,Olivia,Davis,olivia.davis967@example.com,+1-841-636-7623,2023-08-23 15:50:34,Brazil,North,Consumer
CUST-001472,Mateo,Lopez,mateo.lopez575@example.com,+1-695-824-7370,2023-10-21 11:08:14,Brazil,East,Corporate
CUST-001473,Luis,Perez,,+1-291-514-9893,2022-03-27 06:18:42,Germany,East,Corporate
CUST-001474,Sebastian,Gomez,sebastian.gomez990@example.com,+1-510-594-4084,2022-04-07 12:48:26,Uk,North,Corporate
CUST-001475,Diego,Perez,diego.perez870@example.com,+1-382-720-7075,2024-12-09 01:37:41,Canada,North,Consumer
CUST-001476,Carlos,Rodriguez,carlos.rodriguez75@example.com,+1-931-408-9114,2023-10-18 07:31:37,Uk,Central,Consumer
CUST-001477,Lucia,Davis,lucia.davis947@example.com,+1-497-204-4938,2022-08-27 12:02:32,Canada,West,Corporate
CUST-001478,James, Moore  ,,+1-345-813-5033,2022-04-02 22:38:15,Germany,East,Home Office
CUST-001479,Diego,White,diego.white210@example.com,+1-869-954-5466,2023-09-27 14:53:55,Germany,North,Consumer
CUST-001480,Diego,Moore,diego.moore863@example.com,+1-394-997-8998,2023-07-24 09:13:36,Uk,North,Corporate
CUST-001481,Lucia,Smith,lucia.smith132@example.com,+1-878-906-4653,2024-07-08 02:34:03,Germany,North,Consumer
CUST-001482,Mateo,Garcia,mateo.garcia550@example.com,+1-535-371-5202,2023-01-11 14:29:53,Mexico,Central,Consumer
CUST-001483,Camila,Wilson,camila.wilson780@example.com,+1-322-604-4311,2022-08-11 03:08:58,Uk,West,Consumer
CUST-001484,Valentina,Smith,valentina.smith491@example.com,+1-311-314-4746,2024-08-18 01:23:04,Spain,West,Consumer
CUST-001485,Maria,Rodriguez,maria.rodriguez631@example.com,+1-579-648-3338,2024-06-11 16:05:36,Uk,North,Corporate
CUST-001486,Valentina,Davis,valentina.davis743@example.com,+1-525-244-1232,2023-03-07 05:33:36,Mexico,East,Home Office
CUST-001487,James,Martin,james.martin924@example.com,+1-859-257-7411,2023-02-15 13:50:11,Canada,East,Consumer
CUST-001488,David,Brown,david.brown344@example.com,+1-873-938-8190,2023-02-03 00:55:17,Spain,West,Consumer
CUST-001489,David,Harris,david.harris295@example.com,+1-770-364-3348,2024-12-18 19:55:12,Mexico,North,Consumer
CUST-001490,Maria,Jackson,maria.jackson548@example.com,+1-217-833-3783,2024-11-26 11:42:40,Mexico,North,Consumer
CUST-001491,John,Rodriguez,john.rodriguez391@example.com,+1-203-776-1957,2022-01-13 14:06:33,Spain,Central,Consumer
CUST-001492,David,Smith,david.smith21@example.com,,2022-06-01 10:17:03,Germany,Central,Consumer
CUST-001493,David,Lee,david.lee354@example.com,,2023-05-28 05:34:32,Brazil,Central,Home Office
CUST-001494,David,Martinez,david.martinez653@example.com,+1-948-378-7364,2023-08-11 09:21:53,Canada,East,Corporate
CUST-001495,Diego,Anderson,diego.anderson44@example.com,+1-670-620-9871,2022-10-22 08:15:51,Brazil,South,Corporate
CUST-001496,James,Davis,james.davis432@example.com,+1-627-671-8410,2024-04-11 16:09:41,Brazil,West,Consumer
CUST-001497,Marta,Moore,marta.moore741@example.com,+1-742-410-5030,2022-09-30 07:53:57,Germany,South,Consumer
CUST-001498,Andres,Taylor,andres.taylor562@example.com,+1-982-618-7140,2024-08-06 23:26:50,Mexico,South,Consumer
CUST-001499,Mateo,Lopez,mateo.lopez308@example.com,+1-993-838-7752,2024-07-15 01:51:09,Canada,South,Consumer
CUST-001500,Carlos,Moore,carlos.moore443@example.com,+1-384-653-1390,2024-11-25 07:31:00,Brazil,Central,Corporate
CUST-001501,Laura,White,laura.white657@example.com,+1-611-788-4240,2022-11-16 05:29:10,Brazil,East,Consumer
CUST-001502,Sofia,Lee,sofia.lee626@example.com,+1-981-827-9693,2023-10-10 22:52:04,Usa,North,Corporate
CUST-001503,Maria,Gomez,maria.gomez943@example.com,+1-254-539-2473,2022-01-18 11:24:24,Mexico,South,Corporate
CUST-001504,Emma,Anderson,emma.anderson372@example.com,+1-838-523-8317,2022-05-16 17:17:50,Mexico,South,Consumer
CUST-001505,John,Thompson,john.thompson923@example.com,+1-355-367-7802,2022-11-24 04:18:44,Uk,Central,Consumer
CUST-001506,Sebastian,Thompson,sebastian.thompson717@example.com,+1-487-906-5086,2024-08-19 04:07:38,Germany,South,Home Office
CUST-001507,John,Smith,,+1-590-684-7215,2022-10-05 17:21:45,Canada,North,Consumer
CUST-001508,James,Martin,james.martin459@example.com,+1-220-703-6633,2023-01-08 12:22:15,Usa,East,Consumer
CUST-001509,Sofia,Harris,sofia.harris694@example.com,+1-603-353-2818,2023-09-07 07:10:38,Germany,East,Consumer
CUST-001510,Maria,Taylor,maria.taylor17@example.com,+1-836-804-7844,2024-10-10 06:09:19,Mexico,East,Consumer
CUST-001511,Laura,Perez,laura.perez502@example.com,+1-526-370-1852,2022-02-18 23:38:38,Canada,East,Consumer
CUST-001512,Diego,Thomas,diego.thomas280@example.com,+1-967-977-8505,2022-03-24 02:55:17,Mexico,Central,Consumer
CUST-001513,Andres,Gomez,andres.gomez310@example.com,+1-589-404-8702,2022-02-09 13:50:09,Brazil,North,Corporate
CUST-001514,Laura,Moore,laura.moore376@example.com,+1-724-634-7671,2023-11-19 12:27:23,Canada,East,Corporate
CUST-001515,Sebastian,Davis,sebastian.davis289@example.com,+1-473-285-8370,2024-09-28 03:05:14,Spain,East,Home Office
CUST-001516,John,Gomez,john.gomez826@example.com,,2022-09-21 02:42:33,Canada,East,Consumer
CUST-001517,Camila,Rodriguez,camila.rodriguez885@example.com,+1-277-209-1220,2022-06-28 12:25:13,Spain,Central,Consumer
CUST-001518,Camila,Martin,camila.martin805@example.com,+1-880-308-2998,2023-11-09 02:02:41,Germany,South,Consumer
CUST-001519,Maria,Brown,maria.brown736@example.com,+1-293-203-8093,2022-07-07 08:29:09,Canada,North,Corporate
CUST-001520,Lucia,Thomas,lucia.thomas198@example.com,+1-687-402-9115,2024-12-20 22:02:38,Germany,South,Consumer
CUST-001521,Camila, Smith  ,camila.smith190@example.com,+1-719-206-2303,2024-06-25 06:24:09,Canada,East,Consumer
CUST-001522,Sebastian,White,sebastian.white717@example.com,+1-326-919-2241,2023-01-23 06:51:07,Canada,East,Corporate
CUST-001523,David,Brown,david.brown651@example.com,+1-806-503-7754,2024-03-19 18:26:48,Germany,East,Consumer
CUST-001524,Laura,Taylor,laura.taylor544@example.com,+1-207-870-5123,2023-05-09 10:14:50,Spain,South,Consumer
CUST-001525,Maria,Lee,maria.lee925@example.com,+1-950-261-8046,2023-12-06 02:54:39,Germany,West,Consumer
CUST-001526,Maria,Thomas,maria.thomas715@example.com,+1-897-820-2079,2024-01-11 20:43:26,Mexico,East,Consumer
CUST-001527,Mateo,Taylor,mateo.taylor308@example.com,+1-981-700-6135,2024-10-20 19:52:34,Germany,South,Consumer
CUST-001528,Carlos,Smith,carlos.smith420@example.com,+1-676-672-6314,2023-12-24 14:40:53,Brazil,West,Consumer
CUST-001529,Sofia,Moore,sofia.moore973@example.com,+1-225-342-6189,2024-05-09 13:53:18,Spain,South,Consumer
CUST-001530,Ana,Jackson,ana.jackson155@example.com,+1-807-388-4555,2022-12-20 03:27:11,Usa,West,Consumer
CUST-001531,Laura,Thomas,laura.thomas23@example.com,+1-709-601-3593,2023-02-10 11:03:03,Spain,Central,Consumer
CUST-001532,Emma,Lee,emma.lee444@example.com,+1-645-363-8984,2024-10-19 02:10:32,Mexico,North,Consumer
CUST-001533,Marta,Lee,marta.lee145@example.com,+1-440-731-9097,2023-08-16 07:52:44,Brazil,West,Consumer
CUST-001534,Pedro,Brown,,+1-518-900-8028,2023-11-25 22:16:07,Usa,Central,Consumer
CUST-001535,Pedro,Thomas,pedro.thomas827@example.com,+1-905-331-7054,2024-02-04 20:34:58,Brazil,North,Consumer
CUST-001536,James,Jackson,james.jackson215@example.com,+1-534-904-4824,2023-05-20 11:22:44,Germany,West,Corporate
CUST-001537,Sebastian,Thomas,sebastian.thomas716@example.com,+1-399-330-6272,2023-11-10 23:02:06,Uk,South,Corporate
CUST-001538,Andres,Rodriguez,andres.rodriguez501@example.com,+1-776-681-1317,2023-05-26 11:24:45,Uk,North,Consumer
CUST-001539,Sofia,Harris,sofia.harris84@example.com,+1-741-702-8580,2023-10-21 21:56:23,Germany,East,Consumer
CUST-001540,Lucia,Davis,lucia.davis729@example.com,+1-346-572-1967,2023-07-20 17:14:54,Canada,South,Corporate
CUST-001541,Marta,Taylor,marta.taylor576@example.com,+1-349-479-6243,2024-09-15 17:38:50,Mexico,Central,Home Office
CUST-001542,Emma,Davis,,+1-951-262-4193,2022-09-04 19:03:36,Spain,Central,Consumer
CUST-001543,Lucia,Jackson,lucia.jackson306@example.com,+1-467-409-3360,2022-01-23 10:46:50,Usa,North,Corporate
CUST-001544,Diego,Garcia,diego.garcia477@example.com,+1-994-351-8318,2024-01-25 22:47:16,Brazil,Central,Consumer
CUST-001545,Olivia,Thomas,olivia.thomas960@example.com,+1-480-666-5521,2022-08-09 07:12:03,Germany,Central,Consumer
CUST-001546,Carlos,White,carlos.white331@example.com,+1-217-326-1858,2022-09-21 11:53:19,Uk,West,Consumer
CUST-001547,Marta,Moore,marta.moore644@example.com,+1-644-861-6306,2022-02-22 14:24:03,Canada,East,Corporate
CUST-001548,Luis,Anderson,luis.anderson580@example.com,,2023-10-26 18:37:50,Usa,South,Consumer
CUST-001549,Maria,Martinez,maria.martinez105@example.com,+1-735-367-4850,2022-11-07 03:20:40,Spain,East,Home Office
CUST-001550,Marta,Garcia,marta.garcia352@example.com,+1-968-271-9068,2024-04-25 14:35:02,Uk,North,Consumer
CUST-001551,Lucia,Martinez,lucia.martinez834@example.com,+1-412-659-3606,2022-07-03 04:11:45,Spain,East,Consumer
CUST-001552,Luis,Thompson,luis.thompson54@example.com,+1-858-914-4694,2022-02-19 17:25:43,Usa,North,Consumer
CUST-001553,David,Martinez,david.martinez513@example.com,+1-527-530-7349,2022-10-09 23:05:42,Germany,West,Consumer
CUST-001554,Pedro,Lee,pedro.lee686@example.com,+1-931-913-7798,2022-02-18 20:01:33,Usa,North,Consumer
CUST-001555,Luis,Davis,luis.davis597@example.com,+1-703-207-6724,2023-04-16 02:56:07,Uk,East,Consumer
CUST-001556,Carlos,Moore,carlos.moore156@example.com,+1-749-207-5610,2023-03-12 09:40:18,Uk,East,Consumer
CUST-001557,Carlos,Davis,carlos.davis343@example.com,+1-400-534-5265,2023-06-09 14:17:43,Usa,East,Consumer
CUST-001558,Olivia,Harris,olivia.harris789@example.com,+1-615-409-4028,2024-11-14 04:06:10,Usa,West,Corporate
CUST-001559,Emma, Davis  ,emma.davis853@example.com,+1-906-890-4511,2023-09-04 21:35:59,Spain,East,Consumer
CUST-001560,Luis,Rodriguez,luis.rodriguez223@example.com,,2023-06-01 00:27:00,Canada,South,Home Office
CUST-001561,Emma,Lee,emma.lee738@example.com,+1-535-668-7402,2024-03-06 21:54:40,Spain,South,Home Office
CUST-001562,Mateo,Thompson,mateo.thompson815@example.com,+1-883-454-2272,2023-08-08 22:26:28,Usa,North,Home Office
CUST-001563,Andres,Smith,andres.smith970@example.com,+1-480-200-5971,2022-01-23 16:12:14,Brazil,Central,Home Office
CUST-001564,John,Smith,john.smith221@example.com,+1-861-395-7933,2024-01-24 13:34:26,Usa,East,Consumer
CUST-001565,Ana,Anderson,ana.anderson921@example.com,+1-322-509-3323,2022-03-13 09:33:55,Brazil,South,Consumer
CUST-001566,Ana,Lee,ana.lee15@example.com,+1-315-288-4847,2022-12-24 16:34:29,Spain,Central,Corporate
CUST-001567,Laura,Wilson,laura.wilson720@example.com,+1-776-691-2036,2022-02-16 05:34:52,Canada,North,Consumer
CUST-001568,Lucia,Gomez,lucia.gomez510@example.com,+1-642-676-7757,2022-03-18 06:22:20,Usa,Central,Home Office
CUST-001569,Maria,Wilson,maria.wilson737@example.com,+1-690-407-5379,2023-07-31 00:53:19,Germany,East,Home Office
CUST-001570,Emma,Rodriguez,emma.rodriguez830@example.com,+1-201-865-1722,2024-07-06 20:30:21,Spain,West,Consumer
CUST-001571,Mateo,Rodriguez,mateo.rodriguez294@example.com,+1-572-290-7017,2022-04-07 16:36:42,Spain,West,Consumer
CUST-001572,James,Taylor,james.taylor329@example.com,+1-952-854-6681,2022-10-26 14:49:06,Canada,Central,Consumer
CUST-001573,Olivia,Taylor,olivia.taylor152@example.com,+1-888-969-9102,2023-08-22 19:44:36,Brazil,East,Home Office
CUST-001574,Maria,Harris,maria.harris907@example.com,+1-340-540-6876,2023-06-03 23:30:02,Brazil,West,Corporate
CUST-001575,Carlos,Smith,carlos.smith519@example.com,+1-840-348-6597,2023-12-05 19:40:06,Germany,South,Home Office
CUST-001576,Camila,Martinez,camila.martinez845@example.com,+1-909-605-2339,2023-02-26 15:15:16,Usa,Central,Consumer
CUST-001577,Valentina,Lopez,valentina.lopez261@example.com,+1-763-880-3698,2022-01-09 08:15:24,Germany,East,Consumer
CUST-001578,Marta,Taylor,marta.taylor536@example.com,+1-872-602-4589,2024-03-19 21:00:31,Mexico,West,Corporate
CUST-001579,John,Rodriguez,john.rodriguez160@example.com,+1-910-971-4085,2024-07-18 00:01:18,Spain,Central,Corporate
CUST-001580,Mateo,Martinez,,+1-513-447-7653,2022-05-28 11:01:36,Spain,South,Consumer
CUST-001581,John,Davis,john.davis17@example.com,+1-231-502-2983,2022-02-18 07:32:23,Canada,North,Consumer
CUST-001582,Olivia,Lopez,olivia.lopez968@example.com,+1-566-877-7602,2024-05-14 00:23:05,Germany,Central,Consumer
CUST-001583,Lucia,Taylor,lucia.taylor312@example.com,+1-638-834-8838,2023-03-03 23:07:39,Uk,Central,Consumer
CUST-001584,Mateo,Smith,mateo.smith328@example.com,+1-559-231-5190,2024-10-20 17:14:35,Spain,West,Corporate
CUST-001585,John,Jackson,john.jackson972@example.com,+1-901-702-1447,2023-12-20 13:50:03,Usa,West,Corporate
CUST-001586,Maria,Lee,maria.lee557@example.com,+1-294-284-5020,2023-06-01 22:59:05,Usa,West,Consumer
CUST-001587,Marta,Rodriguez,marta.rodriguez36@example.com,+1-530-517-8392,2024-08-19 07:53:04,Uk,West,Consumer
CUST-001588,Sofia, White  ,sofia.white958@example.com,+1-718-655-2132,2022-02-27 18:16:47,Canada,West,Consumer
CUST-001589,Camila,Moore,camila.moore260@example.com,+1-799-320-9466,2022-04-10 17:52:49,Canada,West,Consumer
CUST-001590,Carlos,Smith,carlos.smith616@example.com,+1-539-636-2796,2023-08-18 05:38:09,Spain,North,Consumer
CUST-001591,Mateo,Rodriguez,mateo.rodriguez397@example.com,+1-994-962-3893,2022-01-12 13:42:57,Usa,East,Consumer
CUST-001592,Marta,White,marta.white235@example.com,+1-930-655-2902,2024-10-07 03:41:48,Canada,South,Consumer
CUST-001593,Andres,White,andres.white449@example.com,,2022-02-18 00:44:51,Germany,Central,Home Office
CUST-001594,James,Thompson,james.thompson429@example.com,+1-685-234-5569,2022-08-06 15:53:05,Uk,West,Consumer
CUST-001595,Maria,Wilson,maria.wilson487@example.com,+1-610-719-4985,2024-01-03 05:00:25,Usa,North,Consumer
CUST-001596,Camila,Brown,camila.brown457@example.com,+1-875-759-7116,2023-02-07 20:17:35,Mexico,West,Consumer
CUST-001597,Carlos,White,carlos.white119@example.com,+1-773-240-4805,2024-04-26 07:22:15,Canada,East,Consumer
CUST-001598,Lucia,Gomez,lucia.gomez62@example.com,+1-722-212-2847,2024-02-01 19:05:55,Germany,East,Consumer
CUST-001599,Ana, Anderson  ,ana.anderson328@example.com,+1-449-691-4498,2022-10-08 06:52:08,Germany,West,Consumer
CUST-001600,Emma,Lopez,emma.lopez398@example.com,+1-766-848-9870,2022-12-20 02:34:55,Canada,South,Home Office
CUST-001601,Sofia,Garcia,sofia.garcia526@example.com,+1-274-779-3698,2024-09-05 08:59:43,Germany,West,Corporate
CUST-001602,James,Rodriguez,james.rodriguez417@example.com,+1-261-970-8075,2023-06-22 01:33:44,Spain,East,Corporate
CUST-001603,Ana,Davis,ana.davis401@example.com,+1-660-820-4681,2024-02-05 04:38:08,Brazil,Central,Home Office
CUST-001604,Valentina,Jackson,valentina.jackson248@example.com,+1-813-733-5712,2022-11-19 18:06:00,Spain,North,Consumer
CUST-001605,Ana,Jackson,ana.jackson576@example.com,+1-286-921-3384,2022-05-16 23:21:09,Usa,East,Consumer
CUST-001606,Laura,Martin,laura.martin311@example.com,+1-748-819-6359,2023-12-01 11:13:08,Spain,West,Consumer
CUST-001607,Lucia, White  ,lucia.white481@example.com,+1-545-293-9022,2022-10-09 12:28:00,Uk,Central,Corporate
CUST-001608,Maria,Wilson,maria.wilson957@example.com,+1-477-495-9413,2023-07-04 08:17:43,Mexico,East,Home Office
CUST-001609,Camila,Davis,camila.davis996@example.com,+1-513-396-6488,2023-12-15 18:50:52,Germany,West,Consumer
CUST-001610,Andres,Jackson,andres.jackson787@example.com,+1-827-342-5833,2023-01-21 06:54:59,Germany,East,Corporate
CUST-001611,Sebastian,Thomas,sebastian.thomas818@example.com,+1-673-795-9521,2023-02-23 06:18:49,Usa,East,Corporate
CUST-001612,Emma,Harris,emma.harris188@example.com,+1-863-708-7143,2023-11-22 08:56:35,Brazil,West,Corporate
CUST-001613,Camila,Martin,camila.martin150@example.com,+1-460-820-2180,2023-12-01 09:11:40,Usa,West,Corporate
CUST-001614,Lucia,Gomez,lucia.gomez194@example.com,+1-460-706-8450,2022-05-17 20:02:54,Uk,East,Consumer
CUST-001615,Diego,Davis,diego.davis53@example.com,+1-637-843-9020,2023-06-29 21:40:23,Usa,West,Consumer
CUST-001616,Marta,Lopez,marta.lopez186@example.com,+1-325-570-1892,2022-10-14 01:29:38,Spain,North,Consumer
CUST-001617,Sebastian,Thompson,sebastian.thompson131@example.com,+1-298-960-7934,2023-07-04 07:27:35,Usa,Central,Consumer
CUST-001618,John,Thomas,john.thomas292@example.com,+1-640-446-4776,2023-07-22 08:01:33,Uk,Central,Consumer
CUST-001619,Laura,Thompson,laura.thompson861@example.com,+1-442-355-1376,2023-12-26 20:09:35,Uk,East,Corporate
CUST-001620,Carlos,Moore,carlos.moore555@example.com,+1-831-217-3627,2023-02-21 03:19:10,Uk,Central,Home Office
CUST-001621,Laura,Lee,laura.lee98@example.com,+1-452-616-4620,2022-09-13 08:48:42,Brazil,Central,Consumer
CUST-001622,Carlos,Rodriguez,carlos.rodriguez110@example.com,+1-203-444-6054,2023-07-27 15:50:41,Uk,Central,Corporate
CUST-001623,Olivia,Davis,olivia.davis103@example.com,+1-283-618-8276,2023-04-21 16:06:42,Canada,West,Home Office
CUST-001624,Lucia,Gomez,lucia.gomez211@example.com,+1-889-703-8154,2023-07-11 19:04:33,Mexico,East,Consumer
CUST-001625,Valentina,Harris,,+1-652-821-4366,2024-03-05 13:34:44,Canada,North,Corporate
CUST-001626,Lucia, Brown  ,lucia.brown213@example.com,+1-423-521-6787,2024-04-07 14:44:57,Mexico,South,Corporate
CUST-001627,David,Moore,david.moore984@example.com,+1-224-902-4998,2024-08-19 23:30:03,Germany,North,Consumer
CUST-001628,Ana,Moore,ana.moore369@example.com,+1-590-220-9043,2023-12-08 15:53:05,Germany,West,Home Office
CUST-001629,Maria,Jackson,maria.jackson357@example.com,+1-434-475-7006,2023-06-07 09:27:40,Brazil,South,Consumer
CUST-001630,Camila,Perez,camila.perez830@example.com,+1-400-237-7249,2024-12-23 13:16:25,Usa,South,Consumer
CUST-001631,Carlos,Garcia,carlos.garcia257@example.com,+1-281-737-5180,2022-04-13 16:29:48,Canada,East,Consumer
CUST-001632,Diego,Wilson,diego.wilson235@example.com,+1-619-519-3730,2023-01-16 18:57:04,Usa,South,Home Office
CUST-001633,Andres,Smith,andres.smith296@example.com,,2022-12-27 06:06:50,Canada,North,Corporate
CUST-001634,Emma,Harris,emma.harris69@example.com,+1-991-303-5408,2022-06-07 06:30:26,Uk,North,Corporate
CUST-001635,Sebastian,Taylor,sebastian.taylor157@example.com,+1-746-391-5024,2023-01-02 00:19:06,Mexico,South,Corporate
CUST-001636,Valentina,Gomez,valentina.gomez517@example.com,+1-258-603-3211,2024-10-22 06:04:49,Usa,West,Consumer
CUST-001637,Sofia,Rodriguez,sofia.rodriguez588@example.com,+1-485-673-5027,2024-01-23 16:33:50,Canada,North,Corporate
CUST-001638,Carlos,Harris,carlos.harris69@example.com,+1-586-339-1009,2022-03-28 10:27:24,Brazil,Central,Corporate
CUST-001639,Lucia,Thompson,lucia.thompson911@example.com,+1-737-677-9514,2024-04-07 12:53:11,Spain,Central,Consumer
CUST-001640,Lucia,Wilson,lucia.wilson960@example.com,+1-617-370-9243,2024-12-08 18:11:40,Canada,North,Consumer
CUST-001641,Andres,Taylor,andres.taylor119@example.com,+1-818-622-7268,2023-09-04 13:41:15,Mexico,East,Consumer
CUST-001642,Mateo,Davis,mateo.davis221@example.com,+1-645-993-3411,2022-02-02 16:22:54,Spain,Central,Corporate
CUST-001643,Sofia,Anderson,sofia.anderson251@example.com,+1-345-216-4720,2024-03-22 15:59:04,Mexico,West,Consumer
CUST-001644,Olivia,Taylor,olivia.taylor475@example.com,+1-333-625-1841,2023-02-24 08:56:00,Canada,North,Consumer
CUST-001645,Luis,Taylor,luis.taylor932@example.com,+1-595-869-8100,2024-08-10 02:50:39,Uk,East,Consumer
CUST-001646,Valentina,Thompson,valentina.thompson42@example.com,+1-690-269-6775,2024-09-04 12:04:04,Canada,East,Home Office
CUST-001647,Carlos,Gomez,carlos.gomez150@example.com,+1-962-928-5417,2022-07-27 02:10:49,Usa,Central,Consumer
CUST-001648,Valentina,Taylor,valentina.taylor460@example.com,+1-613-542-8541,2022-02-19 12:37:52,Uk,East,Consumer
CUST-001649,Luis,Perez,luis.perez905@example.com,+1-648-976-8987,2022-09-10 15:46:47,Spain,Central,Consumer
CUST-001650,Sebastian,White,sebastian.white69@example.com,+1-357-586-6409,2024-11-02 16:00:53,Germany,East,Consumer
CUST-001651,Emma,Garcia,emma.garcia283@example.com,+1-603-425-1686,2024-02-26 01:36:08,Mexico,North,Home Office
CUST-001652,Emma,Jackson,emma.jackson428@example.com,+1-355-637-9962,2023-02-01 20:41:13,Mexico,South,Consumer
CUST-001653,Maria,Brown,maria.brown272@example.com,+1-944-694-2082,2022-03-18 07:58:37,Brazil,South,Home Office
CUST-001654,Mateo,Lopez,mateo.lopez686@example.com,+1-670-550-7096,2022-06-13 17:04:23,Mexico,Central,Consumer
CUST-001655,Marta,Thomas,marta.thomas160@example.com,+1-883-898-9520,2024-12-14 10:09:24,Spain,Central,Corporate
CUST-001656,David,Rodriguez,david.rodriguez445@example.com,+1-694-478-6376,2022-02-15 18:31:34,Mexico,West,Home Office
CUST-001657,Lucia,Smith,lucia.smith821@example.com,+1-463-309-3424,2023-09-08 20:12:26,Canada,South,Home Office
CUST-001658,David,Martin,david.martin949@example.com,+1-300-914-9883,2022-11-10 18:25:01,Mexico,West,Corporate
CUST-001659,Diego, White  ,diego.white307@example.com,+1-283-448-3661,2023-11-10 22:41:05,Brazil,North,Corporate
CUST-001660,Luis,Jackson,luis.jackson835@example.com,+1-642-357-7786,2024-04-11 17:13:39,Usa,East,Home Office
CUST-001661,John,Anderson,john.anderson499@example.com,+1-703-605-4506,2023-04-28 14:45:25,Brazil,South,Consumer
CUST-001662,Andres,Brown,andres.brown164@example.com,+1-812-534-7174,2023-11-20 03:01:03,Usa,North,Consumer
CUST-001663,Ana,Martinez,ana.martinez505@example.com,+1-294-914-3488,2024-05-27 01:52:11,Usa,West,Consumer
CUST-001664,Sofia,Anderson,sofia.anderson696@example.com,+1-902-916-6853,2024-01-22 20:49:32,Usa,North,Consumer
CUST-001665,Pedro,Thomas,pedro.thomas40@example.com,+1-796-284-1647,2022-07-24 22:22:05,Usa,South,Corporate
CUST-001666,Lucia,Lee,lucia.lee274@example.com,+1-807-498-9619,2022-08-09 02:36:35,Spain,Central,Consumer
CUST-001667,Maria,Martin,maria.martin162@example.com,+1-858-994-9435,2023-06-17 03:29:58,Brazil,Central,Consumer
CUST-001668,Pedro,Smith,pedro.smith873@example.com,+1-546-880-3667,2024-03-16 17:12:32,Spain,West,Consumer
CUST-001669,Valentina,Anderson,valentina.anderson670@example.com,+1-922-610-7848,2023-08-25 08:33:38,Spain,East,Corporate
CUST-001670,Emma,Rodriguez,emma.rodriguez153@example.com,+1-920-358-1602,2024-08-02 02:53:34,Usa,Central,Home Office
CUST-001671,Sofia,Lopez,sofia.lopez130@example.com,+1-352-940-2203,2024-07-08 10:17:04,Spain,East,Corporate
CUST-001672,Camila,Rodriguez,camila.rodriguez446@example.com,+1-619-325-5956,2024-09-13 07:38:15,Brazil,North,Consumer
CUST-001673,Lucia,Davis,lucia.davis68@example.com,+1-250-232-5131,2023-12-08 14:11:00,Canada,West,Consumer
CUST-001674,Lucia, Thomas  ,lucia.thomas137@example.com,+1-534-963-7919,2024-07-09 23:58:18,Mexico,Central,Home Office
CUST-001675,Carlos,Gomez,carlos.gomez978@example.com,+1-456-625-2527,2022-12-03 17:43:38,Mexico,South,Consumer
CUST-001676,Sofia,Rodriguez,sofia.rodriguez619@example.com,+1-707-484-4313,2024-11-16 06:34:20,Brazil,North,Corporate
CUST-001677,James,Thomas,james.thomas346@example.com,+1-202-307-8910,2024-02-03 18:14:37,Canada,South,Consumer
CUST-001678,Valentina,Wilson,valentina.wilson401@example.com,+1-741-804-4222,2024-12-23 15:50:08,Spain,Unknown,Consumer
CUST-001679,Camila,Thompson,camila.thompson552@example.com,+1-973-667-1729,2023-08-18 10:21:28,Mexico,North,Consumer
CUST-001680,Maria,Lee,maria.lee952@example.com,+1-674-823-4783,2024-05-04 11:28:31,Spain,Central,Consumer
CUST-001681,Laura,Anderson,laura.anderson837@example.com,+1-434-884-5163,2022-03-21 14:22:28,Mexico,North,Consumer
CUST-001682,Luis,Rodriguez,luis.rodriguez245@example.com,+1-606-202-8045,2024-07-09 01:44:20,Usa,East,Consumer
CUST-001683,Sebastian,Jackson,sebastian.jackson514@example.com,+1-950-985-6016,2022-02-03 21:51:15,Germany,North,Consumer
CUST-001684,Camila,Davis,camila.davis678@example.com,+1-765-494-2898,2024-12-29 08:33:00,Brazil,Central,Corporate
CUST-001685,Carlos,Thompson,carlos.thompson15@example.com,+1-901-639-2305,2023-02-15 11:58:13,Germany,South,Home Office
CUST-001686,Ana,Lopez,ana.lopez954@example.com,+1-967-948-5230,2022-09-23 06:09:14,Germany,East,Corporate
CUST-001687,Diego,Brown,diego.brown209@example.com,+1-946-367-6921,2024-05-23 03:33:13,Spain,East,Consumer
CUST-001688,Sebastian,Thompson,sebastian.thompson79@example.com,+1-359-324-1054,2022-05-21 08:43:18,Usa,East,Home Office
CUST-001689,John,Martin,john.martin125@example.com,+1-712-984-9758,2023-11-23 16:56:27,Uk,North,Consumer
CUST-001690,Andres,Wilson,andres.wilson365@example.com,+1-294-561-3890,2022-06-20 14:07:20,Spain,South,Consumer
CUST-001691,Laura,Gomez,laura.gomez65@example.com,+1-366-349-6604,2022-06-26 05:50:16,Uk,Central,Consumer
CUST-001692,James,Gomez,james.gomez874@example.com,+1-598-974-8084,2023-11-28 03:46:15,Spain,Central,Corporate
CUST-001693,Lucia,Davis,lucia.davis195@example.com,+1-835-852-8920,2022-12-10 21:20:54,Germany,North,Home Office
CUST-001694,David,Lee,david.lee397@example.com,+1-529-857-7043,2024-07-26 07:14:58,Usa,North,Consumer
CUST-001695,Ana,White,ana.white18@example.com,+1-880-581-6549,2023-12-29 15:07:44,Germany,North,Home Office
CUST-001696,Olivia,Garcia,olivia.garcia864@example.com,+1-298-808-9528,2022-10-02 20:26:25,Spain,North,Consumer
CUST-001697,Mateo,Lee,mateo.lee123@example.com,+1-839-233-6194,2023-11-29 08:57:28,Mexico,Central,Corporate
CUST-001698,Pedro,Smith,pedro.smith57@example.com,+1-507-880-3243,2022-08-07 09:24:13,Spain,West,Home Office
CUST-001699,Laura,Thomas,laura.thomas77@example.com,+1-743-572-2230,2024-04-23 18:08:31,Mexico,East,Consumer
CUST-001700,Ana,Anderson,ana.anderson190@example.com,+1-928-295-3251,2023-11-03 19:06:46,Uk,Central,Home Office
CUST-001701,James,Lopez,james.lopez999@example.com,+1-470-986-6468,2022-07-14 11:35:21,Usa,South,Consumer
CUST-001702,Camila,Garcia,camila.garcia51@example.com,+1-483-518-9868,2023-04-20 02:54:01,Spain,Central,Home Office
CUST-001703,Sebastian,Anderson,sebastian.anderson103@example.com,+1-613-970-1667,2023-09-02 11:21:20,Brazil,North,Corporate
CUST-001704,Laura,Smith,laura.smith71@example.com,+1-296-802-1065,2022-10-08 03:53:22,Brazil,Unknown,Consumer
CUST-001705,James,Moore,james.moore271@example.com,+1-362-805-5056,2022-08-07 02:59:09,Mexico,South,Consumer
CUST-001706,Camila,Lopez,camila.lopez482@example.com,+1-423-946-3075,2022-02-04 06:09:59,Germany,Central,Consumer
CUST-001707,Diego,Gomez,diego.gomez897@example.com,+1-479-790-4072,2024-12-07 17:56:12,Uk,South,Consumer
CUST-001708,Emma,Harris,emma.harris198@example.com,+1-740-499-6640,2024-03-06 04:57:33,Brazil,Central,Consumer
CUST-001709,Camila,Anderson,camila.anderson256@example.com,+1-831-327-7884,2023-07-06 09:17:03,Germany,Central,Consumer
CUST-001710,John,Moore,john.moore765@example.com,+1-459-907-3100,2023-01-27 20:59:38,Canada,Central,Consumer
CUST-001711,David,Martinez,david.martinez237@example.com,+1-455-962-1762,2022-03-24 02:37:43,Germany,West,Consumer
CUST-001712,Emma,Wilson,emma.wilson589@example.com,+1-202-867-4443,2022-08-19 04:01:59,Spain,North,Consumer
CUST-001713,Marta,Davis,marta.davis148@example.com,+1-350-941-3019,2024-07-04 13:25:33,Mexico,West,Consumer
CUST-001714,Valentina,Wilson,valentina.wilson680@example.com,+1-406-850-3390,2024-06-27 07:31:43,Brazil,East,Consumer
CUST-001715,David,Lee,david.lee972@example.com,+1-480-647-1801,2024-09-28 09:10:44,Usa,West,Consumer
CUST-001716,Luis,Smith,luis.smith537@example.com,+1-496-408-7773,2024-07-28 04:01:12,Mexico,South,Consumer
CUST-001717,Carlos,Jackson,carlos.jackson485@example.com,+1-980-742-2069,2022-01-29 21:21:11,Brazil,East,Consumer
CUST-001718,David,Martin,david.martin705@example.com,+1-482-688-7399,2023-02-16 09:49:02,Canada,West,Consumer
CUST-001719,Sofia,Gomez,sofia.gomez661@example.com,+1-697-593-4586,2023-04-26 20:05:18,Uk,South,Consumer
CUST-001720,James,Perez,james.perez707@example.com,+1-301-478-9462,2023-06-06 11:17:40,Germany,West,Consumer
CUST-001721,Camila,Lopez,camila.lopez921@example.com,+1-489-458-5002,2023-05-10 20:14:30,Spain,Central,Consumer
CUST-001722,Valentina,Brown,valentina.brown542@example.com,+1-203-352-1320,2024-10-14 11:55:09,Spain,Central,Consumer
CUST-001723,Marta,Gomez,marta.gomez199@example.com,+1-391-311-6019,2024-09-12 15:28:05,Mexico,East,Consumer
CUST-001724,Lucia,Harris,lucia.harris99@example.com,+1-589-683-4215,2024-01-01 08:54:57,Mexico,North,Home Office
CUST-001725,James,Lee,james.lee546@example.com,+1-541-704-4728,2023-05-09 15:41:08,Uk,North,Corporate
CUST-001726,John, White  ,john.white237@example.com,+1-620-244-4358,2022-10-08 17:00:21,Brazil,Central,Home Office
CUST-001727,Maria,Lopez,maria.lopez736@example.com,+1-338-426-4514,2024-06-22 07:57:15,Mexico,North,Consumer
CUST-001728,Ana,White,ana.white124@example.com,+1-487-858-8370,2024-04-17 07:36:45,Usa,East,Home Office
CUST-001729,Andres,Lopez,andres.lopez825@example.com,+1-456-812-9796,2022-07-11 22:54:18,Spain,South,Consumer
CUST-001730,Laura,Thompson,laura.thompson674@example.com,+1-975-912-1104,2022-12-09 17:49:26,Spain,South,Corporate
CUST-001731,Marta,Lopez,marta.lopez516@example.com,+1-796-434-5549,2022-07-01 00:00:12,Brazil,East,Home Office
CUST-001732,Olivia,Thompson,olivia.thompson28@example.com,+1-956-299-1349,2022-12-03 10:01:18,Canada,South,Corporate
CUST-001733,David,Smith,david.smith201@example.com,+1-414-402-3172,2023-01-03 10:44:26,Brazil,North,Corporate
CUST-001734,David,Harris,david.harris33@example.com,+1-320-943-4345,2022-10-03 13:20:56,Germany,East,Corporate
CUST-001735,Diego,Martinez,diego.martinez854@example.com,+1-362-685-7194,2022-05-10 00:16:39,Canada,East,Consumer
CUST-001736,Carlos,Jackson,carlos.jackson87@example.com,+1-982-361-4469,2022-08-11 02:39:56,Canada,West,Consumer
CUST-001737,David,Brown,david.brown731@example.com,+1-732-930-9697,2023-06-30 21:32:33,Uk,East,Home Office
CUST-001738,Carlos,Harris,carlos.harris677@example.com,+1-780-420-8357,2024-12-27 15:28:10,Canada,Central,Corporate
CUST-001739,Olivia,Wilson,olivia.wilson267@example.com,+1-820-419-1328,2023-10-09 07:08:45,Brazil,East,Consumer
CUST-001740,Sebastian,Martin,sebastian.martin896@example.com,+1-795-318-3077,2022-07-06 01:57:30,Canada,Central,Home Office
CUST-001741,John,Thompson,john.thompson405@example.com,+1-865-794-3215,2024-09-08 01:55:24,Uk,South,Consumer
CUST-001742,David,Martinez,david.martinez930@example.com,+1-251-720-9907,2023-05-08 02:42:01,Canada,Central,Consumer
CUST-001743,Marta,Perez,marta.perez266@example.com,+1-467-540-9993,2022-07-11 04:57:29,Spain,South,Consumer
CUST-001744,Mateo,Davis,mateo.davis823@example.com,+1-425-915-2464,2022-10-14 18:51:29,Canada,Central,Consumer
CUST-001745,Diego, Thompson  ,diego.thompson756@example.com,+1-978-529-8551,2022-06-14 05:59:38,Germany,East,Home Office
CUST-001746,Marta,Gomez,marta.gomez784@example.com,+1-211-998-1447,2022-03-09 00:52:52,Spain,North,Consumer
CUST-001747,Carlos,White,carlos.white85@example.com,+1-904-394-8877,2022-06-16 03:34:39,Brazil,Central,Corporate
CUST-001748,Luis,Harris,luis.harris737@example.com,+1-353-561-6125,2022-02-22 13:48:02,Germany,North,Corporate
CUST-001749,Valentina,Anderson,valentina.anderson268@example.com,+1-363-287-9941,2023-08-22 05:23:11,Uk,Central,Consumer
CUST-001750,Pedro,Lee,pedro.lee933@example.com,+1-986-278-3467,2024-12-05 06:23:52,Spain,East,Consumer
CUST-001751,Luis,Thomas,luis.thomas481@example.com,+1-241-719-8121,2024-02-17 17:00:51,Usa,North,Consumer
CUST-001752,Ana, Wilson  ,ana.wilson387@example.com,+1-553-851-6594,2023-05-19 03:13:44,Mexico,Central,Consumer
CUST-001753,Sofia,Moore,sofia.moore577@example.com,+1-325-441-7766,2024-02-13 05:26:05,Spain,East,Consumer
CUST-001754,Marta,Taylor,marta.taylor375@example.com,+1-517-374-7149,2022-04-11 01:31:28,Uk,North,Corporate
CUST-001755,Luis,Jackson,luis.jackson247@example.com,+1-620-816-8537,2023-03-02 22:30:14,Mexico,North,Corporate
CUST-001756,Valentina,Brown,valentina.brown67@example.com,+1-262-474-1769,2022-09-15 04:27:24,Spain,West,Consumer
CUST-001757,Valentina,Lopez,valentina.lopez757@example.com,+1-205-467-5237,2024-12-19 23:26:21,Canada,Central,Home Office
CUST-001758,Mateo,Rodriguez,mateo.rodriguez199@example.com,+1-587-935-4075,2024-11-22 19:14:08,Germany,North,Consumer
CUST-001759,David,Martinez,david.martinez145@example.com,,2022-05-15 06:13:16,Uk,Central,Corporate
CUST-001760,Pedro,Jackson,pedro.jackson163@example.com,+1-221-448-7877,2023-09-02 04:45:06,Mexico,Central,Consumer
CUST-001761,John,Anderson,john.anderson85@example.com,+1-673-241-7392,2023-05-31 10:37:03,Germany,West,Consumer
CUST-001762,James,Anderson,james.anderson192@example.com,+1-612-434-7046,2022-03-28 12:22:35,Uk,South,Consumer
CUST-001763,Ana,Garcia,ana.garcia387@example.com,+1-515-621-5584,2024-08-20 10:34:49,Uk,Central,Home Office
CUST-001764,Valentina,Perez,valentina.perez791@example.com,+1-431-948-2785,2022-02-16 13:24:43,Canada,Central,Corporate
CUST-001765,Valentina,Brown,valentina.brown340@example.com,+1-942-337-8629,2023-07-19 22:12:46,Spain,North,Corporate
CUST-001766,Marta,Smith,marta.smith704@example.com,+1-854-258-5773,2023-08-17 08:41:42,Canada,South,Consumer
CUST-001767,James, Davis  ,james.davis264@example.com,+1-801-522-3001,2024-12-13 14:22:16,Germany,South,Corporate
CUST-001768,John,Garcia,john.garcia729@example.com,+1-814-665-9621,2022-07-13 16:58:58,Germany,North,Consumer
CUST-001769,Andres,Davis,andres.davis608@example.com,+1-293-846-4243,2023-05-09 17:56:03,Canada,South,Consumer
CUST-001770,Marta,Rodriguez,marta.rodriguez904@example.com,+1-616-235-2258,2022-03-22 03:03:12,Spain,Central,Corporate
CUST-001771,Mateo,Thomas,mateo.thomas98@example.com,+1-672-712-7671,2024-03-08 20:07:03,Germany,Central,Home Office
CUST-001772,Ana,Brown,ana.brown841@example.com,+1-227-230-2748,2023-03-04 12:10:55,Spain,West,Consumer
CUST-001773,Sofia,Harris,sofia.harris947@example.com,+1-213-450-7181,2024-12-08 12:09:18,Brazil,West,Consumer
CUST-001774,Pedro,Harris,pedro.harris984@example.com,+1-942-625-1050,2022-09-03 22:36:43,Germany,South,Consumer
CUST-001775,Andres,Taylor,andres.taylor908@example.com,+1-259-278-6099,2022-10-02 21:58:47,Usa,North,Home Office
CUST-001776,Camila,Anderson,camila.anderson553@example.com,+1-499-431-4790,2022-08-11 14:27:15,Uk,West,Consumer
CUST-001777,Ana,White,ana.white775@example.com,+1-617-399-3795,2022-10-13 05:44:27,Canada,Central,Corporate
CUST-001778,Sofia,Garcia,sofia.garcia463@example.com,+1-481-543-6532,2023-05-07 15:13:43,Usa,North,Consumer
CUST-001779,Luis,Anderson,luis.anderson533@example.com,+1-748-617-1702,2022-09-24 13:21:21,Germany,North,Corporate
CUST-001780,Marta,Rodriguez,marta.rodriguez959@example.com,+1-604-638-8133,2024-10-05 01:41:16,Uk,North,Consumer
CUST-001781,Sofia,Jackson,sofia.jackson962@example.com,+1-243-397-1907,2022-02-06 18:56:31,Canada,East,Consumer
CUST-001782,Andres,Garcia,andres.garcia396@example.com,+1-357-901-8465,2022-02-25 02:38:46,Mexico,South,Consumer
CUST-001783,Carlos,Davis,carlos.davis920@example.com,+1-548-564-1852,2023-06-05 15:38:53,Uk,Central,Consumer
CUST-001784,Camila,Lopez,camila.lopez642@example.com,+1-696-634-3336,2024-09-21 22:36:59,Canada,Central,Corporate
CUST-001785,Pedro,Smith,pedro.smith248@example.com,+1-511-767-1081,2022-08-26 19:13:01,Brazil,South,Consumer
CUST-001786,David,Lee,david.lee140@example.com,+1-617-247-4472,2024-12-18 08:30:37,Germany,East,Corporate
CUST-001787,John,Smith,john.smith684@example.com,+1-579-662-1295,2022-07-29 22:03:07,Spain,North,Consumer
CUST-001788,Camila,White,camila.white823@example.com,+1-496-492-3978,2022-05-13 00:34:27,Germany,West,Home Office
CUST-001789,Camila,Brown,camila.brown775@example.com,+1-812-923-7893,2024-04-05 22:44:12,Uk,West,Home Office
CUST-001790,Pedro,Thompson,pedro.thompson92@example.com,+1-734-502-3378,2024-07-23 19:29:18,Spain,East,Consumer
CUST-001791,Camila,Rodriguez,camila.rodriguez339@example.com,+1-778-305-5823,2022-10-28 00:46:28,Spain,Central,Home Office
CUST-001792,Camila,Harris,camila.harris977@example.com,+1-379-394-2775,2023-02-03 06:44:02,Spain,South,Consumer
CUST-001793,Sofia,Jackson,sofia.jackson578@example.com,+1-773-256-7681,2024-04-07 22:39:15,Germany,North,Home Office
CUST-001794,Mateo,Martinez,mateo.martinez656@example.com,+1-320-668-7843,2024-03-26 01:06:40,Germany,West,Consumer
CUST-001795,Emma,Anderson,emma.anderson533@example.com,+1-821-425-6337,2023-04-13 21:55:57,Mexico,South,Home Office
CUST-001796,Valentina,Martinez,valentina.martinez857@example.com,+1-491-203-6647,2022-02-05 14:50:08,Germany,North,Home Office
CUST-001797,Camila,Harris,camila.harris350@example.com,+1-230-762-3412,2024-06-08 14:47:25,Uk,East,Consumer
CUST-001798,Sofia,Jackson,sofia.jackson96@example.com,+1-763-591-7198,2023-06-29 12:33:02,Brazil,North,Home Office
CUST-001799,Emma,Gomez,emma.gomez829@example.com,+1-636-300-3387,2024-09-13 06:55:41,Spain,Central,Consumer
CUST-001800,Marta,Lopez,marta.lopez864@example.com,+1-396-995-5375,2023-05-31 14:30:54,Uk,South,Consumer
CUST-001801,Pedro,Perez,pedro.perez642@example.com,+1-241-230-3690,2023-07-11 17:25:07,Spain,South,Consumer
CUST-001802,Valentina,Jackson,valentina.jackson930@example.com,+1-598-264-1903,2024-03-11 04:15:07,Spain,West,Consumer
CUST-001803,Maria, Garcia  ,maria.garcia834@example.com,+1-826-542-1417,2023-01-31 01:44:40,Usa,West,Consumer
CUST-001804,Andres,Wilson,andres.wilson301@example.com,+1-844-821-2198,2022-06-14 11:42:05,Usa,West,Consumer
CUST-001805,Carlos,Perez,carlos.perez893@example.com,+1-796-653-7736,2023-02-06 22:49:39,Canada,North,Corporate
CUST-001806,David,Wilson,david.wilson18@example.com,+1-707-651-8253,,Mexico,West,Consumer
CUST-001807,Olivia,Martinez,olivia.martinez782@example.com,+1-621-887-3130,2024-04-05 21:42:39,Canada,East,Consumer
CUST-001808,Maria,Lee,maria.lee945@example.com,+1-593-248-3637,2024-08-29 20:35:10,Germany,Central,Consumer
CUST-001809,Laura,Gomez,laura.gomez960@example.com,+1-736-890-9741,2024-03-24 09:34:05,Usa,South,Consumer
CUST-001810,Olivia,Rodriguez,olivia.rodriguez960@example.com,+1-335-521-6863,2022-07-02 06:14:05,Canada,East,Home Office
CUST-001811,Lucia,Lopez,lucia.lopez558@example.com,+1-281-675-1174,2024-08-14 07:27:38,Spain,South,Corporate
CUST-001812,Maria,Harris,maria.harris1@example.com,+1-588-315-4585,2022-12-01 15:21:39,Canada,Central,Home Office
CUST-001813,Marta,Martinez,marta.martinez508@example.com,+1-759-787-6651,2024-08-15 13:41:20,Usa,South,Consumer
CUST-001814,Maria,Thompson,maria.thompson315@example.com,+1-470-806-1805,2023-08-31 06:08:31,Spain,Central,Consumer
CUST-001815,Sofia,Moore,sofia.moore523@example.com,+1-244-296-8064,2023-08-26 10:01:36,Mexico,North,Consumer
CUST-001816,Emma,Wilson,emma.wilson408@example.com,+1-681-747-2774,2022-07-28 05:09:42,Brazil,West,Corporate
CUST-001817,Carlos,Brown,carlos.brown15@example.com,+1-365-854-2511,2022-06-03 17:53:51,Spain,Central,Consumer
CUST-001818,Carlos,Lopez,carlos.lopez268@example.com,+1-731-629-3811,2023-02-01 20:50:41,Uk,East,Corporate
CUST-001819,Mateo,Harris,mateo.harris240@example.com,+1-976-636-4795,2024-06-15 19:38:14,Canada,North,Corporate
CUST-001820,Carlos,Thompson,carlos.thompson419@example.com,,2023-10-15 20:50:28,Spain,West,Home Office
CUST-001821,Ana,Lee,ana.lee413@example.com,+1-897-321-8431,2024-05-27 17:24:54,Germany,North,Consumer
CUST-001822,Mateo,Rodriguez,mateo.rodriguez531@example.com,+1-998-350-1253,2024-04-09 13:17:32,Spain,North,Consumer
CUST-001823,Sofia,Garcia,,+1-429-844-6722,2022-12-17 11:56:17,Germany,South,Consumer
CUST-001824,Lucia,Taylor,lucia.taylor796@example.com,+1-543-752-8328,2022-01-31 03:49:09,Germany,East,Consumer
CUST-001825,Sofia,Garcia,sofia.garcia667@example.com,+1-988-378-2191,2024-12-06 20:46:32,Canada,East,Consumer
CUST-001826,Olivia,Harris,olivia.harris571@example.com,+1-804-747-5399,2022-03-22 08:33:50,Brazil,Central,Corporate
CUST-001827,Pedro,Thompson,pedro.thompson976@example.com,+1-362-329-1619,2022-02-03 12:02:49,Spain,North,Home Office
CUST-001828,David,Thompson,david.thompson999@example.com,+1-936-812-5108,2024-06-06 18:28:20,Mexico,South,Consumer
CUST-001829,Andres,Thomas,andres.thomas567@example.com,+1-844-267-2376,2024-11-14 10:19:27,Mexico,West,Corporate
CUST-001830,Valentina,Martin,valentina.martin712@example.com,+1-870-651-2501,2022-03-15 12:59:44,Canada,South,Home Office
CUST-001831,Lucia,Martin,lucia.martin490@example.com,+1-400-752-4059,2024-03-10 00:57:16,Uk,West,Consumer
CUST-001832,Maria,Harris,maria.harris737@example.com,+1-842-879-8559,2022-05-11 18:01:07,Uk,Central,Consumer
CUST-001833,Sebastian,Martinez,sebastian.martinez518@example.com,+1-709-935-3521,2024-06-12 04:42:52,Mexico,Central,Consumer
CUST-001834,Mateo,Smith,mateo.smith326@example.com,+1-897-736-1010,2024-12-25 14:30:44,Germany,South,Corporate
CUST-001835,David,Taylor,david.taylor713@example.com,+1-475-230-6904,2022-04-17 14:12:18,Brazil,Central,Consumer
CUST-001836,Olivia,White,olivia.white32@example.com,+1-889-327-3751,2022-03-20 10:10:47,Uk,South,Corporate
CUST-001837,Marta,Taylor,marta.taylor258@example.com,+1-386-736-7441,2023-07-04 16:46:23,Uk,West,Consumer
CUST-001838,James,Harris,james.harris191@example.com,+1-853-452-3180,2023-08-26 19:23:42,Germany,Central,Corporate
CUST-001839,Lucia,Rodriguez,lucia.rodriguez560@example.com,+1-786-305-6573,2023-02-03 14:44:31,Canada,East,Consumer
CUST-001840,Marta,Brown,marta.brown780@example.com,+1-545-939-8918,2024-12-27 06:28:37,Mexico,West,Consumer
CUST-001841,Camila,Brown,camila.brown969@example.com,+1-803-426-4641,2024-04-06 12:30:00,Uk,Central,Corporate
CUST-001842,James,Lopez,james.lopez882@example.com,+1-716-308-7409,2023-04-03 13:26:35,Mexico,North,Home Office
CUST-001843,Mateo,Perez,mateo.perez980@example.com,+1-595-772-6314,2023-06-23 00:34:08,Uk,East,Corporate
CUST-001844,Pedro,Wilson,pedro.wilson8@example.com,+1-398-513-2965,2023-04-05 18:39:09,Spain,Central,Consumer
CUST-001845,John,Lee,john.lee169@example.com,+1-248-403-9544,2024-09-18 12:08:47,Uk,South,Consumer
CUST-001846,Luis,Garcia,luis.garcia216@example.com,+1-603-514-2445,2024-01-16 11:50:30,Mexico,West,Consumer
CUST-001847,Marta,Davis,marta.davis222@example.com,+1-946-377-6998,2022-08-08 22:33:03,Canada,West,Consumer
CUST-001848,Valentina,Lopez,valentina.lopez818@example.com,+1-636-658-6198,2023-05-03 01:40:02,Usa,Central,Consumer
CUST-001849,Sofia,Lopez,sofia.lopez974@example.com,+1-988-289-1576,2023-08-04 12:53:01,Canada,West,Consumer
CUST-001850,Valentina,Lopez,valentina.lopez485@example.com,+1-774-261-3156,2024-12-08 17:24:14,Usa,East,Consumer
CUST-001851,David,Perez,david.perez572@example.com,+1-985-556-7589,2024-12-14 05:55:37,Canada,East,Consumer
CUST-001852,Diego,Jackson,,+1-532-991-9297,2022-04-30 15:07:42,Spain,West,Consumer
CUST-001853,Laura,Anderson,laura.anderson142@example.com,+1-704-923-6535,2022-12-10 18:34:34,Mexico,East,Consumer
CUST-001854,Marta,White,marta.white988@example.com,+1-572-524-5719,2024-05-14 06:28:21,Uk,South,Consumer
CUST-001855,Andres,Lopez,andres.lopez832@example.com,+1-909-638-6444,2022-06-19 00:55:28,Canada,North,Home Office
CUST-001856,Luis,Martinez,luis.martinez382@example.com,+1-854-435-4802,2023-09-21 02:38:55,Canada,South,Corporate
CUST-001857,John,Thomas,john.thomas71@example.com,+1-413-205-6308,2023-10-12 12:22:35,Brazil,North,Consumer
CUST-001858,Diego,Thompson,diego.thompson699@example.com,+1-302-490-5968,2023-01-09 10:21:12,Spain,Central,Consumer
CUST-001859,Lucia,Moore,lucia.moore148@example.com,+1-711-906-4638,2024-10-01 15:24:12,Brazil,West,Corporate
CUST-001860,Pedro,Jackson,pedro.jackson765@example.com,+1-206-332-7001,2022-11-03 18:45:43,Germany,South,Home Office
CUST-001861,Pedro,Davis,pedro.davis539@example.com,+1-423-377-9902,2022-05-23 03:51:15,Germany,South,Consumer
CUST-001862,Maria,Martinez,maria.martinez622@example.com,+1-346-860-1116,2023-02-14 22:49:30,Mexico,Central,Consumer
CUST-001863,Lucia,Gomez,lucia.gomez533@example.com,+1-450-625-5299,2022-07-04 17:49:24,Canada,South,Corporate
CUST-001864,Olivia,Taylor,olivia.taylor546@example.com,+1-369-985-8727,2022-02-19 14:42:36,Uk,North,Corporate
CUST-001865,Carlos,Brown,carlos.brown492@example.com,+1-675-528-5265,2023-12-18 13:13:23,Uk,East,Consumer
CUST-001866,Lucia,Martinez,lucia.martinez334@example.com,+1-345-833-2478,2022-03-08 18:36:08,Spain,West,Consumer
CUST-001867,Sebastian,Rodriguez,sebastian.rodriguez402@example.com,+1-254-762-3976,2022-07-29 16:00:10,Usa,West,Consumer
CUST-001868,Olivia,Davis,olivia.davis454@example.com,+1-934-945-4559,2023-02-11 20:33:08,Germany,Central,Home Office
CUST-001869,Ana,Thomas,ana.thomas177@example.com,+1-358-790-4507,2023-01-08 14:59:53,Canada,North,Corporate
CUST-001870,Marta,White,marta.white656@example.com,+1-510-441-3357,2022-06-04 08:36:32,Canada,East,Corporate
CUST-001871,David,White,david.white328@example.com,+1-769-515-5370,2023-02-21 15:12:51,Usa,West,Corporate
CUST-001872,Olivia,Lee,olivia.lee166@example.com,+1-602-496-5049,2023-03-25 00:42:43,Uk,East,Consumer
CUST-001873,Laura,White,laura.white626@example.com,+1-932-942-2908,2024-10-17 06:34:13,Brazil,Central,Corporate
CUST-001874,Camila,Martin,camila.martin192@example.com,+1-784-378-8211,2022-01-06 02:32:39,Canada,North,Consumer
CUST-001875,Andres,Martin,andres.martin933@example.com,+1-709-936-2843,2024-12-15 07:48:00,Brazil,East,Consumer
CUST-001876,Sebastian,Perez,sebastian.perez134@example.com,+1-352-228-2614,2023-05-13 04:54:17,Spain,East,Consumer
CUST-001877,Luis,Thompson,luis.thompson178@example.com,+1-238-245-5346,2023-01-21 20:10:41,Brazil,Central,Corporate
CUST-001878,Olivia,Perez,olivia.perez519@example.com,+1-782-648-6723,2024-10-28 07:40:01,Germany,East,Corporate
CUST-001879,James,Brown,james.brown653@example.com,+1-747-603-1997,2023-04-30 01:28:20,Canada,North,Consumer
CUST-001880,Pedro,Rodriguez,pedro.rodriguez661@example.com,+1-283-786-6254,2024-03-05 03:59:09,Brazil,North,Consumer
CUST-001881,Carlos,Davis,carlos.davis24@example.com,+1-997-352-3743,2022-07-11 21:22:03,Germany,East,Corporate
CUST-001882,Maria,Anderson,maria.anderson490@example.com,+1-483-869-9378,2023-02-12 07:01:17,Usa,Central,Corporate
CUST-001883,Ana,White,ana.white482@example.com,+1-284-415-9189,2024-05-01 03:23:00,Uk,North,Consumer
CUST-001884,Luis,Martinez,luis.martinez119@example.com,+1-412-361-2934,2022-11-07 16:45:38,Brazil,West,Corporate
CUST-001885,Sofia,Smith,sofia.smith621@example.com,+1-989-963-2462,2022-08-24 04:13:15,Usa,West,Consumer
CUST-001886,Sofia,Brown,sofia.brown124@example.com,+1-832-938-1522,2022-03-27 16:15:22,Canada,East,Corporate
CUST-001887,Valentina,Martin,valentina.martin203@example.com,,2023-05-25 01:20:52,Mexico,Central,Consumer
CUST-001888,Lucia,Thomas,lucia.thomas550@example.com,+1-213-876-3930,2023-03-03 16:34:42,Germany,East,Corporate
CUST-001889,John,Martinez,john.martinez181@example.com,+1-302-292-5660,2023-08-01 00:49:36,Spain,Central,Corporate
CUST-001890,Valentina,Martinez,valentina.martinez881@example.com,+1-208-790-6351,2023-11-22 04:54:06,Canada,Central,Consumer
CUST-001891,Sofia,Gomez,sofia.gomez718@example.com,+1-575-558-7234,2023-02-01 02:24:13,Spain,North,Corporate
CUST-001892,Emma, White  ,,+1-997-911-9135,2023-12-09 00:37:19,Spain,North,Consumer
CUST-001893,Olivia,Lopez,olivia.lopez283@example.com,+1-395-634-6882,2022-10-18 20:00:49,Mexico,Unknown,Consumer
CUST-001894,Pedro,Martinez,pedro.martinez867@example.com,+1-227-465-2227,2023-03-11 05:41:09,Usa,South,Home Office
CUST-001895,Luis,Jackson,,+1-828-365-8853,2022-09-10 08:24:12,Uk,West,Consumer
CUST-001896,Carlos,Harris,carlos.harris454@example.com,+1-936-938-2398,2022-05-06 15:42:01,Brazil,Central,Consumer
CUST-001897,David,Martinez,david.martinez881@example.com,+1-488-743-2753,2022-09-17 12:27:57,Mexico,East,Home Office
CUST-001898,Carlos,Gomez,carlos.gomez719@example.com,+1-927-492-1530,2023-03-31 09:05:28,Usa,North,Consumer
CUST-001899,James,Moore,james.moore578@example.com,+1-986-855-8396,2024-10-13 13:25:08,Brazil,East,Corporate
CUST-001900,James,Martin,james.martin381@example.com,+1-491-635-3825,2023-12-14 08:57:36,Mexico,West,Corporate
CUST-001901,Sofia,Wilson,sofia.wilson445@example.com,+1-202-313-1722,2024-08-03 20:12:17,Usa,North,Corporate
CUST-001902,Valentina,Lopez,valentina.lopez213@example.com,+1-227-954-7759,2022-03-21 20:09:53,Canada,North,Consumer
CUST-001903,Laura,Garcia,laura.garcia166@example.com,+1-633-728-1698,2024-09-28 19:49:12,Usa,Central,Consumer
CUST-001904,James,Martin,james.martin152@example.com,+1-806-231-2772,2022-08-08 12:28:40,Germany,North,Consumer
CUST-001905,Emma,Perez,emma.perez419@example.com,+1-663-304-5038,2022-03-28 01:57:42,Brazil,South,Consumer
CUST-001906,Luis,Anderson,luis.anderson994@example.com,+1-743-482-9061,2024-01-10 10:55:52,Canada,West,Consumer
CUST-001907,Emma,Gomez,emma.gomez579@example.com,+1-645-386-6716,2022-02-05 19:21:29,Spain,Central,Corporate
CUST-001908,Olivia,Jackson,olivia.jackson611@example.com,+1-459-708-1486,2024-05-29 07:26:52,Usa,Central,Consumer
CUST-001909,Emma,Davis,emma.davis161@example.com,+1-650-460-8167,2024-04-04 14:19:53,Brazil,South,Consumer
CUST-001910,Camila,Garcia,camila.garcia247@example.com,+1-341-916-8782,2024-12-10 00:41:27,Usa,North,Home Office
CUST-001911,Lucia,Jackson,lucia.jackson103@example.com,+1-518-538-1408,2024-05-21 02:28:08,Spain,North,Consumer
CUST-001912,Camila,Lee,camila.lee128@example.com,+1-458-238-1321,2024-08-15 23:51:05,Mexico,Central,Consumer
CUST-001913,Sebastian,Garcia,sebastian.garcia588@example.com,+1-203-522-5084,2023-07-07 02:23:41,Mexico,South,Consumer
CUST-001914,Andres,Harris,andres.harris39@example.com,+1-803-504-9141,2024-10-24 14:22:53,Spain,Central,Consumer
CUST-001915,Mateo,Rodriguez,mateo.rodriguez204@example.com,,2022-05-14 04:22:45,Spain,West,Consumer
CUST-001916,Sebastian,Anderson,sebastian.anderson421@example.com,+1-591-301-3432,2022-07-29 07:52:28,Brazil,East,Home Office
CUST-001917,Mateo,Lee,mateo.lee255@example.com,+1-438-378-6280,2023-06-30 15:54:24,Canada,South,Corporate
CUST-001918,Valentina,White,valentina.white597@example.com,+1-782-316-8308,2023-08-16 00:32:01,Usa,East,Consumer
CUST-001919,Diego,Martinez,diego.martinez220@example.com,+1-678-252-9447,2022-02-23 16:46:30,Spain,Central,Corporate
CUST-001920,John,Garcia,john.garcia57@example.com,+1-362-876-1449,2024-04-21 22:58:03,Spain,East,Consumer
CUST-001921,Sebastian,Garcia,sebastian.garcia379@example.com,+1-900-918-9404,2023-04-27 21:40:49,Uk,Central,Consumer
CUST-001922,Sofia,Lopez,sofia.lopez456@example.com,+1-222-948-9806,2022-06-21 18:20:14,Germany,Central,Home Office
CUST-001923,Valentina,Gomez,valentina.gomez994@example.com,+1-759-608-5260,2022-05-25 11:04:20,Uk,South,Consumer
CUST-001924,John,Martin,john.martin535@example.com,+1-725-955-4819,2023-12-31 20:47:33,Brazil,Central,Consumer
CUST-001925,Ana,Thompson,ana.thompson64@example.com,,2022-12-20 01:42:17,Brazil,West,Consumer
CUST-001926,Maria,Brown,maria.brown390@example.com,+1-776-287-5907,2023-01-22 21:41:17,Brazil,North,Corporate
CUST-001927,Maria,Brown,maria.brown913@example.com,+1-711-890-5430,2024-11-12 06:01:12,Uk,West,Consumer
CUST-001928,Valentina,Martinez,valentina.martinez744@example.com,+1-970-601-8817,2024-08-06 23:08:01,Usa,East,Consumer
CUST-001929,James,Rodriguez,,+1-290-794-7938,2022-08-30 04:05:44,Mexico,West,Consumer
CUST-001930,Sebastian,Rodriguez,sebastian.rodriguez500@example.com,+1-490-890-4672,2022-12-29 12:08:07,Germany,West,Consumer
CUST-001931,Olivia,White,olivia.white187@example.com,+1-499-855-1740,2024-03-26 22:01:05,Brazil,East,Corporate
CUST-001932,Lucia,Moore,lucia.moore738@example.com,+1-471-826-8033,2023-05-25 00:55:58,Mexico,West,Consumer
CUST-001933,Sofia,Garcia,sofia.garcia12@example.com,+1-356-774-6538,2024-06-28 03:43:16,Brazil,South,Consumer
CUST-001934,James,White,james.white846@example.com,+1-845-616-5509,2023-05-13 19:45:22,Uk,South,Consumer
CUST-001935,Camila,Rodriguez,camila.rodriguez548@example.com,+1-609-745-9221,2023-06-29 08:17:58,Uk,North,Home Office
CUST-001936,Sofia,Wilson,sofia.wilson492@example.com,+1-354-970-9637,2024-03-20 16:12:29,Uk,Central,Consumer
CUST-001937,Ana,Harris,ana.harris92@example.com,+1-507-275-4513,2022-05-10 04:06:44,Uk,South,Consumer
CUST-001938,Andres,Brown,andres.brown732@example.com,+1-617-310-4811,2023-02-23 07:46:03,Brazil,West,Home Office
CUST-001939,Marta,Brown,marta.brown45@example.com,+1-460-528-9372,2023-05-25 03:26:12,Brazil,East,Corporate
CUST-001940,Ana,Brown,ana.brown929@example.com,+1-485-968-5949,2024-01-08 18:02:38,Canada,East,Consumer
CUST-001941,John,Jackson,john.jackson666@example.com,+1-232-397-5737,2023-10-14 09:57:41,Usa,Central,Consumer
CUST-001942,Maria,Lee,maria.lee919@example.com,+1-965-266-9450,2024-09-18 04:36:56,Germany,East,Consumer
CUST-001943,Camila,Thompson,camila.thompson560@example.com,+1-754-946-1046,2022-03-27 14:35:21,Brazil,Central,Consumer
CUST-001944,Laura, Garcia  ,laura.garcia278@example.com,+1-623-729-2713,2024-06-25 08:14:44,Spain,East,Corporate
CUST-001945,Lucia,Moore,lucia.moore560@example.com,+1-632-831-9821,2023-06-27 22:28:44,Spain,South,Corporate
CUST-001946,Camila,Moore,camila.moore320@example.com,+1-718-590-6117,2024-06-20 03:17:15,Mexico,East,Consumer
CUST-001947,Marta,Smith,marta.smith128@example.com,+1-828-338-3958,2022-08-15 02:07:59,Spain,West,Home Office
CUST-001948,David,Moore,david.moore360@example.com,+1-316-272-8773,2022-04-02 02:51:43,Brazil,North,Consumer
CUST-001949,Andres,Thompson,andres.thompson213@example.com,+1-631-521-5072,2024-03-19 14:57:23,Germany,South,Consumer
CUST-001950,Camila,Wilson,camila.wilson382@example.com,+1-813-257-7209,2023-11-03 17:40:36,Usa,North,Consumer
CUST-001951,Camila,Anderson,camila.anderson306@example.com,+1-743-794-5099,2022-10-06 06:30:52,Usa,East,Home Office
CUST-001952,Lucia,Wilson,lucia.wilson442@example.com,+1-709-620-1819,2024-06-09 11:54:04,Spain,West,Consumer
CUST-001953,Ana,Anderson,ana.anderson434@example.com,+1-572-701-8259,2023-10-07 12:22:33,Uk,North,Consumer
CUST-001954,Pedro,Thomas,pedro.thomas197@example.com,+1-718-823-1473,2023-03-29 15:28:45,Canada,South,Home Office
CUST-001955,James,Wilson,james.wilson897@example.com,+1-590-333-4019,2024-04-08 15:14:44,Mexico,East,Consumer
CUST-001956,Lucia,Thomas,lucia.thomas235@example.com,+1-254-209-7971,2023-12-12 05:50:06,Spain,South,Consumer
CUST-001957,Sofia,Anderson,sofia.anderson987@example.com,+1-980-662-8015,2023-01-06 17:25:00,Germany,West,Consumer
CUST-001958,Sofia,Thomas,sofia.thomas400@example.com,+1-228-306-2295,2022-05-18 06:26:23,Mexico,North,Consumer
CUST-001959,Valentina,Wilson,valentina.wilson817@example.com,+1-729-854-7361,2024-12-28 02:11:00,Usa,Central,Consumer
CUST-001960,Mateo,White,mateo.white406@example.com,+1-692-928-9102,2024-11-23 20:20:46,Canada,South,Home Office
CUST-001961,Carlos,White,carlos.white455@example.com,+1-213-479-8309,2024-01-04 04:54:42,Germany,West,Corporate
CUST-001962,Carlos,Jackson,carlos.jackson151@example.com,+1-947-313-3697,2022-06-05 01:56:48,Canada,Central,Consumer
CUST-001963,Mateo,Thomas,mateo.thomas441@example.com,+1-554-913-7322,2023-04-12 19:22:48,Usa,West,Consumer
CUST-001964,Carlos,Taylor,carlos.taylor971@example.com,+1-726-379-6075,2023-06-27 04:39:26,Usa,Central,Corporate
CUST-001965,David,Perez,david.perez900@example.com,+1-459-570-5396,2023-10-27 01:42:59,Usa,West,Consumer
CUST-001966,James,Anderson,james.anderson347@example.com,+1-957-349-4224,2024-08-14 02:47:33,Usa,South,Home Office
CUST-001967,Sofia,Martin,sofia.martin789@example.com,+1-750-829-9048,2023-08-08 22:36:08,Germany,North,Consumer
CUST-001968,Lucia,Davis,lucia.davis681@example.com,+1-500-860-3725,2023-05-13 17:48:51,Canada,North,Consumer
CUST-001969,Sebastian,Thompson,sebastian.thompson702@example.com,+1-373-274-8778,2024-02-17 12:52:31,Germany,North,Corporate
CUST-001970,Luis,Garcia,luis.garcia986@example.com,+1-452-242-5176,2024-03-03 11:58:36,Germany,South,Consumer
CUST-001971,Andres,Rodriguez,andres.rodriguez737@example.com,+1-758-715-3372,2023-10-28 09:42:45,Uk,South,Consumer
CUST-001972,David,Anderson,david.anderson37@example.com,+1-916-849-2701,2022-01-25 18:44:23,Usa,West,Consumer
CUST-001973,Valentina,Anderson,valentina.anderson927@example.com,+1-268-635-6658,2024-11-19 06:16:17,Mexico,East,Consumer
CUST-001974,James,Wilson,james.wilson438@example.com,+1-254-744-4444,2023-06-21 19:28:54,Mexico,North,Consumer
CUST-001975,Andres,Davis,andres.davis722@example.com,+1-765-309-1255,2024-07-11 23:22:00,Germany,East,Consumer
CUST-001976,Andres,Lopez,andres.lopez550@example.com,+1-667-714-9396,2022-10-29 09:18:03,Spain,Central,Corporate
CUST-001977,Andres,White,andres.white601@example.com,+1-740-726-3539,2024-05-21 21:48:12,Usa,East,Home Office
CUST-001978,Marta,Lee,marta.lee858@example.com,+1-690-307-5493,2022-09-30 16:21:45,Germany,South,Consumer
CUST-001979,David, Smith  ,david.smith883@example.com,+1-946-812-9854,2022-07-03 13:53:02,Germany,East,Consumer
CUST-001980,Sofia,Davis,sofia.davis607@example.com,+1-660-366-9543,2023-04-09 08:34:22,Canada,Central,Corporate
CUST-001981,Sofia,Lopez,sofia.lopez31@example.com,+1-601-360-4442,2024-10-20 06:16:37,Uk,Central,Home Office
CUST-001982,Camila,Thompson,camila.thompson172@example.com,+1-349-324-1733,2023-03-11 04:15:31,Usa,South,Consumer
CUST-001983,Ana,Gomez,ana.gomez709@example.com,+1-734-595-8558,2022-05-10 15:48:01,Brazil,North,Consumer
CUST-001984,Ana,Perez,ana.perez733@example.com,+1-595-324-1183,2024-09-11 19:56:33,Usa,Unknown,Consumer
CUST-001985,Lucia,Garcia,lucia.garcia64@example.com,+1-941-440-5740,2023-08-15 11:37:34,Germany,South,Corporate
CUST-001986,Maria, White  ,maria.white774@example.com,+1-248-694-5527,2024-11-11 15:19:59,Spain,Central,Corporate
CUST-001987,Emma,Thomas,emma.thomas419@example.com,+1-802-523-2600,2023-09-26 01:16:10,Usa,South,Corporate
CUST-001988,Ana,Martin,ana.martin938@example.com,+1-386-203-7063,2024-04-07 10:09:22,Mexico,Central,Consumer
CUST-001989,Maria,Thomas,maria.thomas925@example.com,+1-905-247-8141,2022-02-10 15:45:34,Germany,West,Consumer
CUST-001990,Maria,Garcia,maria.garcia927@example.com,+1-862-602-7077,2022-01-27 10:53:22,Spain,North,Corporate
CUST-001991,David,Anderson,david.anderson828@example.com,+1-657-754-6307,2022-01-04 03:39:42,Brazil,Central,Corporate
CUST-001992,Camila,Wilson,camila.wilson43@example.com,+1-735-829-1246,2024-08-19 13:22:20,Spain,Central,Corporate
CUST-001993,Diego,Jackson,diego.jackson302@example.com,+1-767-344-7191,2023-02-19 19:27:11,Germany,Central,Consumer
CUST-001994,Lucia,Brown,lucia.brown622@example.com,+1-670-215-9650,2024-03-06 08:31:21,Uk,West,Consumer
CUST-001995,Valentina,White,valentina.white484@example.com,+1-741-898-8951,2022-08-31 22:22:06,Usa,East,Consumer
CUST-001996,Camila,Jackson,camila.jackson372@example.com,+1-664-279-8446,2023-01-05 13:43:41,Usa,Central,Consumer
CUST-001997,Ana,Garcia,ana.garcia442@example.com,+1-918-982-6873,2022-09-29 16:32:59,Spain,Central,Consumer
CUST-001998,Carlos,Moore,carlos.moore310@example.com,+1-280-766-1095,2022-01-31 20:48:45,Mexico,South,Home Office
CUST-001999,Olivia,Taylor,olivia.taylor523@example.com,+1-521-320-8545,2023-11-19 17:43:07,Brazil,East,Corporate
CUST-002000,Sofia,Lee,sofia.lee395@example.com,+1-816-389-2222,2023-08-31 03:30:57,Uk,Central,Consumer
CUST-002001,Maria,Harris,maria.harris963@example.com,+1-341-646-5362,2024-04-04 06:26:43,Canada,South,Corporate
CUST-002002,Mateo,Thomas,mateo.thomas602@example.com,+1-276-660-1874,2024-11-15 09:37:26,Germany,East,Consumer
CUST-002003,Sofia,Lopez,sofia.lopez698@example.com,+1-500-581-8964,2023-12-11 01:39:06,Mexico,West,Corporate
CUST-002004,Sofia,Gomez,sofia.gomez130@example.com,+1-575-708-1000,2022-10-17 20:55:03,Usa,North,Consumer
CUST-002005,Lucia,Rodriguez,lucia.rodriguez420@example.com,+1-481-254-8526,2023-12-02 06:15:02,Canada,South,Consumer
CUST-002006,Mateo,Brown,mateo.brown167@example.com,+1-773-825-6375,2024-10-27 10:11:39,Usa,North,Consumer
CUST-002007,Valentina,Perez,valentina.perez165@example.com,+1-905-468-8415,2023-01-10 08:45:05,Usa,South,Home Office
CUST-002008,Maria,Moore,maria.moore7@example.com,+1-693-267-1965,2024-02-04 12:47:42,Uk,North,Consumer
CUST-002009,Camila,Taylor,camila.taylor626@example.com,+1-382-674-2789,2022-01-03 23:55:06,Usa,East,Consumer
CUST-002010,Maria,Smith,maria.smith233@example.com,+1-651-254-3230,2024-01-13 07:16:03,Usa,North,Consumer
CUST-002011,Diego,White,diego.white697@example.com,+1-215-204-8927,2023-10-05 09:20:10,Germany,North,Home Office
CUST-002012,Camila,Anderson,camila.anderson716@example.com,+1-500-432-3307,2023-11-02 20:39:41,Uk,West,Consumer
CUST-002013,Sebastian,White,sebastian.white886@example.com,+1-622-552-3154,2023-03-13 21:40:11,Mexico,East,Home Office
CUST-002014,John,Jackson,john.jackson983@example.com,+1-839-938-9432,2022-06-30 05:08:34,Brazil,South,Corporate
CUST-002015,Sebastian,Garcia,sebastian.garcia924@example.com,+1-989-942-2158,2023-03-13 01:17:35,Mexico,East,Consumer
CUST-002016,James,Thompson,james.thompson228@example.com,+1-901-387-2125,2024-04-05 17:02:57,Mexico,South,Home Office
CUST-002017,James,Martin,james.martin537@example.com,+1-982-447-6527,2023-06-09 05:30:42,Brazil,Central,Consumer
CUST-002018,Laura,Thompson,laura.thompson40@example.com,+1-963-639-8336,2024-06-10 07:03:16,Uk,Central,Consumer
CUST-002019,Laura,Anderson,laura.anderson200@example.com,+1-760-510-3897,2024-10-27 11:34:30,Spain,South,Consumer
CUST-002020,Pedro,Moore,pedro.moore554@example.com,+1-248-538-6472,2022-10-10 01:55:56,Brazil,West,Home Office
CUST-002021,Luis,Moore,luis.moore460@example.com,+1-834-543-6774,2024-01-08 02:54:53,Mexico,West,Consumer
CUST-002022,Camila,Brown,camila.brown609@example.com,+1-234-753-6460,2022-01-20 11:48:59,Usa,North,Consumer
CUST-002023,Pedro,Gomez,pedro.gomez911@example.com,+1-439-302-2365,2022-07-28 03:38:42,Brazil,Central,Home Office
CUST-002024,John,Harris,john.harris146@example.com,+1-536-502-8293,2022-02-09 14:09:55,Usa,South,Consumer
CUST-002025,Ana,Moore,ana.moore942@example.com,+1-439-522-5391,2024-01-30 03:01:39,Germany,South,Home Office
CUST-002026,Maria,Martinez,maria.martinez449@example.com,+1-521-779-6854,2023-01-09 02:10:01,Usa,South,Home Office
CUST-002027,Luis,Garcia,luis.garcia114@example.com,+1-545-419-3999,2023-10-17 12:38:05,Spain,Central,Consumer
CUST-002028,Andres,Thomas,andres.thomas449@example.com,+1-489-244-9066,2022-03-07 03:38:13,Spain,West,Corporate
CUST-002029,Sofia,Martin,sofia.martin954@example.com,+1-562-925-6999,2022-04-12 23:26:39,Usa,South,Corporate
CUST-002030,Maria,Smith,maria.smith403@example.com,+1-494-893-4542,2022-01-20 11:04:14,Spain,North,Consumer
CUST-002031,Camila,Lopez,camila.lopez285@example.com,+1-556-329-1514,2022-01-07 07:48:36,Brazil,North,Consumer
CUST-002032,Pedro,Garcia,pedro.garcia556@example.com,+1-507-841-2536,2022-05-28 08:03:36,Germany,East,Home Office
CUST-002033,Andres,Brown,andres.brown355@example.com,+1-978-968-4991,2024-01-06 13:36:34,Germany,Central,Consumer
CUST-002034,Luis,Taylor,luis.taylor73@example.com,+1-234-260-7677,2024-03-05 17:43:38,Uk,Central,Consumer
CUST-002035,Ana,Moore,,+1-760-260-2207,2024-05-27 19:54:21,Brazil,West,Consumer
CUST-002036,Luis,Rodriguez,luis.rodriguez513@example.com,+1-473-911-3053,2024-09-07 07:55:48,Germany,South,Consumer
CUST-002037,Pedro,Anderson,pedro.anderson883@example.com,+1-430-221-1045,2024-02-07 14:17:42,Brazil,West,Consumer
CUST-002038,Carlos,Thomas,carlos.thomas9@example.com,+1-423-364-6700,2023-11-03 00:24:08,Usa,West,Consumer
CUST-002039,Lucia, Thomas  ,lucia.thomas134@example.com,+1-600-388-5683,2023-06-07 03:51:03,Brazil,Central,Consumer
CUST-002040,Camila,Smith,camila.smith678@example.com,+1-786-919-3448,2023-01-18 07:58:03,Spain,South,Consumer
CUST-002041,John,Garcia,john.garcia755@example.com,+1-232-785-1652,2022-02-01 23:24:59,Brazil,North,Consumer
CUST-002042,Ana,Thompson,ana.thompson523@example.com,+1-459-448-1228,2024-04-27 05:30:53,Usa,North,Consumer
CUST-002043,Olivia,Rodriguez,olivia.rodriguez632@example.com,+1-206-488-6480,2022-10-06 16:37:19,Mexico,Central,Consumer
CUST-002044,Sebastian,Martin,sebastian.martin878@example.com,+1-779-390-2437,2023-10-25 06:13:32,Uk,Central,Corporate
CUST-002045,Pedro,Brown,pedro.brown48@example.com,+1-436-446-7866,2024-03-20 06:31:25,Spain,North,Home Office
CUST-002046,Sofia,Martin,sofia.martin363@example.com,+1-733-391-2273,2024-01-28 09:18:52,Brazil,West,Home Office
CUST-002047,Andres,Martinez,andres.martinez930@example.com,+1-655-317-2488,2022-01-03 12:32:01,Spain,South,Consumer
CUST-002048,Sebastian,Gomez,sebastian.gomez194@example.com,+1-641-917-3756,2023-01-06 03:36:12,Germany,Central,Corporate
CUST-002049,Carlos,Garcia,carlos.garcia929@example.com,+1-737-327-9556,2023-12-24 20:51:24,Brazil,North,Corporate
CUST-002050,Camila,Lopez,camila.lopez109@example.com,,2024-06-07 15:53:36,Canada,Central,Consumer
CUST-002051,Sebastian,Thompson,sebastian.thompson748@example.com,+1-802-520-8598,2022-06-17 17:07:42,Canada,North,Consumer
CUST-002052,Valentina,Smith,valentina.smith769@example.com,+1-991-547-4872,2022-04-14 17:25:50,Uk,Central,Home Office
CUST-002053,Maria,Thompson,maria.thompson624@example.com,+1-358-720-8857,2024-02-08 06:16:33,Spain,Central,Consumer
CUST-002054,Pedro,Smith,pedro.smith527@example.com,+1-341-372-8811,2022-07-16 05:55:00,Usa,North,Consumer
CUST-002055,Emma,Harris,emma.harris550@example.com,+1-330-840-4746,2023-08-27 04:55:30,Germany,South,Consumer
CUST-002056,Maria,Wilson,maria.wilson499@example.com,+1-485-870-4463,2023-07-25 04:47:39,Germany,Central,Corporate
CUST-002057,Maria,Jackson,maria.jackson592@example.com,+1-816-927-4215,2024-01-08 00:22:17,Germany,South,Corporate
CUST-002058,Ana,Martinez,ana.martinez650@example.com,+1-412-251-5538,2022-03-15 05:26:04,Canada,South,Consumer
CUST-002059,Olivia,Lee,olivia.lee871@example.com,+1-330-912-2691,2024-01-06 08:52:22,Mexico,South,Consumer
CUST-002060,Sofia,Perez,sofia.perez428@example.com,+1-543-248-7670,2022-07-11 09:13:42,Brazil,South,Consumer
CUST-002061,Luis,Taylor,luis.taylor958@example.com,+1-650-667-8530,2023-04-18 12:57:23,Brazil,Central,Consumer
CUST-002062,Sebastian,Rodriguez,sebastian.rodriguez787@example.com,+1-272-900-1375,2022-09-28 23:43:47,Canada,Central,Consumer
CUST-002063,Maria,Lee,maria.lee388@example.com,+1-822-241-3607,2023-09-04 21:11:29,Germany,Central,Consumer
CUST-002064,Ana,Wilson,ana.wilson863@example.com,+1-959-754-5520,2023-05-23 02:26:06,Uk,West,Consumer
CUST-002065,Sofia,White,sofia.white821@example.com,+1-407-321-7877,2022-06-16 17:43:32,Usa,Central,Consumer
CUST-002066,Lucia,Thompson,lucia.thompson993@example.com,+1-627-602-8544,2024-01-25 01:28:38,Brazil,South,Corporate
CUST-002067,Sofia,Garcia,sofia.garcia824@example.com,+1-603-570-6925,2024-11-14 02:12:02,Mexico,Central,Consumer
CUST-002068,Laura,Anderson,laura.anderson452@example.com,+1-641-600-4216,2022-03-16 11:08:50,Uk,South,Corporate
CUST-002069,Camila,Jackson,camila.jackson9@example.com,+1-509-862-7175,2023-12-06 06:05:25,Brazil,South,Consumer
CUST-002070,Carlos,Moore,carlos.moore445@example.com,+1-320-290-5841,2022-10-03 05:20:48,Mexico,South,Corporate
CUST-002071,Sofia,Thomas,sofia.thomas273@example.com,+1-889-354-2661,2023-10-19 18:44:21,Spain,Central,Corporate
CUST-002072,Luis,Thompson,luis.thompson972@example.com,+1-808-903-2607,2024-10-06 22:40:28,Brazil,South,Corporate
CUST-002073,Pedro,Garcia,pedro.garcia270@example.com,+1-425-405-6551,2024-02-18 08:43:01,Canada,East,Home Office
CUST-002074,Carlos,Taylor,carlos.taylor374@example.com,+1-744-441-4684,2022-04-28 08:56:21,Mexico,South,Home Office
CUST-002075,Luis,Rodriguez,luis.rodriguez81@example.com,+1-923-574-9667,2022-06-08 18:11:11,Brazil,North,Consumer
CUST-002076,Laura,Taylor,laura.taylor798@example.com,+1-945-599-5400,2024-08-14 18:10:54,Mexico,West,Consumer
CUST-002077,Laura,Thomas,laura.thomas370@example.com,+1-445-647-7073,2023-02-13 20:32:46,Brazil,East,Consumer
CUST-002078,Andres,Perez,andres.perez986@example.com,+1-265-641-4418,2024-02-22 10:12:26,Canada,North,Consumer
CUST-002079,Pedro,Taylor,pedro.taylor549@example.com,+1-914-208-6440,2022-02-15 22:30:45,Mexico,Central,Consumer
CUST-002080,Marta,Brown,marta.brown611@example.com,+1-346-530-7081,2024-03-28 20:57:40,Brazil,West,Consumer
CUST-002081,Olivia,Brown,olivia.brown874@example.com,+1-445-213-8425,2022-08-20 10:03:19,Canada,South,Consumer
CUST-002082,Camila,Lopez,camila.lopez186@example.com,+1-594-325-5684,2023-06-29 01:54:59,Germany,East,Corporate
CUST-002083,Camila, Davis  ,camila.davis812@example.com,+1-361-625-2906,2023-05-23 10:57:32,Spain,East,Home Office
CUST-002084,Emma,Smith,emma.smith581@example.com,+1-622-425-8502,2024-07-16 08:13:42,Usa,North,Consumer
CUST-002085,John,Lee,john.lee842@example.com,+1-564-371-3327,2024-12-23 04:22:41,Usa,East,Corporate
CUST-002086,Olivia,Garcia,olivia.garcia326@example.com,+1-360-414-6943,2023-07-30 23:57:17,Mexico,South,Consumer
CUST-002087,Valentina,Martin,valentina.martin274@example.com,+1-896-866-9160,2023-06-16 01:46:11,Usa,West,Consumer
CUST-002088,Carlos,Gomez,carlos.gomez421@example.com,+1-549-959-3418,2024-12-19 08:06:11,Brazil,West,Consumer
CUST-002089,Camila,Jackson,camila.jackson699@example.com,+1-531-616-4085,2024-03-30 07:05:56,Brazil,North,Consumer
CUST-002090,Luis,Smith,luis.smith835@example.com,+1-356-649-9798,2024-01-02 02:17:22,Usa,East,Consumer
CUST-002091,Valentina,Smith,valentina.smith26@example.com,+1-355-695-3919,2022-03-16 04:39:40,Usa,East,Consumer
CUST-002092,Olivia,Davis,olivia.davis436@example.com,+1-227-818-5933,2022-09-03 08:15:15,Uk,North,Corporate
CUST-002093,Emma,Moore,emma.moore826@example.com,+1-842-910-2422,2024-12-19 17:59:58,Canada,North,Consumer
CUST-002094,Emma,Moore,emma.moore360@example.com,+1-926-357-9488,2023-12-10 14:13:38,Canada,North,Corporate
CUST-002095,Carlos,White,carlos.white803@example.com,+1-452-552-3094,2024-09-19 13:35:59,Uk,East,Corporate
CUST-002096,Emma,Rodriguez,emma.rodriguez174@example.com,+1-354-855-8253,2022-10-31 08:15:32,Germany,Central,Consumer
CUST-002097,Valentina,Harris,valentina.harris2@example.com,+1-494-572-8760,2022-12-23 08:05:05,Spain,East,Consumer
CUST-002098,David,Jackson,david.jackson90@example.com,+1-719-558-1569,2024-05-24 17:05:43,Brazil,North,Home Office
CUST-002099,Sebastian,Martin,sebastian.martin524@example.com,+1-391-598-9156,2022-04-04 04:23:52,Spain,Central,Corporate
CUST-002100,Emma,Moore,emma.moore102@example.com,+1-214-703-3042,2022-03-21 05:40:43,Brazil,North,Consumer
CUST-002101,Sebastian,Rodriguez,sebastian.rodriguez724@example.com,+1-291-704-8122,2023-01-10 09:32:39,Uk,East,Corporate
CUST-002102,Mateo,Davis,mateo.davis454@example.com,+1-971-468-3146,2023-10-27 05:17:04,Canada,South,Home Office
CUST-002103,Sofia,Martinez,,+1-929-720-1276,2022-11-27 23:06:36,Usa,Central,Consumer
CUST-002104,Sofia,Taylor,sofia.taylor735@example.com,+1-880-901-4016,2022-11-12 06:30:14,Germany,East,Consumer
CUST-002105,Lucia,Brown,lucia.brown217@example.com,+1-580-871-1807,2023-11-23 14:11:07,Canada,West,Home Office
CUST-002106,David,Garcia,david.garcia545@example.com,+1-256-478-7501,2022-08-23 17:54:18,Mexico,North,Corporate
CUST-002107,Ana,Lee,ana.lee235@example.com,+1-772-512-2999,2023-10-08 23:46:56,Uk,East,Consumer
CUST-002108,Maria, Rodriguez  ,maria.rodriguez179@example.com,+1-610-876-1939,2024-02-29 18:31:18,Spain,East,Corporate
CUST-002109,David, White  ,david.white673@example.com,+1-574-595-2036,2024-08-27 11:25:34,Germany,East,Corporate
CUST-002110,Luis,Taylor,luis.taylor258@example.com,+1-782-274-3855,2023-10-15 22:47:58,Germany,North,Consumer
CUST-002111,Diego,Wilson,diego.wilson80@example.com,+1-779-984-6606,2022-05-28 12:00:46,Brazil,East,Consumer
CUST-002112,Maria,White,maria.white607@example.com,+1-416-805-6259,2024-02-09 16:24:55,Uk,West,Consumer
CUST-002113,Carlos,Smith,carlos.smith823@example.com,+1-200-340-1297,2024-09-04 09:14:02,Canada,West,Home Office
CUST-002114,Ana,Garcia,ana.garcia99@example.com,,2024-10-13 05:26:57,Mexico,North,Home Office
CUST-002115,Camila,Rodriguez,,+1-835-613-8581,2024-05-30 19:22:07,Uk,West,Consumer
CUST-002116,Camila,Perez,camila.perez221@example.com,+1-275-368-7985,2024-08-29 17:51:37,Brazil,South,Consumer
CUST-002117,Andres,Brown,andres.brown449@example.com,+1-867-598-1463,2022-09-28 16:45:43,Mexico,Central,Home Office
CUST-002118,Sebastian,Harris,sebastian.harris665@example.com,+1-757-630-6773,2024-08-31 08:38:14,Spain,South,Home Office
CUST-002119,Camila,Anderson,camila.anderson119@example.com,+1-817-293-7262,2023-02-20 11:58:18,Mexico,South,Consumer
CUST-002120,Valentina,White,valentina.white187@example.com,+1-438-327-3371,2023-11-17 01:39:47,Canada,North,Consumer
CUST-002121,James,Gomez,james.gomez498@example.com,+1-587-478-5633,2023-12-16 20:29:58,Germany,West,Corporate
CUST-002122,Pedro,Lee,pedro.lee729@example.com,+1-251-201-3298,2022-01-15 15:19:23,Uk,West,Consumer
CUST-002123,Pedro,Thompson,pedro.thompson509@example.com,+1-610-504-8337,2024-06-10 21:35:36,Brazil,East,Home Office
CUST-002124,Maria,Jackson,maria.jackson395@example.com,+1-555-636-1553,2023-02-17 09:21:16,Spain,East,Consumer
CUST-002125,Diego,Rodriguez,diego.rodriguez323@example.com,+1-915-425-8704,2023-12-24 07:15:06,Usa,Central,Corporate
CUST-002126,Laura,White,laura.white632@example.com,+1-390-675-8231,2024-05-23 02:52:44,Usa,Central,Corporate
CUST-002127,Sofia,White,sofia.white229@example.com,+1-528-410-1811,2024-02-18 13:30:22,Uk,West,Corporate
CUST-002128,Carlos, Taylor  ,carlos.taylor113@example.com,+1-365-741-3639,2023-12-18 16:50:43,Brazil,South,Consumer
CUST-002129,David,Garcia,david.garcia629@example.com,+1-496-737-6495,2023-10-06 22:16:19,Brazil,East,Home Office
CUST-002130,Diego,Jackson,diego.jackson306@example.com,+1-538-971-5288,2023-05-23 10:38:13,Germany,South,Consumer
CUST-002131,Laura,Garcia,,+1-324-605-5007,2023-09-18 22:07:01,Canada,East,Consumer
CUST-002132,Olivia,Anderson,olivia.anderson589@example.com,+1-476-619-5322,2023-04-09 00:37:31,Uk,Central,Consumer
CUST-002133,David,Smith,david.smith513@example.com,+1-630-331-8815,2023-11-04 07:57:22,Uk,Central,Corporate
CUST-002134,Valentina,White,valentina.white103@example.com,+1-455-361-2697,2023-07-07 00:17:25,Spain,Central,Consumer
CUST-002135,Luis,Brown,luis.brown882@example.com,+1-690-979-1710,2022-08-24 17:26:14,Mexico,East,Home Office
CUST-002136,Valentina,Taylor,valentina.taylor294@example.com,+1-845-926-7763,2023-01-30 13:29:27,Mexico,West,Corporate
CUST-002137,Sofia,Martinez,sofia.martinez251@example.com,+1-210-243-5944,2022-03-18 10:07:36,Uk,West,Corporate
CUST-002138,Lucia,Garcia,lucia.garcia741@example.com,+1-825-428-1894,2022-10-31 00:59:49,Canada,East,Consumer
CUST-002139,John,Davis,john.davis342@example.com,+1-602-564-9663,2024-08-03 21:39:35,Brazil,South,Consumer
CUST-002140,Marta,Lee,marta.lee569@example.com,+1-640-280-4578,2022-01-05 02:30:15,Mexico,East,Consumer
CUST-002141,Emma, Wilson  ,,+1-597-426-2386,2023-11-02 02:38:19,Canada,Central,Consumer
CUST-002142,Luis,Davis,luis.davis912@example.com,+1-387-395-7674,2023-08-31 05:44:13,Germany,South,Consumer
CUST-002143,David,Davis,david.davis469@example.com,+1-499-387-5343,2023-09-27 14:48:10,Canada,North,Consumer
CUST-002144,David,Martin,david.martin517@example.com,+1-959-909-7492,2024-05-01 19:40:14,Spain,North,Consumer
CUST-002145,Marta,Martinez,marta.martinez391@example.com,+1-971-796-1821,2023-07-29 05:34:12,Spain,North,Corporate
CUST-002146,Mateo,Martin,mateo.martin66@example.com,+1-676-469-4085,2023-08-09 01:22:00,Mexico,South,Corporate
CUST-002147,Luis,Martinez,luis.martinez550@example.com,+1-575-248-3676,2023-04-13 05:53:51,Spain,Central,Corporate
CUST-002148,Laura,Jackson,laura.jackson347@example.com,+1-385-659-6517,2024-03-11 05:48:23,Canada,South,Consumer
CUST-002149,Sofia,Harris,sofia.harris10@example.com,+1-339-216-3202,2023-04-24 12:01:18,Brazil,Central,Home Office
CUST-002150,Emma,Davis,emma.davis236@example.com,+1-222-424-4232,2022-01-21 09:14:04,Brazil,West,Consumer
CUST-002151,John,Jackson,john.jackson374@example.com,+1-210-648-7993,2024-07-23 05:10:11,Spain,West,Corporate
CUST-002152,James,Thomas,james.thomas921@example.com,+1-966-258-3843,2023-05-26 10:07:17,Germany,East,Consumer
CUST-002153,Maria,Brown,maria.brown753@example.com,+1-795-769-5232,2023-04-18 17:45:15,Canada,South,Consumer
CUST-002154,Laura,Martinez,laura.martinez131@example.com,+1-753-503-8511,2022-04-06 02:28:46,Spain,Central,Corporate
CUST-002155,Ana,Garcia,ana.garcia735@example.com,+1-366-367-3169,2024-07-19 10:39:21,Usa,East,Consumer
CUST-002156,Diego,Wilson,diego.wilson748@example.com,+1-994-304-8803,2024-08-05 23:22:53,Germany,West,Consumer
CUST-002157,Laura,Jackson,laura.jackson638@example.com,+1-815-387-5320,2022-08-05 01:49:19,Brazil,East,Corporate
CUST-002158,David,Thompson,david.thompson158@example.com,+1-893-680-3430,2024-06-21 12:21:36,Uk,North,Consumer
CUST-002159,Marta,Harris,marta.harris822@example.com,+1-798-904-6623,2022-03-24 14:01:39,Brazil,Central,Consumer
CUST-002160,Laura,Perez,laura.perez970@example.com,+1-453-697-5081,2022-10-29 22:50:08,Canada,West,Consumer
CUST-002161,Maria,Brown,maria.brown134@example.com,+1-286-288-1772,2022-07-24 04:20:27,Uk,West,Home Office
CUST-002162,Luis,Rodriguez,luis.rodriguez705@example.com,+1-766-625-1819,2023-12-11 02:41:30,Brazil,North,Home Office
CUST-002163,Mateo,Anderson,mateo.anderson818@example.com,+1-844-430-3474,2022-03-15 12:50:05,Usa,Central,Home Office
CUST-002164,Andres,Wilson,andres.wilson183@example.com,+1-812-525-2792,2023-12-28 17:59:08,Usa,South,Consumer
CUST-002165,Mateo,Moore,mateo.moore256@example.com,+1-425-770-8444,2023-06-06 06:37:07,Canada,North,Consumer
CUST-002166,Pedro, Martinez  ,pedro.martinez116@example.com,+1-584-380-7174,2022-10-23 11:40:08,Germany,East,Consumer
CUST-002167,Lucia,Davis,lucia.davis758@example.com,+1-953-201-9840,2023-02-04 07:07:04,Canada,Unknown,Consumer
CUST-002168,Olivia,Gomez,olivia.gomez515@example.com,+1-731-711-9332,2023-09-17 21:49:01,Uk,East,Consumer
CUST-002169,Olivia,Gomez,olivia.gomez11@example.com,+1-583-828-7185,2022-12-07 18:28:37,Germany,East,Consumer
CUST-002170,Marta,Davis,marta.davis509@example.com,+1-463-838-3976,2024-07-06 14:27:49,Brazil,South,Consumer
CUST-002171,Andres,Thomas,andres.thomas239@example.com,+1-474-389-8411,2024-04-28 18:07:54,Brazil,East,Corporate
CUST-002172,Carlos,Taylor,carlos.taylor18@example.com,+1-628-282-7543,2022-11-11 12:43:02,Uk,North,Consumer
CUST-002173,Andres,Martinez,andres.martinez670@example.com,+1-577-786-3583,2022-02-26 05:29:39,Uk,East,Consumer
CUST-002174,Marta,Jackson,marta.jackson44@example.com,+1-355-805-6205,2023-03-24 11:29:53,Spain,Central,Consumer
CUST-002175,Diego,Rodriguez,diego.rodriguez685@example.com,+1-937-357-7694,2024-08-06 06:16:31,Spain,Central,Corporate
CUST-002176,Carlos,Smith,carlos.smith387@example.com,+1-277-543-5246,2024-06-02 22:42:03,Uk,North,Corporate
CUST-002177,Sebastian,Thomas,sebastian.thomas200@example.com,+1-409-941-2752,2022-07-18 08:07:13,Germany,Central,Corporate
CUST-002178,Luis,Smith,luis.smith588@example.com,,2023-07-13 02:20:19,Spain,North,Consumer
CUST-002179,Sofia,Lopez,sofia.lopez801@example.com,+1-278-581-5850,2022-12-21 18:37:05,Germany,North,Corporate
CUST-002180,Sebastian, Martinez  ,,+1-627-748-9183,2024-06-10 14:37:00,Mexico,North,Consumer
CUST-002181,Camila,Lopez,camila.lopez335@example.com,+1-468-769-9802,2024-12-23 02:07:46,Brazil,East,Home Office
CUST-002182,Sofia,Gomez,sofia.gomez814@example.com,+1-597-381-9232,2022-03-29 18:07:31,Brazil,Central,Consumer
CUST-002183,Marta,Perez,marta.perez795@example.com,+1-954-597-7581,2023-11-02 10:15:32,Spain,West,Corporate
CUST-002184,John,Harris,john.harris742@example.com,+1-332-422-5852,2024-06-10 23:58:31,Canada,North,Corporate
CUST-002185,Diego,Martinez,diego.martinez77@example.com,+1-397-387-1280,2023-01-02 11:07:40,Germany,North,Consumer
CUST-002186,Carlos,Harris,carlos.harris545@example.com,+1-422-315-5610,2023-06-03 17:40:48,Uk,Central,Corporate
CUST-002187,John,Garcia,john.garcia884@example.com,+1-829-657-3513,2024-08-22 14:47:28,Uk,Central,Consumer
CUST-002188,Andres, Wilson  ,andres.wilson99@example.com,+1-867-364-9416,2024-12-14 07:15:04,Usa,Central,Consumer
CUST-002189,David,Jackson,david.jackson420@example.com,+1-221-955-3754,,Usa,North,Consumer
CUST-002190,Emma,Brown,emma.brown199@example.com,+1-757-605-4089,2023-11-21 03:30:30,Usa,East,Corporate
CUST-002191,Marta,Brown,marta.brown251@example.com,+1-742-440-1031,2023-07-08 12:56:07,Uk,South,Home Office
CUST-002192,Andres,Brown,andres.brown62@example.com,+1-661-607-9748,2022-05-08 15:44:08,Canada,West,Corporate
CUST-002193,David,Rodriguez,david.rodriguez865@example.com,+1-769-411-9218,2022-12-30 22:11:17,Brazil,South,Consumer
CUST-002194,Mateo,Jackson,mateo.jackson518@example.com,+1-544-850-2868,2022-06-20 22:58:40,Uk,West,Consumer
CUST-002195,Olivia,Lopez,olivia.lopez445@example.com,+1-765-512-2780,2023-05-23 00:01:47,Usa,South,Consumer
CUST-002196,Valentina,Brown,valentina.brown922@example.com,+1-431-934-3496,2023-02-16 03:36:35,Germany,Central,Corporate
CUST-002197,David,Taylor,david.taylor473@example.com,+1-954-814-2037,2023-01-18 19:14:12,Brazil,East,Corporate
CUST-002198,Ana,Moore,ana.moore505@example.com,+1-594-297-1711,2024-09-14 15:22:56,Spain,East,Corporate
CUST-002199,Carlos, Gomez  ,carlos.gomez103@example.com,+1-869-472-5052,2024-12-06 02:43:58,Uk,South,Consumer
CUST-002200,Olivia,Jackson,olivia.jackson472@example.com,+1-715-911-2813,2022-08-28 12:49:42,Uk,West,Consumer
CUST-002201,Sebastian,Rodriguez,sebastian.rodriguez359@example.com,+1-876-709-3919,2023-09-05 00:36:20,Germany,South,Corporate
CUST-002202,Lucia,Taylor,lucia.taylor547@example.com,+1-593-982-3798,2024-03-28 22:16:08,Spain,East,Consumer
CUST-002203,John,Martinez,john.martinez459@example.com,+1-409-515-9310,2023-10-25 21:35:48,Uk,South,Consumer
CUST-002204,David,Harris,david.harris688@example.com,+1-645-843-1147,2023-07-13 16:10:40,Germany,East,Home Office
CUST-002205,Camila,Harris,camila.harris456@example.com,+1-474-842-8785,2022-02-16 05:11:46,Spain,Central,Consumer
CUST-002206,Camila,Anderson,camila.anderson783@example.com,+1-648-787-7493,2022-05-09 17:38:15,Usa,Central,Consumer
CUST-002207,Andres,Martin,andres.martin703@example.com,+1-896-709-5176,2023-09-21 20:21:28,Mexico,Central,Home Office
CUST-002208,Pedro,Moore,pedro.moore78@example.com,+1-721-398-9258,2023-07-19 11:00:18,Usa,West,Consumer
CUST-002209,Pedro,Martin,pedro.martin967@example.com,+1-845-551-4379,2024-11-28 14:30:54,Germany,Central,Consumer
CUST-002210,Sebastian,Lopez,sebastian.lopez300@example.com,+1-995-798-9744,2024-02-19 01:01:04,Mexico,East,Consumer
CUST-002211,Andres,Brown,andres.brown826@example.com,+1-603-210-6352,2024-11-20 06:13:20,Usa,North,Consumer
CUST-002212,Sofia,Martin,sofia.martin407@example.com,+1-609-496-2002,2022-03-22 00:39:29,Spain,Central,Consumer
CUST-002213,Sebastian,Wilson,sebastian.wilson533@example.com,+1-306-988-4628,2024-01-05 00:01:11,Uk,Central,Consumer
CUST-002214,Emma,Smith,emma.smith495@example.com,+1-512-882-9861,2023-11-07 20:03:49,Canada,Central,Consumer
CUST-002215,Mateo,Wilson,mateo.wilson567@example.com,+1-555-625-4875,2022-08-06 00:31:49,Canada,West,Corporate
CUST-002216,Ana,Smith,ana.smith218@example.com,+1-247-895-6651,2022-01-02 14:12:47,Spain,West,Consumer
CUST-002217,Andres,Taylor,andres.taylor18@example.com,+1-566-596-5796,2023-02-21 03:32:05,Uk,East,Corporate
CUST-002218,Emma,Martin,emma.martin443@example.com,+1-659-783-1848,2023-08-26 18:18:03,Spain,West,Home Office
CUST-002219,Ana,Lopez,ana.lopez484@example.com,+1-365-624-1572,2024-12-23 01:08:13,Usa,South,Consumer
CUST-002220,John,Smith,john.smith278@example.com,+1-502-510-5129,2023-04-18 04:47:19,Uk,Central,Home Office
CUST-002221,Lucia,Lee,lucia.lee682@example.com,,2023-07-16 13:37:30,Canada,East,Home Office
CUST-002222,Lucia, Martinez  ,lucia.martinez120@example.com,+1-531-552-8146,2022-09-16 17:23:31,Canada,East,Home Office
CUST-002223,Carlos, Brown  ,carlos.brown128@example.com,+1-823-208-6435,2023-01-06 08:35:21,Canada,East,Consumer
CUST-002224,Ana,Wilson,,+1-691-598-5973,2024-10-18 19:42:14,Mexico,East,Consumer
CUST-002225,David,Harris,,+1-374-298-4797,2024-06-14 19:27:21,Canada,East,Consumer
CUST-002226,Maria,Martinez,maria.martinez342@example.com,+1-946-556-4574,2023-08-12 03:42:00,Canada,Central,Consumer
CUST-002227,David,Moore,david.moore675@example.com,+1-389-293-2113,2022-09-19 17:11:45,Canada,South,Corporate
CUST-002228,Olivia,Lee,olivia.lee436@example.com,+1-990-477-9782,2022-11-18 23:23:38,Uk,South,Corporate
CUST-002229,Sebastian,Thomas,sebastian.thomas568@example.com,+1-532-375-3964,2023-10-20 21:16:45,Germany,East,Consumer
CUST-002230,James,Martinez,james.martinez104@example.com,+1-615-318-9230,2023-10-03 11:55:51,Brazil,East,Corporate
CUST-002231,Olivia,Garcia,olivia.garcia345@example.com,+1-253-741-1772,2022-04-23 13:13:34,Mexico,Central,Consumer
CUST-002232,Olivia,Martin,olivia.martin276@example.com,+1-682-435-6998,2023-09-22 23:15:06,Canada,East,Corporate
CUST-002233,Pedro,Martin,pedro.martin750@example.com,+1-961-949-5846,2024-12-19 04:04:57,Spain,West,Consumer
CUST-002234,Camila, Anderson  ,camila.anderson205@example.com,+1-466-496-4328,2024-07-29 01:20:03,Mexico,South,Consumer
CUST-002235,Sebastian,Gomez,sebastian.gomez200@example.com,+1-327-742-4567,2023-04-01 15:20:18,Usa,North,Corporate
CUST-002236,David,Perez,david.perez438@example.com,+1-238-725-8773,2023-01-09 18:25:26,Uk,South,Corporate
CUST-002237,Sebastian,Garcia,sebastian.garcia814@example.com,+1-378-691-9901,2023-12-24 17:18:07,Canada,North,Consumer
CUST-002238,Sebastian,Jackson,sebastian.jackson324@example.com,+1-900-264-6135,2023-01-12 06:36:34,Usa,West,Corporate
CUST-002239,Diego,Thomas,diego.thomas949@example.com,+1-535-946-4709,2023-03-12 17:34:19,Spain,Central,Consumer
CUST-002240,Valentina,White,valentina.white365@example.com,+1-635-902-8837,2022-08-08 06:50:40,Mexico,East,Home Office
CUST-002241,Mateo,Garcia,mateo.garcia454@example.com,+1-960-587-3663,2024-09-08 21:34:18,Spain,West,Consumer
CUST-002242,Maria,Anderson,maria.anderson215@example.com,+1-605-339-5209,2023-04-05 13:41:32,Germany,West,Consumer
CUST-002243,Marta,Smith,marta.smith707@example.com,+1-237-314-1790,2022-03-01 19:22:45,Uk,Central,Consumer
CUST-002244,David,White,david.white545@example.com,+1-439-900-6576,2022-02-04 05:57:39,Usa,North,Consumer
CUST-002245,Diego,Perez,diego.perez927@example.com,+1-494-374-5830,2023-08-18 14:11:40,Mexico,Central,Corporate
CUST-002246,Pedro,Harris,pedro.harris597@example.com,+1-579-648-3796,2024-07-26 20:25:36,Mexico,West,Consumer
CUST-002247,Camila,Taylor,camila.taylor130@example.com,,2024-11-30 21:33:58,Usa,South,Consumer
CUST-002248,Olivia,White,olivia.white749@example.com,+1-751-823-2212,2024-08-05 05:00:43,Mexico,Central,Consumer
CUST-002249,Andres,Martin,andres.martin474@example.com,+1-214-536-9669,2022-06-17 10:53:43,Mexico,East,Corporate
CUST-002250,Laura,Davis,laura.davis509@example.com,+1-978-363-9570,2024-05-21 14:14:37,Uk,North,Consumer
CUST-002251,Emma,Gomez,emma.gomez541@example.com,+1-714-549-8117,2023-03-06 19:31:43,Usa,North,Consumer
CUST-002252,Andres,Lee,andres.lee282@example.com,+1-544-790-1186,2022-06-13 00:49:30,Germany,Central,Corporate
CUST-002253,Camila,Brown,camila.brown456@example.com,+1-679-790-1769,2022-08-04 13:29:09,Mexico,South,Consumer
CUST-002254,Diego,Jackson,diego.jackson227@example.com,+1-582-291-6129,2023-03-02 18:22:17,Uk,North,Corporate
CUST-002255,Olivia,Gomez,olivia.gomez200@example.com,+1-329-889-7464,2023-10-15 00:43:38,Germany,North,Consumer
CUST-002256,David,White,david.white11@example.com,+1-454-745-3058,2022-06-13 20:52:50,Brazil,East,Consumer
CUST-002257,Marta,Taylor,marta.taylor250@example.com,+1-940-636-1692,2022-09-06 20:53:51,Usa,Central,Consumer
CUST-002258,Sebastian,Lopez,sebastian.lopez735@example.com,+1-325-243-5643,2024-10-25 11:55:57,Usa,South,Consumer
CUST-002259,Olivia,Davis,olivia.davis72@example.com,+1-551-913-9698,2024-03-31 18:03:56,Canada,West,Corporate
CUST-002260,Sofia,Martin,sofia.martin223@example.com,+1-906-557-9350,2022-06-11 21:49:48,Brazil,Central,Consumer
CUST-002261,James,Rodriguez,james.rodriguez722@example.com,,2022-05-04 19:49:35,Mexico,West,Consumer
CUST-002262,Pedro,Martin,pedro.martin89@example.com,+1-866-542-7321,2023-05-20 13:40:27,Canada,Central,Consumer
CUST-002263,Carlos,Taylor,carlos.taylor809@example.com,+1-318-303-7223,2023-12-12 10:33:54,Canada,West,Home Office
CUST-002264,Andres,Smith,andres.smith859@example.com,+1-720-445-8725,2022-10-02 17:42:01,Canada,West,Consumer
CUST-002265,Carlos,Thompson,carlos.thompson785@example.com,+1-865-587-7715,2024-05-13 00:10:14,Mexico,South,Consumer
CUST-002266,Valentina,Garcia,valentina.garcia827@example.com,+1-461-462-2125,2024-02-13 15:00:29,Usa,North,Home Office
CUST-002267,Andres,Martin,andres.martin650@example.com,+1-409-542-9772,2023-10-25 23:06:46,Mexico,West,Corporate
CUST-002268,Luis,Taylor,luis.taylor39@example.com,+1-393-885-9959,2022-09-12 00:02:40,Canada,West,Home Office
CUST-002269,Ana,Wilson,ana.wilson499@example.com,+1-629-413-7917,2022-10-20 04:53:25,Spain,Central,Home Office
CUST-002270,Laura,Wilson,laura.wilson465@example.com,+1-318-741-4766,2023-07-09 21:33:11,Mexico,South,Home Office
CUST-002271,Camila,Jackson,camila.jackson429@example.com,+1-707-611-5261,2022-04-02 22:05:36,Germany,North,Consumer
CUST-002272,Carlos,Perez,carlos.perez962@example.com,+1-828-721-8443,2023-07-24 09:48:59,Spain,East,Corporate
CUST-002273,James,Lopez,james.lopez852@example.com,+1-985-536-9808,2023-05-01 16:31:04,Canada,West,Consumer
CUST-002274,Laura,Davis,laura.davis658@example.com,+1-635-766-2963,2022-02-13 03:50:48,Spain,West,Corporate
CUST-002275,Laura,Smith,laura.smith313@example.com,+1-413-804-9255,2023-02-20 19:01:53,Usa,Central,Consumer
CUST-002276,Sebastian,Lee,sebastian.lee668@example.com,+1-965-567-9388,2024-06-26 08:05:56,Germany,South,Consumer
CUST-002277,Pedro,Lee,pedro.lee15@example.com,+1-457-296-4810,2024-07-09 00:18:24,Uk,North,Corporate
CUST-002278,John,Taylor,john.taylor525@example.com,+1-852-629-1379,2023-01-31 06:46:57,Uk,South,Consumer
CUST-002279,James,Wilson,james.wilson994@example.com,+1-240-468-2111,2022-12-08 23:51:19,Spain,South,Home Office
CUST-002280,David,Garcia,david.garcia742@example.com,+1-868-564-8376,2022-03-13 16:48:52,Canada,North,Consumer
CUST-002281,Laura,Garcia,laura.garcia58@example.com,+1-924-906-9105,2022-02-10 21:32:17,Spain,East,Consumer
CUST-002282,Emma,Brown,emma.brown381@example.com,+1-999-445-2233,2023-07-09 02:09:58,Uk,West,Corporate
CUST-002283,Pedro,Lopez,pedro.lopez148@example.com,,2022-10-23 16:57:09,Usa,Central,Corporate
CUST-002284,Sebastian,Lee,sebastian.lee763@example.com,+1-599-461-7666,2022-11-06 07:27:08,Canada,South,Consumer
CUST-002285,Mateo,Anderson,mateo.anderson190@example.com,+1-496-214-5342,2022-10-23 23:30:31,Germany,South,Consumer
CUST-002286,John, Lopez  ,john.lopez849@example.com,,2024-12-28 07:00:20,Mexico,West,Consumer
CUST-002287,John,Moore,john.moore52@example.com,+1-686-212-3446,2023-03-17 19:53:05,Brazil,West,Corporate
CUST-002288,Carlos,Smith,carlos.smith798@example.com,+1-235-232-6492,2022-11-07 08:36:31,Brazil,West,Corporate
CUST-002289,Maria,White,maria.white202@example.com,+1-619-756-1510,2024-01-09 00:21:47,Mexico,West,Consumer
CUST-002290,Marta,Gomez,marta.gomez99@example.com,+1-706-449-3237,2022-05-03 12:08:37,Spain,Central,Home Office
CUST-002291,Ana,Martin,ana.martin631@example.com,+1-672-291-4104,2023-03-19 01:15:36,Germany,West,Consumer
CUST-002292,Maria,Lopez,maria.lopez554@example.com,+1-589-779-1675,2023-02-23 18:32:37,Brazil,North,Corporate
CUST-002293,Mateo,Martinez,mateo.martinez123@example.com,+1-225-459-6180,2023-01-16 10:10:12,Germany,West,Corporate
CUST-002294,Mateo,Lopez,mateo.lopez561@example.com,+1-270-685-1103,2022-12-09 16:33:29,Mexico,East,Consumer
CUST-002295,Luis,Martinez,luis.martinez778@example.com,+1-508-500-3158,2023-04-07 06:41:13,Mexico,South,Consumer
CUST-002296,Lucia,Gomez,lucia.gomez351@example.com,+1-385-419-5421,2022-10-23 02:59:44,Canada,North,Consumer
CUST-002297,Pedro,Martin,pedro.martin905@example.com,+1-384-584-1370,2024-08-29 07:34:54,Germany,South,Consumer
CUST-002298,James,Thomas,james.thomas231@example.com,+1-333-681-7700,2022-07-13 02:52:21,Germany,West,Corporate
CUST-002299,Pedro,Thompson,pedro.thompson994@example.com,+1-893-337-5429,2022-02-19 12:33:32,Spain,East,Consumer
CUST-002300,James,Lopez,james.lopez38@example.com,+1-334-308-2741,2024-02-22 20:56:02,Germany,North,Consumer
CUST-002301,Sebastian,White,sebastian.white175@example.com,+1-640-753-7629,2022-07-06 10:23:45,Germany,Central,Corporate
CUST-002302,Diego,Wilson,diego.wilson570@example.com,+1-638-726-7902,2024-09-07 04:37:13,Canada,West,Consumer
CUST-002303,Luis,Gomez,luis.gomez539@example.com,+1-475-519-8474,2024-10-21 09:25:23,Usa,Central,Corporate
CUST-002304,Olivia,Thompson,olivia.thompson579@example.com,+1-312-785-1532,2022-07-01 17:51:56,Mexico,Central,Corporate
CUST-002305,Sofia,Garcia,sofia.garcia308@example.com,+1-244-251-7613,2024-06-14 20:47:58,Germany,Central,Home Office
CUST-002306,Emma,Moore,emma.moore854@example.com,+1-402-533-4775,2022-09-19 10:08:36,Uk,East,Consumer
CUST-002307,Laura,Martin,laura.martin517@example.com,+1-361-320-4670,2022-03-22 20:54:06,Uk,West,Consumer
CUST-002308,Diego,Brown,diego.brown732@example.com,+1-209-372-2080,2022-10-31 06:03:43,Canada,West,Corporate
CUST-002309,Sofia,Gomez,sofia.gomez925@example.com,+1-536-201-4410,2024-01-06 07:55:48,Usa,North,Consumer
CUST-002310,Sebastian,Perez,sebastian.perez255@example.com,+1-498-961-7607,2024-02-11 16:30:32,Canada,Central,Consumer
CUST-002311,Ana,Gomez,ana.gomez534@example.com,+1-785-986-2474,2024-11-23 04:25:01,Mexico,North,Consumer
CUST-002312,Ana,Gomez,ana.gomez394@example.com,+1-781-971-3494,2022-07-09 08:33:34,Canada,West,Consumer
CUST-002313,Olivia,White,olivia.white968@example.com,+1-991-791-8533,2024-12-25 22:29:33,Usa,West,Consumer
CUST-002314,Marta,Anderson,marta.anderson966@example.com,+1-760-635-8864,2022-06-18 09:23:38,Brazil,South,Consumer
CUST-002315,Ana,Harris,ana.harris284@example.com,+1-900-424-5080,2024-11-20 15:49:18,Usa,North,Corporate
CUST-002316,David,Martin,david.martin952@example.com,+1-298-735-2395,2022-06-18 11:35:25,Usa,Central,Consumer
CUST-002317,James,Wilson,james.wilson514@example.com,+1-344-977-6063,2023-11-07 05:27:51,Usa,South,Corporate
CUST-002318,Ana,Garcia,ana.garcia209@example.com,+1-531-980-4918,2024-01-14 10:06:43,Brazil,West,Consumer
CUST-002319,Marta,Moore,marta.moore291@example.com,+1-795-920-5478,2023-05-28 14:43:28,Brazil,West,Consumer
CUST-002320,Luis,Lopez,luis.lopez564@example.com,+1-341-473-1262,2022-04-30 05:04:15,Germany,Central,Home Office
CUST-002321,Valentina,Martinez,valentina.martinez669@example.com,+1-427-725-8319,2022-10-10 21:42:59,Spain,East,Home Office
CUST-002322,Sofia,Moore,sofia.moore35@example.com,+1-743-554-9205,2022-10-16 02:32:58,Brazil,East,Corporate
CUST-002323,Sofia,Martin,sofia.martin809@example.com,+1-567-852-4156,2023-04-11 14:59:07,Mexico,South,Home Office
CUST-002324,David,Taylor,david.taylor18@example.com,+1-208-501-2428,2024-07-19 05:48:22,Uk,North,Home Office
CUST-002325,Sebastian,Martinez,sebastian.martinez110@example.com,+1-762-318-7859,2023-11-11 02:31:42,Germany,South,Corporate
CUST-002326,Marta,Taylor,marta.taylor294@example.com,+1-881-607-2874,2022-02-06 01:09:15,Usa,West,Corporate
CUST-002327,David,Smith,david.smith437@example.com,+1-618-224-1881,2023-06-26 03:06:14,Canada,Central,Consumer
CUST-002328,Sofia,Martin,sofia.martin31@example.com,+1-291-940-3879,2022-06-27 07:18:00,Canada,Central,Corporate
CUST-002329,Diego,Garcia,diego.garcia92@example.com,+1-328-230-5333,2023-12-20 19:22:56,Germany,East,Consumer
CUST-002330,Diego,Jackson,diego.jackson230@example.com,+1-990-948-5236,2023-10-28 11:21:41,Brazil,North,Home Office
CUST-002331,Pedro,Brown,pedro.brown451@example.com,+1-629-424-5912,2022-10-23 13:56:16,Spain,North,Consumer
CUST-002332,Maria,Thomas,maria.thomas8@example.com,+1-574-711-4358,2023-04-30 11:15:17,Brazil,South,Consumer
CUST-002333,James,Thompson,james.thompson86@example.com,+1-702-619-9761,2024-05-13 06:09:21,Canada,East,Corporate
CUST-002334,Sofia,Martin,sofia.martin404@example.com,+1-663-203-9345,2023-01-11 14:16:18,Spain,West,Corporate
CUST-002335,Lucia,Taylor,lucia.taylor976@example.com,+1-356-333-5522,2024-03-30 02:47:18,Uk,West,Home Office
CUST-002336,Diego,Thompson,diego.thompson523@example.com,+1-476-838-5807,2024-06-24 17:13:57,Brazil,North,Corporate
CUST-002337,Camila,Smith,camila.smith371@example.com,+1-215-237-7763,2023-03-02 03:57:47,Spain,Central,Consumer
CUST-002338,Camila,Lee,camila.lee997@example.com,+1-349-328-4855,2023-09-10 11:24:12,Spain,East,Corporate
CUST-002339,Pedro,Smith,pedro.smith744@example.com,+1-629-956-7199,2023-09-22 19:56:26,Canada,North,Consumer
CUST-002340,Marta,Jackson,marta.jackson620@example.com,+1-955-969-6837,2023-06-02 05:57:26,Mexico,East,Consumer
CUST-002341,Carlos,Gomez,carlos.gomez676@example.com,+1-907-483-5637,2024-03-29 23:24:15,Spain,North,Corporate
CUST-002342,John,Harris,john.harris793@example.com,+1-400-759-2315,2024-10-06 19:20:24,Canada,West,Consumer
CUST-002343,Diego,Rodriguez,diego.rodriguez231@example.com,+1-545-893-5710,2023-09-21 18:13:14,Spain,Central,Corporate
CUST-002344,Maria,Perez,maria.perez284@example.com,+1-800-629-9795,2024-11-24 00:50:40,Brazil,West,Consumer
CUST-002345,Ana,Taylor,ana.taylor837@example.com,+1-303-244-3977,2022-07-21 03:19:01,Canada,East,Consumer
CUST-002346,Laura,Garcia,laura.garcia254@example.com,+1-230-321-7577,2023-01-17 01:51:19,Mexico,Central,Corporate
CUST-002347,Valentina,Jackson,valentina.jackson844@example.com,+1-445-708-3331,2022-01-09 03:39:30,Germany,Central,Consumer
CUST-002348,Luis,Davis,luis.davis64@example.com,+1-915-406-2720,2022-12-01 21:39:05,Brazil,Central,Corporate
CUST-002349,Andres,Harris,andres.harris83@example.com,+1-291-482-1531,2022-04-12 00:28:50,Canada,East,Home Office
CUST-002350,Mateo,Lopez,mateo.lopez110@example.com,+1-968-906-9132,2023-05-08 03:36:03,Uk,West,Corporate
CUST-002351,Sebastian,Jackson,sebastian.jackson800@example.com,+1-967-307-7356,2022-04-04 05:39:53,Spain,East,Corporate
CUST-002352,Andres,Smith,andres.smith265@example.com,,2024-11-05 23:09:39,Brazil,Central,Consumer
CUST-002353,James,Gomez,james.gomez79@example.com,+1-410-648-6582,2022-09-04 08:08:08,Mexico,Central,Consumer
CUST-002354,John,Gomez,john.gomez945@example.com,+1-370-771-9658,2024-08-25 16:09:08,Uk,North,Consumer
CUST-002355,Olivia,Harris,olivia.harris733@example.com,+1-432-679-2834,2022-04-26 15:07:40,Usa,West,Consumer
CUST-002356,Valentina,Lopez,valentina.lopez855@example.com,+1-358-332-4322,2024-08-20 21:41:22,Spain,Central,Corporate
CUST-002357,Lucia, Wilson  ,lucia.wilson503@example.com,+1-993-323-9773,2024-09-12 07:12:27,Brazil,East,Corporate
CUST-002358,Luis,Martin,luis.martin574@example.com,+1-308-207-3982,2024-05-08 10:26:30,Uk,North,Corporate
CUST-002359,Sebastian,Taylor,sebastian.taylor477@example.com,+1-712-232-1241,2023-12-22 06:10:45,Germany,East,Corporate
CUST-002360,Pedro,Davis,pedro.davis219@example.com,+1-604-390-3658,2022-10-04 04:25:30,Brazil,Central,Consumer
CUST-002361,Lucia,Harris,lucia.harris565@example.com,+1-560-666-5252,2024-02-23 14:30:20,Germany,West,Consumer
CUST-002362,Olivia,Taylor,olivia.taylor448@example.com,+1-834-906-2939,2022-05-16 08:57:11,Uk,East,Corporate
CUST-002363,Sofia,Garcia,sofia.garcia57@example.com,+1-953-318-7661,2023-10-22 10:51:24,Spain,South,Consumer
CUST-002364,Ana,Lee,ana.lee223@example.com,+1-402-572-1760,2022-01-20 23:37:16,Uk,East,Home Office
CUST-002365,Carlos,Anderson,carlos.anderson720@example.com,+1-966-911-2843,2023-03-10 22:34:25,Uk,South,Consumer
CUST-002366,Pedro,Thompson,pedro.thompson516@example.com,+1-267-425-1386,2023-08-23 00:22:19,Mexico,North,Corporate
CUST-002367,Andres,Garcia,andres.garcia324@example.com,+1-434-247-3414,2022-02-01 03:40:29,Mexico,North,Consumer
CUST-002368,James,Thompson,james.thompson716@example.com,+1-497-613-5015,2024-03-05 08:24:49,Germany,Central,Home Office
CUST-002369,David,Anderson,david.anderson96@example.com,+1-203-533-1279,2022-07-05 04:18:50,Spain,East,Home Office
CUST-002370,Diego,Wilson,diego.wilson503@example.com,+1-717-799-7954,2022-11-15 04:27:07,Mexico,West,Consumer
CUST-002371,Marta,Thomas,marta.thomas141@example.com,+1-759-988-2251,2022-08-16 16:20:56,Brazil,East,Corporate
CUST-002372,Sofia,Rodriguez,,+1-776-709-9301,2024-02-02 03:35:05,Mexico,East,Consumer
CUST-002373,Lucia,Smith,lucia.smith165@example.com,+1-432-951-7280,2024-08-03 00:41:12,Canada,East,Corporate
CUST-002374,Diego,Taylor,,+1-991-673-8676,2023-07-28 05:08:46,Usa,East,Consumer
CUST-002375,John,Gomez,john.gomez209@example.com,+1-262-712-8599,2024-08-01 04:27:36,Mexico,West,Corporate
CUST-002376,Mateo,Thompson,mateo.thompson493@example.com,+1-880-940-2002,2023-04-16 07:52:58,Usa,West,Consumer
CUST-002377,David,Perez,david.perez795@example.com,+1-390-652-5857,2022-02-02 02:39:14,Spain,East,Consumer
CUST-002378,Marta,Martin,marta.martin393@example.com,+1-251-365-3830,2023-01-06 12:05:59,Mexico,West,Corporate
CUST-002379,Lucia,Martinez,lucia.martinez191@example.com,+1-768-728-5919,2024-07-12 01:39:49,Brazil,West,Consumer
CUST-002380,Sofia,Gomez,sofia.gomez669@example.com,+1-586-899-4389,2024-07-01 05:14:10,Brazil,North,Home Office
CUST-002381,Emma,Thomas,,+1-761-610-8796,2023-03-03 15:12:11,Germany,South,Consumer
CUST-002382,Sofia, Davis  ,sofia.davis442@example.com,+1-939-716-8785,2024-12-19 22:06:50,Usa,West,Home Office
CUST-002383,Ana,Wilson,ana.wilson941@example.com,+1-735-602-4829,2024-11-24 06:25:16,Usa,East,Corporate
CUST-002384,David,Wilson,david.wilson356@example.com,+1-226-903-9598,2022-01-13 21:59:25,Spain,South,Consumer
CUST-002385,Camila,Jackson,camila.jackson980@example.com,+1-535-810-8362,2022-06-21 15:37:18,Mexico,North,Consumer
CUST-002386,Marta,Jackson,marta.jackson60@example.com,+1-954-685-9195,2024-07-11 21:40:37,Brazil,West,Corporate
CUST-002387,James,Wilson,james.wilson447@example.com,+1-278-800-1452,2022-11-22 08:46:59,Spain,Central,Consumer
CUST-002388,Carlos,Lee,carlos.lee881@example.com,+1-612-967-3133,2023-03-07 16:34:55,Germany,South,Consumer
CUST-002389,Carlos,Brown,carlos.brown494@example.com,+1-305-308-2228,2022-10-29 16:55:20,Spain,East,Corporate
CUST-002390,Mateo,Jackson,mateo.jackson992@example.com,+1-703-309-7929,2022-09-05 05:59:05,Usa,East,Consumer
CUST-002391,Sebastian,Taylor,sebastian.taylor296@example.com,+1-474-765-7621,2022-08-22 21:00:44,Uk,South,Consumer
CUST-002392,Carlos,Lopez,carlos.lopez979@example.com,+1-792-208-4396,2024-05-20 21:16:53,Spain,South,Consumer
CUST-002393,Carlos,Jackson,carlos.jackson98@example.com,+1-472-388-7512,2022-01-29 09:46:50,Brazil,North,Consumer
CUST-002394,Sebastian,Gomez,sebastian.gomez462@example.com,+1-675-977-1316,2022-05-27 07:51:56,Spain,North,Consumer
CUST-002395,Emma,Martin,emma.martin910@example.com,+1-550-901-1176,2022-03-22 01:11:52,Mexico,Central,Consumer
CUST-002396,Carlos,Jackson,carlos.jackson188@example.com,+1-459-486-7172,2024-07-28 21:01:43,Canada,North,Home Office
CUST-002397,Olivia,Brown,olivia.brown802@example.com,+1-654-643-4959,2023-07-25 20:12:52,Usa,Central,Consumer
CUST-002398,Camila,Smith,camila.smith775@example.com,+1-532-466-1997,2024-03-25 05:41:23,Mexico,Central,Corporate
CUST-002399,Sebastian,Thomas,,+1-818-424-4684,2022-08-11 04:37:55,Brazil,South,Home Office
CUST-002400,Mateo, Brown  ,mateo.brown164@example.com,+1-786-320-7350,2022-06-28 08:05:25,Mexico,North,Consumer
CUST-002401,Camila, Jackson  ,camila.jackson129@example.com,+1-640-935-7877,2022-05-02 16:28:38,Brazil,East,Corporate
CUST-002402,Olivia,Brown,olivia.brown365@example.com,+1-410-802-9015,2023-09-15 09:38:24,Uk,Central,Consumer
CUST-002403,Olivia,Gomez,olivia.gomez880@example.com,+1-759-645-5937,2024-11-01 00:06:05,Brazil,West,Home Office
CUST-002404,Diego,Gomez,diego.gomez46@example.com,+1-758-210-2692,2022-12-14 20:34:21,Spain,South,Consumer
CUST-002405,Carlos,Brown,carlos.brown926@example.com,+1-580-995-5903,2022-06-09 08:40:20,Uk,North,Consumer
CUST-002406,Sebastian,White,,+1-430-377-3570,2022-03-12 12:41:18,Canada,South,Consumer
CUST-002407,Ana,Brown,ana.brown367@example.com,,2023-05-17 13:37:32,Germany,East,Consumer
CUST-002408,Luis,Lopez,luis.lopez346@example.com,+1-490-536-1547,2023-04-09 08:13:47,Spain,West,Consumer
CUST-002409,Sebastian,Thompson,sebastian.thompson712@example.com,+1-413-838-4172,2023-08-07 08:56:31,Canada,South,Consumer
CUST-002410,David,Moore,david.moore607@example.com,+1-636-335-1118,2022-12-01 19:33:58,Usa,East,Consumer
CUST-002411,Sebastian,Rodriguez,sebastian.rodriguez130@example.com,+1-475-970-5427,2022-09-08 03:17:37,Canada,Central,Consumer
CUST-002412,Marta,Harris,marta.harris321@example.com,+1-826-815-3193,2024-03-15 02:03:17,Usa,South,Consumer
CUST-002413,Mateo,Moore,mateo.moore78@example.com,+1-692-670-6062,2023-02-10 21:24:30,Mexico,East,Consumer
CUST-002414,Ana,Moore,ana.moore610@example.com,,2023-01-09 20:37:13,Canada,West,Consumer
CUST-002415,John,White,john.white186@example.com,+1-605-657-2245,2022-09-29 08:20:25,Usa,West,Consumer
CUST-002416,Lucia,Martinez,lucia.martinez876@example.com,+1-480-684-6218,2024-05-17 05:30:10,Germany,Central,Corporate
CUST-002417,Lucia,Wilson,lucia.wilson106@example.com,+1-345-918-1416,2024-02-24 22:36:10,Brazil,North,Consumer
CUST-002418,David,Gomez,david.gomez585@example.com,+1-807-362-9733,2022-01-10 09:46:43,Mexico,South,Consumer
CUST-002419,Emma,Brown,emma.brown65@example.com,+1-562-907-4772,2022-08-05 12:04:58,Mexico,North,Consumer
CUST-002420,Laura,Davis,laura.davis103@example.com,+1-795-855-2721,2022-10-13 10:54:17,Canada,North,Consumer
CUST-002421,Olivia,Lee,olivia.lee654@example.com,+1-343-467-8637,2024-08-02 22:02:39,Canada,East,Corporate
CUST-002422,Laura,Martinez,laura.martinez995@example.com,+1-295-713-9933,2022-11-11 08:36:07,Germany,East,Corporate
CUST-002423,Marta,Thompson,marta.thompson605@example.com,+1-384-953-1121,2022-08-13 11:00:50,Spain,Central,Consumer
CUST-002424,Luis,Jackson,luis.jackson650@example.com,+1-591-788-4248,2024-10-06 07:36:30,Canada,South,Consumer
CUST-002425,Sebastian,Jackson,sebastian.jackson98@example.com,+1-566-832-1936,2023-12-27 06:02:28,Mexico,West,Corporate
CUST-002426,Pedro,Jackson,pedro.jackson59@example.com,,2023-07-18 13:04:51,Germany,Central,Consumer
CUST-002427,Sebastian,Brown,sebastian.brown717@example.com,+1-647-927-8828,2023-10-19 04:54:51,Brazil,South,Consumer
CUST-002428,Valentina,Wilson,valentina.wilson494@example.com,+1-328-874-3757,2024-03-25 13:11:42,Mexico,South,Home Office
CUST-002429,Marta,Taylor,marta.taylor805@example.com,+1-799-601-3765,2022-06-14 20:13:23,Canada,South,Consumer
CUST-002430,James,Gomez,james.gomez547@example.com,+1-387-561-7647,2022-08-06 06:07:00,Spain,East,Consumer
CUST-002431,Sebastian,Jackson,sebastian.jackson604@example.com,+1-978-457-3953,2023-01-22 23:31:28,Usa,North,Home Office
CUST-002432,Carlos,Brown,carlos.brown945@example.com,+1-480-289-5709,2023-05-19 20:44:35,Uk,South,Consumer
CUST-002433,Ana,Harris,ana.harris404@example.com,+1-374-910-8264,2024-05-05 01:26:51,Canada,West,Consumer
CUST-002434,Laura, Thomas  ,laura.thomas986@example.com,+1-794-569-8050,2022-04-18 07:04:14,Canada,North,Consumer
CUST-002435,Pedro,Smith,pedro.smith735@example.com,+1-437-829-2226,2022-02-08 01:49:00,Germany,North,Consumer
CUST-002436,David,Taylor,david.taylor552@example.com,+1-834-381-3203,2023-02-16 05:50:13,Mexico,West,Consumer
CUST-002437,Camila,Rodriguez,camila.rodriguez873@example.com,+1-205-911-1766,2024-02-22 15:17:13,Usa,Central,Consumer
CUST-002438,Mateo,Smith,mateo.smith410@example.com,+1-487-609-2816,2023-10-19 15:13:06,Spain,North,Consumer
CUST-002439,Diego,Martinez,diego.martinez289@example.com,+1-423-925-9613,2024-03-11 12:53:17,Usa,North,Consumer
CUST-002440,David,Martin,,+1-477-633-2476,2022-12-22 16:11:26,Spain,West,Corporate
CUST-002441,David,Lopez,david.lopez889@example.com,+1-402-620-2878,2023-02-26 00:27:09,Germany,Central,Consumer
CUST-002442,Maria,Jackson,maria.jackson141@example.com,+1-404-932-2624,2023-09-06 14:09:58,Mexico,East,Home Office
CUST-002443,Pedro,Lopez,pedro.lopez471@example.com,+1-382-675-8698,2023-02-07 23:58:29,Brazil,Central,Consumer
CUST-002444,Diego,Smith,diego.smith880@example.com,+1-909-413-5112,2024-05-14 22:00:20,Mexico,South,Corporate
CUST-002445,Luis,Wilson,luis.wilson829@example.com,+1-271-684-6370,2024-05-27 12:23:08,Usa,Central,Consumer
CUST-002446,Ana,Garcia,ana.garcia635@example.com,+1-830-778-4093,2024-10-09 06:16:41,Mexico,Unknown,Consumer
CUST-002447,Carlos,Anderson,carlos.anderson456@example.com,+1-515-473-5379,2023-03-25 02:49:53,Spain,West,Consumer
CUST-002448,Laura,Taylor,laura.taylor800@example.com,,2024-05-27 14:09:10,Uk,East,Consumer
CUST-002449,Ana,Brown,ana.brown896@example.com,+1-500-991-9782,2024-01-06 13:27:40,Germany,South,Consumer
CUST-002450,Sofia,Jackson,sofia.jackson288@example.com,+1-904-678-3833,2022-03-26 07:12:13,Uk,West,Corporate
CUST-002451,Laura,Garcia,laura.garcia981@example.com,+1-203-809-6552,2022-01-25 08:16:11,Uk,East,Corporate
CUST-002452,Marta,Lee,marta.lee179@example.com,+1-293-600-5563,2023-07-03 08:32:10,Mexico,Central,Corporate
CUST-002453,Luis,White,luis.white489@example.com,+1-746-279-5290,2023-03-28 15:33:32,Usa,East,Consumer
CUST-002454,Diego,Lopez,diego.lopez228@example.com,+1-666-717-9561,2023-08-25 09:32:10,Mexico,South,Consumer
CUST-002455,Lucia,Moore,lucia.moore556@example.com,+1-970-662-6757,2022-06-18 15:07:58,Mexico,West,Corporate
CUST-002456,Sofia,Moore,sofia.moore414@example.com,+1-766-268-7025,2023-04-24 23:59:52,Mexico,North,Consumer
CUST-002457,Valentina,Harris,valentina.harris961@example.com,,2022-03-10 17:18:28,Germany,South,Consumer
CUST-002458,John,Gomez,john.gomez316@example.com,+1-542-241-8445,2024-11-24 23:39:32,Spain,Central,Consumer
CUST-002459,Pedro,Rodriguez,pedro.rodriguez422@example.com,+1-970-638-1545,2024-01-15 12:17:11,Usa,South,Corporate
CUST-002460,Olivia,Wilson,olivia.wilson607@example.com,+1-721-451-4461,2024-05-20 00:59:05,Brazil,West,Corporate
CUST-002461,Emma,Gomez,emma.gomez483@example.com,+1-917-323-9978,2024-04-08 04:56:18,Canada,South,Consumer
CUST-002462,Mateo,White,mateo.white795@example.com,+1-283-829-1264,2023-07-30 18:38:15,Brazil,Central,Corporate
CUST-002463,Diego,Thomas,diego.thomas515@example.com,+1-978-537-1764,2023-03-23 14:05:52,Brazil,South,Consumer
CUST-002464,Emma,Anderson,emma.anderson714@example.com,+1-727-910-9252,2022-12-13 17:32:01,Brazil,North,Corporate
CUST-002465,Marta,Thomas,marta.thomas865@example.com,+1-886-852-5959,2022-02-14 20:47:22,Canada,South,Corporate
CUST-002466,Olivia,Smith,olivia.smith664@example.com,+1-774-632-2273,2023-06-22 19:50:42,Spain,West,Corporate
CUST-002467,Olivia,Gomez,olivia.gomez401@example.com,+1-410-391-2002,2024-04-13 02:32:19,Brazil,South,Consumer
CUST-002468,Ana,Lee,ana.lee967@example.com,+1-794-795-3905,2023-01-28 18:31:51,Spain,Central,Consumer
CUST-002469,Camila,Thompson,camila.thompson503@example.com,+1-322-775-3521,2022-11-24 15:14:37,Germany,East,Home Office
CUST-002470,Emma, Rodriguez  ,emma.rodriguez93@example.com,+1-668-955-1099,2024-08-07 19:26:18,Brazil,East,Corporate
CUST-002471,Carlos,Moore,carlos.moore162@example.com,+1-230-411-9774,2023-08-21 08:32:05,Usa,South,Home Office
CUST-002472,Pedro,Harris,pedro.harris116@example.com,+1-489-567-7857,2022-02-09 16:22:15,Usa,West,Consumer
CUST-002473,Maria,Harris,maria.harris840@example.com,+1-751-649-4110,2023-11-28 00:04:21,Mexico,East,Home Office
CUST-002474,Valentina,Brown,valentina.brown238@example.com,+1-774-724-5553,2023-07-11 23:58:55,Spain,South,Corporate
CUST-002475,Sofia,Garcia,sofia.garcia743@example.com,+1-751-314-7787,2024-08-12 17:09:57,Uk,North,Consumer
CUST-002476,Lucia,Wilson,lucia.wilson695@example.com,+1-316-551-9645,2023-03-31 21:06:48,Spain,North,Consumer
CUST-002477,Laura,White,laura.white923@example.com,+1-869-723-2526,2022-10-18 11:57:46,Usa,South,Home Office
CUST-002478,Luis,Lopez,luis.lopez56@example.com,+1-813-359-7754,2024-09-01 22:58:01,Mexico,North,Consumer
CUST-002479,Luis,Davis,luis.davis526@example.com,+1-844-752-1515,2022-03-05 18:50:40,Germany,North,Consumer
CUST-002480,Lucia,Martinez,lucia.martinez170@example.com,+1-815-624-3848,2024-12-18 23:42:44,Spain,East,Corporate
CUST-002481,Valentina,Thomas,valentina.thomas677@example.com,+1-219-668-3413,2022-03-03 18:47:57,Uk,Central,Home Office
CUST-002482,Camila,Brown,camila.brown647@example.com,+1-482-290-2233,2024-08-14 15:15:12,Uk,North,Consumer
CUST-002483,Camila,Lopez,camila.lopez880@example.com,+1-312-375-8737,2024-02-28 14:47:14,Brazil,South,Consumer
CUST-002484,Luis,Perez,luis.perez861@example.com,+1-217-445-2966,2022-10-01 16:36:46,Usa,South,Home Office
CUST-002485,Diego,Davis,diego.davis288@example.com,+1-475-423-6342,2023-06-26 21:39:29,Brazil,South,Corporate
CUST-002486,Marta,Perez,marta.perez922@example.com,+1-206-283-3926,2024-09-19 00:23:55,Germany,East,Corporate
CUST-002487,Sofia,Anderson,sofia.anderson674@example.com,+1-582-420-7681,2022-11-29 21:43:26,Usa,Central,Consumer
CUST-002488,Sofia,Rodriguez,sofia.rodriguez373@example.com,+1-454-209-3992,2024-07-28 20:04:22,Mexico,Central,Consumer
CUST-002489,Luis,Rodriguez,luis.rodriguez665@example.com,+1-979-659-1012,2024-02-11 04:48:03,Spain,East,Consumer
CUST-002490,Marta,Martinez,marta.martinez44@example.com,+1-560-563-4642,2023-09-24 15:28:14,Mexico,Central,Corporate
CUST-002491,Sebastian,Martin,sebastian.martin798@example.com,,2024-01-23 08:50:59,Spain,West,Corporate
CUST-002492,Laura,Perez,laura.perez122@example.com,+1-560-934-8401,2022-10-28 18:08:47,Canada,Central,Consumer
CUST-002493,Lucia,Jackson,lucia.jackson203@example.com,+1-330-436-8010,2022-11-08 01:23:58,Brazil,West,Corporate
CUST-002494,Andres,Harris,andres.harris418@example.com,+1-490-799-2207,2024-12-19 04:42:33,Mexico,Central,Consumer
CUST-002495,Mateo,Brown,mateo.brown767@example.com,+1-251-462-4047,2022-10-04 22:01:16,Uk,West,Consumer
CUST-002496,Diego,White,diego.white12@example.com,+1-593-626-7523,2022-09-21 02:38:45,Brazil,Central,Consumer
CUST-002497,Carlos,Davis,carlos.davis387@example.com,+1-824-804-3528,2023-12-08 21:24:28,Germany,Central,Corporate
CUST-002498,Sebastian,Rodriguez,sebastian.rodriguez329@example.com,+1-969-766-8822,2023-03-18 14:33:24,Uk,Central,Consumer
CUST-002499,Mateo,Martin,mateo.martin382@example.com,+1-999-644-1202,2023-01-19 10:57:46,Usa,South,Consumer
CUST-002500,Carlos,Smith,carlos.smith971@example.com,+1-457-822-5047,2024-12-07 03:28:56,Mexico,South,Corporate
CUST-002501,Emma,Harris,emma.harris159@example.com,+1-329-612-1161,2022-06-23 01:04:04,Usa,North,Consumer
CUST-002502,Luis,Martin,luis.martin151@example.com,+1-831-941-2103,2024-03-27 11:06:11,Germany,South,Home Office
CUST-002503,Pedro,White,pedro.white223@example.com,+1-507-321-1273,2022-05-25 07:25:55,Uk,Central,Consumer
CUST-002504,Sofia,Thompson,sofia.thompson136@example.com,+1-233-805-9849,2024-08-20 15:49:47,Germany,East,Corporate
CUST-002505,Lucia,Anderson,lucia.anderson761@example.com,+1-883-914-3218,2022-11-24 10:48:28,Usa,East,Corporate
CUST-002506,Sofia,Smith,sofia.smith188@example.com,+1-439-544-4803,2024-11-28 01:07:40,Uk,West,Home Office
CUST-002507,Diego,Harris,diego.harris638@example.com,+1-467-772-7564,2022-07-29 04:33:17,Uk,Central,Home Office
CUST-002508,Luis,Taylor,luis.taylor547@example.com,+1-334-204-2395,2024-04-03 17:15:09,Germany,East,Consumer
CUST-002509,Ana,Martin,ana.martin419@example.com,+1-302-738-8055,2024-04-16 20:49:16,Mexico,West,Consumer
CUST-002510,Pedro,Gomez,pedro.gomez254@example.com,+1-514-702-5220,2023-09-27 04:23:16,Germany,South,Consumer
CUST-002511,Maria,Davis,maria.davis677@example.com,+1-833-523-7630,2024-09-14 03:31:45,Usa,North,Consumer
CUST-002512,Mateo,Davis,mateo.davis76@example.com,+1-708-558-2017,2022-12-14 08:13:10,Brazil,Unknown,Corporate
CUST-002513,Carlos,Smith,carlos.smith712@example.com,+1-541-836-2162,2022-10-28 21:30:35,Canada,Central,Consumer
CUST-002514,Emma,Martin,emma.martin195@example.com,+1-505-949-4012,2022-03-24 10:42:05,Spain,East,Consumer
CUST-002515,Olivia,Anderson,olivia.anderson799@example.com,+1-477-705-8065,2022-01-01 00:56:04,Brazil,Central,Consumer
CUST-002516,Sofia,Rodriguez,sofia.rodriguez68@example.com,+1-205-908-8707,2023-10-08 15:03:23,Mexico,North,Corporate
CUST-002517,Andres,Garcia,andres.garcia645@example.com,+1-234-904-6853,2024-08-23 03:16:13,Brazil,South,Home Office
CUST-002518,Carlos,Thompson,carlos.thompson81@example.com,+1-474-560-7283,2023-12-12 07:00:42,Mexico,North,Corporate
CUST-002519,Maria,Thompson,maria.thompson522@example.com,+1-201-552-6674,2023-12-27 19:49:42,Germany,North,Corporate
CUST-002520,John,Thomas,john.thomas267@example.com,+1-477-935-7429,2024-07-14 13:18:58,Canada,Central,Corporate
CUST-002521,Lucia,Smith,lucia.smith841@example.com,+1-684-202-1828,2024-10-04 10:22:42,Usa,Central,Consumer
CUST-002522,Ana,Anderson,ana.anderson915@example.com,+1-519-320-9840,2023-10-16 10:03:34,Usa,South,Corporate
CUST-002523,Sebastian,Martinez,sebastian.martinez84@example.com,+1-752-224-4424,2022-12-31 21:25:44,Brazil,West,Corporate
CUST-002524,Luis,Rodriguez,luis.rodriguez381@example.com,+1-757-767-7542,2024-11-18 10:08:49,Germany,North,Corporate
CUST-002525,Sebastian,Thompson,sebastian.thompson156@example.com,+1-601-529-3579,2022-01-26 22:08:22,Germany,East,Consumer
CUST-002526,Lucia,Anderson,,+1-814-411-4337,2024-06-14 08:37:08,Mexico,West,Consumer
CUST-002527,Luis, Davis  ,luis.davis308@example.com,+1-469-221-9243,2024-08-17 18:28:03,Usa,West,Consumer
CUST-002528,Valentina,Harris,valentina.harris993@example.com,+1-243-810-3755,2024-09-16 01:29:37,Germany,North,Consumer
CUST-002529,Andres,Garcia,andres.garcia887@example.com,+1-427-280-2505,2023-08-01 07:16:14,Germany,South,Corporate
CUST-002530,Lucia,Lopez,lucia.lopez344@example.com,+1-750-482-6546,2022-07-17 20:25:15,Usa,East,Consumer
CUST-002531,Lucia,Rodriguez,lucia.rodriguez674@example.com,+1-322-314-7607,2023-01-17 01:10:39,Mexico,West,Corporate
CUST-002532,Carlos,Martinez,carlos.martinez322@example.com,+1-431-815-8706,2022-02-07 00:15:18,Brazil,West,Home Office
CUST-002533,James,Wilson,james.wilson492@example.com,+1-943-914-1929,2023-08-30 19:21:47,Germany,South,Home Office
CUST-002534,Emma,Garcia,emma.garcia769@example.com,+1-265-496-7396,2024-06-27 02:40:24,Spain,Central,Consumer
CUST-002535,David,White,david.white432@example.com,,2023-07-12 04:48:56,Spain,West,Consumer
CUST-002536,Marta, White  ,marta.white945@example.com,+1-202-572-4802,2024-02-09 00:29:43,Canada,West,Consumer
CUST-002537,Sebastian,Anderson,sebastian.anderson133@example.com,+1-582-697-8346,2022-02-03 00:12:58,Canada,West,Consumer
CUST-002538,Luis,Thomas,luis.thomas403@example.com,+1-442-242-7491,2022-04-17 14:24:39,Canada,West,Corporate
CUST-002539,James,Smith,james.smith749@example.com,+1-743-856-2437,2022-09-22 23:33:20,Germany,West,Consumer
CUST-002540,Ana,Harris,ana.harris12@example.com,,2022-09-05 21:34:02,Usa,South,Consumer
CUST-002541,David,Gomez,david.gomez374@example.com,+1-338-223-5297,2022-10-21 12:20:29,Canada,South,Corporate
CUST-002542,Olivia,Taylor,olivia.taylor713@example.com,+1-811-575-4789,2024-08-15 04:04:54,Uk,South,Home Office
CUST-002543,Luis,Smith,luis.smith441@example.com,,2024-12-28 12:42:00,Spain,West,Home Office
CUST-002544,Marta,Wilson,marta.wilson646@example.com,,2023-07-14 11:36:54,Mexico,Central,Home Office
CUST-002545,Pedro,Anderson,,+1-726-292-3037,2023-11-06 20:17:44,Usa,Central,Consumer
CUST-002546,Sebastian,Harris,sebastian.harris357@example.com,+1-844-558-9673,2024-03-08 07:41:43,Mexico,East,Corporate
CUST-002547,Lucia,Moore,lucia.moore888@example.com,+1-371-811-7078,2022-11-18 05:26:23,Usa,West,Corporate
CUST-002548,Luis,Thomas,luis.thomas390@example.com,+1-212-440-7691,2024-04-14 03:44:01,Spain,West,Corporate
CUST-002549,Pedro,Thompson,pedro.thompson32@example.com,+1-658-210-5855,2024-05-16 16:20:39,Spain,Unknown,Corporate
CUST-002550,Lucia,Gomez,lucia.gomez202@example.com,+1-561-264-6996,2022-09-26 18:20:56,Mexico,North,Consumer
CUST-002551,Emma,Gomez,emma.gomez452@example.com,+1-435-895-2477,2022-05-19 15:24:24,Brazil,North,Consumer
CUST-002552,Luis,Taylor,luis.taylor451@example.com,+1-785-263-7118,2024-12-14 04:41:41,Canada,East,Consumer
CUST-002553,Emma,Rodriguez,emma.rodriguez315@example.com,+1-652-780-5347,2023-10-31 02:03:40,Germany,West,Home Office
CUST-002554,James, Davis  ,james.davis697@example.com,+1-527-911-8660,2022-07-18 21:14:43,Usa,East,Corporate
CUST-002555,John,White,john.white777@example.com,+1-858-737-9708,2022-06-13 14:29:08,Brazil,East,Corporate
CUST-002556,Lucia, White  ,lucia.white440@example.com,+1-538-597-3016,2023-03-16 20:09:38,Canada,South,Home Office
CUST-002557,Andres,Lee,andres.lee643@example.com,+1-886-772-8536,2023-06-25 14:25:02,Uk,North,Consumer
CUST-002558,Olivia,Smith,olivia.smith994@example.com,+1-448-963-8835,2023-01-16 17:15:34,Spain,North,Consumer
CUST-002559,David,Gomez,david.gomez578@example.com,+1-390-367-1418,2022-07-25 21:58:18,Mexico,West,Consumer
CUST-002560,Emma,Davis,emma.davis707@example.com,+1-923-818-8848,2022-10-22 07:44:39,Spain,South,Consumer
CUST-002561,Lucia,Anderson,lucia.anderson41@example.com,+1-390-774-3185,2023-06-15 11:43:46,Canada,South,Corporate
CUST-002562,Olivia,Moore,olivia.moore265@example.com,+1-369-649-8756,2023-01-18 08:37:12,Uk,South,Consumer
CUST-002563,Sebastian,Thomas,sebastian.thomas48@example.com,+1-339-444-3987,2022-10-16 00:47:23,Uk,North,Consumer
CUST-002564,Ana,Garcia,ana.garcia632@example.com,+1-393-433-3870,2024-05-16 18:47:47,Mexico,East,Consumer
CUST-002565,Pedro,Lee,pedro.lee620@example.com,+1-805-737-3446,2022-05-25 22:08:25,Usa,West,Consumer
CUST-002566,Marta,Garcia,marta.garcia863@example.com,+1-475-906-6604,2023-11-04 04:37:04,Brazil,North,Home Office
CUST-002567,Olivia,Thomas,olivia.thomas583@example.com,+1-906-823-2137,2024-06-12 07:20:42,Uk,South,Consumer
CUST-002568,Ana,Moore,ana.moore252@example.com,+1-418-889-3535,2023-08-06 06:42:37,Spain,West,Home Office
CUST-002569,Sofia,Martinez,sofia.martinez461@example.com,+1-678-678-4577,2024-10-06 07:25:06,Usa,West,Home Office
CUST-002570,Valentina,Smith,valentina.smith412@example.com,+1-505-947-8833,2024-03-26 01:01:46,Spain,West,Consumer
CUST-002571,Sebastian,Taylor,sebastian.taylor244@example.com,+1-587-235-6489,2022-04-18 22:22:05,Mexico,South,Corporate
CUST-002572,Pedro,Martinez,pedro.martinez87@example.com,+1-945-238-8748,2023-08-13 10:49:55,Germany,North,Consumer
CUST-002573,Mateo,Wilson,mateo.wilson692@example.com,+1-863-644-8753,2022-02-07 13:21:20,Uk,South,Consumer
CUST-002574,Diego,Martinez,diego.martinez583@example.com,+1-202-640-3619,2024-01-31 00:30:07,Spain,North,Consumer
CUST-002575,Lucia,Davis,lucia.davis679@example.com,+1-565-849-7611,2024-11-07 09:33:09,Brazil,North,Consumer
CUST-002576,Olivia,Wilson,olivia.wilson610@example.com,+1-697-861-4422,2023-10-08 03:48:15,Uk,South,Home Office
CUST-002577,Camila,Lee,camila.lee863@example.com,+1-812-279-5221,2023-07-23 21:47:58,Germany,Central,Consumer
CUST-002578,Camila,Harris,camila.harris834@example.com,+1-521-214-5621,2023-10-08 21:44:38,Germany,Unknown,Consumer
CUST-002579,Diego,Jackson,diego.jackson222@example.com,+1-330-334-4644,2023-08-31 21:29:55,Mexico,West,Consumer
CUST-002580,John,Brown,john.brown825@example.com,+1-866-276-2709,2024-12-28 11:59:54,Uk,East,Consumer
CUST-002581,Marta,Rodriguez,marta.rodriguez17@example.com,+1-204-916-2199,2023-05-31 06:38:34,Germany,West,Consumer
CUST-002582,Carlos,Martinez,carlos.martinez837@example.com,+1-805-743-5983,2023-01-31 18:07:15,Mexico,South,Corporate
CUST-002583,Carlos,Thomas,carlos.thomas733@example.com,+1-672-964-9257,2024-03-25 17:54:07,Usa,Central,Corporate
CUST-002584,Valentina,Martinez,valentina.martinez210@example.com,+1-661-738-9946,2022-09-21 23:37:36,Brazil,North,Consumer
CUST-002585,Sebastian,Anderson,sebastian.anderson398@example.com,+1-734-250-7298,2022-05-19 02:48:17,Germany,South,Corporate
CUST-002586,Laura,White,laura.white411@example.com,+1-513-678-9789,2024-01-28 09:52:02,Brazil,North,Corporate
CUST-002587,Marta,Perez,marta.perez704@example.com,+1-654-838-5412,2024-05-27 20:39:26,Spain,West,Consumer
CUST-002588,Sebastian,Rodriguez,sebastian.rodriguez877@example.com,+1-835-655-3525,2022-01-08 07:19:48,Brazil,North,Consumer
CUST-002589,Sebastian,Smith,sebastian.smith428@example.com,+1-285-593-7566,2022-10-16 04:49:15,Usa,North,Consumer
CUST-002590,James,Thomas,james.thomas701@example.com,+1-718-616-5551,2024-07-09 12:02:05,Brazil,Unknown,Home Office
CUST-002591,Marta,Thomas,marta.thomas910@example.com,+1-705-560-2636,2024-01-05 06:16:03,Mexico,West,Consumer
CUST-002592,Ana,Gomez,,+1-736-657-6530,2022-04-18 18:58:11,Spain,West,Corporate
CUST-002593,Sofia,Anderson,sofia.anderson366@example.com,+1-273-624-7268,2022-04-28 12:50:55,Mexico,East,Consumer
CUST-002594,Carlos,Wilson,carlos.wilson267@example.com,+1-270-988-9393,2023-09-12 21:26:05,Uk,West,Home Office
CUST-002595,Ana,Martinez,ana.martinez207@example.com,,2023-02-18 15:30:10,Usa,Central,Corporate
CUST-002596,Marta,Lee,marta.lee748@example.com,+1-265-663-1325,2022-03-27 08:55:32,Brazil,South,Consumer
CUST-002597,Andres,Anderson,andres.anderson158@example.com,+1-417-724-7737,2023-07-03 02:12:44,Canada,North,Corporate
CUST-002598,Marta,Smith,marta.smith229@example.com,+1-231-823-5554,,Canada,East,Corporate
CUST-002599,Ana,White,ana.white654@example.com,+1-267-821-8792,2024-06-06 21:42:48,Brazil,Central,Home Office
CUST-002600,Sofia,Wilson,sofia.wilson157@example.com,+1-768-475-2794,2023-11-21 07:38:11,Mexico,West,Corporate
CUST-002601,Valentina,Gomez,valentina.gomez326@example.com,+1-243-675-4352,2023-09-04 12:53:11,Spain,West,Corporate
CUST-002602,Mateo,Anderson,mateo.anderson998@example.com,+1-214-786-6273,2024-11-09 18:08:28,Germany,South,Consumer
CUST-002603,Ana,Thomas,ana.thomas144@example.com,+1-873-642-1017,2022-04-03 06:08:16,Germany,Central,Consumer
CUST-002604,Sofia,Smith,sofia.smith993@example.com,,2023-04-23 21:51:44,Spain,South,Consumer
CUST-002605,Laura,Harris,laura.harris480@example.com,+1-395-519-3516,2022-02-05 01:29:16,Canada,North,Consumer
CUST-002606,Olivia,Martin,olivia.martin293@example.com,+1-745-647-8541,2024-08-22 13:12:03,Uk,East,Home Office
CUST-002607,John,Anderson,john.anderson526@example.com,+1-635-955-5379,2022-05-17 19:01:48,Germany,South,Consumer
CUST-002608,Valentina,Perez,valentina.perez860@example.com,+1-820-527-9519,2022-09-22 14:26:01,Germany,Central,Corporate
CUST-002609,Laura,Lopez,laura.lopez163@example.com,+1-450-862-4600,2024-05-10 06:07:41,Brazil,North,Corporate
CUST-002610,James,Thompson,james.thompson734@example.com,+1-837-974-5586,2024-02-11 06:02:04,Brazil,West,Corporate
CUST-002611,Pedro,Perez,pedro.perez102@example.com,+1-654-397-1040,2023-03-06 13:58:44,Brazil,South,Corporate
CUST-002612,Emma,Garcia,emma.garcia95@example.com,+1-742-982-2479,2024-01-31 17:03:58,Uk,Central,Consumer
CUST-002613,Sofia,Moore,sofia.moore842@example.com,+1-548-776-6118,2024-01-11 15:05:05,Uk,Central,Consumer
CUST-002614,Ana,Jackson,ana.jackson242@example.com,+1-336-671-3366,2022-11-09 08:00:44,Germany,West,Consumer
CUST-002615,Andres,Perez,andres.perez156@example.com,+1-375-433-8725,2022-02-25 20:52:11,Usa,North,Corporate
CUST-002616,Diego,Thomas,diego.thomas894@example.com,+1-931-755-8340,2023-07-13 02:01:31,Germany,Central,Consumer
CUST-002617,Olivia,Martin,olivia.martin721@example.com,+1-465-272-8293,2023-10-24 15:19:04,Brazil,East,Consumer
CUST-002618,Camila,Perez,camila.perez839@example.com,+1-757-753-1651,2022-06-08 16:28:21,Germany,South,Consumer
CUST-002619,Maria,Taylor,maria.taylor329@example.com,+1-705-816-1951,2022-05-13 20:18:35,Uk,East,Consumer
CUST-002620,Andres,Moore,andres.moore415@example.com,+1-763-415-9282,2022-12-10 09:35:47,Uk,Central,Consumer
CUST-002621,Emma, Perez  ,emma.perez882@example.com,+1-359-217-8847,2022-02-16 14:30:44,Usa,South,Consumer
CUST-002622,Lucia, Lopez  ,lucia.lopez118@example.com,+1-846-883-1456,2023-01-05 23:00:42,Spain,East,Corporate
CUST-002623,Sebastian, Thompson  ,sebastian.thompson159@example.com,+1-780-862-9847,2022-07-24 19:02:29,Germany,West,Corporate
CUST-002624,John,Perez,john.perez836@example.com,+1-227-864-9002,2022-10-02 00:15:23,Brazil,Unknown,Corporate
CUST-002625,Andres, Smith  ,andres.smith49@example.com,+1-665-800-3161,2022-08-31 07:59:23,Brazil,South,Consumer
CUST-002626,Sofia,Moore,sofia.moore230@example.com,+1-481-923-9378,2023-04-19 15:53:53,Germany,East,Corporate
CUST-002627,Olivia,Smith,olivia.smith731@example.com,+1-523-245-7893,2023-05-12 17:52:14,Mexico,West,Consumer
CUST-002628,Diego,Perez,diego.perez998@example.com,+1-395-546-6805,,Usa,West,Consumer
CUST-002629,John,Brown,john.brown103@example.com,,2023-03-23 23:00:53,Usa,East,Consumer
CUST-002630,Luis,Taylor,luis.taylor660@example.com,+1-295-737-8838,2022-09-18 22:29:45,Uk,South,Consumer
CUST-002631,Laura,Wilson,laura.wilson319@example.com,+1-576-721-9804,2022-04-02 07:37:05,Usa,North,Consumer
CUST-002632,Pedro,Lee,pedro.lee668@example.com,+1-918-304-3496,2022-04-16 08:15:29,Germany,East,Home Office
CUST-002633,Emma,Moore,emma.moore117@example.com,+1-532-842-7447,2024-06-28 19:26:08,Uk,North,Corporate
CUST-002634,Camila,Martin,camila.martin633@example.com,+1-657-750-1875,2024-07-11 05:10:28,Canada,East,Corporate
CUST-002635,Laura,Taylor,laura.taylor525@example.com,+1-498-469-7750,2024-05-23 17:13:20,Uk,East,Consumer
CUST-002636,David,Jackson,david.jackson977@example.com,+1-505-222-2087,2024-05-25 15:43:43,Canada,South,Corporate
CUST-002637,Mateo,Davis,mateo.davis519@example.com,+1-877-413-2950,2024-10-18 12:55:39,Uk,West,Consumer
CUST-002638,Carlos,Harris,carlos.harris679@example.com,+1-649-439-2711,2022-10-29 18:32:01,Brazil,Central,Corporate
CUST-002639,Emma,Smith,emma.smith579@example.com,+1-290-539-7034,2022-10-07 11:04:45,Germany,South,Home Office
CUST-002640,David,Rodriguez,david.rodriguez308@example.com,+1-292-584-7108,2022-12-25 02:30:40,Uk,East,Corporate
CUST-002641,Laura,Thompson,laura.thompson598@example.com,+1-643-598-1392,2023-05-22 16:59:13,Canada,East,Consumer
CUST-002642,Lucia,Lee,,+1-380-944-3004,2023-06-06 12:34:29,Germany,Central,Consumer
CUST-002643,Pedro,Garcia,pedro.garcia275@example.com,+1-958-824-2882,2024-09-24 15:27:45,Usa,West,Consumer
CUST-002644,Ana,Brown,ana.brown79@example.com,+1-725-880-2540,2022-12-06 14:43:37,Uk,Central,Consumer
CUST-002645,Pedro,Lopez,pedro.lopez807@example.com,+1-981-507-5480,2023-04-12 17:27:30,Brazil,North,Corporate
CUST-002646,Laura,Thompson,laura.thompson711@example.com,+1-698-660-5715,2023-02-21 00:56:25,Germany,South,Consumer
CUST-002647,Sofia,Thompson,sofia.thompson296@example.com,+1-880-852-4954,2024-04-09 07:19:42,Spain,North,Corporate
CUST-002648,Diego,Taylor,diego.taylor589@example.com,+1-943-861-7299,2022-03-02 06:48:52,Usa,Central,Home Office
CUST-002649,Diego,Moore,diego.moore471@example.com,+1-326-814-7185,2024-07-15 15:07:38,Brazil,West,Home Office
CUST-002650,Ana,Martinez,ana.martinez765@example.com,+1-603-446-5552,2023-10-04 06:19:52,Spain,North,Consumer
CUST-002651,Sofia,Martinez,sofia.martinez276@example.com,+1-828-802-9916,2023-03-27 01:26:32,Usa,South,Corporate
CUST-002652,Diego,Thompson,diego.thompson913@example.com,+1-631-699-6866,2023-03-29 22:28:17,Germany,North,Consumer
CUST-002653,Olivia,Harris,olivia.harris336@example.com,+1-353-850-5987,2022-05-28 10:03:06,Spain,West,Consumer
CUST-002654,Pedro,Gomez,pedro.gomez217@example.com,+1-451-995-6741,2022-12-03 02:16:53,Brazil,East,Home Office
CUST-002655,James,Jackson,james.jackson144@example.com,+1-585-253-2802,2023-09-22 20:00:35,Brazil,South,Consumer
CUST-002656,Sofia,Moore,sofia.moore69@example.com,+1-781-798-6844,2023-03-23 23:24:19,Brazil,Central,Corporate
CUST-002657,James,White,james.white655@example.com,+1-387-697-8187,2022-11-20 13:40:34,Spain,East,Corporate
CUST-002658,Pedro,Harris,pedro.harris27@example.com,+1-421-760-6298,2022-04-03 00:05:25,Canada,East,Consumer
CUST-002659,Emma,Wilson,emma.wilson948@example.com,+1-899-461-7542,2023-08-14 17:31:00,Canada,South,Consumer
CUST-002660,Sebastian,Rodriguez,sebastian.rodriguez308@example.com,+1-680-973-4951,2022-01-02 08:29:55,Usa,East,Home Office
CUST-002661,Laura,Moore,laura.moore383@example.com,+1-903-693-5790,2022-06-21 21:07:35,Spain,South,Consumer
CUST-002662,Maria,Lopez,maria.lopez714@example.com,+1-802-668-9617,2023-06-18 18:49:31,Brazil,Central,Corporate
CUST-002663,Emma,Garcia,emma.garcia896@example.com,+1-904-208-5743,2022-10-02 00:30:30,Uk,East,Consumer
CUST-002664,Olivia,Lee,olivia.lee436@example.com,+1-297-726-4183,2024-06-10 01:53:05,Germany,Central,Corporate
CUST-002665,Valentina,Smith,valentina.smith103@example.com,+1-940-913-9780,2022-05-03 17:29:30,Canada,North,Consumer
CUST-002666,Camila,Garcia,camila.garcia95@example.com,+1-266-456-4749,2023-10-27 15:46:11,Brazil,Central,Consumer
CUST-002667,John,Gomez,john.gomez818@example.com,+1-761-279-9991,2024-09-22 16:36:22,Usa,North,Corporate
CUST-002668,Lucia, Perez  ,lucia.perez434@example.com,+1-508-331-6417,2023-10-18 16:32:05,Spain,North,Consumer
CUST-002669,Sebastian,Gomez,sebastian.gomez885@example.com,+1-638-792-4242,2022-10-20 08:53:52,Spain,North,Consumer
CUST-002670,Laura,Brown,laura.brown13@example.com,+1-613-234-1864,2023-02-06 06:43:27,Canada,North,Consumer
CUST-002671,Valentina,Jackson,valentina.jackson663@example.com,+1-907-543-1309,2023-11-18 11:53:07,Spain,South,Consumer
CUST-002672,John,Lopez,john.lopez808@example.com,+1-357-227-7614,2023-08-16 14:53:09,Brazil,North,Consumer
CUST-002673,Maria,Wilson,maria.wilson757@example.com,+1-802-779-3321,2023-10-17 00:41:42,Usa,Unknown,Consumer
CUST-002674,David,Davis,david.davis145@example.com,+1-331-338-3238,2024-11-29 10:07:01,Usa,North,Home Office
CUST-002675,David,White,david.white189@example.com,+1-880-380-1773,2022-09-25 13:33:36,Brazil,South,Corporate
CUST-002676,John,Harris,john.harris871@example.com,+1-277-316-4403,2022-04-05 09:19:17,Uk,East,Consumer
CUST-002677,Camila,Lopez,camila.lopez234@example.com,+1-857-378-6957,2023-01-30 06:36:34,Uk,West,Home Office
CUST-002678,John,Davis,john.davis250@example.com,+1-950-812-5164,2022-11-21 12:12:59,Spain,West,Corporate
CUST-002679,Marta,Martinez,marta.martinez312@example.com,+1-390-712-7549,2023-03-20 10:51:52,Spain,East,Corporate
CUST-002680,Diego,Gomez,diego.gomez271@example.com,+1-797-724-8045,2022-12-21 15:38:02,Canada,East,Consumer
CUST-002681,Luis,White,luis.white254@example.com,+1-647-968-8435,2024-01-01 23:10:47,Germany,West,Corporate
CUST-002682,David, Wilson  ,david.wilson182@example.com,+1-836-683-4801,2024-01-09 12:58:09,Brazil,North,Consumer
CUST-002683,Carlos,Moore,carlos.moore380@example.com,+1-540-776-2086,2024-04-07 09:44:23,Brazil,West,Home Office
CUST-002684,James,Rodriguez,james.rodriguez63@example.com,+1-834-626-7823,2024-11-12 10:55:40,Usa,East,Consumer
CUST-002685,James,Rodriguez,james.rodriguez415@example.com,+1-795-914-7076,2023-05-26 05:47:53,Mexico,West,Corporate
CUST-002686,Laura,Moore,laura.moore737@example.com,+1-525-882-4822,2024-06-08 12:18:30,Canada,Central,Consumer
CUST-002687,Diego,Martinez,diego.martinez766@example.com,+1-455-357-5745,2023-11-26 07:22:28,Germany,West,Consumer
CUST-002688,Camila,Martinez,camila.martinez106@example.com,+1-546-686-2340,2023-09-02 05:42:12,Germany,West,Home Office
CUST-002689,Diego,Davis,diego.davis332@example.com,+1-477-417-5695,2023-04-05 14:57:27,Uk,East,Consumer
CUST-002690,Diego,Rodriguez,diego.rodriguez423@example.com,+1-303-602-9821,2022-02-23 05:21:22,Mexico,Central,Consumer
CUST-002691,David,Harris,david.harris426@example.com,+1-298-562-4679,2022-06-08 18:12:28,Usa,North,Consumer
CUST-002692,Valentina,Davis,valentina.davis91@example.com,+1-229-450-1378,2024-08-03 18:05:56,Spain,South,Consumer
CUST-002693,Lucia,Smith,lucia.smith708@example.com,+1-370-993-1066,2024-08-23 03:28:26,Mexico,Central,Corporate
CUST-002694,Mateo,Thompson,mateo.thompson570@example.com,+1-343-595-5507,2022-02-09 20:53:34,Canada,North,Consumer
CUST-002695,John,Anderson,john.anderson803@example.com,+1-401-806-5879,2024-03-26 16:05:36,Brazil,South,Consumer
CUST-002696,Laura,Martinez,laura.martinez398@example.com,+1-919-503-6643,2022-12-03 14:45:44,Canada,South,Consumer
CUST-002697,Olivia,Martinez,olivia.martinez12@example.com,+1-420-604-5296,2023-09-08 18:24:33,Spain,North,Home Office
CUST-002698,John,Brown,john.brown720@example.com,+1-592-935-5786,2024-04-27 20:38:58,Brazil,North,Corporate
CUST-002699,Olivia,Gomez,olivia.gomez699@example.com,+1-763-429-4579,2024-04-23 11:57:55,Canada,Central,Consumer
CUST-002700,John,Moore,john.moore174@example.com,+1-558-991-1451,2022-08-09 04:08:08,Brazil,South,Consumer
CUST-002701,Laura,White,laura.white780@example.com,+1-972-283-4189,2022-03-11 08:14:37,Canada,East,Home Office
CUST-002702,Emma,Lee,emma.lee854@example.com,+1-693-872-4360,2024-05-08 09:57:45,Uk,North,Consumer
CUST-002703,Camila,Thompson,camila.thompson91@example.com,+1-945-263-2165,2023-06-28 15:48:26,Brazil,Central,Consumer
CUST-002704,Maria,Wilson,maria.wilson107@example.com,+1-610-210-5635,2022-07-06 21:03:24,Germany,Central,Corporate
CUST-002705,Maria,Gomez,maria.gomez869@example.com,+1-519-871-3646,2022-04-08 01:24:26,Canada,Central,Consumer
CUST-002706,Diego,Jackson,diego.jackson414@example.com,+1-757-233-2185,2022-09-01 22:36:15,Uk,North,Consumer
CUST-002707,Sofia,Lopez,sofia.lopez265@example.com,+1-713-960-6392,2023-02-15 11:00:31,Uk,East,Home Office
CUST-002708,Luis,Davis,luis.davis203@example.com,+1-276-635-2005,2023-10-16 17:24:19,Uk,North,Consumer
CUST-002709,Camila,Lopez,camila.lopez943@example.com,+1-756-591-1962,2023-02-25 02:54:24,Mexico,West,Consumer
CUST-002710,Maria,Lee,maria.lee209@example.com,+1-338-922-2601,2022-08-26 21:13:30,Germany,East,Home Office
CUST-002711,Ana,Martinez,ana.martinez928@example.com,+1-675-885-1070,2023-09-14 05:52:57,Uk,Central,Corporate
CUST-002712,Maria,Anderson,maria.anderson123@example.com,+1-335-746-8526,2022-07-08 23:00:37,Mexico,East,Consumer
CUST-002713,Mateo,Garcia,mateo.garcia994@example.com,+1-646-687-9357,2023-03-13 13:25:00,Brazil,West,Consumer
CUST-002714,Diego,Davis,diego.davis245@example.com,+1-767-281-1614,2022-05-27 23:11:52,Brazil,East,Corporate
CUST-002715,John,Moore,john.moore802@example.com,+1-791-493-3774,2022-09-08 09:05:02,Germany,South,Consumer
CUST-002716,Pedro, Smith  ,pedro.smith728@example.com,+1-443-284-6497,2022-06-05 07:55:46,Mexico,North,Consumer
CUST-002717,Diego,Brown,diego.brown69@example.com,+1-616-761-5149,2024-03-06 12:32:20,Mexico,South,Home Office
CUST-002718,Carlos,Lee,carlos.lee915@example.com,+1-276-202-3276,2023-10-01 23:02:48,Mexico,East,Consumer
CUST-002719,Maria,Martin,maria.martin534@example.com,+1-738-567-7978,2023-07-20 14:12:54,Uk,East,Consumer
CUST-002720,Andres,Rodriguez,andres.rodriguez32@example.com,+1-578-308-6582,2022-04-30 15:45:13,Brazil,East,Home Office
CUST-002721,Lucia,Davis,lucia.davis373@example.com,+1-996-716-5853,2024-01-19 05:18:09,Spain,South,Consumer
CUST-002722,Maria,Martin,maria.martin400@example.com,+1-613-336-6924,2022-11-16 14:44:56,Mexico,North,Consumer
CUST-002723,Ana,Lee,ana.lee680@example.com,+1-243-284-5817,2022-02-16 23:48:29,Mexico,North,Corporate
CUST-002724,Ana,Moore,ana.moore664@example.com,+1-631-384-5270,2024-11-08 01:28:31,Spain,Central,Consumer
CUST-002725,John,Gomez,john.gomez992@example.com,+1-853-621-7703,2022-01-08 19:42:54,Uk,North,Corporate
CUST-002726,John,Lee,john.lee550@example.com,+1-344-207-8728,2022-10-05 14:50:30,Canada,South,Consumer
CUST-002727,John,Lopez,john.lopez892@example.com,+1-875-365-3293,2023-12-21 08:21:03,Canada,Central,Consumer
CUST-002728,Carlos,Thompson,carlos.thompson291@example.com,+1-213-748-5550,2022-11-14 17:09:00,Mexico,South,Consumer
CUST-002729,James,Harris,james.harris33@example.com,+1-201-479-2511,2023-09-01 01:25:13,Germany,Central,Consumer
CUST-002730,Andres,Lopez,andres.lopez382@example.com,+1-304-921-2891,2023-04-13 08:57:59,Mexico,North,Corporate
CUST-002731,Marta,Davis,marta.davis991@example.com,+1-998-653-3385,2023-10-15 05:59:51,Spain,Central,Consumer
CUST-002732,Ana,Jackson,,+1-854-917-6888,2023-08-16 17:49:03,Uk,North,Consumer
CUST-002733,Olivia,Perez,olivia.perez30@example.com,+1-330-753-1281,2023-05-08 02:39:00,Usa,East,Consumer
CUST-002734,Pedro,Thomas,pedro.thomas309@example.com,+1-279-827-6454,2023-05-12 04:35:47,Spain,Central,Corporate
CUST-002735,John,Wilson,john.wilson481@example.com,+1-769-619-8440,2023-08-13 10:28:47,Germany,South,Consumer
CUST-002736,Carlos,Garcia,carlos.garcia691@example.com,+1-768-824-4658,2024-11-10 00:49:18,Brazil,South,Corporate
CUST-002737,Mateo,Thompson,mateo.thompson690@example.com,+1-432-675-2890,2022-02-21 05:18:44,Usa,South,Corporate
CUST-002738,Andres,Martin,andres.martin954@example.com,+1-445-937-7594,2023-05-29 21:42:33,Uk,North,Consumer
CUST-002739,Marta,Thompson,marta.thompson981@example.com,+1-552-704-7096,2023-10-24 21:34:01,Uk,East,Corporate
CUST-002740,Ana,Thompson,ana.thompson192@example.com,,2023-07-24 15:15:32,Uk,West,Consumer
CUST-002741,Luis,Anderson,luis.anderson916@example.com,+1-356-732-9900,2024-01-06 15:37:29,Usa,West,Consumer
CUST-002742,Luis,Moore,luis.moore431@example.com,+1-670-446-4826,2023-11-11 16:28:10,Spain,East,Consumer
CUST-002743,Luis,Garcia,,+1-347-654-7789,2024-03-28 03:23:40,Canada,West,Corporate
CUST-002744,Maria,Anderson,maria.anderson144@example.com,+1-566-425-1335,2022-04-30 18:38:32,Mexico,South,Consumer
CUST-002745,Lucia,Harris,lucia.harris656@example.com,+1-827-607-5845,2022-11-26 09:48:24,Mexico,West,Corporate
CUST-002746,Mateo,Brown,mateo.brown822@example.com,+1-209-744-5620,2023-10-24 06:42:21,Canada,South,Home Office
CUST-002747,Carlos,Davis,carlos.davis525@example.com,+1-204-985-1522,2023-09-10 09:58:21,Usa,West,Corporate
CUST-002748,Pedro,Lopez,pedro.lopez351@example.com,+1-452-607-2769,2023-11-09 11:55:42,Uk,East,Consumer
CUST-002749,Pedro,White,pedro.white394@example.com,+1-378-710-7206,2022-02-28 00:32:39,Canada,East,Consumer
CUST-002750,Olivia,Smith,olivia.smith782@example.com,+1-418-426-3365,2023-05-05 22:35:41,Spain,East,Corporate
CUST-002751,Pedro,Taylor,pedro.taylor954@example.com,+1-427-284-6278,2023-01-07 23:18:10,Uk,South,Consumer
CUST-002752,David,Smith,david.smith21@example.com,+1-343-819-8128,2023-07-27 14:17:00,Canada,Central,Corporate
CUST-002753,Olivia,Brown,olivia.brown498@example.com,+1-502-360-3274,2022-07-23 04:46:13,Usa,East,Consumer
CUST-002754,Olivia,Thompson,olivia.thompson927@example.com,+1-322-567-4944,2022-12-29 21:29:37,Canada,West,Consumer
CUST-002755,Emma,Lee,emma.lee406@example.com,+1-426-329-6815,2022-01-11 01:12:07,Canada,North,Corporate
CUST-002756,Camila,Brown,camila.brown47@example.com,+1-509-744-6870,2024-10-21 00:16:34,Canada,South,Consumer
CUST-002757,John,White,john.white109@example.com,+1-790-445-4989,2022-04-10 07:42:20,Mexico,Central,Consumer
CUST-002758,Andres,Lee,andres.lee619@example.com,+1-263-202-1952,2022-06-23 23:31:29,Usa,South,Corporate
CUST-002759,Marta,Jackson,marta.jackson386@example.com,+1-349-388-6578,2022-07-23 13:42:38,Germany,East,Corporate
CUST-002760,Maria,Perez,maria.perez363@example.com,+1-814-516-1040,2024-01-25 16:21:56,Uk,Central,Corporate
CUST-002761,Sofia,Rodriguez,sofia.rodriguez293@example.com,+1-998-552-4558,2022-01-01 04:58:39,Germany,South,Consumer
CUST-002762,Lucia,Martin,lucia.martin939@example.com,+1-747-986-2236,2024-08-11 10:22:17,Mexico,West,Consumer
CUST-002763,Pedro,Rodriguez,pedro.rodriguez14@example.com,+1-957-321-5844,2024-06-28 12:50:34,Canada,Central,Corporate
CUST-002764,John,Garcia,john.garcia998@example.com,+1-710-638-7893,2024-07-13 15:35:00,Mexico,North,Consumer
CUST-002765,Mateo,Jackson,mateo.jackson129@example.com,+1-227-789-3623,2022-05-18 20:09:44,Usa,East,Consumer
CUST-002766,Luis,Jackson,,+1-938-839-1980,2022-06-01 05:40:31,Canada,South,Consumer
CUST-002767,John,Moore,john.moore642@example.com,+1-760-896-8238,2024-09-06 00:52:31,Brazil,West,Corporate
CUST-002768,Emma,Thomas,,+1-354-403-8967,2023-05-19 04:28:55,Uk,East,Consumer
CUST-002769,Maria,Martinez,maria.martinez839@example.com,+1-851-729-5660,2024-02-15 23:33:39,Uk,East,Consumer
CUST-002770,Mateo,Garcia,mateo.garcia293@example.com,+1-355-820-6104,2022-06-20 07:00:39,Usa,North,Consumer
CUST-002771,David,Martin,david.martin792@example.com,+1-451-783-9812,2023-11-21 20:33:23,Germany,South,Home Office
CUST-002772,Maria,Davis,maria.davis266@example.com,+1-647-552-9228,2022-10-21 13:50:20,Brazil,Central,Consumer
CUST-002773,Mateo,Thompson,mateo.thompson106@example.com,+1-702-874-4304,2023-06-13 18:05:33,Brazil,East,Consumer
CUST-002774,Marta,Davis,marta.davis143@example.com,+1-242-296-2611,2024-12-08 10:00:17,Germany,North,Corporate
CUST-002775,James,Brown,james.brown403@example.com,+1-499-388-8062,2024-05-26 16:12:22,Spain,South,Home Office
CUST-002776,James,Garcia,james.garcia500@example.com,+1-387-486-6176,2022-10-23 12:34:35,Canada,South,Consumer
CUST-002777,James,Moore,james.moore953@example.com,+1-969-595-8688,2023-10-06 14:57:15,Mexico,Central,Consumer
CUST-002778,Pedro,White,pedro.white164@example.com,+1-368-485-5718,2024-05-22 13:23:03,Spain,North,Consumer
CUST-002779,Diego,Martinez,diego.martinez6@example.com,+1-623-792-3123,2023-10-07 20:39:41,Brazil,East,Consumer
CUST-002780,Marta,Lopez,marta.lopez839@example.com,+1-888-255-7909,2022-10-20 04:36:04,Spain,West,Home Office
CUST-002781,Mateo,Brown,mateo.brown758@example.com,+1-527-919-1356,2023-04-19 22:21:03,Brazil,Central,Corporate
CUST-002782,Laura,Wilson,laura.wilson75@example.com,+1-334-789-2806,2022-10-11 10:57:53,Brazil,East,Home Office
CUST-002783,Carlos, Martinez  ,carlos.martinez300@example.com,+1-705-672-1102,2023-02-06 10:26:41,Mexico,West,Corporate
CUST-002784,Olivia,Martinez,olivia.martinez120@example.com,+1-732-498-1850,2024-02-05 16:42:36,Usa,South,Consumer
CUST-002785,Andres,Perez,andres.perez96@example.com,+1-499-663-3359,2022-10-02 08:50:52,Canada,West,Corporate
CUST-002786,Sofia,Smith,sofia.smith325@example.com,+1-265-934-7466,2023-07-07 17:46:34,Brazil,West,Consumer
CUST-002787,Emma,Jackson,emma.jackson688@example.com,+1-343-732-7985,2023-03-26 07:17:54,Usa,North,Consumer
CUST-002788,Sofia,Martinez,sofia.martinez842@example.com,+1-250-937-9486,2022-02-25 10:38:16,Uk,East,Consumer
CUST-002789,Laura,Thompson,laura.thompson210@example.com,+1-970-417-7928,2023-02-21 16:26:00,Germany,Central,Consumer
CUST-002790,Valentina,Brown,valentina.brown511@example.com,+1-941-957-2405,2024-04-10 07:31:51,Brazil,North,Home Office
CUST-002791,Laura,Harris,laura.harris913@example.com,+1-645-813-3180,2023-08-09 00:52:29,Uk,East,Home Office
CUST-002792,Laura,White,laura.white117@example.com,+1-392-349-5285,2022-04-17 22:37:58,Mexico,North,Home Office
CUST-002793,Emma,Taylor,emma.taylor845@example.com,,2022-04-13 03:56:32,Mexico,East,Consumer
CUST-002794,Mateo,Taylor,mateo.taylor733@example.com,+1-907-925-1983,2024-12-22 19:41:35,Usa,South,Home Office
CUST-002795,Valentina,White,valentina.white293@example.com,+1-461-853-2116,2022-03-15 02:13:48,Mexico,North,Consumer
CUST-002796,Maria,Taylor,maria.taylor395@example.com,+1-721-548-2242,2024-04-10 07:46:33,Spain,East,Consumer
CUST-002797,John,Wilson,john.wilson662@example.com,+1-422-688-6083,2024-11-20 16:40:41,Mexico,East,Consumer
CUST-002798,Emma,Smith,emma.smith106@example.com,+1-612-728-6206,2022-01-25 13:53:15,Mexico,West,Consumer
CUST-002799,Olivia,Thompson,olivia.thompson37@example.com,+1-293-822-1609,2023-06-22 05:38:05,Brazil,North,Consumer
CUST-002800,Andres,Perez,andres.perez496@example.com,+1-918-305-8142,2023-02-23 03:24:03,Usa,East,Consumer
CUST-002801,Lucia,Jackson,lucia.jackson433@example.com,+1-315-287-8700,2024-11-25 14:01:52,Brazil,East,Consumer
CUST-002802,Valentina,Davis,valentina.davis164@example.com,+1-623-267-8806,2023-02-12 01:31:03,Germany,East,Home Office
CUST-002803,Marta,Thompson,marta.thompson384@example.com,+1-394-461-6841,2023-03-01 23:26:01,Uk,North,Consumer
CUST-002804,Diego,Thomas,diego.thomas723@example.com,,2024-06-19 08:59:23,Mexico,South,Home Office
CUST-002805,Camila,White,camila.white168@example.com,+1-489-363-7355,2024-11-08 14:34:12,Germany,South,Consumer
CUST-002806,Mateo,Thomas,mateo.thomas69@example.com,+1-897-538-9837,2022-03-30 09:44:45,Brazil,West,Consumer
CUST-002807,Andres,Davis,andres.davis835@example.com,+1-995-407-1105,2022-01-09 05:31:13,Spain,Central,Consumer
CUST-002808,Carlos,Martin,carlos.martin491@example.com,+1-972-593-8045,2023-01-02 21:34:23,Uk,South,Consumer
CUST-002809,Maria,Taylor,maria.taylor169@example.com,+1-527-328-9484,2022-05-06 13:29:37,Mexico,West,Consumer
CUST-002810,David, Gomez  ,david.gomez838@example.com,+1-395-207-9768,2024-08-14 20:32:44,Brazil,South,Home Office
CUST-002811,Ana,Martin,ana.martin569@example.com,+1-932-370-8926,2023-04-04 17:17:54,Brazil,West,Home Office
CUST-002812,John,Lopez,john.lopez300@example.com,+1-343-526-3101,2024-10-23 17:30:10,Germany,Central,Home Office
CUST-002813,Emma,Gomez,emma.gomez9@example.com,+1-653-284-3399,2022-05-06 02:39:52,Usa,South,Corporate
CUST-002814,Laura,Martinez,laura.martinez303@example.com,+1-891-497-9009,2023-02-01 07:53:11,Germany,North,Consumer
CUST-002815,Mateo,Martin,mateo.martin97@example.com,+1-975-833-7999,2024-08-19 04:22:49,Germany,Central,Consumer
CUST-002816,Mateo,Lopez,mateo.lopez374@example.com,+1-926-824-8118,2024-02-10 12:44:17,Spain,West,Consumer
CUST-002817,Olivia,Jackson,olivia.jackson42@example.com,+1-821-824-7187,2023-08-30 19:04:43,Spain,South,Consumer
CUST-002818,Laura,Gomez,laura.gomez630@example.com,+1-930-575-3495,2022-02-05 05:52:45,Spain,East,Home Office
CUST-002819,Lucia,Taylor,lucia.taylor800@example.com,+1-669-839-4281,2023-02-06 06:38:14,Canada,North,Consumer
CUST-002820,Laura,Rodriguez,laura.rodriguez470@example.com,+1-221-570-5661,2022-01-28 17:24:43,Germany,South,Consumer
CUST-002821,John,Thomas,john.thomas808@example.com,+1-855-800-2872,2024-10-06 03:00:28,Mexico,North,Corporate
CUST-002822,John,Smith,john.smith407@example.com,+1-925-355-7865,2022-05-22 00:19:28,Usa,Central,Consumer
CUST-002823,Lucia,Taylor,lucia.taylor686@example.com,+1-467-679-6509,2023-03-04 21:46:04,Brazil,Central,Home Office
CUST-002824,Emma,Rodriguez,emma.rodriguez296@example.com,+1-719-712-4391,2023-10-15 13:02:24,Brazil,North,Corporate
CUST-002825,John,Anderson,john.anderson484@example.com,+1-783-293-5131,2024-04-05 13:59:44,Canada,Central,Home Office
CUST-002826,Lucia,Anderson,lucia.anderson832@example.com,+1-359-223-4402,2023-05-07 03:20:08,Brazil,South,Corporate
CUST-002827,Diego,Jackson,diego.jackson150@example.com,+1-997-730-3326,2024-01-18 11:18:01,Brazil,Central,Consumer
CUST-002828,Camila,Brown,camila.brown686@example.com,+1-331-497-1042,2024-10-17 01:26:03,Spain,North,Corporate
CUST-002829,Sofia,Gomez,sofia.gomez681@example.com,+1-250-288-5983,2024-03-12 13:43:32,Spain,North,Consumer
CUST-002830,Camila,Gomez,camila.gomez287@example.com,+1-413-346-9118,2023-11-24 04:10:13,Brazil,South,Corporate
CUST-002831,Emma,Rodriguez,emma.rodriguez921@example.com,+1-630-871-4556,2023-10-18 13:53:09,Uk,South,Corporate
CUST-002832,Maria,Smith,maria.smith740@example.com,+1-238-803-1858,2022-04-27 19:09:46,Spain,Central,Consumer
CUST-002833,Maria,Thompson,maria.thompson534@example.com,+1-316-944-1058,2024-06-27 11:16:35,Spain,Central,Home Office
CUST-002834,Carlos, Perez  ,carlos.perez344@example.com,+1-915-485-2056,2023-04-18 12:12:02,Uk,Central,Corporate
CUST-002835,Andres,Smith,andres.smith51@example.com,+1-468-923-4614,2023-04-17 23:03:35,Brazil,West,Consumer
CUST-002836,David,Jackson,david.jackson175@example.com,+1-746-858-1405,2024-03-17 18:38:08,Spain,North,Consumer
CUST-002837,Sofia,Jackson,sofia.jackson69@example.com,+1-557-979-5965,2024-11-30 16:42:24,Germany,East,Corporate
CUST-002838,Ana,Taylor,ana.taylor76@example.com,+1-290-237-6715,2023-03-28 19:58:10,Canada,South,Consumer
CUST-002839,Andres,Jackson,andres.jackson953@example.com,+1-407-819-8337,2024-10-15 22:31:38,Uk,East,Home Office
CUST-002840,John,Thompson,john.thompson765@example.com,+1-515-343-7917,2022-09-13 22:04:42,Canada,West,Home Office
CUST-002841,James,Gomez,james.gomez416@example.com,+1-697-637-8846,2022-08-01 03:34:43,Uk,West,Consumer
CUST-002842,Sofia,Perez,sofia.perez419@example.com,+1-441-642-9925,2023-03-20 19:08:59,Germany,East,Consumer
CUST-002843,Lucia,Brown,lucia.brown947@example.com,+1-611-376-3603,2024-07-30 06:42:07,Brazil,West,Consumer
CUST-002844,Valentina,Perez,,+1-916-904-4190,2022-01-23 16:17:40,Germany,West,Consumer
CUST-002845,Lucia,Thomas,lucia.thomas192@example.com,+1-763-856-9810,2022-12-13 22:10:48,Usa,West,Consumer
CUST-002846,Camila,Rodriguez,camila.rodriguez580@example.com,+1-748-308-3221,2023-10-14 11:46:36,Mexico,Central,Consumer
CUST-002847,Olivia,Martinez,olivia.martinez331@example.com,,2024-06-07 10:47:27,Usa,Central,Corporate
CUST-002848,Sebastian,Taylor,sebastian.taylor26@example.com,+1-524-230-2186,2024-12-25 10:35:29,Usa,West,Consumer
CUST-002849,Lucia,Thomas,lucia.thomas565@example.com,+1-796-392-2146,2024-09-15 05:03:48,Uk,East,Home Office
CUST-002850,James,Garcia,james.garcia546@example.com,+1-651-282-2870,2024-12-30 11:13:38,Uk,West,Consumer
CUST-002851,James,Smith,james.smith736@example.com,+1-817-388-5290,2022-01-09 09:49:19,Uk,South,Consumer
CUST-002852,Olivia, Thompson  ,olivia.thompson358@example.com,+1-854-674-1815,2024-10-03 22:48:31,Canada,North,Corporate
CUST-002853,Camila,Davis,camila.davis127@example.com,+1-304-948-3456,2022-02-06 12:22:30,Germany,North,Consumer
CUST-002854,Valentina,Moore,valentina.moore506@example.com,+1-481-375-1376,2022-03-15 14:37:05,Germany,Central,Consumer
CUST-002855,Carlos,Brown,carlos.brown872@example.com,+1-393-617-4454,2023-04-11 04:20:06,Germany,Central,Consumer
CUST-002856,Carlos,Smith,carlos.smith802@example.com,+1-710-854-4204,2022-01-28 00:43:16,Canada,East,Corporate
CUST-002857,Lucia,Jackson,lucia.jackson266@example.com,+1-918-787-8392,2022-10-12 13:14:02,Canada,West,Home Office
CUST-002858,Pedro,Gomez,pedro.gomez507@example.com,+1-906-294-5539,2023-10-31 11:06:26,Brazil,Central,Consumer
CUST-002859,Diego,Lee,diego.lee51@example.com,+1-937-589-9892,2023-06-08 17:56:51,Spain,South,Consumer
CUST-002860,Pedro,Wilson,pedro.wilson225@example.com,+1-460-538-2074,2024-02-03 10:13:10,Brazil,West,Home Office
CUST-002861,Sebastian,Jackson,sebastian.jackson950@example.com,+1-726-403-5385,2023-12-26 18:26:51,Canada,Unknown,Consumer
CUST-002862,David,Taylor,david.taylor646@example.com,+1-363-626-9102,2024-05-28 07:51:29,Brazil,West,Corporate
CUST-002863,Valentina,Thomas,valentina.thomas158@example.com,+1-230-878-8548,2023-05-08 17:12:45,Mexico,Central,Consumer
CUST-002864,Valentina,Harris,valentina.harris250@example.com,+1-362-991-7693,2023-08-19 22:12:44,Uk,South,Corporate
CUST-002865,Laura,Anderson,laura.anderson893@example.com,,2023-05-15 19:29:58,Usa,East,Consumer
CUST-002866,Pedro,Thomas,pedro.thomas370@example.com,+1-938-232-3865,2022-05-03 19:22:11,Mexico,West,Consumer
CUST-002867,Ana,Smith,ana.smith202@example.com,+1-487-376-4213,2024-07-26 20:38:56,Usa,West,Consumer
CUST-002868,Mateo,Martinez,mateo.martinez277@example.com,+1-850-553-1078,2023-10-07 08:47:58,Uk,North,Consumer
CUST-002869,Sofia,Thomas,sofia.thomas113@example.com,+1-562-239-3173,2023-12-21 23:09:25,Usa,East,Home Office
CUST-002870,Ana,Brown,ana.brown320@example.com,+1-414-551-4718,2022-07-12 02:21:24,Canada,West,Consumer
CUST-002871,David,Rodriguez,david.rodriguez636@example.com,+1-976-538-4081,2024-10-03 02:51:51,Spain,North,Consumer
CUST-002872,David,Taylor,david.taylor282@example.com,+1-370-610-6864,2022-03-01 06:43:22,Brazil,East,Consumer
CUST-002873,Diego,Moore,diego.moore826@example.com,+1-883-552-2818,2023-01-11 01:51:39,Uk,East,Consumer
CUST-002874,Valentina,Davis,valentina.davis357@example.com,+1-499-550-2314,2023-12-18 09:26:58,Germany,West,Home Office
CUST-002875,Andres,Garcia,andres.garcia332@example.com,+1-296-280-8809,2023-04-21 11:05:03,Mexico,East,Consumer
CUST-002876,David,Martin,david.martin946@example.com,+1-983-627-3223,2022-03-06 17:15:15,Canada,Central,Corporate
CUST-002877,Diego,Martin,,+1-652-456-7312,2023-02-14 03:28:33,Spain,South,Corporate
CUST-002878,Marta,Lee,marta.lee987@example.com,+1-633-936-3732,2024-02-07 15:29:18,Mexico,North,Consumer
CUST-002879,Diego,Gomez,diego.gomez264@example.com,+1-738-321-9374,2024-11-18 23:50:52,Brazil,West,Consumer
CUST-002880,Camila,Harris,camila.harris435@example.com,+1-784-439-2373,2022-05-02 21:58:22,Spain,West,Consumer
CUST-002881,David,Harris,david.harris973@example.com,+1-275-646-9094,2023-11-20 02:09:34,Mexico,East,Consumer
CUST-002882,Marta,Harris,marta.harris940@example.com,+1-328-893-7861,2022-10-20 16:02:45,Canada,North,Home Office
CUST-002883,Emma,Wilson,emma.wilson848@example.com,+1-994-743-9693,2023-04-15 01:24:03,Mexico,Central,Consumer
CUST-002884,Maria,Anderson,maria.anderson59@example.com,+1-348-578-4969,2022-11-08 14:35:25,Mexico,East,Consumer
CUST-002885,Sofia,Thompson,sofia.thompson805@example.com,+1-939-443-2754,2022-12-26 08:58:05,Mexico,South,Consumer
CUST-002886,James,Martin,james.martin478@example.com,,2024-02-15 04:00:44,Germany,East,Consumer
CUST-002887,Ana,Anderson,ana.anderson199@example.com,+1-287-733-4327,2023-06-14 23:33:10,Mexico,South,Consumer
CUST-002888,Andres,Taylor,andres.taylor938@example.com,+1-286-239-3568,2023-04-06 21:18:30,Brazil,West,Consumer
CUST-002889,John,Thomas,john.thomas418@example.com,+1-350-899-2879,2022-02-02 17:01:42,Uk,South,Consumer
CUST-002890,Marta,Garcia,marta.garcia219@example.com,+1-365-721-2827,2024-07-14 15:33:35,Canada,Central,Consumer
CUST-002891,Luis,Perez,luis.perez235@example.com,+1-833-359-3567,2024-09-28 03:33:58,Uk,Central,Consumer
CUST-002892,Camila,Garcia,camila.garcia454@example.com,+1-423-895-8544,2023-10-22 15:50:35,Spain,West,Consumer
CUST-002893,Ana,Taylor,ana.taylor579@example.com,+1-726-898-8392,2022-10-08 17:44:34,Usa,West,Corporate
CUST-002894,James,Harris,james.harris383@example.com,+1-401-257-5166,2022-06-15 09:58:55,Mexico,North,Consumer
CUST-002895,Carlos,Gomez,,+1-861-586-9531,2022-09-26 08:53:06,Uk,West,Consumer
CUST-002896,Luis,Davis,luis.davis654@example.com,+1-554-256-3786,2023-09-27 21:38:35,Mexico,Central,Consumer
CUST-002897,Lucia,Smith,lucia.smith665@example.com,+1-997-248-5459,2023-05-02 00:18:35,Uk,South,Consumer
CUST-002898,Olivia,Taylor,olivia.taylor641@example.com,+1-270-749-3395,2023-09-02 08:44:29,Spain,West,Consumer
CUST-002899,John,Smith,john.smith910@example.com,+1-449-762-3165,2022-06-04 16:15:11,Canada,North,Consumer
CUST-002900,Marta,Lopez,marta.lopez251@example.com,+1-487-584-1984,2023-05-15 03:39:39,Uk,East,Consumer
CUST-002901,Ana,Lopez,ana.lopez549@example.com,+1-873-760-3769,2023-04-27 13:10:03,Spain,South,Consumer
CUST-002902,Sebastian,Davis,sebastian.davis903@example.com,+1-970-888-7336,2022-06-07 19:02:26,Usa,West,Consumer
CUST-002903,Ana,Rodriguez,ana.rodriguez665@example.com,+1-918-690-5022,2022-06-26 13:50:56,Uk,North,Consumer
CUST-002904,Valentina,White,valentina.white664@example.com,+1-697-638-8899,2023-09-20 06:42:21,Usa,North,Consumer
CUST-002905,Sofia,Garcia,sofia.garcia716@example.com,+1-934-302-1825,2023-06-11 17:15:13,Usa,West,Consumer
CUST-002906,David,Wilson,david.wilson893@example.com,+1-228-869-9734,2024-01-18 22:05:15,Mexico,North,Consumer
CUST-002907,Olivia,Gomez,olivia.gomez381@example.com,+1-282-983-2804,2024-12-19 21:16:04,Spain,North,Corporate
CUST-002908,Pedro,Taylor,pedro.taylor958@example.com,+1-572-630-8743,2023-06-16 05:09:41,Uk,West,Consumer
CUST-002909,Lucia,Lopez,lucia.lopez465@example.com,+1-638-710-2282,,Brazil,West,Corporate
CUST-002910,John,Perez,john.perez426@example.com,,2024-10-21 08:45:25,Uk,East,Consumer
CUST-002911,Sofia,Moore,sofia.moore946@example.com,+1-994-651-9911,2024-02-21 07:57:53,Usa,East,Consumer
CUST-002912,Emma,Martin,emma.martin201@example.com,+1-757-737-8828,2022-07-21 10:25:51,Spain,North,Consumer
CUST-002913,Sofia,Davis,sofia.davis684@example.com,+1-589-270-5946,2023-08-15 10:49:04,Spain,West,Home Office
CUST-002914,Carlos,Lee,carlos.lee210@example.com,+1-944-423-1013,2024-05-18 10:48:29,Germany,North,Consumer
CUST-002915,Olivia,Jackson,olivia.jackson701@example.com,+1-505-378-2675,2022-07-18 13:38:18,Canada,Unknown,Consumer
CUST-002916,John,Harris,john.harris545@example.com,+1-954-631-4394,2024-03-23 15:08:01,Mexico,West,Consumer
CUST-002917,Laura,Moore,laura.moore387@example.com,,2023-10-04 21:35:46,Uk,West,Home Office
CUST-002918,Emma,Moore,emma.moore4@example.com,+1-228-484-9868,2023-04-19 08:00:21,Brazil,Central,Home Office
CUST-002919,David,Moore,david.moore707@example.com,+1-280-983-6644,2023-04-10 20:59:43,Canada,South,Corporate
CUST-002920,Andres,Lopez,andres.lopez495@example.com,+1-259-592-6403,2022-12-10 21:47:01,Canada,East,Consumer
CUST-002921,Laura,Smith,laura.smith761@example.com,+1-902-348-2543,2024-02-12 02:59:02,Uk,West,Consumer
CUST-002922,Valentina,Brown,valentina.brown492@example.com,+1-327-731-4155,2023-07-30 00:44:36,Usa,Central,Consumer
CUST-002923,Camila,Moore,camila.moore869@example.com,+1-691-542-8343,2022-04-20 19:08:40,Uk,Central,Corporate
CUST-002924,Camila,Lee,camila.lee596@example.com,+1-829-659-1931,2023-08-07 11:29:42,Canada,South,Consumer
CUST-002925,John,Lopez,john.lopez560@example.com,+1-619-543-7840,2023-07-26 12:57:34,Uk,North,Consumer
CUST-002926,Sebastian,Lopez,sebastian.lopez444@example.com,+1-278-704-4461,2022-01-20 23:00:16,Spain,East,Consumer
CUST-002927,David,Lopez,david.lopez205@example.com,+1-296-372-8552,2024-04-15 13:20:40,Spain,East,Consumer
CUST-002928,Carlos,Jackson,carlos.jackson429@example.com,+1-811-512-7725,2022-07-31 07:56:03,Brazil,Central,Consumer
CUST-002929,Maria,White,maria.white539@example.com,+1-906-927-1877,2023-03-09 14:16:15,Uk,South,Corporate
CUST-002930,John,Davis,john.davis512@example.com,+1-278-636-9089,2022-01-27 12:40:20,Canada,South,Consumer
CUST-002931,David,Davis,david.davis944@example.com,+1-323-447-2259,2024-05-13 17:07:10,Uk,Central,Consumer
CUST-002932,Camila,Smith,camila.smith318@example.com,+1-905-816-1922,2022-04-03 08:50:07,Brazil,South,Corporate
CUST-002933,Pedro,Taylor,pedro.taylor796@example.com,+1-540-715-4684,2024-11-22 12:26:33,Germany,West,Home Office
CUST-002934,David,Harris,david.harris157@example.com,+1-693-485-4568,2022-09-11 21:58:55,Germany,South,Consumer
CUST-002935,Marta, Thomas  ,marta.thomas449@example.com,+1-478-271-4018,2022-08-05 11:44:53,Uk,North,Corporate
CUST-002936,Laura,Lee,laura.lee920@example.com,+1-383-308-3985,2024-05-12 06:50:24,Brazil,North,Consumer
CUST-002937,Sebastian,Moore,sebastian.moore586@example.com,+1-812-467-6865,2023-04-23 09:24:03,Usa,South,Corporate
CUST-002938,Sebastian,Wilson,sebastian.wilson240@example.com,+1-296-521-7383,2023-10-14 07:55:24,Spain,North,Corporate
CUST-002939,Ana,Lee,ana.lee534@example.com,+1-877-954-6532,2024-03-30 22:38:15,Usa,Central,Consumer
CUST-002940,Pedro,Taylor,pedro.taylor139@example.com,+1-844-484-1526,2024-08-09 20:28:35,Germany,Central,Corporate
CUST-002941,Carlos,Lopez,carlos.lopez496@example.com,+1-851-995-4083,2024-08-01 11:57:53,Germany,North,Consumer
CUST-002942,Valentina,Garcia,valentina.garcia899@example.com,+1-411-420-8708,2022-05-17 06:59:40,Brazil,West,Consumer
CUST-002943,Sofia,Lopez,sofia.lopez673@example.com,+1-431-923-5812,2024-09-07 00:24:28,Germany,South,Consumer
CUST-002944,Carlos,Brown,carlos.brown97@example.com,+1-904-831-9605,2023-07-08 08:21:25,Spain,North,Consumer
CUST-002945,David,Brown,david.brown445@example.com,+1-520-515-1236,2023-04-26 03:25:39,Uk,North,Corporate
CUST-002946,Pedro,Anderson,pedro.anderson173@example.com,+1-503-979-5435,2023-07-04 05:39:15,Germany,North,Consumer
CUST-002947,Laura,Rodriguez,laura.rodriguez8@example.com,+1-914-815-6040,2024-01-24 15:59:29,Brazil,East,Corporate
CUST-002948,Maria,Lopez,maria.lopez437@example.com,+1-873-266-6510,2024-11-20 15:09:55,Mexico,North,Corporate
CUST-002949,Camila,Anderson,,+1-706-559-4152,2022-07-31 22:36:35,Uk,Central,Corporate
CUST-002950,Emma,Martin,emma.martin328@example.com,+1-518-851-3199,2022-03-21 10:55:32,Spain,East,Home Office
CUST-002951,Andres,Smith,andres.smith932@example.com,+1-383-594-2246,2024-11-07 02:34:13,Usa,South,Consumer
CUST-002952,Marta,Harris,marta.harris186@example.com,+1-967-791-3874,2023-07-02 01:16:58,Germany,South,Consumer
CUST-002953,Lucia,Moore,lucia.moore598@example.com,+1-879-633-3838,2024-06-05 06:06:44,Uk,East,Consumer
CUST-002954,Sebastian,Moore,sebastian.moore583@example.com,+1-456-295-2071,,Spain,Central,Corporate
CUST-002955,Emma,Harris,emma.harris856@example.com,+1-836-436-6006,2022-02-03 04:37:02,Mexico,South,Consumer
CUST-002956,Lucia,Jackson,lucia.jackson525@example.com,+1-962-392-5426,2022-12-30 14:55:54,Canada,South,Corporate
CUST-002957,Valentina,Thompson,valentina.thompson976@example.com,+1-443-463-4419,2023-04-17 17:12:29,Mexico,North,Home Office
CUST-002958,Valentina,Moore,valentina.moore925@example.com,+1-826-460-1610,2024-06-12 18:29:09,Brazil,East,Corporate
CUST-002959,Carlos,Anderson,carlos.anderson745@example.com,+1-775-380-7286,2023-05-26 22:34:53,Canada,Central,Consumer
CUST-002960,Ana,Martin,ana.martin210@example.com,+1-548-222-6691,2023-07-05 05:56:16,Spain,Central,Corporate
CUST-002961,Valentina,Harris,valentina.harris624@example.com,+1-478-691-1135,2024-02-04 09:03:22,Uk,West,Corporate
CUST-002962,Andres,Jackson,andres.jackson335@example.com,+1-414-530-2574,2023-08-04 17:07:26,Brazil,East,Consumer
CUST-002963,Olivia,Lopez,olivia.lopez207@example.com,+1-204-238-6574,2024-12-07 09:58:29,Canada,Central,Consumer
CUST-002964,Olivia,Davis,olivia.davis292@example.com,+1-957-947-7585,2023-07-17 13:44:12,Uk,West,Consumer
CUST-002965,Camila,Thompson,camila.thompson468@example.com,+1-216-618-2744,2023-06-13 16:39:35,Germany,North,Home Office
CUST-002966,Diego,White,diego.white88@example.com,+1-467-836-8214,2022-04-16 02:59:12,Usa,North,Home Office
CUST-002967,Emma,Perez,emma.perez816@example.com,+1-933-658-2681,2023-06-18 12:15:34,Brazil,West,Corporate
CUST-002968,Diego,Jackson,diego.jackson1@example.com,+1-868-546-2254,2023-10-30 19:45:48,Germany,Central,Consumer
CUST-002969,Ana,Lopez,ana.lopez504@example.com,+1-878-499-5272,2024-02-27 20:29:50,Germany,South,Consumer
CUST-002970,Emma,Taylor,emma.taylor590@example.com,+1-729-535-1305,2024-06-09 10:07:49,Mexico,North,Corporate
CUST-002971,Diego,Jackson,diego.jackson497@example.com,+1-551-518-1746,2023-04-15 04:56:28,Spain,East,Home Office
CUST-002972,Sebastian,Jackson,sebastian.jackson483@example.com,+1-919-749-3749,2022-05-28 12:03:22,Spain,West,Consumer
CUST-002973,Luis,Martinez,luis.martinez58@example.com,+1-898-446-9829,2023-11-08 11:47:11,Spain,West,Consumer
CUST-002974,Carlos,Moore,carlos.moore527@example.com,+1-273-844-7738,2023-09-09 09:04:45,Uk,East,Consumer
CUST-002975,Diego,Thompson,diego.thompson688@example.com,+1-594-400-6293,2022-04-17 18:38:48,Mexico,South,Consumer
CUST-002976,Maria,Gomez,maria.gomez871@example.com,+1-982-344-8197,2022-06-12 19:59:54,Uk,West,Corporate
CUST-002977,Maria,Harris,maria.harris2@example.com,+1-977-501-9252,2023-03-03 13:25:48,Canada,West,Consumer
CUST-002978,Valentina,Moore,valentina.moore50@example.com,+1-421-596-6366,2024-08-30 15:06:28,Canada,North,Home Office
CUST-002979,Diego,Davis,diego.davis312@example.com,+1-896-488-4461,2023-06-04 22:53:46,Uk,East,Consumer
CUST-002980,Andres,Moore,andres.moore239@example.com,+1-307-750-2178,2023-05-16 05:28:51,Canada,South,Consumer
CUST-002981,Diego,Garcia,diego.garcia732@example.com,+1-960-248-8348,2024-09-03 08:00:14,Spain,North,Home Office
CUST-002982,Pedro,Wilson,pedro.wilson473@example.com,+1-672-638-3835,2024-01-02 15:03:15,Canada,West,Consumer
CUST-002983,Lucia,Martin,lucia.martin714@example.com,+1-242-721-9001,2023-10-04 18:03:18,Mexico,West,Home Office
CUST-002984,James,Harris,james.harris701@example.com,+1-493-865-4922,2023-07-13 10:23:09,Spain,Central,Corporate
CUST-002985,Sofia,White,sofia.white869@example.com,+1-394-656-8531,2023-12-27 09:14:19,Spain,North,Home Office
CUST-002986,David,Lee,david.lee477@example.com,+1-629-770-8787,2024-03-08 10:14:42,Usa,East,Home Office
CUST-002987,Ana,Lee,ana.lee479@example.com,+1-563-282-6048,2024-05-12 21:43:40,Brazil,East,Consumer
CUST-002988,Maria,Garcia,maria.garcia773@example.com,+1-682-984-4402,2023-10-12 23:43:44,Spain,South,Consumer
CUST-002989,Camila,Smith,camila.smith659@example.com,+1-934-247-5550,2022-03-08 01:13:10,Spain,West,Consumer
CUST-002990,James,Perez,james.perez248@example.com,+1-962-497-5315,2022-11-04 12:30:10,Canada,Central,Home Office
CUST-002991,Marta,Jackson,marta.jackson252@example.com,+1-550-384-4281,2024-01-19 04:44:16,Brazil,West,Home Office
CUST-002992,Ana,Smith,ana.smith478@example.com,+1-229-784-2289,2023-06-17 02:33:13,Usa,South,Corporate
CUST-002993,Camila,Taylor,camila.taylor80@example.com,+1-280-814-9222,2024-05-13 20:40:09,Uk,West,Corporate
CUST-002994,Maria,Garcia,maria.garcia700@example.com,+1-525-714-4523,2022-07-28 16:18:16,Spain,East,Consumer
CUST-002995,Maria, Anderson  ,maria.anderson482@example.com,+1-659-635-2523,2023-09-20 18:35:41,Germany,West,Consumer
CUST-002996,Ana,Wilson,ana.wilson751@example.com,+1-797-621-7551,2024-08-03 23:41:54,Spain,West,Consumer
CUST-002997,Sofia,Harris,sofia.harris759@example.com,+1-581-929-3181,2022-02-02 13:25:47,Brazil,East,Home Office
CUST-002998,Camila,Taylor,camila.taylor540@example.com,+1-857-833-2110,2022-02-04 10:03:25,Germany,South,Corporate
CUST-002999,David,Gomez,david.gomez589@example.com,+1-921-390-9132,2023-01-05 15:23:38,Mexico,North,Consumer
CUST-003000,Mateo,Rodriguez,mateo.rodriguez433@example.com,+1-378-359-2099,,Usa,East,Consumer
CUST-003001,Maria,Thompson,maria.thompson386@example.com,+1-233-515-8938,2024-03-06 11:11:48,Brazil,South,Consumer
CUST-003002,Camila,Garcia,camila.garcia465@example.com,+1-950-958-9197,2023-06-03 12:21:49,Canada,East,Consumer
CUST-003003,Pedro,Martinez,pedro.martinez193@example.com,+1-535-820-5300,2022-01-06 10:16:05,Usa,North,Home Office
CUST-003004,Carlos,Rodriguez,carlos.rodriguez493@example.com,+1-860-431-6854,2024-10-30 02:59:19,Uk,West,Consumer
CUST-003005,Mateo,Lee,mateo.lee98@example.com,+1-408-292-4335,2023-09-12 13:20:33,Usa,Central,Corporate
CUST-003006,Ana,Martinez,ana.martinez527@example.com,+1-582-400-5383,2023-12-29 15:14:01,Spain,East,Consumer
CUST-003007,Maria,Taylor,maria.taylor974@example.com,+1-836-739-9814,2023-03-07 13:16:39,Germany,South,Corporate
CUST-003008,Mateo,Thompson,mateo.thompson352@example.com,+1-837-834-1948,2023-11-03 21:01:12,Uk,East,Corporate
CUST-003009,Maria,Brown,maria.brown339@example.com,+1-569-731-2812,2024-02-08 13:43:06,Brazil,East,Corporate
CUST-003010,Carlos,Davis,carlos.davis966@example.com,+1-299-801-4610,2023-02-25 11:19:29,Uk,Central,Consumer
CUST-003011,Luis,Smith,luis.smith984@example.com,+1-745-266-5230,2023-02-06 14:01:26,Canada,East,Consumer
CUST-003012,Andres,Brown,andres.brown937@example.com,+1-360-305-7061,2023-10-01 20:54:25,Brazil,South,Home Office
CUST-003013,Luis,White,luis.white178@example.com,+1-264-727-6151,2022-07-28 05:38:01,Brazil,South,Consumer
CUST-003014,Maria,Anderson,maria.anderson91@example.com,+1-401-455-2373,2024-04-02 12:06:00,Germany,East,Consumer
CUST-003015,Luis,Garcia,luis.garcia229@example.com,+1-239-394-1964,2023-10-19 11:11:19,Mexico,North,Consumer
CUST-003016,Sebastian,Garcia,sebastian.garcia916@example.com,+1-248-831-7672,2022-07-24 13:07:39,Uk,Central,Consumer
CUST-003017,Marta,Thomas,marta.thomas417@example.com,+1-959-924-8080,2024-07-24 08:38:33,Germany,East,Consumer
CUST-003018,Pedro,Lopez,pedro.lopez612@example.com,+1-805-300-3316,2023-01-12 14:48:15,Uk,Central,Consumer
CUST-003019,Sofia,Smith,sofia.smith315@example.com,+1-900-284-2687,2024-05-03 00:50:02,Brazil,North,Home Office
CUST-003020,Lucia,Moore,lucia.moore18@example.com,+1-260-971-9625,2022-07-11 23:10:20,Canada,South,Corporate
CUST-003021,Sofia,Lopez,sofia.lopez549@example.com,+1-344-627-9248,2024-04-08 04:35:07,Canada,North,Corporate
CUST-003022,Mateo,Taylor,mateo.taylor175@example.com,+1-865-590-7249,2024-04-03 05:18:57,Usa,Central,Consumer
CUST-003023,Laura,Lee,laura.lee764@example.com,+1-203-211-6656,2022-06-26 20:42:21,Canada,South,Corporate
CUST-003024,James,Lee,james.lee779@example.com,+1-335-764-8468,2022-09-23 01:47:23,Germany,South,Consumer
CUST-003025,Ana,Smith,ana.smith935@example.com,+1-473-772-6564,2024-08-06 22:24:59,Brazil,South,Consumer
CUST-003026,Emma,Thompson,emma.thompson962@example.com,+1-325-348-6728,2024-08-06 03:13:03,Mexico,East,Consumer
CUST-003027,Luis,Thomas,luis.thomas906@example.com,+1-857-223-3415,2024-11-14 23:00:05,Uk,West,Consumer
CUST-003028,Lucia,Smith,lucia.smith566@example.com,+1-229-377-3980,2023-08-13 09:32:40,Usa,West,Corporate
CUST-003029,Pedro,Lee,pedro.lee462@example.com,+1-608-909-6588,2023-06-24 01:31:00,Germany,Central,Consumer
CUST-003030,Maria,Perez,maria.perez339@example.com,+1-646-601-5253,2024-10-31 07:26:09,Usa,North,Home Office
CUST-003031,Marta,Taylor,marta.taylor825@example.com,+1-337-425-9434,2024-06-02 20:20:51,Brazil,Central,Consumer
CUST-003032,Valentina,Martin,valentina.martin356@example.com,+1-635-913-4893,2024-02-20 02:41:48,Canada,West,Corporate
CUST-003033,Luis,Jackson,luis.jackson907@example.com,+1-341-805-1377,2022-09-20 03:12:38,Usa,South,Consumer
CUST-003034,Ana,Wilson,ana.wilson851@example.com,+1-803-483-8327,2024-09-14 02:53:58,Spain,Central,Corporate
CUST-003035,Emma,Perez,emma.perez213@example.com,+1-537-324-5200,2022-02-04 18:58:15,Uk,East,Corporate
CUST-003036,Sebastian,Brown,sebastian.brown316@example.com,+1-275-803-2999,2023-08-17 09:27:08,Brazil,Central,Corporate
CUST-003037,James,Rodriguez,,+1-331-774-4921,2023-09-23 21:25:39,Mexico,North,Home Office
CUST-003038,Diego,Lee,diego.lee655@example.com,+1-257-777-6429,2023-03-17 08:02:55,Canada,West,Consumer
CUST-003039,Sebastian,Wilson,sebastian.wilson778@example.com,+1-729-613-9662,2024-11-11 15:04:06,Spain,East,Consumer
CUST-003040,Sofia,White,sofia.white377@example.com,+1-992-879-9762,2022-12-08 06:45:23,Spain,South,Consumer
CUST-003041,Carlos,Thompson,carlos.thompson779@example.com,+1-982-313-9633,2022-01-04 07:56:57,Canada,South,Consumer
CUST-003042,Luis,Jackson,luis.jackson527@example.com,+1-551-637-9768,2024-11-10 10:51:02,Germany,West,Consumer
CUST-003043,Diego,Lee,diego.lee19@example.com,+1-825-608-5563,2024-10-25 11:47:40,Spain,Central,Consumer
CUST-003044,Laura,Wilson,laura.wilson851@example.com,+1-788-686-6484,2023-10-29 05:20:09,Usa,South,Consumer
CUST-003045,Emma,Garcia,emma.garcia331@example.com,+1-552-900-6402,2024-09-05 21:50:03,Germany,South,Home Office
CUST-003046,Andres,Lee,andres.lee551@example.com,+1-925-668-5529,2023-07-17 03:10:01,Germany,North,Corporate
CUST-003047,Pedro,Perez,pedro.perez701@example.com,+1-360-638-8270,2024-03-01 11:46:06,Spain,North,Corporate
CUST-003048,John,Harris,john.harris435@example.com,+1-463-542-4670,2024-10-06 09:45:56,Uk,West,Consumer
CUST-003049,Marta,Garcia,marta.garcia798@example.com,+1-856-646-6090,2024-01-04 04:03:46,Uk,West,Consumer
CUST-003050,Andres,Jackson,andres.jackson958@example.com,+1-939-208-1816,2023-05-02 20:35:50,Canada,East,Corporate
CUST-003051,Carlos,Smith,carlos.smith406@example.com,+1-396-238-2406,2022-08-14 11:54:57,Uk,West,Corporate
CUST-003052,Sofia,Brown,sofia.brown149@example.com,+1-329-736-5600,2023-07-30 19:42:48,Spain,South,Consumer
CUST-003053,Andres,Brown,andres.brown391@example.com,+1-620-766-1799,2024-09-09 20:40:12,Germany,Central,Corporate
CUST-003054,Diego,Smith,diego.smith824@example.com,+1-848-718-1550,2022-06-19 09:59:51,Usa,South,Consumer
CUST-003055,Pedro,Thompson,pedro.thompson74@example.com,+1-541-424-8186,2022-01-11 08:48:40,Mexico,Central,Consumer
CUST-003056,Mateo,Lopez,mateo.lopez335@example.com,+1-467-479-7829,2023-12-10 00:34:27,Mexico,South,Consumer
CUST-003057,Lucia,Smith,lucia.smith497@example.com,+1-473-965-7601,2024-06-14 23:02:47,Germany,South,Consumer
CUST-003058,Luis,Thomas,luis.thomas405@example.com,+1-913-506-2031,2023-02-27 03:53:55,Uk,South,Corporate
CUST-003059,James,Jackson,james.jackson757@example.com,+1-841-899-3515,2024-06-29 18:15:07,Mexico,North,Consumer
CUST-003060,Maria,Taylor,,+1-864-872-4563,2023-10-20 20:16:57,Canada,North,Corporate
CUST-003061,Olivia,Thomas,olivia.thomas563@example.com,+1-342-291-3600,2023-10-18 14:03:50,Canada,West,Consumer
CUST-003062,Andres,Taylor,andres.taylor490@example.com,+1-856-724-5374,2024-03-25 10:30:23,Germany,West,Consumer
CUST-003063,Sebastian,Harris,sebastian.harris852@example.com,+1-692-551-2346,2022-02-15 20:28:58,Germany,Central,Home Office
CUST-003064,Andres,Perez,andres.perez468@example.com,+1-694-583-7067,2022-05-13 02:29:41,Canada,Central,Corporate
CUST-003065,Laura,Anderson,laura.anderson813@example.com,+1-514-818-3706,2022-07-16 12:20:40,Canada,North,Consumer
CUST-003066,Laura,Harris,laura.harris533@example.com,+1-977-889-5006,2022-12-31 18:50:10,Spain,East,Corporate
CUST-003067,Mateo,Wilson,mateo.wilson456@example.com,+1-644-558-7213,2024-06-20 11:37:23,Uk,North,Consumer
CUST-003068,James,Thomas,james.thomas743@example.com,+1-827-469-4444,2023-09-13 23:15:08,Spain,East,Consumer
CUST-003069,Diego,Thompson,diego.thompson674@example.com,+1-704-304-6509,2024-08-22 14:56:48,Spain,Central,Consumer
CUST-003070,Sofia,Gomez,sofia.gomez787@example.com,+1-827-255-8976,2023-06-29 14:44:33,Germany,South,Consumer
CUST-003071,John,Taylor,john.taylor369@example.com,+1-807-674-8645,2023-03-08 04:33:02,Usa,North,Consumer
CUST-003072,Marta,Wilson,marta.wilson466@example.com,+1-434-984-5714,2024-08-04 22:22:31,Mexico,South,Corporate
CUST-003073,Laura,Thompson,laura.thompson137@example.com,+1-377-560-6984,2024-09-17 17:03:00,Uk,East,Consumer
CUST-003074,John,Rodriguez,john.rodriguez277@example.com,+1-863-948-8992,2023-12-03 11:15:03,Usa,West,Consumer
CUST-003075,James,Martin,james.martin635@example.com,+1-881-521-3484,2023-03-15 08:39:27,Spain,South,Consumer
CUST-003076,James,Taylor,james.taylor855@example.com,+1-993-890-6636,2022-02-06 17:41:38,Germany,Central,Consumer
CUST-003077,Mateo,Taylor,,+1-869-618-7593,2024-10-24 01:36:47,Canada,Central,Corporate
CUST-003078,Laura,Lopez,laura.lopez421@example.com,+1-371-444-4496,2023-02-01 23:51:18,Spain,East,Consumer
CUST-003079,Pedro,Gomez,pedro.gomez105@example.com,+1-457-610-8284,2024-08-10 23:04:07,Germany,North,Consumer
CUST-003080,Mateo,White,mateo.white738@example.com,+1-910-451-5765,2024-09-28 04:31:56,Uk,East,Corporate
CUST-003081,Camila, Thomas  ,camila.thomas531@example.com,+1-929-421-9180,2022-03-27 10:19:05,Mexico,West,Consumer
CUST-003082,Olivia,Gomez,olivia.gomez624@example.com,+1-597-303-1316,2023-01-27 02:50:01,Brazil,East,Corporate
CUST-003083,Ana,Smith,ana.smith449@example.com,+1-967-236-7278,2022-08-03 16:44:54,Uk,East,Consumer
CUST-003084,Mateo,Thompson,mateo.thompson718@example.com,+1-811-382-9667,2024-06-04 11:22:53,Mexico,North,Consumer
CUST-003085,Sofia,Lopez,sofia.lopez593@example.com,+1-999-442-7950,2024-01-18 16:12:29,Brazil,South,Consumer
CUST-003086,Emma,Jackson,emma.jackson246@example.com,+1-576-889-6833,2024-09-23 19:11:39,Uk,West,Consumer
CUST-003087,Luis,Martin,luis.martin137@example.com,+1-746-751-4512,2022-09-20 09:50:01,Spain,North,Home Office
CUST-003088,David,Taylor,david.taylor772@example.com,+1-398-826-1119,2022-08-07 02:42:33,Mexico,South,Consumer
CUST-003089,Olivia,Anderson,olivia.anderson505@example.com,+1-850-517-4714,2022-12-04 15:44:11,Brazil,South,Consumer
CUST-003090,Camila, Jackson  ,camila.jackson788@example.com,+1-264-911-5391,2024-06-23 18:56:18,Usa,South,Corporate
CUST-003091,Ana,Smith,ana.smith690@example.com,+1-938-433-6967,2024-07-23 22:53:49,Brazil,East,Consumer
CUST-003092,Sofia,Moore,sofia.moore526@example.com,+1-378-550-3973,2022-02-21 15:06:45,Canada,West,Corporate
CUST-003093,Laura,Garcia,laura.garcia908@example.com,+1-718-981-9570,2022-10-17 14:12:42,Brazil,Central,Consumer
CUST-003094,Sofia,Martinez,sofia.martinez816@example.com,+1-370-277-5322,2023-02-06 22:48:52,Germany,South,Consumer
CUST-003095,Carlos,Moore,carlos.moore946@example.com,+1-310-799-9015,2022-06-19 23:22:16,Uk,Central,Corporate
CUST-003096,Sofia,Thomas,sofia.thomas404@example.com,+1-976-976-6217,2023-09-19 16:26:19,Mexico,East,Consumer
CUST-003097,James,Davis,james.davis384@example.com,+1-902-524-5590,2023-01-06 10:25:40,Usa,North,Consumer
CUST-003098,Sebastian,Thomas,sebastian.thomas219@example.com,+1-591-660-4073,2022-06-24 18:36:45,Usa,East,Consumer
CUST-003099,Emma, Thompson  ,emma.thompson707@example.com,+1-807-421-8283,2022-07-25 15:36:48,Uk,East,Corporate
CUST-003100,Sebastian,Wilson,sebastian.wilson962@example.com,+1-282-466-7258,2024-10-14 04:53:59,Canada,North,Home Office
CUST-003101,Laura,Perez,laura.perez204@example.com,+1-448-531-5373,2023-05-15 02:10:20,Usa,North,Consumer
CUST-003102,Carlos,Thompson,carlos.thompson934@example.com,+1-598-211-4204,2023-03-01 00:03:32,Uk,West,Home Office
CUST-003103,Lucia,Anderson,lucia.anderson930@example.com,,2024-08-17 15:21:24,Germany,West,Consumer
CUST-003104,Sebastian,Rodriguez,sebastian.rodriguez387@example.com,+1-347-958-7114,2024-08-10 00:05:38,Brazil,West,Corporate
CUST-003105,Maria,Jackson,maria.jackson982@example.com,+1-296-710-3413,,Mexico,Central,Consumer
CUST-003106,Valentina,Moore,valentina.moore673@example.com,+1-506-305-9208,2022-04-12 14:11:49,Spain,Central,Consumer
CUST-003107,David,Brown,david.brown866@example.com,+1-504-870-6382,2024-03-03 14:35:08,Mexico,Central,Consumer
CUST-003108,Pedro,Lopez,pedro.lopez411@example.com,+1-237-530-4779,2022-06-20 22:10:52,Germany,North,Consumer
CUST-003109,Laura,White,laura.white989@example.com,+1-778-936-8971,2022-03-09 23:29:24,Usa,South,Consumer
CUST-003110,Marta,Lopez,marta.lopez700@example.com,+1-254-326-2132,2024-07-11 13:36:29,Uk,Central,Consumer
CUST-003111,Lucia,Thompson,lucia.thompson594@example.com,+1-600-675-1176,2022-10-19 16:50:03,Mexico,South,Consumer
CUST-003112,Marta,Rodriguez,marta.rodriguez613@example.com,,2022-05-18 05:02:39,Spain,East,Home Office
CUST-003113,Lucia,Gomez,lucia.gomez179@example.com,+1-315-633-1410,2022-10-15 20:02:22,Germany,Central,Consumer
CUST-003114,Laura,Perez,laura.perez145@example.com,+1-817-437-4260,2022-01-22 13:24:01,Uk,South,Corporate
CUST-003115,Pedro,Davis,pedro.davis5@example.com,+1-618-570-8350,2022-06-19 08:42:47,Spain,East,Home Office
CUST-003116,Mateo,Anderson,mateo.anderson941@example.com,+1-459-586-4566,2023-11-24 12:34:00,Usa,North,Home Office
CUST-003117,Maria,Anderson,maria.anderson930@example.com,+1-983-290-3466,2022-04-07 19:46:22,Canada,South,Consumer
CUST-003118,Marta,Taylor,marta.taylor975@example.com,+1-850-796-8900,2024-11-17 20:37:01,Uk,North,Home Office
CUST-003119,Marta,Harris,marta.harris103@example.com,+1-704-704-2334,2024-07-18 17:41:32,Germany,North,Consumer
CUST-003120,James,Jackson,james.jackson463@example.com,+1-258-786-5971,2024-10-21 02:41:01,Canada,East,Home Office
CUST-003121,Lucia,Gomez,lucia.gomez96@example.com,+1-601-459-9861,2023-11-07 08:26:30,Spain,Central,Consumer
CUST-003122,Emma,Rodriguez,emma.rodriguez395@example.com,+1-772-465-2889,2024-07-06 20:17:33,Brazil,West,Consumer
CUST-003123,Diego,Smith,diego.smith398@example.com,+1-486-429-6081,2022-01-20 11:49:05,Germany,Central,Corporate
CUST-003124,Olivia,Rodriguez,olivia.rodriguez655@example.com,+1-980-683-4872,2022-06-13 01:37:26,Canada,South,Consumer
CUST-003125,Camila,Jackson,camila.jackson342@example.com,+1-973-711-5325,2024-07-13 12:23:21,Usa,North,Consumer
CUST-003126,Laura,Thompson,laura.thompson601@example.com,+1-510-917-8189,2022-03-30 07:54:31,Spain,North,Consumer
CUST-003127,James,Moore,james.moore878@example.com,,2022-02-10 17:36:32,Usa,West,Consumer
CUST-003128,Camila,Taylor,camila.taylor823@example.com,+1-688-623-2922,2023-09-05 03:49:46,Usa,North,Consumer
CUST-003129,Camila,Lee,camila.lee315@example.com,+1-660-570-5750,2024-03-14 12:46:58,Brazil,East,Consumer
CUST-003130,Valentina,White,valentina.white156@example.com,+1-370-596-4442,2024-07-22 10:46:42,Uk,East,Consumer
CUST-003131,Ana,Davis,ana.davis624@example.com,+1-719-464-7229,2022-01-22 19:14:21,Spain,East,Corporate
CUST-003132,Ana,Jackson,ana.jackson741@example.com,+1-804-946-3981,2024-02-16 23:39:50,Germany,West,Consumer
CUST-003133,Valentina,Martinez,valentina.martinez801@example.com,+1-761-687-1553,2024-04-19 22:44:53,Spain,West,Home Office
CUST-003134,Olivia,Martin,olivia.martin480@example.com,+1-241-975-4360,2024-02-07 20:44:05,Uk,West,Consumer
CUST-003135,David,Lee,david.lee604@example.com,+1-388-963-8275,2024-08-17 02:32:23,Germany,North,Consumer
CUST-003136,Olivia,Rodriguez,olivia.rodriguez127@example.com,+1-333-767-7872,2024-01-03 06:16:35,Canada,North,Consumer
CUST-003137,Carlos,Anderson,carlos.anderson168@example.com,+1-437-397-4962,2023-02-18 01:53:20,Spain,South,Consumer
CUST-003138,Camila,Rodriguez,camila.rodriguez287@example.com,+1-588-223-7572,2023-06-01 01:00:08,Spain,West,Consumer
CUST-003139,Laura,Rodriguez,laura.rodriguez409@example.com,+1-826-552-3138,2022-01-05 06:56:39,Mexico,West,Consumer
CUST-003140,Lucia,Thomas,lucia.thomas614@example.com,+1-512-292-3237,2022-10-15 18:25:02,Mexico,South,Consumer
CUST-003141,Luis,Smith,luis.smith883@example.com,+1-471-459-9700,2024-02-23 20:13:54,Mexico,Unknown,Consumer
CUST-003142,Marta,Rodriguez,marta.rodriguez120@example.com,+1-792-846-9524,2022-08-07 00:21:25,Mexico,South,Consumer
CUST-003143,Pedro,Martinez,pedro.martinez822@example.com,+1-206-531-5056,2024-12-20 16:10:04,Brazil,East,Home Office
CUST-003144,James,Thomas,james.thomas492@example.com,+1-770-634-9684,2022-03-03 23:12:43,Brazil,Central,Consumer
CUST-003145,Carlos,Smith,carlos.smith740@example.com,+1-804-333-3765,2023-04-14 04:27:15,Canada,North,Home Office
CUST-003146,Luis,Garcia,luis.garcia574@example.com,+1-610-624-4421,2023-10-30 21:32:57,Spain,Central,Corporate
CUST-003147,Sebastian,Lee,sebastian.lee796@example.com,+1-695-363-9509,2024-12-10 18:05:51,Canada,North,Consumer
CUST-003148,Carlos,Anderson,carlos.anderson817@example.com,+1-618-377-2853,2024-01-12 17:15:13,Germany,Central,Consumer
CUST-003149,Pedro,Lopez,pedro.lopez9@example.com,+1-440-399-3994,2024-05-24 19:43:48,Uk,Central,Consumer
CUST-003150,Ana,Gomez,ana.gomez81@example.com,+1-918-242-3929,2023-10-26 19:11:24,Brazil,East,Consumer
CUST-003151,Maria,Martinez,maria.martinez151@example.com,+1-897-363-1059,2022-02-13 02:59:43,Germany,West,Consumer
CUST-003152,James,Wilson,james.wilson408@example.com,+1-482-742-9163,2022-05-17 22:33:20,Canada,North,Consumer
CUST-003153,Laura,Moore,laura.moore135@example.com,+1-677-527-1293,2024-04-30 03:33:22,Mexico,South,Consumer
CUST-003154,Camila,Martin,camila.martin283@example.com,+1-374-252-4765,2023-06-02 14:29:58,Usa,West,Consumer
CUST-003155,Marta,Anderson,marta.anderson207@example.com,+1-213-786-7102,2023-01-22 18:29:03,Brazil,South,Home Office
CUST-003156,Sebastian,Davis,sebastian.davis548@example.com,+1-924-859-1171,2024-03-25 15:31:08,Usa,North,Home Office
CUST-003157,Marta,Martin,marta.martin235@example.com,+1-337-610-8953,2022-11-11 02:44:52,Mexico,Central,Consumer
CUST-003158,John,Harris,john.harris8@example.com,+1-297-573-1725,2024-07-31 03:53:26,Uk,West,Consumer
CUST-003159,Mateo,Martinez,,+1-332-558-2206,2022-02-26 20:48:22,Canada,North,Consumer
CUST-003160,Sebastian,Martinez,sebastian.martinez130@example.com,+1-443-432-3447,2023-12-24 20:34:29,Brazil,North,Corporate
CUST-003161,Camila,Davis,camila.davis600@example.com,+1-548-717-3646,2024-09-03 21:36:16,Usa,East,Consumer
CUST-003162,James,Thomas,james.thomas80@example.com,+1-639-416-8268,2022-09-13 03:01:55,Mexico,Central,Consumer
CUST-003163,Ana,Martin,ana.martin851@example.com,+1-670-509-2813,2023-11-16 11:16:42,Canada,East,Consumer
CUST-003164,Olivia,Rodriguez,olivia.rodriguez163@example.com,+1-594-333-6666,2024-04-23 21:53:32,Usa,Central,Home Office
CUST-003165,David,Garcia,david.garcia308@example.com,+1-868-788-8697,2022-12-31 16:22:01,Canada,West,Corporate
CUST-003166,Olivia,Lee,olivia.lee904@example.com,+1-969-464-5867,2022-12-18 06:57:50,Germany,East,Consumer
CUST-003167,Marta,Anderson,marta.anderson532@example.com,+1-707-368-7166,2024-08-05 13:10:35,Brazil,North,Consumer
CUST-003168,Lucia,Anderson,lucia.anderson916@example.com,+1-730-892-1704,2023-04-02 05:42:17,Uk,Central,Consumer
CUST-003169,David,Wilson,david.wilson663@example.com,+1-219-856-5863,2024-12-29 04:33:51,Mexico,West,Consumer
CUST-003170,Diego,Smith,diego.smith739@example.com,+1-251-781-5703,2022-03-04 00:20:43,Uk,North,Consumer
CUST-003171,James, Lee  ,james.lee490@example.com,+1-625-330-5718,2023-04-13 06:06:32,Brazil,West,Corporate
CUST-003172,Sofia,Martinez,sofia.martinez268@example.com,+1-808-357-1541,2024-01-20 08:02:23,Brazil,Central,Consumer
CUST-003173,Andres,Garcia,andres.garcia946@example.com,+1-844-260-2642,2023-07-04 12:05:27,Canada,West,Consumer
CUST-003174,John, Martin  ,john.martin840@example.com,+1-386-605-6091,2023-01-13 02:23:48,Mexico,West,Home Office
CUST-003175,Marta,Jackson,marta.jackson900@example.com,+1-211-849-2077,2022-01-27 18:59:40,Mexico,South,Home Office
CUST-003176,David,Davis,david.davis626@example.com,+1-740-954-5471,2023-11-07 16:19:29,Spain,East,Consumer
CUST-003177,Camila,Thompson,camila.thompson855@example.com,+1-979-862-6292,2023-05-12 22:26:40,Brazil,West,Home Office
CUST-003178,Mateo,Lee,mateo.lee362@example.com,+1-455-809-1325,2022-06-18 06:08:46,Canada,West,Corporate
CUST-003179,Carlos,Anderson,carlos.anderson747@example.com,+1-998-441-7597,2024-08-10 11:48:45,Usa,North,Corporate
CUST-003180,Sofia,Harris,sofia.harris589@example.com,+1-238-920-1910,2022-02-02 15:44:25,Mexico,West,Consumer
CUST-003181,Pedro,Anderson,pedro.anderson463@example.com,+1-715-700-5086,2022-10-26 11:49:43,Mexico,East,Corporate
CUST-003182,Luis,Anderson,luis.anderson657@example.com,+1-454-327-7562,2022-12-27 22:32:45,Brazil,Central,Consumer
CUST-003183,Luis,Jackson,luis.jackson974@example.com,+1-572-474-4680,2024-06-26 22:38:43,Canada,East,Home Office
CUST-003184,Camila,Moore,camila.moore284@example.com,+1-527-417-4001,2022-02-09 12:37:30,Canada,Central,Consumer
CUST-003185,David,Thomas,david.thomas203@example.com,+1-454-723-2615,2024-07-24 08:03:28,Canada,North,Home Office
CUST-003186,David,Wilson,david.wilson255@example.com,+1-844-895-4411,2023-11-29 01:50:15,Canada,South,Consumer
CUST-003187,John,Brown,john.brown301@example.com,+1-976-687-5153,2022-11-09 00:47:16,Germany,Central,Consumer
CUST-003188,Emma,Martin,emma.martin57@example.com,+1-447-435-6682,2022-11-19 01:37:54,Mexico,North,Consumer
CUST-003189,Sofia,Rodriguez,sofia.rodriguez335@example.com,,2022-09-28 03:16:06,Mexico,East,Consumer
CUST-003190,Mateo, Smith  ,mateo.smith650@example.com,+1-915-253-5479,2023-07-01 05:31:47,Canada,East,Home Office
CUST-003191,Lucia,Anderson,lucia.anderson81@example.com,+1-807-835-3560,2022-05-26 13:31:11,Spain,East,Home Office
CUST-003192,Sofia,Thomas,sofia.thomas523@example.com,+1-236-697-9468,2023-04-22 02:44:38,Uk,North,Corporate
CUST-003193,James,Gomez,james.gomez733@example.com,+1-960-428-6080,2023-12-17 22:15:16,Mexico,North,Corporate
CUST-003194,Mateo,Lopez,mateo.lopez709@example.com,+1-709-974-6145,2023-11-14 13:01:56,Brazil,North,Home Office
CUST-003195,Lucia,Jackson,lucia.jackson178@example.com,+1-727-846-3153,2023-04-18 10:06:34,Brazil,South,Consumer
CUST-003196,Diego,Lopez,diego.lopez138@example.com,+1-276-887-9789,2024-04-20 23:55:31,Mexico,West,Consumer
CUST-003197,Sofia,Gomez,sofia.gomez470@example.com,+1-646-274-6122,2022-01-02 01:30:44,Mexico,South,Consumer
CUST-003198,Andres,Thompson,andres.thompson513@example.com,+1-567-883-7881,2024-02-29 21:41:12,Brazil,West,Home Office
CUST-003199,Pedro,Davis,pedro.davis710@example.com,+1-632-224-9276,2023-03-18 01:31:49,Germany,Central,Consumer
CUST-003200,Luis,Garcia,luis.garcia784@example.com,+1-972-627-2573,2023-08-06 01:49:20,Germany,South,Consumer
CUST-003201,Mateo,Perez,mateo.perez513@example.com,+1-770-300-9813,2024-12-10 21:37:23,Canada,North,Consumer
CUST-003202,Lucia,Lopez,lucia.lopez961@example.com,+1-448-768-9568,2024-03-01 04:08:46,Brazil,Central,Consumer
CUST-003203,Sebastian,Taylor,sebastian.taylor541@example.com,+1-901-561-7888,2022-07-01 21:41:43,Usa,East,Corporate
CUST-003204,Camila,Moore,camila.moore410@example.com,+1-976-770-9786,2023-11-16 05:50:12,Brazil,West,Consumer
CUST-003205,Luis,Gomez,luis.gomez973@example.com,+1-359-931-8999,2024-09-08 05:42:04,Spain,North,Corporate
CUST-003206,Sebastian,Lopez,sebastian.lopez459@example.com,+1-358-847-4164,2023-08-18 16:40:44,Canada,East,Consumer
CUST-003207,Ana,Martin,ana.martin229@example.com,+1-944-941-1471,2024-11-22 19:25:22,Canada,North,Corporate
CUST-003208,Andres,Martin,,+1-812-798-7082,2024-12-01 03:45:31,Germany,East,Consumer
CUST-003209,Pedro,Harris,pedro.harris422@example.com,+1-672-281-5263,2023-02-23 14:06:34,Brazil,East,Consumer
CUST-003210,Diego,Moore,diego.moore528@example.com,+1-940-627-8363,2024-12-14 13:33:54,Usa,Central,Consumer
CUST-003211,Mateo,Lopez,mateo.lopez436@example.com,+1-511-562-8063,2022-06-22 01:39:15,Mexico,Central,Corporate
CUST-003212,Lucia,Davis,lucia.davis255@example.com,+1-968-291-9253,2023-09-14 01:46:38,Germany,West,Consumer
CUST-003213,Sofia,Gomez,sofia.gomez138@example.com,+1-557-741-6670,2022-03-08 15:36:07,Mexico,South,Consumer
CUST-003214,Mateo,Lee,mateo.lee814@example.com,+1-447-218-4277,2024-09-14 03:37:11,Brazil,Unknown,Corporate
CUST-003215,Mateo,Lopez,mateo.lopez860@example.com,+1-625-310-7081,2022-11-26 10:18:35,Uk,West,Corporate
CUST-003216,Ana,Lopez,ana.lopez269@example.com,+1-880-258-3269,2022-10-22 13:39:05,Spain,East,Consumer
CUST-003217,Ana,Smith,ana.smith303@example.com,+1-804-232-9311,2023-12-02 01:19:41,Germany,Central,Consumer
CUST-003218,Sebastian,Davis,sebastian.davis412@example.com,+1-846-669-4881,2024-10-12 18:56:53,Uk,West,Consumer
CUST-003219,Lucia,Lopez,lucia.lopez220@example.com,+1-213-407-5621,2024-03-13 09:03:21,Uk,South,Corporate
CUST-003220,Luis,Gomez,luis.gomez595@example.com,+1-281-498-4660,2022-03-03 11:23:28,Canada,Central,Consumer
CUST-003221,David,Gomez,david.gomez709@example.com,+1-931-484-2742,2024-10-04 15:56:07,Uk,Central,Home Office
CUST-003222,Diego,Thomas,diego.thomas424@example.com,+1-972-596-3500,2023-07-10 18:38:26,Uk,West,Corporate
CUST-003223,James,Lopez,james.lopez621@example.com,+1-586-360-3380,2024-12-04 12:15:48,Canada,West,Corporate
CUST-003224,Lucia,Smith,lucia.smith170@example.com,+1-330-455-1612,2022-01-09 04:43:12,Canada,East,Consumer
CUST-003225,Lucia,Martin,lucia.martin874@example.com,+1-304-388-6888,2024-07-13 02:52:10,Germany,East,Consumer
CUST-003226,Luis,Wilson,luis.wilson946@example.com,+1-728-844-3719,2022-07-29 18:27:12,Usa,East,Consumer
CUST-003227,Lucia,Jackson,lucia.jackson727@example.com,+1-755-317-3944,2022-03-30 07:55:09,Uk,South,Consumer
CUST-003228,Sebastian,Anderson,sebastian.anderson498@example.com,+1-850-828-1551,2023-07-19 21:15:07,Uk,West,Corporate
CUST-003229,Diego,Garcia,diego.garcia144@example.com,+1-685-600-6291,2023-10-31 20:05:06,Spain,East,Consumer
CUST-003230,Sofia,Gomez,sofia.gomez164@example.com,+1-465-910-3444,2022-10-24 09:08:27,Uk,Central,Corporate
CUST-003231,Emma,Garcia,emma.garcia890@example.com,+1-672-440-8569,2023-05-16 02:47:47,Mexico,East,Consumer
CUST-003232,Maria, Lopez  ,maria.lopez33@example.com,+1-912-356-7230,2024-12-27 13:51:32,Germany,Central,Corporate
CUST-003233,Laura,Lopez,laura.lopez686@example.com,+1-787-618-1104,2023-05-25 13:57:11,Usa,North,Consumer
CUST-003234,Maria,Perez,maria.perez851@example.com,+1-304-794-3051,2022-09-12 11:28:50,Spain,West,Home Office
CUST-003235,Andres,Martinez,andres.martinez744@example.com,+1-697-619-4463,2023-09-15 10:32:20,Usa,North,Consumer
CUST-003236,Maria,Wilson,maria.wilson203@example.com,+1-973-271-9448,2022-07-10 03:46:24,Usa,Central,Corporate
CUST-003237,Pedro,Gomez,pedro.gomez944@example.com,+1-287-914-4792,2023-12-02 05:42:02,Mexico,North,Consumer
CUST-003238,Camila,Gomez,camila.gomez320@example.com,+1-661-239-9230,2023-09-27 13:08:57,Brazil,North,Consumer
CUST-003239,Laura,Smith,laura.smith465@example.com,+1-302-503-9246,2024-03-02 16:42:12,Uk,South,Consumer
CUST-003240,Emma,Lopez,emma.lopez829@example.com,+1-562-981-7385,2023-06-22 09:53:40,Mexico,West,Consumer
CUST-003241,Sofia,Martin,sofia.martin678@example.com,+1-683-814-5403,2023-11-03 01:59:23,Brazil,East,Consumer
CUST-003242,Emma,Martin,emma.martin265@example.com,+1-833-842-9605,,Usa,Central,Home Office
CUST-003243,David, Harris  ,,+1-434-602-5733,2022-08-07 03:14:20,Canada,West,Home Office
CUST-003244,Maria,Gomez,maria.gomez18@example.com,+1-429-371-7989,2024-02-29 16:25:03,Mexico,South,Home Office
CUST-003245,Sebastian,Smith,sebastian.smith501@example.com,+1-606-447-2435,2023-12-14 01:19:05,Usa,North,Home Office
CUST-003246,Andres,Moore,andres.moore303@example.com,+1-616-296-3715,2023-11-12 11:43:40,Canada,West,Consumer
CUST-003247,Pedro,Gomez,pedro.gomez288@example.com,+1-651-497-9536,2022-05-06 14:33:49,Brazil,Central,Consumer
CUST-003248,Sebastian,Moore,sebastian.moore606@example.com,+1-478-720-5134,2024-11-28 18:48:53,Usa,West,Consumer
CUST-003249,David, Moore  ,david.moore26@example.com,+1-254-666-8676,2022-08-07 00:08:34,Spain,North,Consumer
CUST-003250,David,Lee,david.lee588@example.com,+1-517-809-4232,2023-10-04 07:21:15,Spain,North,Consumer
CUST-003251,John,Lopez,john.lopez453@example.com,+1-309-787-7932,2022-06-01 01:53:45,Usa,East,Corporate
CUST-003252,Carlos,Garcia,carlos.garcia294@example.com,+1-500-288-6843,2023-07-03 12:10:02,Spain,Central,Consumer
CUST-003253,Laura,Rodriguez,laura.rodriguez239@example.com,+1-881-877-9503,2023-04-21 11:01:59,Germany,Central,Corporate
CUST-003254,Marta,Taylor,marta.taylor235@example.com,+1-781-311-8865,2022-11-28 00:57:55,Spain,South,Corporate
CUST-003255,James,Rodriguez,james.rodriguez898@example.com,+1-975-256-6097,2022-01-03 22:28:16,Germany,Central,Consumer
CUST-003256,Lucia,Moore,lucia.moore220@example.com,+1-936-595-2829,2023-12-14 22:20:02,Brazil,West,Consumer
CUST-003257,Olivia,Davis,olivia.davis782@example.com,+1-637-911-3535,2023-09-14 09:56:28,Uk,West,Corporate
CUST-003258,Sofia, Davis  ,sofia.davis867@example.com,+1-738-585-6399,2023-12-16 08:52:09,Spain,Central,Consumer
CUST-003259,Mateo,Moore,mateo.moore680@example.com,+1-294-467-2281,2024-07-17 08:47:24,Mexico,Central,Consumer
CUST-003260,John,Lee,john.lee451@example.com,+1-234-640-1096,2024-03-10 13:17:59,Mexico,Central,Corporate
CUST-003261,Mateo,Rodriguez,mateo.rodriguez474@example.com,+1-822-328-2940,2023-10-17 04:25:16,Brazil,South,Consumer
CUST-003262,Lucia,White,lucia.white957@example.com,+1-579-968-5308,2023-01-20 14:18:50,Mexico,West,Consumer
CUST-003263,Camila,Thompson,camila.thompson16@example.com,+1-304-503-6368,2024-07-06 13:07:47,Brazil,North,Corporate
CUST-003264,David,Harris,david.harris257@example.com,+1-877-335-8789,2023-05-02 03:36:23,Germany,Central,Home Office
CUST-003265,Lucia,White,lucia.white371@example.com,+1-529-329-1897,2022-11-06 11:59:17,Usa,Central,Home Office
CUST-003266,Lucia,Smith,lucia.smith50@example.com,+1-882-282-2820,2022-01-15 02:00:59,Usa,East,Consumer
CUST-003267,Diego,Garcia,diego.garcia198@example.com,+1-775-464-5134,2024-07-30 22:42:01,Germany,Central,Consumer
CUST-003268,Maria,Rodriguez,maria.rodriguez49@example.com,+1-888-957-9388,2022-01-03 05:05:41,Germany,South,Consumer
CUST-003269,Pedro,Moore,pedro.moore783@example.com,+1-896-903-7633,2022-04-15 17:24:21,Canada,South,Corporate
CUST-003270,Emma,Garcia,emma.garcia271@example.com,+1-881-468-9670,2022-05-06 04:32:46,Brazil,West,Home Office
CUST-003271,David,Jackson,,+1-524-942-7864,2024-01-14 02:33:22,Uk,South,Consumer
CUST-003272,Maria,Perez,maria.perez900@example.com,+1-343-221-7728,2022-10-06 07:46:00,Spain,North,Consumer
CUST-003273,Lucia,Anderson,lucia.anderson493@example.com,+1-593-264-4659,2022-09-06 01:03:28,Canada,South,Consumer
CUST-003274,John,Jackson,john.jackson434@example.com,+1-718-393-6191,2023-05-04 22:46:48,Uk,Central,Consumer
CUST-003275,Olivia,Jackson,olivia.jackson16@example.com,,2023-07-15 21:01:21,Germany,North,Corporate
CUST-003276,David,Brown,david.brown144@example.com,+1-746-352-7591,2023-12-05 16:32:14,Usa,South,Consumer
CUST-003277,Andres,Rodriguez,andres.rodriguez598@example.com,+1-466-819-6257,2024-08-02 06:01:21,Canada,East,Consumer
CUST-003278,Andres,Jackson,andres.jackson265@example.com,+1-508-900-9523,2023-06-11 10:08:13,Spain,South,Corporate
CUST-003279,Diego,Thompson,diego.thompson520@example.com,+1-315-318-2218,2024-06-09 11:15:15,Spain,South,Consumer
CUST-003280,Diego,Wilson,diego.wilson620@example.com,+1-924-732-1401,2022-02-19 11:40:05,Uk,West,Consumer
CUST-003281,Marta,Thomas,marta.thomas609@example.com,+1-891-875-1914,2023-12-14 23:18:46,Brazil,South,Corporate
CUST-003282,Valentina,Lee,valentina.lee176@example.com,+1-564-790-2605,2022-04-17 05:31:55,Usa,East,Home Office
CUST-003283,David,Martin,david.martin120@example.com,+1-622-382-7501,2022-12-11 14:23:28,Germany,North,Consumer
CUST-003284,Emma,Thomas,emma.thomas305@example.com,+1-274-748-1109,2024-11-07 06:22:45,Uk,East,Consumer
CUST-003285,Andres,White,andres.white480@example.com,+1-988-432-8460,2024-09-29 20:47:54,Canada,Central,Corporate
CUST-003286,Mateo,White,mateo.white782@example.com,+1-554-269-3392,2023-10-09 09:16:44,Germany,Unknown,Consumer
CUST-003287,Maria,Garcia,maria.garcia491@example.com,+1-891-421-7414,2022-05-12 16:36:15,Usa,South,Corporate
CUST-003288,Diego,Martinez,diego.martinez403@example.com,+1-868-674-8062,2023-12-29 03:47:21,Usa,South,Consumer
CUST-003289,Sebastian,Anderson,sebastian.anderson211@example.com,+1-412-231-1236,2022-11-25 19:46:17,Usa,East,Consumer
CUST-003290,David,Smith,david.smith717@example.com,+1-349-791-3721,2024-11-06 22:52:29,Mexico,Central,Consumer
CUST-003291,Olivia,Rodriguez,olivia.rodriguez819@example.com,+1-313-240-8728,2022-12-17 18:59:40,Uk,South,Consumer
CUST-003292,Olivia,Rodriguez,olivia.rodriguez362@example.com,+1-980-497-9925,2024-05-24 12:42:15,Canada,South,Consumer
CUST-003293,Sofia,Gomez,sofia.gomez632@example.com,+1-659-223-5832,2022-05-12 05:00:52,Uk,West,Consumer
CUST-003294,Maria,Jackson,maria.jackson502@example.com,+1-827-914-8043,2022-11-25 07:37:18,Germany,West,Consumer
CUST-003295,Carlos,Harris,carlos.harris362@example.com,+1-539-293-1319,2023-11-02 00:40:01,Mexico,North,Consumer
CUST-003296,John,Harris,john.harris706@example.com,+1-750-987-5193,2023-09-14 04:41:34,Canada,West,Home Office
CUST-003297,Emma,Smith,emma.smith215@example.com,+1-628-210-8402,2022-01-27 04:54:07,Canada,South,Consumer
CUST-003298,Sofia,Perez,sofia.perez3@example.com,+1-922-394-5451,2023-04-18 05:10:57,Spain,East,Consumer
CUST-003299,Olivia,Thomas,olivia.thomas589@example.com,+1-317-645-3319,2023-02-24 20:23:53,Usa,Central,Consumer
CUST-003300,Diego,Moore,diego.moore127@example.com,+1-632-636-7316,2023-03-29 20:19:18,Brazil,East,Consumer
CUST-003301,Emma,Gomez,emma.gomez383@example.com,+1-485-458-2053,2023-06-05 00:41:12,Brazil,North,Consumer
CUST-003302,Laura,White,laura.white5@example.com,+1-231-902-9955,2024-08-08 10:27:49,Mexico,East,Consumer
CUST-003303,John,Thomas,john.thomas502@example.com,+1-616-506-3338,2022-07-14 21:07:15,Brazil,South,Consumer
CUST-003304,Camila,Martinez,camila.martinez99@example.com,+1-321-567-1099,2023-08-29 11:34:21,Spain,North,Corporate
CUST-003305,Diego,Harris,diego.harris102@example.com,+1-948-936-4197,2024-05-01 04:26:52,Mexico,South,Corporate
CUST-003306,James,Brown,james.brown714@example.com,+1-366-336-1786,2023-05-16 11:48:36,Uk,Central,Consumer
CUST-003307,Olivia,Martin,olivia.martin241@example.com,+1-558-477-1938,2023-09-15 11:08:36,Brazil,West,Consumer
CUST-003308,Marta,Davis,marta.davis48@example.com,+1-990-309-2424,2024-01-16 04:12:59,Mexico,South,Corporate
CUST-003309,Marta, Perez  ,marta.perez855@example.com,+1-385-674-8296,2024-06-10 19:46:51,Uk,Central,Consumer
CUST-003310,Luis,Rodriguez,luis.rodriguez456@example.com,+1-482-744-1306,2022-06-18 08:39:49,Usa,East,Home Office
CUST-003311,James, Thompson  ,james.thompson8@example.com,+1-923-977-8715,2024-11-05 04:17:11,Spain,Central,Consumer
CUST-003312,Pedro,Martinez,pedro.martinez624@example.com,+1-425-576-6381,2022-12-31 10:44:28,Germany,East,Consumer
CUST-003313,Carlos,Smith,carlos.smith755@example.com,+1-561-777-7664,2023-10-30 16:07:38,Mexico,West,Consumer
CUST-003314,Andres,Garcia,andres.garcia697@example.com,+1-392-659-9982,2022-08-08 08:08:14,Usa,East,Corporate
CUST-003315,Olivia,Jackson,olivia.jackson453@example.com,+1-456-532-2705,2022-10-20 03:11:43,Brazil,North,Consumer
CUST-003316,James,Perez,james.perez934@example.com,+1-239-974-2786,2024-08-09 12:41:35,Germany,South,Consumer
CUST-003317,Emma,Davis,emma.davis727@example.com,+1-734-809-7159,2024-02-16 02:12:47,Usa,Central,Consumer
CUST-003318,Olivia, Jackson  ,olivia.jackson134@example.com,+1-887-719-9457,2022-05-25 21:21:41,Uk,South,Consumer
CUST-003319,Mateo,Wilson,mateo.wilson925@example.com,+1-308-958-2914,2024-03-10 08:58:18,Germany,Central,Corporate
CUST-003320,Mateo,White,mateo.white478@example.com,+1-307-848-6379,2022-09-17 14:20:35,Usa,South,Consumer
CUST-003321,Mateo,Thompson,mateo.thompson693@example.com,+1-561-349-9410,2024-11-29 13:18:26,Germany,Central,Home Office
CUST-003322,Valentina,Moore,valentina.moore668@example.com,+1-307-759-5230,2024-11-15 08:33:02,Uk,West,Consumer
CUST-003323,David,Smith,david.smith661@example.com,+1-204-681-4886,2022-01-18 18:04:29,Uk,East,Corporate
CUST-003324,Andres,Anderson,,+1-673-900-5139,2023-07-21 11:16:33,Mexico,North,Corporate
CUST-003325,Luis,Martin,luis.martin596@example.com,+1-374-961-7980,2024-04-05 04:55:52,Brazil,East,Consumer
CUST-003326,David,Anderson,david.anderson851@example.com,+1-563-781-2787,2024-07-14 14:14:09,Usa,East,Consumer
CUST-003327,Camila,Perez,camila.perez944@example.com,+1-825-728-6396,2023-03-05 22:48:59,Germany,Central,Corporate
CUST-003328,Olivia,Harris,olivia.harris373@example.com,+1-718-521-8380,2024-05-28 18:28:23,Spain,South,Home Office
CUST-003329,Mateo,Thomas,mateo.thomas682@example.com,+1-765-273-7199,2024-05-03 17:21:54,Uk,East,Home Office
CUST-003330,Emma,Anderson,emma.anderson501@example.com,+1-910-415-1930,2022-03-21 16:07:26,Germany,Unknown,Corporate
CUST-003331,Olivia,Martin,olivia.martin97@example.com,+1-902-852-4167,2024-03-05 11:30:58,Germany,North,Corporate
CUST-003332,Ana,Lee,ana.lee548@example.com,,2024-11-06 05:24:38,Canada,South,Corporate
CUST-003333,Valentina,Thomas,valentina.thomas14@example.com,+1-441-393-7697,2023-08-02 21:10:37,Uk,Central,Consumer
CUST-003334,Sebastian,Thomas,sebastian.thomas746@example.com,+1-391-429-2425,2022-03-30 05:01:59,Spain,West,Consumer
CUST-003335,Carlos,Martin,carlos.martin322@example.com,+1-911-887-6423,2023-05-03 04:19:41,Mexico,Central,Consumer
CUST-003336,Laura,Harris,laura.harris193@example.com,+1-343-331-5025,2022-04-20 09:45:06,Brazil,West,Consumer
CUST-003337,Diego,Harris,diego.harris908@example.com,+1-234-799-4981,2023-11-07 12:59:44,Mexico,East,Consumer
CUST-003338,Olivia,Smith,olivia.smith38@example.com,+1-241-620-2860,2022-11-01 17:07:18,Mexico,North,Consumer
CUST-003339,Pedro,Wilson,pedro.wilson578@example.com,+1-480-681-7416,2024-01-09 04:02:49,Spain,South,Consumer
CUST-003340,Camila,Rodriguez,camila.rodriguez980@example.com,+1-850-351-8825,2022-07-10 00:31:10,Spain,West,Consumer
CUST-003341,Olivia,Moore,olivia.moore928@example.com,+1-357-372-3448,2022-07-31 19:41:52,Germany,South,Corporate
CUST-003342,Ana,Taylor,ana.taylor304@example.com,+1-490-629-6778,2024-03-01 09:02:29,Germany,North,Home Office
CUST-003343,James,Taylor,james.taylor831@example.com,+1-548-794-6455,2023-10-26 01:51:31,Canada,West,Consumer
CUST-003344,Marta,Jackson,marta.jackson512@example.com,+1-710-698-9829,2022-01-14 22:03:12,Spain,East,Home Office
CUST-003345,Emma,Rodriguez,emma.rodriguez500@example.com,+1-619-396-2011,2022-10-08 09:34:12,Germany,West,Consumer
CUST-003346,Valentina,Brown,valentina.brown410@example.com,+1-779-586-3328,2023-05-16 15:26:26,Uk,North,Consumer
CUST-003347,Carlos,Martinez,carlos.martinez578@example.com,+1-654-583-6524,2022-05-08 00:51:02,Brazil,North,Consumer
CUST-003348,Andres,Smith,andres.smith659@example.com,+1-673-224-2099,2024-06-03 12:24:24,Germany,North,Consumer
CUST-003349,Luis,Davis,luis.davis259@example.com,+1-516-826-1543,2023-03-04 16:38:32,Brazil,Central,Consumer
CUST-003350,Carlos,Lopez,carlos.lopez187@example.com,+1-945-275-4172,2024-02-23 08:39:11,Spain,South,Consumer
CUST-003351,Maria,Harris,maria.harris592@example.com,+1-586-864-3403,2022-11-19 04:05:42,Usa,East,Consumer
CUST-003352,Mateo,Garcia,mateo.garcia178@example.com,+1-627-243-1911,2022-11-23 20:21:38,Canada,South,Consumer
CUST-003353,Olivia,Martin,olivia.martin187@example.com,+1-664-998-1887,2023-07-27 11:29:20,Mexico,Central,Consumer
CUST-003354,Mateo,Thompson,mateo.thompson809@example.com,+1-370-760-3380,2024-06-30 02:15:44,Brazil,South,Consumer
CUST-003355,Valentina,Gomez,valentina.gomez172@example.com,+1-631-790-1868,2022-06-12 10:35:59,Mexico,West,Corporate
CUST-003356,James,Perez,james.perez141@example.com,+1-958-477-9045,2023-10-26 14:52:03,Usa,Central,Consumer
CUST-003357,Ana,Jackson,ana.jackson451@example.com,+1-359-911-5211,2023-06-28 12:28:30,Canada,East,Consumer
CUST-003358,Olivia,Thompson,olivia.thompson712@example.com,+1-456-680-9107,2024-08-11 19:55:56,Uk,East,Consumer
CUST-003359,Ana,Harris,ana.harris427@example.com,+1-525-690-8669,2023-07-13 16:40:50,Spain,North,Home Office
CUST-003360,Maria,Martinez,maria.martinez513@example.com,+1-821-664-3509,2024-11-18 19:52:13,Mexico,Unknown,Consumer
CUST-003361,Luis,Harris,luis.harris525@example.com,+1-350-610-2166,2022-10-07 23:26:37,Spain,West,Consumer
CUST-003362,Olivia,Gomez,olivia.gomez350@example.com,+1-400-704-2221,2022-01-03 23:30:03,Uk,West,Consumer
CUST-003363,Lucia,Moore,lucia.moore11@example.com,+1-406-276-7576,2024-11-21 13:45:45,Mexico,West,Home Office
CUST-003364,Camila,Taylor,camila.taylor148@example.com,+1-677-796-9580,2022-05-12 06:57:02,Usa,South,Corporate
CUST-003365,Laura,Martinez,laura.martinez244@example.com,+1-582-888-5424,2024-01-10 03:01:45,Spain,West,Corporate
CUST-003366,Maria,White,maria.white632@example.com,+1-769-897-5287,2022-06-25 20:14:57,Usa,Central,Consumer
CUST-003367,John,Lee,john.lee709@example.com,,2022-01-03 17:41:27,Spain,North,Consumer
CUST-003368,Luis,Lee,luis.lee665@example.com,+1-305-941-1898,2024-08-15 17:09:33,Spain,East,Consumer
CUST-003369,David,Rodriguez,david.rodriguez999@example.com,+1-761-792-7111,2024-05-19 16:06:56,Uk,West,Consumer
CUST-003370,Sofia,Anderson,sofia.anderson86@example.com,+1-885-254-6366,2024-04-24 02:27:10,Usa,North,Home Office
CUST-003371,Camila,Gomez,camila.gomez693@example.com,+1-680-252-2738,2022-04-15 18:04:19,Uk,East,Consumer
CUST-003372,Carlos,Gomez,carlos.gomez50@example.com,+1-352-556-5735,2024-02-02 20:35:01,Brazil,South,Corporate
CUST-003373,David,Harris,david.harris34@example.com,,2022-12-26 22:34:38,Brazil,East,Home Office
CUST-003374,Andres,Lee,andres.lee664@example.com,+1-671-890-6468,2023-07-05 23:18:06,Canada,Central,Consumer
CUST-003375,Andres,Martin,andres.martin261@example.com,+1-978-371-6677,2023-09-26 05:30:37,Brazil,Central,Corporate
CUST-003376,Laura,Brown,laura.brown289@example.com,+1-285-614-5656,2022-04-26 04:06:51,Mexico,South,Consumer
CUST-003377,Luis,Taylor,luis.taylor923@example.com,+1-392-444-8513,2022-07-10 22:18:15,Spain,South,Home Office
CUST-003378,Diego,Moore,diego.moore389@example.com,+1-746-317-7172,2024-07-05 00:10:28,Spain,Central,Consumer
CUST-003379,Mateo,Garcia,mateo.garcia309@example.com,+1-813-873-1760,2024-07-26 13:13:21,Uk,East,Corporate
CUST-003380,Lucia,Perez,lucia.perez81@example.com,+1-481-479-1571,2024-11-08 18:46:08,Usa,South,Home Office
CUST-003381,Marta,Perez,marta.perez176@example.com,+1-490-952-1739,2024-03-31 12:56:34,Brazil,East,Consumer
CUST-003382,Ana,White,ana.white215@example.com,+1-387-464-7125,2024-06-13 08:51:54,Mexico,South,Home Office
CUST-003383,Camila,Lopez,camila.lopez923@example.com,+1-319-292-1929,2022-07-19 18:51:45,Mexico,North,Home Office
CUST-003384,Laura,Jackson,laura.jackson919@example.com,+1-723-824-6267,2024-05-18 21:42:58,Canada,South,Consumer
CUST-003385,James,White,james.white121@example.com,+1-712-881-4434,2024-04-23 01:54:17,Spain,West,Corporate
CUST-003386,Emma,Wilson,emma.wilson9@example.com,+1-977-240-3559,2024-12-25 05:22:52,Germany,Unknown,Consumer
CUST-003387,James,Harris,james.harris679@example.com,+1-337-208-6487,2024-10-11 12:05:00,Mexico,Central,Corporate
CUST-003388,Camila,Perez,camila.perez944@example.com,+1-761-304-3308,2024-09-18 02:20:19,Spain,East,Consumer
CUST-003389,Laura,Harris,laura.harris458@example.com,+1-512-595-1080,2023-07-28 10:43:45,Canada,Central,Consumer
CUST-003390,Olivia,Lopez,olivia.lopez739@example.com,+1-760-458-8773,2024-09-13 06:33:44,Usa,East,Consumer
CUST-003391,Olivia,Brown,olivia.brown345@example.com,+1-748-248-5447,2024-10-19 12:31:46,Spain,South,Corporate
CUST-003392,Carlos,Jackson,carlos.jackson886@example.com,+1-638-834-9248,2024-07-02 18:52:36,Germany,Central,Consumer
CUST-003393,Sebastian,Perez,sebastian.perez964@example.com,+1-681-538-5803,2024-08-02 10:09:00,Mexico,Central,Consumer
CUST-003394,Olivia,Anderson,olivia.anderson242@example.com,+1-484-204-2893,2022-05-22 22:13:23,Canada,Central,Home Office
CUST-003395,Emma,Jackson,emma.jackson708@example.com,+1-536-816-8126,2022-01-07 06:37:34,Germany,West,Consumer
CUST-003396,Maria,White,maria.white258@example.com,+1-585-455-9453,2023-03-04 21:56:51,Usa,North,Consumer
CUST-003397,Laura,Perez,laura.perez807@example.com,+1-501-690-4971,2023-08-10 15:21:43,Germany,East,Consumer
CUST-003398,Maria,Taylor,maria.taylor568@example.com,+1-611-339-3167,2024-04-18 08:44:16,Spain,North,Home Office
CUST-003399,Olivia,Gomez,olivia.gomez344@example.com,+1-828-458-9494,2024-05-07 01:06:05,Spain,East,Home Office
CUST-003400,John,Moore,john.moore135@example.com,+1-923-333-8364,2022-03-13 23:08:37,Mexico,South,Consumer
CUST-003401,Emma,Martin,emma.martin828@example.com,+1-866-932-9061,2022-12-27 02:27:15,Uk,West,Corporate
CUST-003402,Carlos,Anderson,carlos.anderson468@example.com,+1-560-628-4081,2023-09-03 02:16:48,Spain,North,Consumer
CUST-003403,Maria,Davis,maria.davis504@example.com,+1-757-390-8999,2022-01-30 19:38:44,Spain,North,Home Office
CUST-003404,Diego,Garcia,diego.garcia714@example.com,+1-505-555-9366,2023-10-16 12:03:47,Uk,West,Consumer
CUST-003405,James,Jackson,james.jackson726@example.com,+1-503-281-9566,2023-10-30 01:02:44,Canada,Central,Corporate
CUST-003406,Carlos,Thomas,carlos.thomas78@example.com,+1-375-878-9573,2022-10-13 19:40:17,Brazil,West,Consumer
CUST-003407,Marta,Harris,marta.harris400@example.com,+1-803-931-9617,2023-07-13 11:17:33,Canada,Central,Consumer
CUST-003408,Carlos,Thompson,carlos.thompson460@example.com,+1-236-536-3525,2023-08-10 01:37:06,Canada,North,Corporate
CUST-003409,Carlos,Harris,carlos.harris94@example.com,+1-951-972-3745,2024-07-31 07:37:53,Germany,South,Home Office
CUST-003410,Emma,Jackson,emma.jackson536@example.com,+1-646-500-3077,2024-02-21 16:06:41,Spain,West,Consumer
CUST-003411,Sofia,Jackson,sofia.jackson191@example.com,+1-682-347-9670,2023-11-24 16:50:55,Germany,West,Home Office
CUST-003412,David,Martinez,david.martinez518@example.com,+1-694-659-4710,2022-01-13 09:46:50,Brazil,North,Home Office
CUST-003413,Ana,Jackson,ana.jackson682@example.com,+1-749-433-4635,2023-01-08 09:40:59,Germany,East,Corporate
CUST-003414,James,Lee,james.lee351@example.com,+1-635-377-4160,2023-05-13 23:40:45,Canada,West,Consumer
CUST-003415,Luis,Smith,luis.smith339@example.com,+1-418-547-9695,2023-06-06 12:58:40,Germany,Central,Consumer
CUST-003416,Luis,Martinez,luis.martinez226@example.com,+1-963-851-3073,2024-08-04 06:11:50,Uk,East,Corporate
CUST-003417,Olivia,Gomez,olivia.gomez727@example.com,+1-367-460-1684,2023-10-02 05:32:54,Mexico,East,Consumer
CUST-003418,Diego,Perez,diego.perez593@example.com,+1-660-669-1633,2023-04-02 10:40:26,Usa,North,Consumer
CUST-003419,Sebastian,Thompson,sebastian.thompson369@example.com,+1-797-631-5677,2022-05-22 14:33:13,Spain,West,Consumer
CUST-003420,Lucia,Thomas,lucia.thomas624@example.com,+1-210-504-5563,2024-02-18 18:44:48,Germany,East,Corporate
CUST-003421,Diego,Lee,diego.lee213@example.com,+1-391-928-3921,2023-04-13 22:42:16,Spain,North,Home Office
CUST-003422,Carlos,Anderson,carlos.anderson361@example.com,+1-747-676-8171,2023-11-08 01:03:22,Usa,West,Home Office
CUST-003423,David,Harris,david.harris963@example.com,+1-520-796-5571,2023-06-21 05:48:46,Brazil,Unknown,Consumer
CUST-003424,Diego,Gomez,diego.gomez212@example.com,+1-260-287-3109,2023-10-24 01:43:06,Canada,South,Consumer
CUST-003425,Ana,Lopez,ana.lopez739@example.com,,2023-05-10 13:41:12,Canada,Central,Consumer
CUST-003426,James,Jackson,james.jackson329@example.com,,2022-04-20 01:23:25,Uk,North,Home Office
CUST-003427,James,Davis,james.davis469@example.com,+1-486-402-6342,2023-02-28 14:41:53,Brazil,North,Consumer
CUST-003428,Olivia,Lee,olivia.lee524@example.com,+1-985-671-2161,2022-12-06 11:36:21,Brazil,East,Corporate
CUST-003429,Andres,Taylor,andres.taylor714@example.com,+1-795-883-5846,2024-08-05 12:52:07,Brazil,East,Consumer
CUST-003430,Andres,White,andres.white377@example.com,+1-226-550-6311,2024-01-30 23:36:45,Canada,West,Consumer
CUST-003431,Maria,Martin,maria.martin308@example.com,+1-726-573-5689,2022-08-23 02:42:19,Uk,South,Corporate
CUST-003432,Carlos,Thomas,carlos.thomas757@example.com,+1-878-575-3349,2022-09-26 02:14:47,Brazil,Central,Corporate
CUST-003433,Valentina,Brown,valentina.brown404@example.com,+1-865-520-2577,2022-06-02 02:26:35,Uk,South,Consumer
CUST-003434,James,Lee,james.lee728@example.com,+1-502-527-3440,2023-08-28 02:11:09,Spain,South,Consumer
CUST-003435,Sofia,Lee,sofia.lee784@example.com,+1-837-468-8589,2024-02-29 07:22:19,Usa,Central,Corporate
CUST-003436,Sebastian,Martinez,sebastian.martinez974@example.com,+1-258-393-6937,2023-09-07 08:48:35,Canada,Unknown,Corporate
CUST-003437,Pedro,Anderson,pedro.anderson755@example.com,+1-919-377-4281,2022-01-20 15:53:33,Canada,East,Corporate
CUST-003438,Ana,White,ana.white93@example.com,+1-380-933-2450,2023-05-29 20:05:09,Usa,East,Corporate
CUST-003439,Carlos,Taylor,carlos.taylor586@example.com,+1-524-796-2001,2024-09-06 00:58:47,Mexico,West,Corporate
CUST-003440,Laura,Garcia,laura.garcia820@example.com,+1-871-442-3520,2022-10-07 11:49:47,Mexico,West,Consumer
CUST-003441,Sebastian,Harris,sebastian.harris978@example.com,+1-316-408-5957,2022-06-28 08:29:29,Mexico,Central,Corporate
CUST-003442,Mateo,Garcia,mateo.garcia220@example.com,+1-815-985-8084,2023-02-18 06:24:15,Brazil,West,Consumer
CUST-003443,Maria,Brown,maria.brown245@example.com,+1-497-331-2900,2024-10-07 04:14:29,Canada,North,Corporate
CUST-003444,Andres,Garcia,andres.garcia515@example.com,+1-285-429-1646,2023-02-22 03:21:33,Mexico,Central,Home Office
CUST-003445,Sebastian,Smith,sebastian.smith633@example.com,+1-738-816-1831,2022-11-30 20:14:43,Uk,Central,Corporate
CUST-003446,Camila,Moore,,+1-569-361-4084,2024-04-24 04:15:37,Spain,Central,Consumer
CUST-003447,Camila,White,camila.white526@example.com,+1-357-271-4554,2022-03-15 06:59:51,Mexico,West,Home Office
CUST-003448,Emma,Lopez,emma.lopez983@example.com,+1-355-439-8062,2024-06-24 22:47:35,Brazil,West,Consumer
CUST-003449,Pedro,Garcia,pedro.garcia88@example.com,,2024-09-18 19:56:48,Uk,North,Corporate
CUST-003450,Valentina,Lee,valentina.lee37@example.com,+1-528-230-2835,2023-08-19 08:42:29,Germany,South,Corporate
CUST-003451,Ana,Rodriguez,ana.rodriguez976@example.com,+1-469-806-7027,2023-07-12 15:39:02,Usa,West,Consumer
CUST-003452,Valentina,Lee,valentina.lee354@example.com,+1-259-932-9125,2024-03-11 16:31:18,Mexico,South,Consumer
CUST-003453,Olivia,Martinez,olivia.martinez78@example.com,+1-586-974-4423,2023-04-09 04:17:03,Brazil,North,Corporate
CUST-003454,Mateo,Perez,mateo.perez96@example.com,+1-867-887-1898,2022-06-07 11:29:07,Spain,West,Home Office
CUST-003455,Ana,Davis,ana.davis881@example.com,+1-990-410-1990,2024-02-16 15:27:23,Brazil,West,Consumer
CUST-003456,James,Harris,james.harris413@example.com,+1-811-606-7507,2023-07-30 22:00:45,Canada,South,Home Office
CUST-003457,David,Davis,david.davis61@example.com,+1-229-704-2771,2024-08-02 11:35:17,Uk,North,Corporate
CUST-003458,Camila,Lee,camila.lee281@example.com,+1-871-249-7895,2022-05-15 07:12:19,Canada,South,Consumer
CUST-003459,Emma,Gomez,emma.gomez346@example.com,+1-747-996-9043,2024-04-11 10:40:24,Mexico,Central,Corporate
CUST-003460,Sebastian,Davis,sebastian.davis250@example.com,+1-679-543-1085,2022-12-17 21:02:09,Brazil,South,Consumer
CUST-003461,Marta,Thompson,marta.thompson703@example.com,+1-582-763-6532,2022-10-17 09:59:19,Mexico,East,Home Office
CUST-003462,John,Davis,john.davis916@example.com,+1-789-630-1392,2022-08-23 07:49:10,Mexico,Central,Home Office
CUST-003463,David,Jackson,david.jackson556@example.com,+1-774-411-9975,2024-10-12 17:48:19,Canada,West,Home Office
CUST-003464,Emma,Martinez,emma.martinez545@example.com,+1-217-233-5228,2023-05-08 08:34:12,Brazil,Unknown,Consumer
CUST-003465,Valentina,Anderson,valentina.anderson432@example.com,+1-480-729-8057,2024-04-26 17:27:43,Germany,East,Consumer
CUST-003466,David,Lee,david.lee134@example.com,+1-239-609-4735,2022-06-30 03:50:47,Brazil,East,Consumer
CUST-003467,Carlos,White,carlos.white493@example.com,+1-609-238-2996,2024-06-24 09:28:18,Mexico,Central,Consumer
CUST-003468,Valentina,Lopez,valentina.lopez768@example.com,+1-994-475-5146,2022-08-16 02:53:36,Mexico,West,Consumer
CUST-003469,John,Anderson,john.anderson720@example.com,+1-588-270-2190,2023-03-15 15:04:33,Uk,West,Consumer
CUST-003470,Pedro,Moore,pedro.moore881@example.com,+1-403-584-2247,2022-03-05 03:15:08,Uk,Central,Consumer
CUST-003471,Ana,Thomas,ana.thomas348@example.com,+1-926-845-5417,2023-12-01 13:48:07,Mexico,East,Consumer
CUST-003472,Lucia,Perez,lucia.perez389@example.com,+1-718-971-5185,2023-05-21 08:25:39,Brazil,West,Consumer
CUST-003473,Laura,Gomez,laura.gomez298@example.com,+1-892-479-6157,2023-02-11 10:13:26,Mexico,Central,Consumer
CUST-003474,Diego,Jackson,diego.jackson10@example.com,+1-436-207-2412,2022-02-28 03:22:32,Uk,West,Corporate
CUST-003475,Sofia,Martinez,sofia.martinez795@example.com,+1-353-425-9563,2024-10-13 13:42:16,Spain,Central,Consumer
CUST-003476,Laura,Martinez,laura.martinez668@example.com,+1-944-984-8291,2022-07-22 07:33:38,Brazil,Central,Consumer
CUST-003477,James,Smith,james.smith858@example.com,+1-895-846-8388,2023-10-28 00:46:54,Spain,Central,Consumer
CUST-003478,Ana,Harris,ana.harris417@example.com,+1-899-569-1543,2022-06-24 19:47:30,Usa,North,Consumer
CUST-003479,Laura,Gomez,laura.gomez282@example.com,+1-740-843-5126,2023-05-08 20:27:38,Mexico,South,Home Office
CUST-003480,Mateo,Martin,mateo.martin16@example.com,+1-907-630-3829,2022-03-11 17:43:53,Uk,East,Corporate
CUST-003481,Camila,Thomas,camila.thomas313@example.com,+1-385-808-6822,2022-09-12 09:17:14,Mexico,Central,Corporate
CUST-003482,Diego,White,diego.white301@example.com,+1-341-286-8798,2023-11-06 12:52:43,Spain,West,Consumer
CUST-003483,Marta,Brown,marta.brown8@example.com,+1-212-314-7797,2024-10-22 02:26:00,Germany,West,Consumer
CUST-003484,Pedro,Martin,pedro.martin714@example.com,+1-969-526-4016,2023-08-06 08:31:41,Mexico,North,Corporate
CUST-003485,Emma,Thompson,emma.thompson844@example.com,+1-366-632-5562,2023-04-12 18:43:41,Uk,West,Corporate
CUST-003486,Luis,Smith,luis.smith456@example.com,+1-213-676-2694,2022-07-05 04:34:02,Germany,Central,Consumer
CUST-003487,Marta,Martin,marta.martin975@example.com,+1-276-955-4922,2024-04-09 01:29:27,Spain,East,Home Office
CUST-003488,Camila,Anderson,camila.anderson93@example.com,+1-915-495-3846,2023-08-01 22:46:27,Germany,South,Consumer
CUST-003489,James,Martinez,james.martinez656@example.com,+1-418-694-3768,2023-02-18 19:28:27,Spain,West,Corporate
CUST-003490,Lucia,Lee,lucia.lee676@example.com,+1-413-249-3269,2022-09-13 15:05:36,Mexico,West,Consumer
CUST-003491,Olivia,Lee,olivia.lee848@example.com,+1-284-549-9481,2022-07-16 20:24:08,Canada,North,Corporate
CUST-003492,Olivia,Smith,olivia.smith810@example.com,+1-808-484-2195,2024-12-04 00:04:25,Brazil,Central,Consumer
CUST-003493,Diego,Lopez,diego.lopez308@example.com,+1-610-463-5171,2022-06-05 13:54:06,Germany,North,Home Office
CUST-003494,Camila,Perez,camila.perez62@example.com,+1-976-790-8495,2023-05-09 13:13:30,Spain,East,Consumer
CUST-003495,Pedro,Lee,pedro.lee983@example.com,+1-949-988-9457,2023-03-12 19:54:06,Spain,East,Home Office
CUST-003496,Carlos,Rodriguez,carlos.rodriguez739@example.com,+1-885-694-5790,2024-10-14 20:22:23,Germany,West,Consumer
CUST-003497,Luis,Lee,luis.lee648@example.com,+1-350-548-4969,2022-09-05 06:17:00,Mexico,North,Consumer
CUST-003498,Sebastian,Gomez,sebastian.gomez774@example.com,+1-369-615-8914,2022-12-01 20:49:00,Uk,North,Corporate
CUST-003499,Lucia, Jackson  ,lucia.jackson152@example.com,+1-754-640-6907,2022-02-09 07:24:02,Uk,South,Corporate
CUST-003500,James,Martin,james.martin420@example.com,+1-514-612-9677,2022-05-10 04:51:50,Usa,North,Corporate
CUST-003501,Emma,Lee,emma.lee852@example.com,+1-975-967-1346,2022-01-20 16:16:31,Usa,South,Consumer
CUST-003502,Luis,Perez,luis.perez770@example.com,,2024-11-14 21:07:07,Canada,South,Consumer
CUST-003503,Luis,White,,+1-479-716-5445,2024-11-20 21:37:19,Canada,West,Consumer
CUST-003504,Pedro,Thompson,pedro.thompson886@example.com,+1-619-900-3883,2024-06-20 22:24:59,Brazil,East,Consumer
CUST-003505,Mateo,Anderson,mateo.anderson832@example.com,+1-548-604-6188,2023-07-05 16:04:46,Canada,West,Consumer
CUST-003506,James,Wilson,james.wilson792@example.com,+1-812-722-3624,2022-07-03 18:16:57,Usa,West,Home Office
CUST-003507,Laura,Lee,laura.lee592@example.com,+1-558-203-1661,2024-09-03 07:03:25,Mexico,East,Corporate
CUST-003508,Sofia,Smith,sofia.smith448@example.com,+1-383-606-4698,2023-01-16 02:07:27,Canada,South,Corporate
CUST-003509,Lucia,Wilson,lucia.wilson176@example.com,+1-580-653-4648,2023-12-09 08:47:36,Usa,Central,Home Office
CUST-003510,Luis,Martin,luis.martin795@example.com,+1-978-240-7243,2023-06-13 08:16:06,Mexico,North,Consumer
CUST-003511,Marta,Martinez,marta.martinez279@example.com,+1-676-609-8841,2022-11-01 13:24:07,Usa,South,Consumer
CUST-003512,Sebastian,Davis,sebastian.davis779@example.com,+1-848-788-1405,2024-09-14 02:15:06,Germany,East,Corporate
CUST-003513,Emma,Moore,emma.moore615@example.com,+1-413-398-3228,2024-04-15 17:56:01,Brazil,South,Consumer
CUST-003514,Laura,Martinez,laura.martinez546@example.com,+1-563-913-7557,2022-11-03 05:48:05,Spain,Central,Consumer
CUST-003515,Sofia,Rodriguez,sofia.rodriguez691@example.com,+1-380-390-6521,2024-10-15 21:06:26,Canada,North,Consumer
CUST-003516,David,Lee,david.lee8@example.com,+1-756-909-6114,2022-04-19 05:11:27,Germany,South,Consumer
CUST-003517,Luis,Davis,luis.davis12@example.com,+1-473-402-4130,2024-07-01 08:29:28,Spain,South,Corporate
CUST-003518,Sebastian,Perez,sebastian.perez547@example.com,+1-487-575-7531,2023-03-08 23:06:20,Spain,North,Consumer
CUST-003519,Mateo,Thompson,mateo.thompson276@example.com,+1-675-424-8207,2022-01-26 03:40:41,Uk,Central,Corporate
CUST-003520,James,Lopez,james.lopez973@example.com,+1-631-785-7318,2024-09-04 19:40:25,Usa,West,Consumer
CUST-003521,James,Anderson,james.anderson746@example.com,+1-907-347-2570,2023-09-12 13:23:08,Brazil,Central,Corporate
CUST-003522,Olivia,Harris,olivia.harris446@example.com,+1-496-230-6295,2022-11-19 07:30:34,Germany,South,Corporate
CUST-003523,Olivia,Davis,olivia.davis535@example.com,+1-742-571-4345,2024-05-27 09:34:41,Germany,South,Consumer
CUST-003524,Sebastian,Davis,sebastian.davis227@example.com,+1-817-667-8679,2022-03-19 18:51:19,Spain,South,Corporate
CUST-003525,Maria,Taylor,maria.taylor244@example.com,+1-368-296-9352,2022-02-16 13:37:18,Spain,Central,Corporate
CUST-003526,Diego,Taylor,diego.taylor799@example.com,+1-282-897-1489,2024-01-14 04:39:06,Mexico,North,Consumer
CUST-003527,Diego,Perez,diego.perez654@example.com,+1-887-985-1603,2024-04-09 14:40:57,Germany,West,Consumer
CUST-003528,Pedro,Lee,pedro.lee483@example.com,+1-295-504-9714,2024-05-05 15:36:12,Canada,South,Consumer
CUST-003529,James,Harris,james.harris912@example.com,+1-948-200-4786,2022-07-02 19:12:51,Mexico,South,Consumer
CUST-003530,Mateo,Moore,mateo.moore157@example.com,+1-305-533-6774,2022-12-12 20:36:24,Spain,West,Consumer
CUST-003531,Olivia,Anderson,olivia.anderson587@example.com,+1-892-624-4733,2023-02-26 21:43:13,Uk,East,Corporate
CUST-003532,Andres,Anderson,andres.anderson206@example.com,+1-769-776-6699,2022-01-15 11:39:53,Spain,East,Consumer
CUST-003533,Diego,Taylor,diego.taylor77@example.com,+1-681-259-9413,2023-02-11 17:51:43,Canada,North,Consumer
CUST-003534,Maria,Gomez,maria.gomez754@example.com,+1-678-408-7228,2022-10-27 13:41:28,Canada,South,Consumer
CUST-003535,Lucia,Martin,lucia.martin738@example.com,+1-921-390-3785,2023-02-24 07:26:44,Mexico,Central,Consumer
CUST-003536,Camila,Davis,camila.davis437@example.com,+1-883-600-1083,2022-05-14 03:29:47,Uk,North,Consumer
CUST-003537,Ana,Anderson,ana.anderson442@example.com,+1-605-937-1375,2024-11-29 16:06:21,Canada,South,Consumer
CUST-003538,Pedro,Martin,pedro.martin681@example.com,+1-680-726-6855,2023-02-09 22:21:23,Mexico,East,Consumer
CUST-003539,Diego,Smith,diego.smith614@example.com,+1-402-707-2584,2022-02-17 15:06:13,Mexico,East,Corporate
CUST-003540,Sebastian,Lopez,,+1-558-969-9041,2022-01-30 08:59:24,Germany,East,Consumer
CUST-003541,Camila,Anderson,camila.anderson937@example.com,+1-705-418-4830,2023-06-07 19:38:41,Brazil,Central,Home Office
CUST-003542,Marta,Martinez,marta.martinez967@example.com,+1-786-230-6435,2024-10-23 14:09:45,Brazil,East,Home Office
CUST-003543,Maria,Thompson,maria.thompson454@example.com,+1-755-510-8362,2023-01-27 16:06:44,Usa,Central,Consumer
CUST-003544,Sebastian,Perez,sebastian.perez456@example.com,+1-480-451-5325,2023-04-30 12:54:59,Usa,Central,Corporate
CUST-003545,Valentina,Thomas,valentina.thomas516@example.com,+1-241-604-3584,2023-03-15 11:46:24,Usa,South,Consumer
CUST-003546,Valentina,White,valentina.white288@example.com,+1-602-822-3709,2024-03-09 09:39:22,Canada,East,Corporate
CUST-003547,David,Taylor,david.taylor542@example.com,+1-615-809-6406,2023-05-30 06:26:14,Usa,South,Corporate
CUST-003548,James,Moore,james.moore843@example.com,+1-440-716-8403,2022-03-07 02:18:42,Usa,Central,Consumer
CUST-003549,Emma, Thomas  ,emma.thomas430@example.com,+1-836-497-7254,2023-09-28 15:33:09,Usa,East,Consumer
CUST-003550,Luis,Davis,luis.davis413@example.com,+1-465-651-5525,2024-09-03 16:43:54,Brazil,Central,Consumer
CUST-003551,Maria,Jackson,maria.jackson191@example.com,+1-381-318-6538,2022-06-16 01:36:43,Spain,South,Corporate
CUST-003552,Lucia,Thomas,lucia.thomas565@example.com,+1-618-927-9236,2023-12-21 02:33:12,Germany,Central,Home Office
CUST-003553,Luis,Smith,luis.smith126@example.com,+1-521-733-4630,2023-09-12 07:49:21,Canada,East,Consumer
CUST-003554,Sebastian,Jackson,sebastian.jackson2@example.com,+1-302-428-9447,2024-04-01 11:25:29,Mexico,North,Corporate
CUST-003555,Ana,Brown,ana.brown805@example.com,+1-693-397-9497,2023-11-25 00:25:15,Usa,North,Consumer
CUST-003556,Pedro,Taylor,pedro.taylor97@example.com,+1-754-294-7140,2024-08-11 20:21:00,Usa,West,Corporate
CUST-003557,Maria,Harris,maria.harris623@example.com,+1-781-989-2899,2023-08-28 06:54:23,Brazil,East,Consumer
CUST-003558,James,Thomas,james.thomas590@example.com,+1-297-887-4647,2022-09-05 20:59:08,Brazil,Central,Consumer
CUST-003559,Valentina,Jackson,valentina.jackson79@example.com,+1-694-207-9786,2024-10-05 00:25:03,Germany,East,Corporate
CUST-003560,Sofia,Harris,sofia.harris725@example.com,+1-366-969-6990,2023-02-22 00:37:43,Brazil,North,Corporate
CUST-003561,Maria,Martinez,maria.martinez213@example.com,+1-343-276-4190,2023-03-27 10:10:27,Uk,East,Consumer
CUST-003562,Sofia,Smith,sofia.smith43@example.com,+1-881-253-4493,2023-06-28 17:24:12,Spain,North,Home Office
CUST-003563,Mateo,Lee,mateo.lee535@example.com,+1-769-557-7313,,Germany,West,Consumer
CUST-003564,Ana,Moore,ana.moore109@example.com,+1-269-907-3970,2024-03-29 15:05:31,Spain,South,Corporate
CUST-003565,David,Smith,david.smith607@example.com,+1-579-275-8034,2024-03-06 11:34:41,Brazil,North,Consumer
CUST-003566,John,Thompson,john.thompson50@example.com,+1-858-264-9880,2024-06-02 02:58:50,Usa,South,Home Office
CUST-003567,David,Harris,david.harris201@example.com,+1-260-386-6317,2023-03-30 13:00:15,Uk,Central,Corporate
CUST-003568,Camila,Martinez,camila.martinez440@example.com,+1-354-426-2884,2022-05-02 10:21:28,Spain,East,Corporate
CUST-003569,Sebastian,Perez,sebastian.perez867@example.com,+1-220-796-7339,2022-08-04 23:03:23,Usa,Central,Corporate
CUST-003570,Sebastian,Smith,sebastian.smith368@example.com,+1-231-552-3675,2023-08-14 03:14:32,Usa,South,Corporate
CUST-003571,Emma,Jackson,emma.jackson532@example.com,+1-325-614-5490,2022-01-13 03:45:29,Germany,Central,Corporate
CUST-003572,Laura,Wilson,laura.wilson860@example.com,+1-243-754-2234,2024-04-13 22:15:09,Brazil,North,Consumer
CUST-003573,Sebastian,Rodriguez,sebastian.rodriguez436@example.com,,2023-07-14 10:12:44,Uk,East,Consumer
CUST-003574,Lucia,Gomez,lucia.gomez849@example.com,+1-713-235-7782,2023-11-12 04:47:42,Germany,West,Consumer
CUST-003575,Lucia,Jackson,lucia.jackson701@example.com,+1-833-852-9951,2023-03-28 12:41:03,Uk,North,Consumer
CUST-003576,Sofia,Harris,sofia.harris81@example.com,+1-512-346-1263,2023-07-16 10:34:17,Uk,East,Consumer
CUST-003577,Olivia,Jackson,olivia.jackson324@example.com,+1-395-890-9743,2023-01-02 10:28:23,Brazil,West,Corporate
CUST-003578,Andres,Garcia,andres.garcia200@example.com,+1-245-298-7401,2023-12-09 10:24:06,Brazil,South,Consumer
CUST-003579,Lucia,Lopez,lucia.lopez301@example.com,+1-888-929-7149,2024-08-19 18:53:13,Mexico,Central,Home Office
CUST-003580,Sofia,Moore,sofia.moore624@example.com,+1-656-597-2389,2022-09-23 04:24:14,Spain,West,Consumer
CUST-003581,Sebastian,Moore,sebastian.moore9@example.com,+1-986-394-6053,2024-06-10 21:43:39,Uk,South,Consumer
CUST-003582,Lucia, Thompson  ,lucia.thompson495@example.com,+1-866-247-3046,2024-04-25 14:24:42,Mexico,West,Consumer
CUST-003583,Mateo,Lee,mateo.lee46@example.com,+1-361-264-6962,2023-08-28 18:06:14,Canada,South,Consumer
CUST-003584,Sofia,Thomas,sofia.thomas281@example.com,+1-383-407-6573,2022-10-31 05:30:40,Mexico,West,Corporate
CUST-003585,Ana,Perez,ana.perez764@example.com,+1-735-834-6061,2023-10-20 21:51:09,Brazil,North,Consumer
CUST-003586,John,Taylor,john.taylor348@example.com,+1-991-353-1135,2022-04-26 22:47:22,Mexico,South,Consumer
CUST-003587,Maria,Davis,maria.davis528@example.com,+1-478-580-7778,2022-09-01 00:36:23,Mexico,Central,Home Office
CUST-003588,Andres,Rodriguez,andres.rodriguez680@example.com,+1-352-448-3448,2023-08-14 04:37:09,Germany,North,Consumer
CUST-003589,Maria,Martinez,maria.martinez939@example.com,+1-464-962-4706,2023-07-09 03:58:07,Spain,East,Home Office
CUST-003590,Maria, Wilson  ,maria.wilson827@example.com,+1-751-697-9388,2022-03-05 08:05:56,Mexico,South,Corporate
CUST-003591,Olivia,Lee,olivia.lee706@example.com,+1-511-246-3434,2022-11-06 03:31:10,Usa,West,Home Office
CUST-003592,Sofia,Rodriguez,sofia.rodriguez223@example.com,+1-703-837-9471,2022-07-09 02:56:31,Uk,North,Corporate
CUST-003593,Luis,White,luis.white155@example.com,+1-518-366-7691,2024-02-24 12:31:03,Brazil,Central,Corporate
CUST-003594,Diego,Davis,diego.davis371@example.com,,2023-11-12 10:16:33,Spain,East,Home Office
CUST-003595,Diego,Davis,diego.davis515@example.com,+1-735-745-3354,2023-09-08 07:06:54,Germany,West,Corporate
CUST-003596,Sofia,Thomas,sofia.thomas303@example.com,+1-965-390-3101,2023-09-29 23:16:46,Mexico,South,Consumer
CUST-003597,Maria,Martin,maria.martin696@example.com,+1-770-975-4056,2024-12-14 20:09:13,Usa,East,Consumer
CUST-003598,David,Wilson,david.wilson375@example.com,+1-435-767-9638,2023-11-20 06:47:49,Uk,West,Consumer
CUST-003599,Laura,Martin,laura.martin485@example.com,+1-645-588-7207,2024-03-23 01:36:41,Uk,South,Consumer
CUST-003600,Mateo,Anderson,mateo.anderson724@example.com,+1-913-712-8319,2023-10-20 02:52:38,Germany,South,Consumer
CUST-003601,Mateo,Thomas,mateo.thomas74@example.com,+1-900-420-7390,2023-03-02 20:13:23,Mexico,Central,Consumer
CUST-003602,James,Martinez,james.martinez132@example.com,+1-297-872-1564,2024-03-22 17:30:14,Spain,East,Corporate
CUST-003603,Maria,Wilson,maria.wilson226@example.com,+1-203-850-2995,2023-06-24 00:33:15,Spain,West,Consumer
CUST-003604,Pedro,Taylor,pedro.taylor606@example.com,+1-811-591-6011,2022-10-19 12:50:06,Germany,West,Consumer
CUST-003605,Emma,Davis,emma.davis610@example.com,+1-827-690-2584,2022-05-22 04:27:33,Germany,East,Consumer
CUST-003606,David,Wilson,david.wilson169@example.com,+1-837-642-8657,2024-07-12 01:02:14,Usa,North,Corporate
CUST-003607,Emma,Anderson,emma.anderson302@example.com,+1-508-814-9131,2023-04-09 13:15:49,Germany,Central,Corporate
CUST-003608,Sebastian,Jackson,sebastian.jackson752@example.com,+1-743-736-9299,2022-05-21 03:21:40,Spain,West,Consumer
CUST-003609,Luis,Martinez,,+1-786-804-3514,2022-08-25 18:10:23,Uk,East,Consumer
CUST-003610,Diego,Rodriguez,diego.rodriguez131@example.com,+1-702-495-1737,2024-11-20 07:40:11,Canada,North,Consumer
CUST-003611,Carlos,Rodriguez,carlos.rodriguez271@example.com,+1-770-241-8192,2023-10-21 00:30:06,Mexico,West,Consumer
CUST-003612,John,Anderson,john.anderson224@example.com,+1-605-768-8591,2024-12-11 11:16:26,Brazil,West,Corporate
CUST-003613,Mateo,Wilson,mateo.wilson471@example.com,+1-218-426-7597,2022-01-14 14:01:02,Brazil,East,Consumer
CUST-003614,Ana,Martin,ana.martin986@example.com,+1-934-342-3655,2024-02-13 20:00:40,Spain,South,Consumer
CUST-003615,Carlos,Thompson,carlos.thompson124@example.com,+1-794-417-9248,2022-09-18 15:07:19,Spain,Central,Consumer
CUST-003616,Sebastian,Wilson,sebastian.wilson137@example.com,+1-636-467-4530,2024-06-20 21:47:52,Canada,South,Home Office
CUST-003617,Pedro,Taylor,pedro.taylor584@example.com,+1-370-878-1601,2024-06-01 14:38:49,Brazil,West,Consumer
CUST-003618,Laura,Thompson,laura.thompson238@example.com,+1-296-386-4315,2023-12-23 09:11:19,Germany,East,Consumer
CUST-003619,Marta,Perez,marta.perez593@example.com,+1-775-293-2842,2023-07-22 18:57:49,Germany,East,Home Office
CUST-003620,Diego,Taylor,diego.taylor158@example.com,+1-467-385-2939,2022-07-20 01:03:32,Spain,West,Corporate
CUST-003621,Olivia,Thompson,olivia.thompson486@example.com,+1-975-924-1310,2022-06-30 11:10:29,Uk,South,Corporate
CUST-003622,Laura,Perez,laura.perez86@example.com,+1-905-620-6538,2022-07-14 21:05:41,Mexico,East,Corporate
CUST-003623,Sebastian,Taylor,sebastian.taylor171@example.com,+1-275-837-5042,2023-06-13 18:11:28,Uk,South,Home Office
CUST-003624,Emma,Jackson,emma.jackson932@example.com,+1-905-603-6512,2023-02-01 20:58:43,Brazil,South,Consumer
CUST-003625,Olivia,Jackson,olivia.jackson505@example.com,+1-687-699-6998,2024-11-30 20:40:43,Canada,East,Corporate
CUST-003626,Diego,Garcia,diego.garcia854@example.com,+1-994-516-2463,2023-03-04 17:40:38,Mexico,Central,Consumer
CUST-003627,James,Rodriguez,james.rodriguez983@example.com,+1-760-868-9919,2022-02-18 10:50:30,Canada,West,Corporate
CUST-003628,Sofia,Davis,sofia.davis623@example.com,+1-821-213-9028,2023-02-15 14:47:00,Usa,East,Home Office
CUST-003629,Luis,Lopez,luis.lopez84@example.com,+1-429-824-2741,2022-06-03 12:10:18,Mexico,Central,Home Office
CUST-003630,Pedro,Anderson,pedro.anderson768@example.com,+1-403-622-5114,2023-01-11 18:10:56,Uk,South,Corporate
CUST-003631,Laura,White,laura.white90@example.com,+1-202-943-9594,2022-01-27 14:20:13,Usa,West,Corporate
CUST-003632,Laura,Martin,,+1-843-874-2467,2022-02-07 12:28:28,Brazil,South,Consumer
CUST-003633,Ana,Moore,ana.moore628@example.com,+1-786-590-8565,2024-07-19 08:24:59,Brazil,West,Consumer
CUST-003634,Luis,White,luis.white122@example.com,+1-246-385-4173,2024-03-18 16:40:40,Canada,West,Consumer
CUST-003635,Carlos,Smith,carlos.smith522@example.com,+1-596-781-8189,2024-01-16 05:45:39,Mexico,East,Corporate
CUST-003636,Mateo,Lopez,mateo.lopez371@example.com,+1-898-654-4202,2024-01-16 05:42:52,Spain,Unknown,Consumer
CUST-003637,John,Lopez,john.lopez316@example.com,+1-894-833-2570,2023-11-19 16:59:10,Germany,West,Consumer
CUST-003638,Carlos,Jackson,carlos.jackson837@example.com,+1-800-634-9322,2022-01-10 12:23:27,Brazil,Central,Consumer
CUST-003639,Sebastian,Thompson,sebastian.thompson773@example.com,+1-264-235-9581,2024-05-10 12:29:20,Germany,Central,Consumer
CUST-003640,James,Perez,,+1-690-805-5806,2024-02-15 07:44:17,Germany,South,Home Office
CUST-003641,Diego,Wilson,diego.wilson905@example.com,+1-708-252-3756,2023-07-11 13:55:58,Canada,South,Consumer
CUST-003642,Mateo,Jackson,mateo.jackson609@example.com,+1-603-470-6485,2023-12-20 18:52:07,Brazil,West,Consumer
CUST-003643,Laura,White,laura.white996@example.com,+1-653-962-2282,2023-06-27 12:42:07,Mexico,South,Consumer
CUST-003644,Olivia,Wilson,,+1-236-934-3125,2023-10-17 09:13:05,Usa,East,Consumer
CUST-003645,Mateo,Brown,mateo.brown573@example.com,+1-942-479-9588,2022-01-12 22:15:03,Brazil,East,Home Office
CUST-003646,Andres,Wilson,andres.wilson899@example.com,+1-227-442-8224,2023-11-13 12:43:16,Mexico,Central,Home Office
CUST-003647,Luis,Lee,luis.lee8@example.com,+1-583-435-9717,2024-12-11 07:51:40,Canada,Central,Consumer
CUST-003648,Lucia,White,lucia.white192@example.com,+1-938-821-2980,2023-01-22 09:01:03,Brazil,Central,Consumer
CUST-003649,Valentina,Smith,valentina.smith831@example.com,+1-999-229-8777,2023-07-21 08:03:40,Brazil,South,Consumer
CUST-003650,Laura,Garcia,laura.garcia2@example.com,+1-939-595-4578,2023-12-22 06:25:57,Spain,East,Corporate
CUST-003651,Marta,Lopez,marta.lopez822@example.com,+1-955-344-7678,2022-04-04 13:08:32,Uk,South,Home Office
CUST-003652,Olivia,White,olivia.white211@example.com,+1-406-498-7464,2024-06-03 17:00:47,Mexico,West,Consumer
CUST-003653,Lucia,Jackson,lucia.jackson254@example.com,+1-423-339-8957,2022-03-18 07:09:24,Spain,Central,Corporate
CUST-003654,Laura,Lopez,laura.lopez609@example.com,+1-350-254-5647,2023-11-19 02:32:30,Usa,North,Consumer
CUST-003655,Mateo,Jackson,mateo.jackson495@example.com,+1-746-312-6372,2022-04-02 04:11:11,Brazil,East,Home Office
CUST-003656,Laura,White,laura.white488@example.com,+1-779-849-8689,2024-08-03 07:21:40,Uk,South,Home Office
CUST-003657,Ana,Jackson,ana.jackson270@example.com,+1-457-420-6266,2022-06-28 16:16:53,Spain,East,Consumer
CUST-003658,Mateo,Perez,mateo.perez876@example.com,+1-549-223-6635,2023-03-07 23:21:00,Germany,South,Consumer
CUST-003659,Carlos, Martin  ,carlos.martin744@example.com,+1-613-740-8706,2022-03-01 12:09:53,Brazil,West,Consumer
CUST-003660,Maria,Thompson,maria.thompson965@example.com,+1-363-814-3987,2022-09-03 08:42:26,Germany,West,Home Office
CUST-003661,Emma,White,emma.white131@example.com,,2022-08-13 09:13:53,Mexico,Central,Corporate
CUST-003662,Valentina,Anderson,valentina.anderson717@example.com,+1-954-412-5070,2022-07-29 18:08:23,Brazil,Central,Consumer
CUST-003663,Marta,Perez,marta.perez502@example.com,+1-792-267-1735,2022-01-24 22:51:49,Spain,West,Corporate
CUST-003664,James,Lopez,james.lopez839@example.com,+1-637-473-1668,2022-03-03 18:03:26,Usa,West,Consumer
CUST-003665,Sebastian,Anderson,sebastian.anderson544@example.com,+1-948-475-9393,2024-06-22 07:08:46,Spain,North,Consumer
CUST-003666,Valentina,Taylor,valentina.taylor219@example.com,+1-643-536-5665,2024-08-05 00:15:48,Spain,East,Home Office
CUST-003667,Andres,Martinez,andres.martinez190@example.com,+1-726-259-1162,2024-09-08 06:53:11,Usa,West,Consumer
CUST-003668,Valentina,Rodriguez,valentina.rodriguez823@example.com,,2024-03-09 15:35:01,Brazil,Central,Consumer
CUST-003669,Andres,Perez,andres.perez971@example.com,+1-467-473-1682,2023-07-01 20:03:17,Uk,Unknown,Home Office
CUST-003670,Camila,Davis,,+1-390-840-1551,2022-02-19 16:47:26,Germany,East,Consumer
CUST-003671,Marta,Martinez,marta.martinez635@example.com,+1-839-999-1886,2024-05-16 04:31:18,Germany,East,Consumer
CUST-003672,Luis,Martinez,luis.martinez391@example.com,+1-400-424-1349,2024-04-03 21:51:35,Spain,South,Home Office
CUST-003673,James,Moore,james.moore272@example.com,+1-203-450-1480,2023-12-24 16:01:33,Uk,Central,Consumer
CUST-003674,James,Wilson,james.wilson824@example.com,+1-384-899-8584,2022-05-04 07:35:25,Canada,North,Consumer
CUST-003675,Andres,Taylor,andres.taylor96@example.com,+1-771-534-1071,2023-03-17 00:48:02,Mexico,South,Consumer
CUST-003676,Sebastian,Martinez,sebastian.martinez777@example.com,+1-909-593-9473,2022-03-21 04:35:56,Spain,North,Consumer
CUST-003677,John,Smith,john.smith932@example.com,+1-257-554-5871,2023-05-02 19:19:18,Mexico,West,Consumer
CUST-003678,Valentina,Taylor,valentina.taylor775@example.com,+1-697-814-8324,2024-06-27 07:26:53,Uk,Central,Home Office
CUST-003679,Sofia,Wilson,sofia.wilson654@example.com,+1-896-535-4878,2023-11-06 19:09:38,Spain,North,Consumer
CUST-003680,Maria,Thompson,maria.thompson498@example.com,+1-348-894-4076,2022-11-18 18:45:30,Spain,South,Consumer
CUST-003681,Laura,Martinez,laura.martinez889@example.com,+1-300-716-6624,2023-12-29 06:43:24,Spain,East,Consumer
CUST-003682,Olivia,Jackson,olivia.jackson803@example.com,+1-738-877-2298,2024-12-17 12:15:11,Mexico,Central,Consumer
CUST-003683,Luis,Perez,luis.perez589@example.com,+1-633-945-6379,2022-09-11 11:02:38,Mexico,Central,Consumer
CUST-003684,John,Thomas,john.thomas845@example.com,+1-925-980-5819,2022-01-31 18:39:34,Uk,East,Consumer
CUST-003685,John,Thomas,john.thomas523@example.com,+1-785-339-5182,2022-03-04 10:29:22,Brazil,East,Consumer
CUST-003686,Marta,Gomez,marta.gomez956@example.com,+1-622-809-6916,2024-06-27 12:37:18,Spain,East,Corporate
CUST-003687,Emma,Taylor,emma.taylor521@example.com,+1-723-279-2015,2023-11-13 18:29:16,Spain,South,Corporate
CUST-003688,Olivia,Martin,olivia.martin308@example.com,+1-657-986-8405,2023-11-07 22:50:58,Brazil,West,Consumer
CUST-003689,Camila,Brown,camila.brown291@example.com,+1-925-320-3067,2024-01-28 07:53:39,Uk,West,Consumer
CUST-003690,Pedro,White,pedro.white495@example.com,+1-810-681-1631,2023-05-24 00:37:11,Brazil,North,Corporate
CUST-003691,Marta,Taylor,marta.taylor561@example.com,+1-517-782-7816,2023-08-06 16:48:54,Mexico,North,Consumer
CUST-003692,Sofia,Davis,sofia.davis808@example.com,+1-631-874-9004,2023-11-30 04:16:29,Canada,East,Consumer
CUST-003693,David,Thomas,david.thomas953@example.com,+1-372-995-8379,2022-03-03 15:41:22,Brazil,East,Corporate
CUST-003694,Ana,Moore,ana.moore127@example.com,+1-358-994-3507,2023-09-09 17:52:12,Canada,West,Consumer
CUST-003695,Emma,Garcia,emma.garcia837@example.com,+1-576-315-4308,2023-08-03 10:03:35,Usa,West,Home Office
CUST-003696,Luis,Smith,luis.smith290@example.com,,2023-11-26 10:33:03,Mexico,East,Corporate
CUST-003697,Marta,Taylor,marta.taylor821@example.com,+1-391-325-7946,2024-06-10 20:19:30,Germany,South,Consumer
CUST-003698,Mateo,Jackson,mateo.jackson522@example.com,+1-255-773-6834,2024-04-29 00:16:59,Mexico,Central,Consumer
CUST-003699,Valentina,Jackson,valentina.jackson301@example.com,+1-405-281-8760,2022-04-15 03:13:58,Mexico,East,Corporate
CUST-003700,Sebastian,Thomas,sebastian.thomas96@example.com,+1-840-935-8484,2022-11-21 21:13:44,Canada,South,Consumer
CUST-003701,Lucia,Smith,lucia.smith892@example.com,+1-270-884-7885,2023-05-12 01:18:44,Uk,Central,Home Office
CUST-003702,Valentina,Perez,,+1-895-225-2441,2023-12-19 01:12:59,Mexico,East,Corporate
CUST-003703,Sebastian,Davis,sebastian.davis96@example.com,+1-310-578-4352,2022-06-10 06:18:23,Usa,South,Consumer
CUST-003704,Luis,Smith,luis.smith703@example.com,+1-894-951-4888,2023-01-24 07:54:20,Uk,West,Consumer
CUST-003705,Camila,Smith,camila.smith932@example.com,,2023-01-14 19:46:57,Uk,West,Consumer
CUST-003706,Maria,Thompson,maria.thompson630@example.com,+1-416-740-5868,2024-12-26 10:18:56,Brazil,Central,Consumer
CUST-003707,Diego,Martin,diego.martin414@example.com,+1-454-965-5472,2024-06-04 04:55:09,Germany,North,Consumer
CUST-003708,Pedro,Perez,pedro.perez191@example.com,+1-501-390-7631,2022-07-09 15:50:11,Mexico,West,Consumer
CUST-003709,Diego,Anderson,diego.anderson869@example.com,+1-230-463-8587,2023-07-17 23:36:06,Uk,South,Corporate
CUST-003710,Carlos,Lee,carlos.lee417@example.com,+1-445-652-6361,2024-06-08 18:52:12,Usa,Central,Consumer
CUST-003711,Pedro,Wilson,pedro.wilson319@example.com,+1-597-739-8305,2022-12-12 03:12:55,Mexico,East,Consumer
CUST-003712,Andres,Davis,andres.davis256@example.com,,2023-11-17 15:54:59,Brazil,East,Corporate
CUST-003713,Emma,Harris,emma.harris11@example.com,+1-356-841-7207,2023-07-26 21:14:19,Spain,North,Corporate
CUST-003714,Camila,Moore,camila.moore785@example.com,+1-803-597-7397,2023-07-04 15:13:47,Germany,Central,Consumer
CUST-003715,John,Thompson,john.thompson860@example.com,+1-342-790-3390,2023-01-08 08:50:49,Germany,South,Consumer
CUST-003716,Sebastian,Lee,sebastian.lee191@example.com,+1-253-431-8662,2022-10-09 07:33:55,Canada,West,Corporate
CUST-003717,Laura,Smith,laura.smith692@example.com,+1-929-265-4338,2024-03-03 18:44:20,Brazil,West,Home Office
CUST-003718,Valentina,Thomas,valentina.thomas514@example.com,+1-450-252-5349,2024-10-12 12:00:14,Mexico,Central,Consumer
CUST-003719,Marta,Martin,marta.martin668@example.com,+1-882-580-8542,2024-03-28 18:17:32,Brazil,Central,Corporate
CUST-003720,Luis,Taylor,luis.taylor69@example.com,+1-952-334-7481,2023-11-22 23:11:59,Germany,West,Corporate
CUST-003721,Laura,Wilson,laura.wilson220@example.com,+1-624-429-3713,2023-06-25 16:59:56,Usa,East,Consumer
CUST-003722,Laura,Jackson,laura.jackson198@example.com,+1-457-459-3909,2023-12-29 01:32:25,Usa,East,Consumer
CUST-003723,Valentina,Jackson,valentina.jackson257@example.com,+1-666-932-2634,2024-06-26 13:25:20,Canada,North,Consumer
CUST-003724,Maria,White,maria.white586@example.com,+1-740-555-1355,2022-07-09 12:23:27,Brazil,East,Corporate
CUST-003725,David,Rodriguez,david.rodriguez901@example.com,+1-760-527-1813,2023-10-11 19:47:07,Usa,East,Home Office
CUST-003726,Carlos,Brown,carlos.brown889@example.com,+1-687-633-7729,2024-10-22 07:27:25,Canada,West,Corporate
CUST-003727,Luis,Wilson,luis.wilson213@example.com,+1-409-761-2569,2022-09-21 00:03:24,Brazil,North,Home Office
CUST-003728,Valentina,Harris,valentina.harris755@example.com,+1-702-244-1625,2022-06-08 13:14:21,Canada,South,Corporate
CUST-003729,Valentina,Wilson,valentina.wilson471@example.com,+1-870-997-5841,2023-12-17 21:07:51,Spain,West,Consumer
CUST-003730,Andres,Gomez,andres.gomez868@example.com,+1-335-684-1310,2023-11-15 06:33:37,Mexico,Central,Corporate
CUST-003731,John,Lopez,john.lopez221@example.com,+1-524-715-4174,2023-08-17 01:37:45,Mexico,North,Corporate
CUST-003732,Mateo,Taylor,mateo.taylor227@example.com,+1-241-638-2258,2022-09-10 00:23:40,Uk,South,Home Office
CUST-003733,Sofia,Lopez,sofia.lopez563@example.com,+1-801-666-5710,,Spain,South,Corporate
CUST-003734,John,Anderson,john.anderson245@example.com,+1-358-244-5643,2024-07-04 08:57:01,Usa,Central,Consumer
CUST-003735,Pedro,Rodriguez,pedro.rodriguez184@example.com,+1-623-635-7737,2022-06-28 12:47:37,Brazil,North,Consumer
CUST-003736,Emma,Moore,emma.moore927@example.com,+1-623-564-6566,2022-06-27 18:34:31,Usa,West,Corporate
CUST-003737,Laura,Martin,laura.martin340@example.com,+1-546-353-7897,2023-10-30 16:38:07,Canada,North,Corporate
CUST-003738,Lucia,Lee,lucia.lee148@example.com,+1-665-941-6145,2022-04-28 04:06:16,Usa,North,Home Office
CUST-003739,James,Jackson,james.jackson43@example.com,+1-636-792-1044,2024-09-25 11:37:19,Brazil,North,Corporate
CUST-003740,Carlos,Garcia,carlos.garcia94@example.com,+1-592-664-4319,2024-12-06 06:33:42,Canada,East,Corporate
CUST-003741,Emma,White,emma.white779@example.com,+1-912-436-1273,2023-04-16 22:55:28,Spain,East,Consumer
CUST-003742,Pedro,White,pedro.white992@example.com,+1-283-628-6420,2023-10-17 17:13:27,Spain,North,Home Office
CUST-003743,Camila,Anderson,camila.anderson149@example.com,+1-310-923-9650,2023-01-21 08:16:19,Usa,South,Consumer
CUST-003744,Lucia, Wilson  ,lucia.wilson768@example.com,+1-741-542-6421,2024-04-24 04:01:06,Uk,North,Consumer
CUST-003745,Luis,Anderson,luis.anderson877@example.com,+1-993-868-2061,2022-05-21 11:45:35,Germany,East,Consumer
CUST-003746,Luis,Thomas,luis.thomas52@example.com,+1-821-426-4118,2022-07-21 10:21:21,Brazil,East,Corporate
CUST-003747,David,Jackson,david.jackson783@example.com,+1-443-206-6172,2023-02-20 17:32:55,Germany,East,Corporate
CUST-003748,Emma,Martin,emma.martin3@example.com,+1-791-753-5617,2022-04-19 04:21:05,Brazil,East,Consumer
CUST-003749,Olivia,Smith,olivia.smith99@example.com,+1-673-210-5416,2022-10-28 16:03:01,Usa,North,Corporate
CUST-003750,Marta,Harris,marta.harris566@example.com,+1-896-429-4476,2022-12-14 22:50:58,Spain,Central,Corporate
CUST-003751,Maria,Martin,maria.martin390@example.com,+1-741-311-8438,2024-02-06 13:47:02,Uk,West,Consumer
CUST-003752,James,Harris,james.harris506@example.com,+1-957-442-4915,2022-07-13 01:06:41,Spain,North,Home Office
CUST-003753,James,Taylor,james.taylor794@example.com,+1-587-821-9981,2022-06-21 06:53:19,Canada,North,Consumer
CUST-003754,Emma,Moore,emma.moore660@example.com,+1-711-228-9505,2023-08-12 21:55:26,Germany,East,Corporate
CUST-003755,Luis,Moore,luis.moore722@example.com,+1-934-844-5849,2023-12-19 12:55:23,Spain,South,Home Office
CUST-003756,Marta,White,,+1-577-678-1351,2023-02-19 18:06:43,Spain,West,Home Office
CUST-003757,Ana,White,ana.white402@example.com,+1-384-212-8683,2023-06-19 19:35:14,Germany,East,Consumer
CUST-003758,Carlos,Martin,carlos.martin595@example.com,,2022-08-15 00:56:56,Spain,South,Home Office
CUST-003759,Lucia,Garcia,lucia.garcia575@example.com,+1-646-724-1327,2022-09-06 04:16:46,Usa,Central,Home Office
CUST-003760,David,Jackson,david.jackson602@example.com,+1-864-269-5560,2022-01-07 20:49:03,Usa,Central,Consumer
CUST-003761,Olivia,Smith,olivia.smith894@example.com,+1-401-339-9185,2022-04-11 14:47:23,Germany,South,Consumer
CUST-003762,James,Perez,james.perez477@example.com,+1-702-707-1815,2024-08-03 03:04:52,Mexico,Central,Consumer
CUST-003763,Lucia, Perez  ,lucia.perez903@example.com,+1-302-307-6502,2022-09-23 15:32:21,Germany,Central,Home Office
CUST-003764,Pedro,Jackson,pedro.jackson988@example.com,+1-702-660-4314,2022-02-27 23:08:47,Mexico,Central,Consumer
CUST-003765,Camila,Lopez,camila.lopez153@example.com,,2022-12-09 07:27:04,Mexico,West,Consumer
CUST-003766,Camila,Martin,camila.martin749@example.com,+1-743-886-3862,2023-08-02 12:48:18,Usa,North,Consumer
CUST-003767,John,Jackson,john.jackson765@example.com,+1-472-939-9600,2024-08-14 15:08:54,Germany,West,Consumer
CUST-003768,Sebastian,Lopez,sebastian.lopez749@example.com,+1-315-701-9136,2022-09-25 09:32:39,Uk,West,Home Office
CUST-003769,Pedro, Lee  ,pedro.lee622@example.com,+1-444-582-6457,2024-07-12 23:50:00,Uk,East,Consumer
CUST-003770,David,Taylor,david.taylor619@example.com,+1-792-804-8695,2024-03-02 04:31:18,Canada,East,Consumer
CUST-003771,Luis,Garcia,luis.garcia64@example.com,+1-913-589-5164,2023-02-14 15:30:08,Germany,Central,Consumer
CUST-003772,Lucia,Lee,lucia.lee592@example.com,+1-291-782-7885,2022-08-18 21:18:32,Uk,South,Consumer
CUST-003773,David,Smith,david.smith643@example.com,+1-278-451-8837,2023-03-12 20:16:22,Canada,North,Consumer
CUST-003774,Lucia,Perez,lucia.perez528@example.com,+1-955-941-8822,2022-09-29 13:36:49,Canada,Unknown,Consumer
CUST-003775,Marta,Brown,marta.brown707@example.com,+1-375-254-3224,2024-05-17 21:46:50,Germany,East,Corporate
CUST-003776,Mateo,Wilson,mateo.wilson517@example.com,+1-326-316-4052,2024-09-10 20:20:07,Canada,West,Consumer
CUST-003777,Camila,Davis,camila.davis764@example.com,+1-577-325-8406,2023-08-18 08:24:05,Uk,South,Corporate
CUST-003778,Sofia,White,sofia.white85@example.com,+1-651-860-8538,2023-03-29 18:35:36,Brazil,East,Home Office
CUST-003779,Ana,Rodriguez,ana.rodriguez703@example.com,+1-938-649-7119,,Germany,North,Consumer
CUST-003780,Mateo,Lee,mateo.lee800@example.com,+1-776-280-8515,2024-09-15 10:56:47,Canada,North,Home Office
CUST-003781,Pedro,Davis,pedro.davis657@example.com,+1-526-411-6730,2023-09-11 09:00:58,Uk,North,Consumer
CUST-003782,Marta,Lee,marta.lee33@example.com,+1-801-344-8527,2023-12-22 05:44:59,Usa,Central,Consumer
CUST-003783,Luis,Davis,luis.davis606@example.com,+1-918-582-8384,2024-02-19 23:26:04,Mexico,West,Consumer
CUST-003784,Andres,Wilson,andres.wilson205@example.com,+1-790-302-7667,2023-02-08 19:30:33,Brazil,West,Home Office
CUST-003785,Valentina,Thompson,valentina.thompson333@example.com,+1-216-609-5460,2023-10-08 08:17:42,Spain,Central,Corporate
CUST-003786,Laura,Wilson,laura.wilson62@example.com,+1-934-269-1256,2022-08-06 10:55:00,Canada,West,Corporate
CUST-003787,Camila,Lee,camila.lee638@example.com,+1-397-557-5561,2023-06-18 21:16:56,Canada,North,Home Office
CUST-003788,Ana,Lopez,ana.lopez819@example.com,,2024-12-10 23:18:55,Uk,West,Corporate
CUST-003789,Andres,Lopez,andres.lopez983@example.com,+1-359-980-5020,2023-03-15 13:27:38,Brazil,East,Consumer
CUST-003790,Pedro,Perez,pedro.perez104@example.com,+1-291-532-9183,2022-06-08 01:22:06,Spain,South,Consumer
CUST-003791,James,Moore,james.moore659@example.com,+1-294-621-5690,2022-04-19 05:52:31,Brazil,South,Consumer
CUST-003792,Marta,Thomas,marta.thomas427@example.com,+1-366-203-3914,2023-08-05 04:29:39,Spain,South,Consumer
CUST-003793,Laura,Moore,laura.moore148@example.com,+1-879-455-5661,2022-12-14 00:08:39,Brazil,North,Corporate
CUST-003794,David, Anderson  ,david.anderson283@example.com,+1-594-592-2016,2023-04-15 22:43:38,Mexico,East,Consumer
CUST-003795,Luis,Smith,luis.smith52@example.com,+1-455-784-9609,2024-05-04 02:48:11,Usa,West,Consumer
CUST-003796,James,Lopez,james.lopez195@example.com,+1-545-336-2221,2024-03-12 09:27:27,Germany,North,Corporate
CUST-003797,Ana,Brown,ana.brown299@example.com,+1-848-309-8988,2022-12-05 12:18:16,Brazil,North,Consumer
CUST-003798,Luis,Harris,,+1-459-880-2407,2023-11-23 19:15:08,Germany,East,Consumer
CUST-003799,Emma,Davis,emma.davis446@example.com,+1-601-568-1202,2023-02-08 05:06:52,Uk,East,Home Office
CUST-003800,Andres,Garcia,andres.garcia927@example.com,+1-641-913-6234,2023-11-05 20:05:41,Usa,West,Corporate
CUST-003801,John,Taylor,john.taylor562@example.com,+1-374-779-1975,2024-08-27 11:59:08,Canada,East,Consumer
CUST-003802,Carlos,Garcia,carlos.garcia659@example.com,+1-902-305-5638,2022-08-26 05:49:35,Uk,Central,Home Office
CUST-003803,Laura,Perez,laura.perez298@example.com,+1-312-491-1112,2022-08-20 03:03:41,Canada,Central,Home Office
CUST-003804,Lucia,White,lucia.white595@example.com,+1-323-491-3759,2023-01-24 15:00:26,Mexico,South,Consumer
CUST-003805,John,Brown,john.brown111@example.com,+1-661-509-1703,2022-03-04 05:32:22,Usa,Central,Home Office
CUST-003806,Pedro,Anderson,pedro.anderson634@example.com,+1-715-725-9529,2024-06-11 14:14:09,Brazil,East,Corporate
CUST-003807,Sebastian,Garcia,sebastian.garcia475@example.com,+1-391-814-3041,2022-10-28 09:00:13,Germany,West,Consumer
CUST-003808,Marta,Harris,marta.harris936@example.com,+1-626-519-5474,2022-07-28 23:16:29,Uk,North,Home Office
CUST-003809,Marta,Davis,marta.davis737@example.com,+1-316-773-1416,2022-11-03 03:27:45,Usa,South,Consumer
CUST-003810,Marta,Martinez,marta.martinez105@example.com,+1-567-612-9742,2023-03-22 06:13:10,Canada,East,Consumer
CUST-003811,Laura,Gomez,laura.gomez152@example.com,+1-943-952-5125,2022-09-14 14:21:52,Canada,West,Consumer
CUST-003812,Maria,Rodriguez,maria.rodriguez11@example.com,+1-342-520-5045,2022-11-20 09:12:59,Canada,South,Consumer
CUST-003813,Olivia,Smith,olivia.smith486@example.com,+1-594-230-6094,2024-07-06 04:54:04,Uk,South,Corporate
CUST-003814,Camila,Thompson,camila.thompson656@example.com,+1-923-636-7473,2024-10-07 17:06:13,Mexico,North,Home Office
CUST-003815,Mateo,Lee,mateo.lee77@example.com,+1-240-659-6538,2022-10-02 06:29:53,Spain,East,Corporate
CUST-003816,Luis,Gomez,luis.gomez853@example.com,+1-423-915-1586,2023-05-09 13:29:05,Spain,North,Consumer
CUST-003817,Andres,Lee,andres.lee291@example.com,+1-673-340-6646,2022-10-24 10:04:02,Canada,West,Consumer
CUST-003818,Maria,Jackson,maria.jackson607@example.com,+1-887-412-3914,2024-12-25 17:40:21,Spain,West,Corporate
CUST-003819,David,White,david.white717@example.com,+1-389-424-2694,2023-10-16 20:04:24,Canada,Central,Consumer
CUST-003820,Lucia,Davis,lucia.davis796@example.com,+1-670-762-7987,2022-12-07 18:47:09,Usa,West,Home Office
CUST-003821,Luis,Wilson,luis.wilson667@example.com,+1-437-560-8481,2023-01-05 23:40:54,Canada,North,Consumer
CUST-003822,Andres,Taylor,andres.taylor73@example.com,+1-282-942-7985,2023-04-27 21:03:57,Uk,South,Corporate
CUST-003823,Emma,Thomas,emma.thomas320@example.com,+1-924-678-1934,2023-05-26 12:36:14,Usa,West,Home Office
CUST-003824,Ana,Lee,ana.lee384@example.com,+1-206-940-5874,2024-09-08 20:37:11,Mexico,Central,Corporate
CUST-003825,Lucia,Davis,lucia.davis468@example.com,+1-586-716-7818,2023-12-11 15:05:42,Canada,North,Consumer
CUST-003826,Ana,Thomas,ana.thomas75@example.com,+1-825-999-5214,2024-01-05 20:06:50,Mexico,East,Consumer
CUST-003827,Carlos,Brown,carlos.brown597@example.com,+1-540-544-2651,2024-01-30 07:08:29,Spain,South,Corporate
CUST-003828,Marta,Harris,marta.harris360@example.com,+1-501-298-7774,2022-05-18 07:34:45,Germany,East,Consumer
CUST-003829,John,Gomez,john.gomez510@example.com,+1-516-550-2757,2024-04-21 08:23:18,Spain,West,Consumer
CUST-003830,James,Harris,james.harris966@example.com,+1-543-951-1498,2022-01-21 09:10:05,Usa,West,Consumer
CUST-003831,Sofia, Martinez  ,sofia.martinez268@example.com,+1-337-629-8976,2023-05-01 18:17:21,Spain,West,Home Office
CUST-003832,Luis,Davis,luis.davis222@example.com,+1-848-758-2835,2022-12-20 05:05:40,Uk,North,Consumer
CUST-003833,Valentina,Harris,valentina.harris362@example.com,+1-514-890-8260,2023-04-17 11:39:23,Canada,North,Consumer
CUST-003834,Carlos,Martin,carlos.martin971@example.com,+1-795-633-5000,2023-10-12 18:07:59,Spain,South,Consumer
CUST-003835,Pedro,Harris,pedro.harris245@example.com,+1-307-216-9766,2023-02-26 18:20:43,Brazil,South,Home Office
CUST-003836,Luis,Jackson,luis.jackson801@example.com,+1-795-465-1431,2023-11-16 00:58:26,Canada,Central,Consumer
CUST-003837,Ana,Rodriguez,ana.rodriguez305@example.com,+1-760-581-2518,2024-05-05 01:21:46,Usa,South,Consumer
CUST-003838,Sofia,Anderson,sofia.anderson724@example.com,+1-458-224-9912,2022-06-05 03:10:35,Brazil,North,Consumer
CUST-003839,Laura,Jackson,laura.jackson435@example.com,+1-849-763-8710,2022-05-09 19:24:15,Brazil,South,Consumer
CUST-003840,Maria,Anderson,maria.anderson883@example.com,+1-211-414-3103,2024-09-06 00:45:00,Mexico,South,Corporate
CUST-003841,Mateo,Wilson,mateo.wilson742@example.com,+1-409-514-6004,2023-03-13 04:43:21,Usa,North,Consumer
CUST-003842,Maria,Smith,maria.smith302@example.com,+1-604-201-2075,2022-02-12 00:26:11,Germany,East,Consumer
CUST-003843,John,Rodriguez,john.rodriguez376@example.com,+1-541-963-8458,2023-11-20 20:47:51,Mexico,Unknown,Consumer
CUST-003844,Mateo,Martinez,mateo.martinez696@example.com,+1-437-811-6854,2022-09-19 15:24:37,Spain,West,Consumer
CUST-003845,Maria,Lee,maria.lee814@example.com,+1-999-278-9564,2024-02-13 21:50:31,Spain,Central,Home Office
CUST-003846,Sebastian,Lee,sebastian.lee503@example.com,+1-633-687-8175,2024-07-18 13:30:36,Spain,North,Consumer
CUST-003847,Mateo,Martin,mateo.martin132@example.com,+1-418-821-9798,2022-06-06 03:03:33,Uk,Central,Consumer
CUST-003848,Olivia,Brown,olivia.brown285@example.com,+1-718-687-4683,2022-03-27 01:24:50,Mexico,East,Consumer
CUST-003849,Laura,Thomas,laura.thomas758@example.com,+1-713-619-9352,2023-12-01 03:04:34,Germany,West,Corporate
CUST-003850,David,Wilson,david.wilson552@example.com,+1-768-902-1501,2022-08-21 18:09:16,Uk,West,Corporate
CUST-003851,Luis,Rodriguez,luis.rodriguez357@example.com,+1-696-526-9355,2022-08-08 12:04:04,Uk,South,Home Office
CUST-003852,John,Thompson,john.thompson245@example.com,+1-877-600-3297,2023-10-29 01:12:01,Mexico,East,Corporate
CUST-003853,Andres,Davis,andres.davis598@example.com,+1-387-658-2329,2023-04-28 20:31:04,Mexico,East,Consumer
CUST-003854,Diego,Rodriguez,diego.rodriguez322@example.com,+1-630-667-1138,2024-11-23 05:06:25,Usa,West,Home Office
CUST-003855,Maria,Taylor,maria.taylor470@example.com,+1-772-872-5572,2023-02-08 06:46:07,Usa,East,Consumer
CUST-003856,James,Thomas,james.thomas690@example.com,+1-527-473-5627,2023-03-25 01:18:40,Brazil,Central,Corporate
CUST-003857,Diego,Martin,diego.martin716@example.com,+1-715-738-9815,2024-08-16 21:24:06,Canada,South,Home Office
CUST-003858,John,Smith,john.smith467@example.com,+1-998-343-1149,2022-03-21 10:05:37,Usa,Central,Consumer
CUST-003859,Maria,Lopez,maria.lopez303@example.com,+1-612-308-8267,2022-12-22 13:21:51,Germany,West,Consumer
CUST-003860,Ana,Wilson,,+1-223-910-6089,2022-07-14 20:05:45,Brazil,West,Consumer
CUST-003861,Valentina,Jackson,valentina.jackson974@example.com,+1-479-352-8100,2023-06-11 04:35:25,Spain,East,Consumer
CUST-003862,Mateo,Smith,mateo.smith577@example.com,+1-761-624-8700,2023-06-14 02:59:29,Usa,North,Home Office
CUST-003863,Valentina,Martin,valentina.martin798@example.com,+1-214-436-4968,2024-08-12 05:43:02,Mexico,West,Corporate
CUST-003864,Pedro,Anderson,pedro.anderson805@example.com,+1-972-229-8595,2023-04-05 08:53:37,Canada,East,Corporate
CUST-003865,Diego,Perez,diego.perez674@example.com,+1-462-815-1980,2024-09-15 07:47:01,Germany,North,Consumer
CUST-003866,David,Perez,david.perez823@example.com,+1-675-652-9195,2022-07-27 21:28:37,Uk,South,Consumer
CUST-003867,Camila,Brown,camila.brown479@example.com,+1-222-489-9640,2023-08-04 04:24:47,Usa,South,Consumer
CUST-003868,Valentina,Jackson,valentina.jackson251@example.com,+1-339-453-2371,2023-08-14 09:37:20,Mexico,West,Corporate
CUST-003869,John,Perez,john.perez171@example.com,+1-674-576-2321,2022-09-13 17:16:50,Usa,North,Consumer
CUST-003870,David,Martin,david.martin203@example.com,+1-946-358-6801,2023-07-09 13:53:02,Spain,West,Consumer
CUST-003871,Marta,Davis,marta.davis142@example.com,+1-522-293-3536,2024-02-18 07:28:55,Usa,North,Corporate
CUST-003872,Laura,Lopez,laura.lopez117@example.com,+1-806-227-3252,2022-05-17 01:00:39,Brazil,North,Consumer
CUST-003873,David,Moore,david.moore55@example.com,+1-233-569-3106,2023-02-22 06:25:38,Usa,East,Consumer
CUST-003874,Diego,Martin,diego.martin767@example.com,+1-972-574-4279,2023-05-16 20:24:30,Mexico,South,Consumer
CUST-003875,Diego,Lopez,diego.lopez853@example.com,+1-619-311-6122,2022-09-11 22:36:58,Uk,Central,Consumer
CUST-003876,Sofia,Jackson,sofia.jackson547@example.com,+1-481-537-6154,2022-06-24 07:37:59,Brazil,East,Consumer
CUST-003877,Sofia,Moore,sofia.moore131@example.com,+1-937-856-7041,2024-12-21 02:11:07,Uk,North,Consumer
CUST-003878,Andres,White,,+1-232-387-4137,2023-09-29 04:51:46,Canada,East,Consumer
CUST-003879,Camila,Rodriguez,camila.rodriguez524@example.com,+1-257-910-4379,2023-12-14 22:53:09,Mexico,South,Consumer
CUST-003880,Ana,Thomas,ana.thomas949@example.com,+1-707-523-1746,2022-02-27 18:05:52,Germany,Central,Consumer
CUST-003881,Olivia,Davis,olivia.davis266@example.com,+1-501-334-6867,2024-01-09 06:35:02,Mexico,West,Consumer
CUST-003882,Mateo,Wilson,mateo.wilson798@example.com,+1-480-779-7398,2023-08-08 09:37:54,Spain,Central,Consumer
CUST-003883,Pedro,Jackson,pedro.jackson827@example.com,+1-254-249-8123,2023-08-02 00:19:01,Brazil,Central,Consumer
CUST-003884,Valentina,Martinez,valentina.martinez305@example.com,+1-759-644-3062,2024-03-10 16:39:22,Mexico,East,Corporate
CUST-003885,Mateo,Martin,mateo.martin805@example.com,+1-775-560-5755,2023-04-12 23:46:59,Spain,West,Consumer
CUST-003886,John,Martinez,john.martinez23@example.com,+1-460-224-8664,2022-09-06 05:43:19,Spain,East,Consumer
CUST-003887,James,Davis,james.davis45@example.com,+1-294-973-8112,2024-06-10 02:12:02,Uk,Central,Home Office
CUST-003888,David,Martinez,david.martinez480@example.com,+1-231-650-3348,2023-06-02 14:27:33,Canada,East,Corporate
CUST-003889,John,Lee,john.lee207@example.com,+1-327-902-7459,2023-08-31 02:04:01,Canada,South,Consumer
CUST-003890,David,White,david.white253@example.com,+1-890-849-9331,2023-09-01 19:20:20,Mexico,East,Home Office
CUST-003891,Olivia,Thompson,olivia.thompson160@example.com,+1-902-448-8002,2024-01-03 03:18:22,Spain,West,Consumer
CUST-003892,Laura,White,laura.white744@example.com,+1-468-544-6018,2024-04-28 22:00:32,Germany,East,Corporate
CUST-003893,James,Martin,james.martin897@example.com,+1-318-377-8350,2024-11-04 07:01:42,Germany,North,Consumer
CUST-003894,Pedro,Martinez,pedro.martinez747@example.com,+1-309-741-4745,2024-06-18 04:49:56,Spain,South,Home Office
CUST-003895,Laura,Gomez,laura.gomez219@example.com,+1-814-413-7457,,Brazil,West,Consumer
CUST-003896,Diego,Wilson,diego.wilson785@example.com,+1-882-483-1662,2022-03-04 10:07:39,Germany,West,Consumer
CUST-003897,James,Lopez,,+1-765-586-4791,2022-06-15 18:22:24,Usa,North,Home Office
CUST-003898,James,Gomez,james.gomez725@example.com,+1-334-744-3653,2022-10-06 01:22:42,Brazil,East,Corporate
CUST-003899,Marta,White,marta.white174@example.com,+1-738-935-3209,2024-01-01 16:06:20,Spain,West,Consumer
CUST-003900,Laura,Brown,laura.brown640@example.com,+1-415-525-5341,2023-02-27 07:54:05,Spain,South,Corporate
CUST-003901,Olivia,Davis,olivia.davis733@example.com,+1-651-732-4538,2022-09-30 22:08:00,Brazil,Central,Consumer
CUST-003902,James,Lopez,james.lopez13@example.com,+1-341-588-1023,2022-03-26 17:49:48,Brazil,South,Consumer
CUST-003903,Emma,Wilson,emma.wilson395@example.com,+1-782-882-7269,2024-12-04 12:29:52,Canada,West,Consumer
CUST-003904,James,Lee,james.lee115@example.com,+1-226-564-3973,2023-05-25 00:09:23,Uk,Central,Consumer
CUST-003905,Maria,Thompson,maria.thompson228@example.com,+1-231-881-6920,2024-07-17 01:53:01,Brazil,Central,Consumer
CUST-003906,David,Martin,david.martin871@example.com,+1-433-307-3132,2024-07-09 22:17:35,Brazil,South,Home Office
CUST-003907,Laura,Garcia,laura.garcia530@example.com,+1-548-252-3619,2023-09-30 16:31:29,Germany,East,Corporate
CUST-003908,Ana,Perez,ana.perez422@example.com,+1-757-933-1303,2022-11-02 00:00:33,Uk,North,Consumer
CUST-003909,Carlos,Gomez,carlos.gomez88@example.com,+1-360-971-2986,2024-09-05 19:01:18,Uk,East,Consumer
CUST-003910,David,Harris,david.harris584@example.com,+1-623-990-1619,2023-10-25 04:47:03,Canada,South,Consumer
CUST-003911,Marta,Harris,marta.harris739@example.com,+1-675-559-2883,2024-11-22 16:45:25,Mexico,West,Corporate
CUST-003912,Ana,Davis,ana.davis202@example.com,+1-214-764-9614,2022-12-09 19:36:12,Usa,West,Home Office
CUST-003913,Andres,Anderson,andres.anderson477@example.com,+1-544-212-3773,2022-05-18 10:10:57,Usa,South,Home Office
CUST-003914,Luis,Martin,luis.martin641@example.com,+1-759-633-9087,2024-11-17 23:39:07,Mexico,Central,Corporate
CUST-003915,Mateo,Thomas,,+1-754-546-1080,2023-11-29 21:23:51,Mexico,Central,Corporate
CUST-003916,Pedro,Thomas,pedro.thomas304@example.com,+1-833-648-3883,2022-03-30 09:01:59,Brazil,West,Corporate
CUST-003917,Lucia,Martinez,lucia.martinez183@example.com,+1-713-639-6556,2024-07-01 03:48:01,Uk,North,Consumer
CUST-003918,Sofia,Smith,sofia.smith813@example.com,+1-431-866-5430,2023-09-24 11:47:41,Usa,East,Home Office
CUST-003919,Sofia, Lopez  ,sofia.lopez898@example.com,+1-595-467-4168,2024-09-24 10:46:23,Uk,South,Home Office
CUST-003920,Pedro,Lopez,pedro.lopez803@example.com,+1-932-970-7187,2024-05-21 16:21:08,Mexico,North,Consumer
CUST-003921,Sebastian,Jackson,sebastian.jackson754@example.com,+1-913-568-9731,2024-11-12 11:27:23,Brazil,East,Corporate
CUST-003922,Maria,Smith,maria.smith662@example.com,+1-647-668-3477,2024-03-20 15:36:42,Mexico,North,Consumer
CUST-003923,Andres,Rodriguez,andres.rodriguez551@example.com,+1-825-524-4549,2024-07-10 16:32:54,Brazil,North,Consumer
CUST-003924,Carlos,Wilson,carlos.wilson900@example.com,+1-312-641-5357,2023-03-12 12:58:30,Germany,Central,Consumer
CUST-003925,Sofia,Wilson,sofia.wilson959@example.com,+1-649-759-1239,2023-05-21 09:50:42,Brazil,North,Consumer
CUST-003926,Mateo,White,mateo.white399@example.com,+1-552-269-9338,2023-02-16 16:16:36,Mexico,West,Corporate
CUST-003927,Carlos,Jackson,carlos.jackson776@example.com,+1-251-992-4613,2022-10-13 05:47:25,Brazil,South,Home Office
CUST-003928,Mateo,Lopez,mateo.lopez373@example.com,+1-598-695-4024,2022-10-16 02:38:05,Canada,South,Consumer
CUST-003929,Sebastian,Thomas,sebastian.thomas676@example.com,+1-718-789-6716,2024-07-26 21:22:16,Usa,East,Consumer
CUST-003930,Pedro,Brown,pedro.brown795@example.com,+1-597-589-1323,2023-11-29 00:15:05,Uk,Central,Corporate
CUST-003931,Ana,Thomas,ana.thomas831@example.com,+1-750-417-7672,2024-10-02 23:47:17,Uk,Unknown,Corporate
CUST-003932,Emma,Gomez,emma.gomez924@example.com,,2023-02-19 23:11:16,Brazil,East,Corporate
CUST-003933,Sofia,White,sofia.white331@example.com,+1-644-949-9783,2024-11-21 09:43:11,Uk,Central,Home Office
CUST-003934,Olivia,Martin,olivia.martin755@example.com,+1-710-244-7982,2022-02-26 01:36:04,Usa,West,Consumer
CUST-003935,Lucia,Lopez,lucia.lopez807@example.com,+1-445-453-8293,2023-07-24 01:08:33,Usa,East,Corporate
CUST-003936,Maria,Lee,maria.lee914@example.com,+1-490-401-7349,2023-09-25 20:22:56,Brazil,North,Corporate
CUST-003937,Lucia,Rodriguez,lucia.rodriguez933@example.com,+1-919-669-8154,2024-10-28 06:47:19,Spain,North,Home Office
CUST-003938,Mateo,Lee,mateo.lee853@example.com,+1-206-956-6325,2023-09-09 09:16:58,Mexico,Central,Consumer
CUST-003939,John,Perez,john.perez298@example.com,+1-978-752-9183,2022-11-02 11:11:58,Usa,East,Consumer
CUST-003940,Valentina,Taylor,valentina.taylor643@example.com,+1-265-456-2783,2023-04-24 22:00:14,Uk,Central,Consumer
CUST-003941,Diego,Davis,diego.davis703@example.com,+1-785-376-2346,2023-06-13 23:02:47,Canada,South,Consumer
CUST-003942,David,White,david.white919@example.com,+1-363-325-6145,2024-12-09 20:30:18,Spain,Unknown,Consumer
CUST-003943,John,Davis,john.davis678@example.com,+1-912-206-5742,2022-10-11 09:56:36,Uk,East,Home Office
CUST-003944,James,Jackson,james.jackson946@example.com,+1-694-272-6953,2024-07-17 09:40:54,Usa,Unknown,Corporate
CUST-003945,Lucia,Moore,lucia.moore304@example.com,+1-523-627-9979,2022-01-15 21:26:54,Spain,South,Consumer
CUST-003946,John,Moore,john.moore380@example.com,+1-650-868-7564,2023-09-28 17:53:48,Spain,West,Corporate
CUST-003947,Lucia,Taylor,lucia.taylor737@example.com,+1-643-594-7567,2024-08-28 09:09:51,Brazil,West,Consumer
CUST-003948,James,Martinez,james.martinez513@example.com,+1-887-955-6603,2022-01-18 23:19:45,Canada,Central,Consumer
CUST-003949,Marta,Thomas,marta.thomas73@example.com,+1-702-572-2016,2023-01-14 10:28:05,Uk,Central,Consumer
CUST-003950,Mateo,Perez,mateo.perez608@example.com,+1-771-713-8989,2022-10-03 05:13:40,Brazil,East,Consumer
CUST-003951,Laura,Martinez,laura.martinez6@example.com,+1-641-278-6927,2022-12-08 01:28:40,Brazil,Central,Consumer
CUST-003952,Sebastian,Martin,sebastian.martin661@example.com,+1-738-642-5515,2023-04-21 01:15:48,Usa,West,Corporate
CUST-003953,Sofia,Anderson,sofia.anderson882@example.com,+1-642-407-1613,2024-04-29 08:56:51,Canada,North,Consumer
CUST-003954,Luis,Davis,luis.davis558@example.com,+1-913-394-4916,2022-07-02 08:48:15,Spain,North,Home Office
CUST-003955,John,Lopez,john.lopez270@example.com,+1-884-221-7561,2024-11-07 12:52:32,Mexico,Central,Consumer
CUST-003956,Marta,Perez,marta.perez328@example.com,+1-580-336-5743,2024-10-17 12:56:33,Canada,Central,Consumer
CUST-003957,Marta,Garcia,marta.garcia198@example.com,+1-621-823-8495,2023-07-21 09:12:34,Mexico,West,Corporate
CUST-003958,Valentina,Davis,valentina.davis75@example.com,,2023-10-12 07:16:17,Germany,Central,Consumer
CUST-003959,Maria,Rodriguez,maria.rodriguez358@example.com,+1-606-634-8078,2023-11-04 09:00:32,Germany,South,Corporate
CUST-003960,Sebastian,White,sebastian.white728@example.com,+1-962-750-8165,2023-12-29 09:06:52,Usa,West,Corporate
CUST-003961,Sofia,Thomas,sofia.thomas926@example.com,+1-247-909-3009,2024-03-03 21:50:43,Uk,Central,Home Office
CUST-003962,Diego,Martinez,diego.martinez882@example.com,+1-634-817-6022,2023-06-25 23:04:36,Brazil,West,Corporate
CUST-003963,Carlos,White,carlos.white403@example.com,+1-900-749-5652,2023-02-06 05:00:07,Brazil,Central,Home Office
CUST-003964,John,Lee,john.lee196@example.com,+1-644-692-1796,2024-07-26 03:17:36,Spain,North,Consumer
CUST-003965,Mateo,Garcia,mateo.garcia696@example.com,+1-835-520-3084,2022-04-30 00:19:43,Canada,Central,Home Office
CUST-003966,Olivia,Brown,olivia.brown938@example.com,+1-331-327-6985,2022-07-26 23:11:25,Usa,Central,Consumer
CUST-003967,Laura,Taylor,laura.taylor176@example.com,+1-512-940-5434,2024-02-23 15:11:06,Germany,South,Consumer
CUST-003968,John,Moore,john.moore436@example.com,+1-617-422-4863,2023-11-21 21:54:16,Canada,East,Consumer
CUST-003969,Sofia,Anderson,sofia.anderson750@example.com,+1-334-592-3100,2023-01-22 11:45:40,Canada,Central,Consumer
CUST-003970,Laura,Gomez,laura.gomez55@example.com,+1-858-706-6142,2023-04-27 11:24:33,Spain,Central,Corporate
CUST-003971,Pedro,Garcia,pedro.garcia916@example.com,+1-363-262-3312,2023-07-15 10:18:24,Uk,East,Consumer
CUST-003972,James,Smith,james.smith287@example.com,+1-577-214-4479,2024-09-26 08:59:02,Canada,Central,Consumer
CUST-003973,Camila,White,camila.white26@example.com,+1-343-471-5420,2024-08-11 00:08:32,Mexico,South,Consumer
CUST-003974,Andres,Gomez,andres.gomez496@example.com,,2024-08-16 08:34:41,Germany,East,Corporate
CUST-003975,David,Martinez,david.martinez487@example.com,+1-844-858-4614,2024-09-28 17:49:22,Brazil,East,Consumer
CUST-003976,Olivia,Moore,olivia.moore449@example.com,+1-330-654-6848,2022-05-13 17:19:26,Canada,East,Consumer
CUST-003977,Sebastian,Lopez,sebastian.lopez480@example.com,+1-299-384-7383,2023-08-14 14:47:32,Brazil,North,Consumer
CUST-003978,David,White,david.white818@example.com,+1-990-790-3089,2023-03-21 22:06:29,Mexico,South,Consumer
CUST-003979,Luis,Martinez,luis.martinez355@example.com,+1-260-857-2609,2022-05-22 07:33:42,Mexico,South,Corporate
CUST-003980,Camila,Smith,camila.smith162@example.com,+1-683-833-9840,2024-06-13 22:19:11,Germany,East,Consumer
CUST-003981,Pedro, Martin  ,pedro.martin194@example.com,+1-420-921-2144,2024-08-27 04:47:28,Uk,Central,Home Office
CUST-003982,David,Martin,david.martin706@example.com,+1-814-312-3425,2022-08-18 16:04:41,Mexico,Central,Consumer
CUST-003983,James,Thomas,james.thomas684@example.com,+1-289-494-3961,2024-08-04 03:04:06,Spain,North,Consumer
CUST-003984,Carlos,Brown,carlos.brown854@example.com,+1-923-600-6328,2022-03-10 21:46:26,Usa,North,Consumer
CUST-003985,Laura,Wilson,laura.wilson404@example.com,+1-457-420-7427,2023-01-24 09:43:22,Mexico,East,Consumer
CUST-003986,Carlos,White,carlos.white603@example.com,+1-295-458-3414,2024-05-06 05:41:27,Germany,North,Corporate
CUST-003987,Olivia,Martinez,olivia.martinez942@example.com,+1-652-607-9195,2022-12-05 08:42:03,Mexico,South,Consumer
CUST-003988,Luis,Perez,luis.perez944@example.com,+1-758-527-8903,2024-07-02 03:52:29,Usa,Central,Home Office
CUST-003989,Emma,Thompson,emma.thompson224@example.com,+1-240-214-1714,2024-02-02 21:24:30,Usa,North,Corporate
CUST-003990,Emma,Martinez,emma.martinez527@example.com,+1-948-634-8796,2023-12-02 16:14:10,Mexico,East,Consumer
CUST-003991,Sebastian,Jackson,sebastian.jackson491@example.com,+1-369-766-6063,2022-09-04 16:50:23,Germany,North,Consumer
CUST-003992,Laura,Jackson,laura.jackson226@example.com,+1-388-928-5702,2023-03-20 13:46:56,Mexico,West,Home Office
CUST-003993,Valentina,Anderson,valentina.anderson343@example.com,+1-503-966-7730,2022-05-14 07:18:25,Mexico,North,Consumer
CUST-003994,Mateo,Davis,mateo.davis997@example.com,+1-974-269-9432,2023-10-05 13:20:31,Usa,Unknown,Consumer
CUST-003995,Lucia,Taylor,lucia.taylor936@example.com,+1-793-618-6360,2024-01-10 14:59:40,Usa,North,Corporate
CUST-003996,David,Rodriguez,david.rodriguez762@example.com,,2024-07-05 20:43:48,Spain,West,Corporate
CUST-003997,Valentina,Wilson,valentina.wilson91@example.com,+1-208-777-3617,2022-10-14 06:41:58,Canada,East,Consumer
CUST-003998,Laura,Thomas,,+1-801-849-7033,2023-12-25 07:12:27,Brazil,South,Consumer
CUST-003999,Lucia,Jackson,lucia.jackson280@example.com,+1-271-491-3358,2022-04-03 15:38:34,Mexico,South,Consumer
CUST-004000,Andres,Lee,andres.lee559@example.com,+1-279-425-8973,2022-04-05 05:39:09,Canada,Central,Consumer
CUST-004001,John,Gomez,john.gomez371@example.com,+1-853-975-3434,2023-02-15 11:20:15,Germany,South,Corporate
CUST-004002,Carlos,Harris,carlos.harris34@example.com,,2024-01-27 20:40:18,Brazil,South,Consumer
CUST-004003,Ana,Martin,ana.martin694@example.com,+1-861-883-6380,2024-06-04 07:12:50,Uk,North,Home Office
CUST-004004,Olivia,Thompson,olivia.thompson676@example.com,+1-872-501-9172,2023-03-12 14:40:05,Brazil,Central,Consumer
CUST-004005,Olivia,Perez,olivia.perez319@example.com,+1-510-608-8060,2022-11-16 14:16:37,Brazil,Central,Consumer
CUST-004006,Sebastian,Rodriguez,sebastian.rodriguez952@example.com,+1-900-204-6067,2024-06-02 07:39:32,Uk,West,Consumer
CUST-004007,James,Gomez,james.gomez335@example.com,+1-543-793-3961,2024-12-20 12:10:03,Spain,West,Consumer
CUST-004008,Mateo,Brown,mateo.brown390@example.com,+1-779-968-3397,2024-02-12 07:40:18,Spain,South,Consumer
CUST-004009,Carlos,Lee,carlos.lee648@example.com,+1-511-935-7764,2023-05-17 19:40:17,Spain,Central,Corporate
CUST-004010,Mateo,Smith,mateo.smith479@example.com,+1-381-397-4947,2023-07-08 09:13:22,Germany,East,Home Office
CUST-004011,Diego,Jackson,diego.jackson108@example.com,+1-247-561-2640,2024-03-25 10:51:33,Uk,West,Consumer
CUST-004012,Luis,Moore,luis.moore406@example.com,+1-372-714-9993,2024-11-17 14:03:28,Spain,Central,Corporate
CUST-004013,Mateo,Harris,mateo.harris279@example.com,+1-456-818-5174,2022-12-13 00:41:31,Spain,South,Corporate
CUST-004014,Andres,Taylor,andres.taylor533@example.com,+1-637-836-6308,2022-06-20 15:11:08,Spain,North,Consumer
CUST-004015,Pedro,Wilson,pedro.wilson871@example.com,+1-774-753-4733,2022-04-07 23:52:33,Canada,North,Consumer
CUST-004016,Sebastian,Gomez,sebastian.gomez405@example.com,+1-793-958-4123,2022-09-06 09:45:08,Brazil,West,Consumer
CUST-004017,Sofia,Davis,sofia.davis989@example.com,+1-705-816-5058,2024-10-08 22:59:50,Uk,Central,Corporate
CUST-004018,Maria,Brown,maria.brown953@example.com,+1-228-278-7316,2022-11-24 07:49:48,Usa,Central,Corporate
CUST-004019,Carlos,Gomez,carlos.gomez643@example.com,+1-356-446-2628,2022-01-13 13:14:45,Canada,South,Consumer
CUST-004020,Emma,Rodriguez,emma.rodriguez653@example.com,+1-978-902-4552,2024-03-19 02:25:25,Mexico,North,Consumer
CUST-004021,Carlos,Garcia,carlos.garcia497@example.com,+1-246-387-5004,2022-12-10 04:26:56,Uk,Central,Home Office
CUST-004022,Mateo,Brown,mateo.brown854@example.com,+1-315-387-6696,2022-03-13 22:00:19,Usa,South,Consumer
CUST-004023,Olivia,Lee,olivia.lee409@example.com,+1-789-914-1225,2023-10-18 00:17:02,Germany,North,Corporate
CUST-004024,Camila,Garcia,camila.garcia386@example.com,,2024-08-06 10:42:18,Spain,East,Consumer
CUST-004025,Laura,Davis,laura.davis932@example.com,+1-996-692-2863,2024-11-11 13:34:12,Usa,East,Consumer
CUST-004026,Mateo,Anderson,mateo.anderson634@example.com,+1-318-316-8621,2024-06-10 22:48:17,Usa,Central,Consumer
CUST-004027,Sofia,Lee,sofia.lee546@example.com,+1-390-233-5169,2022-10-16 01:56:16,Usa,Central,Consumer
CUST-004028,Valentina,Gomez,valentina.gomez290@example.com,+1-842-930-2868,2023-02-18 06:30:25,Spain,South,Consumer
CUST-004029,Lucia,Gomez,lucia.gomez384@example.com,+1-814-927-4517,2022-02-21 06:28:44,Mexico,North,Consumer
CUST-004030,Sofia,Taylor,sofia.taylor729@example.com,+1-661-593-3624,2023-01-18 13:08:29,Canada,North,Home Office
CUST-004031,Maria,Rodriguez,maria.rodriguez102@example.com,+1-647-678-6674,2022-08-17 10:33:48,Canada,Central,Home Office
CUST-004032,Emma,Brown,emma.brown506@example.com,+1-895-227-2663,2024-03-02 03:02:16,Brazil,West,Consumer
CUST-004033,John,Jackson,john.jackson814@example.com,+1-959-749-7740,2024-08-17 04:56:26,Uk,North,Consumer
CUST-004034,John,Thomas,john.thomas520@example.com,+1-606-462-3773,2023-01-22 15:44:23,Brazil,South,Corporate
CUST-004035,Carlos,Brown,carlos.brown630@example.com,+1-787-506-2370,2022-03-25 17:35:50,Germany,East,Consumer
CUST-004036,Ana,Anderson,ana.anderson370@example.com,+1-402-279-9550,2022-01-25 10:13:52,Spain,North,Consumer
CUST-004037,Marta,Gomez,marta.gomez331@example.com,+1-527-202-9644,2024-07-05 09:26:47,Uk,East,Consumer
CUST-004038,Pedro,Jackson,pedro.jackson458@example.com,+1-263-438-9135,2024-09-29 18:21:27,Mexico,West,Consumer
CUST-004039,Mateo,Smith,mateo.smith573@example.com,+1-870-943-4722,2022-01-15 00:51:45,Germany,West,Consumer
CUST-004040,Pedro,Smith,pedro.smith957@example.com,+1-722-437-6274,2023-11-27 11:55:48,Germany,North,Consumer
CUST-004041,Carlos,Martin,carlos.martin466@example.com,+1-856-809-8253,2022-12-09 08:49:28,Germany,South,Consumer
CUST-004042,Camila,Gomez,camila.gomez868@example.com,+1-906-760-4870,2022-08-30 04:44:56,Usa,East,Consumer
CUST-004043,Carlos,Garcia,carlos.garcia262@example.com,+1-228-637-4202,2023-01-31 13:57:26,Uk,North,Consumer
CUST-004044,Andres,Harris,andres.harris373@example.com,+1-230-383-5961,2022-03-22 01:30:33,Brazil,East,Consumer
CUST-004045,Mateo,Wilson,mateo.wilson822@example.com,+1-279-936-2453,2024-08-30 16:46:49,Usa,West,Consumer
CUST-004046,James,Martin,james.martin935@example.com,+1-722-769-7644,2024-06-11 07:06:30,Germany,North,Consumer
CUST-004047,Laura,Smith,laura.smith756@example.com,+1-876-818-1413,2024-07-06 11:12:37,Germany,East,Consumer
CUST-004048,Maria,Rodriguez,maria.rodriguez124@example.com,+1-791-263-3036,2024-12-03 03:38:00,Spain,East,Corporate
CUST-004049,Marta,Jackson,marta.jackson815@example.com,+1-911-611-8614,2024-10-20 15:58:57,Brazil,North,Consumer
CUST-004050,Marta,Martinez,marta.martinez579@example.com,+1-608-955-1474,2023-07-03 03:30:39,Brazil,North,Consumer
CUST-004051,John,Martin,john.martin314@example.com,+1-539-276-8916,2024-05-14 16:59:31,Spain,North,Consumer
CUST-004052,Sofia,Davis,sofia.davis258@example.com,+1-920-558-4768,2022-01-09 11:07:00,Brazil,Central,Home Office
CUST-004053,Olivia,Martin,olivia.martin331@example.com,+1-394-946-3437,2022-10-06 02:09:35,Uk,East,Corporate
CUST-004054,Carlos,Thompson,carlos.thompson537@example.com,+1-777-768-8770,2023-07-03 08:34:56,Mexico,Central,Consumer
CUST-004055,Olivia,Brown,olivia.brown221@example.com,+1-843-942-6561,2023-01-25 17:12:24,Germany,North,Consumer
CUST-004056,Laura,Gomez,laura.gomez590@example.com,+1-715-610-7941,2023-05-13 07:06:57,Germany,Central,Corporate
CUST-004057,Pedro,Moore,pedro.moore547@example.com,+1-492-472-3217,2023-08-10 16:33:46,Canada,Central,Consumer
CUST-004058,Marta,Moore,marta.moore135@example.com,+1-927-445-2268,2023-12-12 20:08:12,Germany,Central,Consumer
CUST-004059,Olivia,Moore,olivia.moore808@example.com,+1-359-684-5078,2022-12-07 12:08:31,Spain,South,Corporate
CUST-004060,Pedro,Gomez,pedro.gomez646@example.com,+1-361-257-2709,2024-03-10 14:57:52,Brazil,South,Consumer
CUST-004061,Luis,Lopez,luis.lopez708@example.com,+1-336-294-7134,2023-06-21 14:30:13,Germany,South,Consumer
CUST-004062,Marta,Brown,marta.brown217@example.com,+1-610-375-9653,2024-05-01 20:15:55,Brazil,South,Home Office
CUST-004063,Emma,Taylor,emma.taylor33@example.com,+1-490-482-5363,2024-07-29 13:14:44,Mexico,North,Corporate
CUST-004064,Pedro, Davis  ,pedro.davis893@example.com,+1-497-350-2377,2023-07-09 02:49:17,Usa,West,Consumer
CUST-004065,Camila,Wilson,camila.wilson582@example.com,+1-540-689-5732,2023-08-24 06:04:09,Spain,North,Corporate
CUST-004066,Sebastian,Anderson,sebastian.anderson877@example.com,+1-840-986-5919,2023-01-03 13:46:59,Canada,Central,Consumer
CUST-004067,James,Garcia,james.garcia640@example.com,+1-313-325-7682,2022-11-27 09:56:37,Spain,West,Corporate
CUST-004068,Carlos,Wilson,carlos.wilson296@example.com,+1-382-800-9210,2024-03-04 16:05:54,Canada,East,Consumer
CUST-004069,Emma,Thomas,emma.thomas668@example.com,+1-836-833-9655,2023-03-16 18:03:11,Mexico,Central,Corporate
CUST-004070,James,Rodriguez,james.rodriguez63@example.com,+1-675-523-2953,2022-01-05 09:30:21,Mexico,North,Corporate
CUST-004071,David,Wilson,david.wilson905@example.com,+1-782-381-4843,2024-09-10 01:46:25,Mexico,West,Corporate
CUST-004072,Sebastian,Brown,sebastian.brown333@example.com,+1-957-401-2248,2023-06-17 00:56:10,Germany,Central,Consumer
CUST-004073,Laura,Moore,laura.moore926@example.com,+1-444-960-8838,2023-09-07 19:28:53,Germany,West,Home Office
CUST-004074,Pedro,Davis,pedro.davis838@example.com,+1-850-272-5401,2022-04-08 23:00:24,Brazil,North,Consumer
CUST-004075,Camila,Moore,,+1-227-586-7770,2022-08-22 08:49:24,Germany,West,Home Office
CUST-004076,Andres,Lopez,andres.lopez819@example.com,+1-265-731-9045,2022-10-29 21:45:44,Germany,North,Consumer
CUST-004077,Ana,Jackson,ana.jackson870@example.com,+1-991-472-8172,2022-06-08 03:02:27,Mexico,Central,Consumer
CUST-004078,John,Brown,john.brown3@example.com,+1-342-944-4129,2023-10-15 02:57:48,Brazil,North,Consumer
CUST-004079,Laura,Smith,laura.smith933@example.com,+1-692-369-9865,2023-01-19 15:07:56,Spain,Central,Home Office
CUST-004080,Sofia,Lopez,sofia.lopez62@example.com,+1-767-600-2309,2022-12-20 09:37:18,Germany,Central,Consumer
CUST-004081,Sofia,Taylor,sofia.taylor871@example.com,,2022-03-17 13:51:42,Uk,Central,Corporate
CUST-004082,Olivia,Perez,olivia.perez168@example.com,+1-233-263-2105,2023-06-20 10:24:35,Usa,East,Corporate
CUST-004083,Sofia,Wilson,sofia.wilson15@example.com,+1-857-687-4650,2024-03-14 17:46:47,Canada,South,Corporate
CUST-004084,Sebastian,Jackson,sebastian.jackson736@example.com,+1-562-792-7032,2022-05-19 06:10:37,Uk,East,Corporate
CUST-004085,Andres,Wilson,andres.wilson999@example.com,+1-531-875-8709,2024-07-24 15:54:14,Canada,West,Corporate
CUST-004086,Andres,Perez,andres.perez608@example.com,+1-435-229-6570,2022-12-16 11:26:47,Brazil,West,Consumer
CUST-004087,Andres,Thompson,andres.thompson400@example.com,+1-654-644-1259,2023-03-04 17:04:38,Mexico,North,Consumer
CUST-004088,Camila,Davis,camila.davis748@example.com,+1-888-748-2693,2023-07-13 11:31:18,Usa,East,Corporate
CUST-004089,David,White,david.white999@example.com,+1-442-549-8104,2022-04-25 00:55:31,Spain,South,Consumer
CUST-004090,Sebastian,Jackson,sebastian.jackson436@example.com,+1-933-215-7867,2024-02-24 07:41:58,Mexico,East,Corporate
CUST-004091,Lucia,Gomez,lucia.gomez335@example.com,+1-283-375-2426,2024-09-22 02:04:23,Usa,Central,Consumer
CUST-004092,Lucia,Brown,lucia.brown389@example.com,+1-518-871-5681,2022-10-08 03:46:43,Uk,North,Home Office
CUST-004093,Sofia,Wilson,sofia.wilson597@example.com,+1-500-262-9220,2023-12-09 12:42:29,Spain,Central,Corporate
CUST-004094,Marta,Moore,marta.moore247@example.com,+1-544-361-5528,2024-02-04 23:20:05,Canada,West,Corporate
CUST-004095,Camila,Thomas,camila.thomas843@example.com,+1-657-940-7837,2022-03-19 13:11:56,Spain,East,Consumer
CUST-004096,David,Lee,david.lee574@example.com,+1-967-944-6777,2023-06-01 05:37:58,Mexico,North,Consumer
CUST-004097,Marta,Thompson,marta.thompson430@example.com,+1-668-806-1841,2023-08-18 02:59:46,Germany,West,Corporate
CUST-004098,Carlos,Brown,carlos.brown604@example.com,+1-969-849-3869,2024-09-10 22:36:57,Mexico,Central,Corporate
CUST-004099,Diego,Thomas,diego.thomas215@example.com,+1-839-606-9132,2022-11-28 09:16:36,Germany,Central,Home Office
CUST-004100,Camila,Harris,camila.harris146@example.com,+1-261-429-9470,2022-04-19 12:21:28,Mexico,North,Consumer
CUST-004101,Luis,Thompson,luis.thompson778@example.com,+1-291-550-2345,2023-06-22 04:41:35,Mexico,South,Consumer
CUST-004102,Marta,Lee,marta.lee227@example.com,+1-911-756-6582,2023-10-18 02:31:08,Germany,South,Corporate
CUST-004103,Andres,Lee,andres.lee723@example.com,+1-453-541-3638,2024-02-08 22:23:32,Mexico,West,Consumer
CUST-004104,Sofia,Jackson,sofia.jackson23@example.com,+1-477-260-9374,2022-12-10 12:53:41,Canada,North,Consumer
CUST-004105,David,Davis,david.davis907@example.com,+1-617-278-2129,2023-06-24 19:11:42,Uk,West,Consumer
CUST-004106,Emma,Martin,emma.martin534@example.com,+1-383-866-7265,2022-10-22 12:43:07,Uk,South,Corporate
CUST-004107,Valentina,Smith,valentina.smith105@example.com,+1-928-827-2080,2023-08-11 17:30:40,Usa,West,Consumer
CUST-004108,David,Davis,david.davis63@example.com,+1-716-582-5782,2023-04-19 10:14:39,Usa,Central,Corporate
CUST-004109,David,Jackson,,+1-880-385-1260,2024-05-30 22:57:15,Uk,South,Consumer
CUST-004110,Mateo,Thompson,mateo.thompson749@example.com,+1-362-900-2094,2022-04-09 01:08:37,Uk,South,Home Office
CUST-004111,Mateo,Jackson,mateo.jackson963@example.com,+1-668-674-8453,2024-10-18 08:44:39,Spain,West,Consumer
CUST-004112,Olivia,Moore,olivia.moore366@example.com,+1-556-505-6420,2023-09-30 22:28:54,Usa,South,Consumer
CUST-004113,Valentina,Lopez,valentina.lopez826@example.com,+1-912-456-4310,2023-11-09 13:02:33,Spain,North,Consumer
CUST-004114,Luis,Martinez,luis.martinez640@example.com,+1-409-787-6163,2024-02-21 13:31:28,Canada,South,Corporate
CUST-004115,Sebastian,Harris,sebastian.harris197@example.com,+1-907-455-4089,2022-10-05 23:46:03,Usa,South,Consumer
CUST-004116,Maria,Anderson,maria.anderson323@example.com,+1-544-964-1466,2024-12-01 16:54:44,Usa,South,Consumer
CUST-004117,Ana,Jackson,ana.jackson820@example.com,+1-632-214-7316,2022-10-11 16:01:13,Mexico,North,Consumer
CUST-004118,John,Anderson,john.anderson835@example.com,+1-719-688-8159,2023-09-19 05:43:22,Usa,West,Home Office
CUST-004119,Sebastian,Rodriguez,sebastian.rodriguez677@example.com,+1-339-664-8431,2023-06-07 09:04:29,Usa,South,Consumer
CUST-004120,Luis,Jackson,luis.jackson845@example.com,,2023-11-02 06:06:24,Germany,North,Consumer
CUST-004121,James,Perez,james.perez465@example.com,+1-673-986-2829,2023-02-27 05:51:17,Mexico,Central,Consumer
CUST-004122,Laura, Perez  ,laura.perez606@example.com,+1-885-935-5917,2022-06-23 21:58:02,Mexico,North,Consumer
CUST-004123,Marta, Harris  ,marta.harris768@example.com,+1-923-917-5526,2022-05-18 11:24:59,Spain,West,Corporate
CUST-004124,Pedro,Anderson,pedro.anderson258@example.com,+1-985-529-3365,2024-06-04 08:40:28,Spain,Central,Consumer
CUST-004125,Laura,Garcia,laura.garcia174@example.com,+1-510-359-9623,2024-01-29 13:40:41,Brazil,Central,Consumer
CUST-004126,Laura,Lee,laura.lee807@example.com,+1-270-714-8699,2022-01-20 17:46:12,Uk,East,Corporate
CUST-004127,John,Anderson,john.anderson463@example.com,+1-244-966-4743,2024-02-09 15:25:11,Brazil,South,Corporate
CUST-004128,Marta,Smith,marta.smith930@example.com,+1-715-914-1456,2022-09-20 02:05:09,Spain,East,Corporate
CUST-004129,Olivia,Lee,olivia.lee849@example.com,+1-850-707-4953,2022-03-08 09:49:29,Germany,West,Consumer
CUST-004130,David, Lopez  ,david.lopez101@example.com,+1-426-879-5883,2024-04-27 00:27:28,Germany,West,Consumer
CUST-004131,Sofia,Garcia,sofia.garcia907@example.com,+1-474-558-8887,2024-02-29 11:46:56,Spain,South,Consumer
CUST-004132,Pedro,Brown,pedro.brown729@example.com,+1-882-406-3056,2024-10-26 20:26:43,Spain,West,Consumer
CUST-004133,Valentina,Thomas,valentina.thomas983@example.com,+1-563-896-1855,2022-07-04 15:23:50,Brazil,Central,Home Office
CUST-004134,Maria,Taylor,maria.taylor761@example.com,+1-679-312-6326,2024-01-05 13:16:55,Spain,West,Corporate
CUST-004135,Maria, Jackson  ,maria.jackson574@example.com,,2024-04-29 20:35:43,Canada,West,Home Office
CUST-004136,David,Moore,david.moore418@example.com,+1-854-214-6597,2023-05-29 20:42:17,Mexico,East,Consumer
CUST-004137,Diego,Lopez,diego.lopez225@example.com,,2022-05-27 15:07:17,Canada,South,Consumer
CUST-004138,James,Garcia,james.garcia153@example.com,+1-582-604-7620,2024-11-12 02:27:11,Uk,South,Consumer
CUST-004139,Sofia,Jackson,sofia.jackson866@example.com,+1-956-519-7354,2024-07-12 21:06:26,Brazil,Central,Consumer
CUST-004140,Mateo,White,mateo.white643@example.com,+1-821-618-4247,2024-11-05 03:06:17,Uk,West,Home Office
CUST-004141,Luis,Taylor,luis.taylor507@example.com,,2022-11-28 07:27:32,Brazil,Central,Home Office
CUST-004142,Carlos,Brown,carlos.brown834@example.com,+1-776-949-2287,2023-12-13 15:21:46,Mexico,South,Consumer
CUST-004143,John,Martinez,john.martinez289@example.com,+1-615-800-1163,2024-09-15 04:01:36,Brazil,West,Consumer
CUST-004144,John,Harris,john.harris585@example.com,+1-714-635-4993,2022-07-05 16:59:30,Germany,North,Corporate
CUST-004145,James,Taylor,james.taylor832@example.com,+1-597-204-7882,2023-04-09 05:27:28,Canada,South,Consumer
CUST-004146,Emma,Taylor,emma.taylor482@example.com,+1-411-856-6780,2024-05-04 17:51:08,Brazil,East,Consumer
CUST-004147,Pedro,Brown,pedro.brown317@example.com,+1-266-201-5881,2024-12-02 00:18:20,Spain,North,Consumer
CUST-004148,Carlos,Lee,carlos.lee19@example.com,+1-423-970-3088,2023-02-21 11:14:00,Spain,Central,Consumer
CUST-004149,Olivia,Anderson,olivia.anderson212@example.com,+1-966-532-3086,2024-02-20 08:20:50,Spain,East,Corporate
CUST-004150,Maria,Lopez,maria.lopez708@example.com,+1-970-354-1210,2024-11-20 08:50:28,Spain,Central,Consumer
CUST-004151,Diego,White,diego.white518@example.com,+1-882-622-3273,2023-11-06 02:26:35,Uk,Unknown,Consumer
CUST-004152,Maria,Lopez,maria.lopez672@example.com,+1-367-714-2287,2022-07-12 16:59:22,Brazil,Central,Consumer
CUST-004153,Emma,Moore,emma.moore395@example.com,+1-602-434-7427,2024-05-18 23:41:58,Germany,Central,Consumer
CUST-004154,Carlos,Perez,carlos.perez666@example.com,+1-452-362-7785,2022-05-31 11:52:57,Uk,Central,Consumer
CUST-004155,Ana,Davis,ana.davis701@example.com,+1-703-825-1806,2023-02-16 06:17:59,Germany,Central,Consumer
CUST-004156,Ana,Rodriguez,ana.rodriguez370@example.com,+1-423-553-4242,2024-10-01 03:55:10,Germany,South,Consumer
CUST-004157,Laura,Thomas,laura.thomas866@example.com,+1-905-658-6407,2022-09-16 15:05:36,Brazil,North,Consumer
CUST-004158,Marta,Smith,marta.smith56@example.com,+1-578-612-9213,2023-05-27 16:33:28,Uk,North,Consumer
CUST-004159,Maria,Martinez,maria.martinez338@example.com,+1-355-490-5785,2024-03-26 19:43:36,Uk,North,Consumer
CUST-004160,Carlos, Harris  ,carlos.harris244@example.com,+1-719-714-3772,2024-10-31 00:08:41,Germany,North,Consumer
CUST-004161,Laura,White,laura.white453@example.com,+1-708-623-5394,2024-08-14 20:54:40,Usa,South,Consumer
CUST-004162,Maria,Jackson,maria.jackson452@example.com,+1-623-554-3255,2023-12-22 18:30:03,Canada,South,Corporate
CUST-004163,Lucia,Lopez,lucia.lopez673@example.com,+1-475-925-1388,2023-11-03 04:46:15,Uk,East,Consumer
CUST-004164,Laura,White,laura.white195@example.com,+1-887-962-5194,2023-08-31 11:38:42,Brazil,West,Corporate
CUST-004165,Diego,Moore,diego.moore740@example.com,+1-443-755-9782,2022-06-07 15:54:29,Mexico,East,Consumer
CUST-004166,Luis,White,,+1-576-808-6679,2022-07-05 14:34:25,Germany,West,Consumer
CUST-004167,Sofia,Davis,sofia.davis983@example.com,+1-974-805-4084,2024-01-17 13:58:02,Spain,North,Home Office
CUST-004168,Camila,Anderson,camila.anderson158@example.com,+1-852-670-1502,2022-06-28 15:06:43,Brazil,North,Consumer
CUST-004169,Marta,Rodriguez,marta.rodriguez36@example.com,+1-922-743-9072,2024-04-19 19:28:31,Usa,West,Consumer
CUST-004170,Sofia,Gomez,sofia.gomez949@example.com,+1-849-929-4517,2023-04-03 20:02:45,Uk,North,Home Office
CUST-004171,Carlos,Gomez,carlos.gomez406@example.com,+1-688-638-4601,2024-05-24 16:07:28,Canada,North,Consumer
CUST-004172,Olivia,Rodriguez,olivia.rodriguez793@example.com,+1-456-715-4666,,Mexico,West,Consumer
CUST-004173,Olivia,Lopez,olivia.lopez356@example.com,+1-615-875-6340,2022-01-06 17:51:15,Spain,East,Corporate
CUST-004174,Emma,White,emma.white501@example.com,+1-689-234-6204,2024-04-15 09:29:22,Brazil,West,Consumer
CUST-004175,David,Garcia,david.garcia258@example.com,+1-943-811-1092,2024-03-14 21:29:37,Germany,East,Consumer
CUST-004176,Diego,Thompson,diego.thompson508@example.com,+1-964-446-1820,2024-12-26 12:52:51,Uk,Central,Consumer
CUST-004177,John,Smith,john.smith339@example.com,+1-417-296-3238,2022-11-26 21:28:25,Spain,South,Consumer
CUST-004178,Diego,Martinez,diego.martinez279@example.com,+1-707-996-9329,2023-10-10 01:46:23,Germany,North,Consumer
CUST-004179,Valentina,Smith,valentina.smith15@example.com,+1-292-998-5814,2023-09-19 14:03:27,Usa,East,Corporate
CUST-004180,Olivia,Gomez,olivia.gomez27@example.com,+1-272-793-1910,2022-03-25 01:16:17,Brazil,South,Consumer
CUST-004181,Marta,Wilson,marta.wilson452@example.com,+1-976-926-4797,2024-03-14 22:58:00,Mexico,West,Consumer
CUST-004182,Lucia,White,lucia.white840@example.com,+1-787-851-1531,2023-04-21 20:11:15,Uk,East,Consumer
CUST-004183,John,White,john.white326@example.com,+1-789-587-9156,2024-12-23 02:27:51,Uk,South,Consumer
CUST-004184,Emma,Gomez,emma.gomez301@example.com,+1-328-876-9872,2023-12-19 23:12:25,Mexico,South,Consumer
CUST-004185,Maria,Lopez,maria.lopez990@example.com,+1-796-871-1685,2022-06-27 07:08:51,Spain,East,Corporate
CUST-004186,Ana,White,ana.white171@example.com,+1-877-791-5631,2023-08-25 02:17:44,Spain,South,Consumer
CUST-004187,Olivia,Harris,olivia.harris747@example.com,+1-899-433-3285,2022-03-16 08:59:22,Uk,Central,Corporate
CUST-004188,Diego,Martin,diego.martin874@example.com,+1-640-237-7344,2024-03-08 06:01:08,Spain,Central,Consumer
CUST-004189,Marta,Garcia,marta.garcia800@example.com,+1-517-217-4480,2023-02-18 20:32:27,Uk,West,Consumer
CUST-004190,Sebastian,Martin,sebastian.martin298@example.com,+1-885-916-4185,2023-08-11 00:46:38,Uk,North,Consumer
CUST-004191,Diego,Rodriguez,diego.rodriguez708@example.com,+1-974-782-4350,2022-11-26 23:04:12,Uk,West,Corporate
CUST-004192,Carlos,Moore,carlos.moore249@example.com,+1-722-370-1072,2024-02-22 17:10:55,Usa,East,Home Office
CUST-004193,Sebastian,Garcia,sebastian.garcia121@example.com,+1-427-428-2727,2023-10-30 02:49:41,Spain,West,Consumer
CUST-004194,Luis,Thomas,luis.thomas850@example.com,+1-659-615-8410,2024-06-15 17:57:36,Usa,Central,Consumer
CUST-004195,Sebastian,Thompson,sebastian.thompson782@example.com,+1-234-433-1967,2022-10-04 05:40:58,Uk,West,Consumer
CUST-004196,Olivia,Wilson,olivia.wilson367@example.com,+1-715-839-4042,2022-03-10 08:40:24,Germany,North,Consumer
CUST-004197,Ana,Moore,ana.moore501@example.com,+1-742-693-2814,2024-06-15 21:38:59,Spain,South,Consumer
CUST-004198,Andres,Lee,andres.lee388@example.com,+1-531-549-8624,2022-12-25 02:20:07,Canada,West,Consumer
CUST-004199,Diego,Lee,diego.lee715@example.com,+1-572-297-6065,2023-06-14 11:31:05,Canada,West,Consumer
CUST-004200,Carlos,Taylor,carlos.taylor737@example.com,+1-507-504-9490,2024-06-27 19:21:49,Canada,East,Consumer
CUST-004201,Diego,Harris,diego.harris725@example.com,+1-315-733-6985,2022-04-10 03:47:41,Spain,North,Corporate
CUST-004202,Marta,Jackson,marta.jackson915@example.com,+1-455-437-9903,2024-09-02 12:32:10,Usa,East,Consumer
CUST-004203,Pedro,Jackson,pedro.jackson38@example.com,,2024-10-09 15:03:45,Spain,Central,Consumer
CUST-004204,Andres,Thompson,andres.thompson517@example.com,+1-952-414-2109,2023-02-19 21:13:20,Canada,East,Consumer
CUST-004205,Luis,Brown,luis.brown328@example.com,+1-721-638-1845,2024-09-20 09:03:07,Germany,East,Corporate
CUST-004206,James,Moore,james.moore705@example.com,+1-446-411-9855,2023-02-20 21:02:50,Canada,South,Consumer
CUST-004207,James,Martinez,james.martinez788@example.com,+1-528-662-1878,2023-07-26 12:20:33,Usa,East,Home Office
CUST-004208,Marta,Lee,marta.lee962@example.com,+1-853-336-7593,2024-12-22 07:00:15,Uk,Central,Consumer
CUST-004209,Emma,Brown,emma.brown694@example.com,+1-956-348-8601,2023-07-06 03:13:42,Brazil,North,Corporate
CUST-004210,Lucia,Brown,,+1-847-586-8580,2024-11-13 09:08:10,Brazil,West,Corporate
CUST-004211,Carlos,Davis,carlos.davis26@example.com,+1-414-900-6644,2024-08-19 23:43:07,Mexico,West,Consumer
CUST-004212,Olivia,Brown,olivia.brown540@example.com,+1-298-784-4100,2024-04-26 04:28:22,Spain,Central,Consumer
CUST-004213,Camila,Wilson,camila.wilson791@example.com,+1-929-379-4652,2022-07-04 05:04:44,Uk,Unknown,Home Office
CUST-004214,Lucia, Brown  ,lucia.brown247@example.com,+1-901-793-5107,2023-12-15 03:27:04,Uk,East,Consumer
CUST-004215,James,Wilson,james.wilson864@example.com,+1-752-827-3690,2022-05-12 11:35:19,Uk,Central,Home Office
CUST-004216,David,Garcia,david.garcia785@example.com,+1-203-252-4805,2023-06-20 12:38:22,Brazil,South,Consumer
CUST-004217,Carlos,Perez,,+1-686-395-6347,2022-11-05 11:01:23,Spain,Central,Consumer
CUST-004218,Olivia,White,olivia.white369@example.com,+1-653-302-7989,2024-02-18 18:20:26,Uk,West,Corporate
CUST-004219,Maria,Davis,maria.davis799@example.com,+1-956-575-1977,2022-10-30 19:05:48,Brazil,South,Home Office
CUST-004220,Diego,Thompson,diego.thompson396@example.com,+1-499-840-4445,2023-10-05 10:51:06,Brazil,West,Consumer
CUST-004221,Valentina,Thompson,valentina.thompson216@example.com,+1-220-790-3785,2022-12-25 13:09:42,Uk,West,Consumer
CUST-004222,Andres,Anderson,andres.anderson479@example.com,+1-880-418-7437,2024-03-20 07:37:18,Usa,West,Consumer
CUST-004223,Ana,Thompson,ana.thompson397@example.com,+1-242-305-8685,2023-08-25 05:44:29,Germany,West,Home Office
CUST-004224,Sofia,Perez,sofia.perez242@example.com,+1-412-917-7639,2022-01-30 11:20:41,Uk,North,Consumer
CUST-004225,Pedro,Lee,pedro.lee585@example.com,+1-282-846-2479,2023-07-31 15:46:08,Spain,South,Consumer
CUST-004226,David,Smith,david.smith966@example.com,+1-297-262-2604,2023-04-14 14:08:00,Brazil,South,Corporate
CUST-004227,Diego,Brown,diego.brown537@example.com,+1-480-571-6212,2022-10-22 11:08:31,Usa,East,Corporate
CUST-004228,Sebastian, Thomas  ,sebastian.thomas631@example.com,+1-587-355-3667,2024-07-18 20:55:58,Mexico,North,Corporate
CUST-004229,John,Gomez,john.gomez320@example.com,+1-739-637-2307,2024-11-13 01:19:29,Brazil,West,Corporate
CUST-004230,Luis,Brown,luis.brown913@example.com,+1-206-503-7862,2024-03-08 21:31:21,Usa,North,Consumer
CUST-004231,Andres,Thomas,andres.thomas524@example.com,+1-849-839-2735,2023-02-13 13:49:32,Spain,South,Home Office
CUST-004232,Laura,Garcia,laura.garcia427@example.com,+1-598-841-9054,2022-02-18 19:52:04,Uk,East,Consumer
CUST-004233,Mateo,Rodriguez,mateo.rodriguez931@example.com,+1-277-640-6720,2022-10-30 02:02:17,Spain,South,Home Office
CUST-004234,Laura,Martinez,,+1-737-785-4195,2023-03-10 12:37:02,Mexico,East,Corporate
CUST-004235,Ana,Martin,ana.martin820@example.com,+1-269-857-1250,2022-06-06 16:53:44,Spain,South,Corporate
CUST-004236,James,Gomez,james.gomez250@example.com,+1-877-874-1418,2022-12-12 12:35:58,Germany,North,Corporate
CUST-004237,Diego,Martin,diego.martin259@example.com,,2022-07-13 08:05:47,Germany,South,Corporate
CUST-004238,Mateo, Garcia  ,mateo.garcia467@example.com,+1-788-978-6190,2023-06-06 12:59:30,Mexico,North,Consumer
CUST-004239,Sebastian,Brown,sebastian.brown772@example.com,+1-976-792-3912,2023-08-23 05:42:07,Usa,South,Consumer
CUST-004240,Sebastian,Garcia,sebastian.garcia806@example.com,+1-869-385-1779,2024-01-01 18:31:57,Uk,East,Consumer
CUST-004241,Olivia,Moore,olivia.moore124@example.com,+1-361-627-8046,2022-01-08 06:03:10,Mexico,Unknown,Home Office
CUST-004242,Luis,Lee,,+1-339-485-2038,2023-04-12 08:26:07,Uk,East,Consumer
CUST-004243,David,Brown,david.brown47@example.com,+1-959-973-3758,2024-01-19 17:42:26,Mexico,Central,Consumer
CUST-004244,Sofia,Rodriguez,sofia.rodriguez518@example.com,+1-488-502-1774,2023-04-17 08:26:44,Brazil,West,Consumer
CUST-004245,Emma,Harris,emma.harris159@example.com,+1-948-775-6838,2023-06-29 19:05:53,Usa,South,Consumer
CUST-004246,Ana,Perez,ana.perez656@example.com,+1-460-298-5710,2024-04-21 20:15:57,Brazil,South,Corporate
CUST-004247,Camila,Smith,camila.smith327@example.com,+1-220-540-1937,2024-11-21 09:55:01,Germany,Central,Home Office
CUST-004248,John,Thomas,john.thomas857@example.com,+1-522-320-3052,2022-02-26 07:41:49,Brazil,West,Consumer
CUST-004249,Luis,Harris,luis.harris495@example.com,+1-459-495-5213,2022-04-17 17:07:52,Uk,South,Consumer
CUST-004250,Maria,Lee,maria.lee497@example.com,+1-457-931-1161,2022-09-13 01:04:34,Canada,East,Consumer
CUST-004251,Valentina,Perez,valentina.perez938@example.com,+1-742-605-6399,2023-07-22 17:43:21,Spain,South,Consumer
CUST-004252,Laura,Harris,laura.harris415@example.com,+1-586-205-8249,2024-02-14 04:55:07,Canada,West,Consumer
CUST-004253,Luis, Anderson  ,luis.anderson270@example.com,+1-306-351-1109,2024-08-20 20:19:41,Usa,Central,Consumer
CUST-004254,Diego,Perez,diego.perez514@example.com,+1-854-357-6825,2023-03-08 04:50:00,Spain,Central,Corporate
CUST-004255,Camila,Anderson,camila.anderson314@example.com,+1-421-794-5047,2022-01-10 13:17:23,Usa,West,Consumer
CUST-004256,Lucia,Harris,,+1-651-582-3169,2023-11-04 15:40:34,Brazil,Central,Consumer
CUST-004257,Sebastian,Smith,sebastian.smith683@example.com,+1-958-301-8001,2023-03-21 07:08:49,Brazil,West,Consumer
CUST-004258,Olivia,Thomas,olivia.thomas268@example.com,+1-863-766-2098,2022-11-03 09:02:50,Mexico,South,Consumer
CUST-004259,Laura,Brown,laura.brown236@example.com,+1-974-827-4607,2024-11-21 00:24:57,Canada,Central,Corporate
CUST-004260,James,Rodriguez,james.rodriguez139@example.com,+1-958-914-7506,2024-01-21 01:31:14,Uk,Central,Home Office
CUST-004261,Emma,Brown,emma.brown901@example.com,+1-442-497-1494,2024-08-16 03:23:08,Usa,East,Corporate
CUST-004262,Andres,Lee,andres.lee467@example.com,+1-536-478-9019,2023-09-16 07:20:37,Germany,West,Home Office
CUST-004263,Luis,Wilson,luis.wilson590@example.com,+1-627-669-9749,2022-03-23 02:28:13,Uk,East,Consumer
CUST-004264,Lucia,Thomas,lucia.thomas969@example.com,+1-661-438-7306,2024-09-08 03:25:32,Spain,North,Corporate
CUST-004265,Laura,Gomez,laura.gomez482@example.com,+1-410-611-9870,2023-12-04 21:08:14,Usa,North,Consumer
CUST-004266,Ana,Anderson,ana.anderson723@example.com,+1-890-708-6140,2022-08-13 15:37:51,Uk,East,Home Office
CUST-004267,Luis,Lee,luis.lee825@example.com,+1-306-901-9238,2022-11-27 18:25:55,Brazil,West,Corporate
CUST-004268,Diego,White,diego.white397@example.com,+1-527-718-8579,2022-07-26 06:35:29,Canada,West,Consumer
CUST-004269,Maria,Lopez,maria.lopez271@example.com,+1-750-539-8203,2022-03-07 20:14:27,Germany,West,Consumer
CUST-004270,John, Martinez  ,john.martinez336@example.com,+1-688-910-3618,2024-02-28 19:59:46,Spain,North,Consumer
CUST-004271,Sofia,White,sofia.white171@example.com,+1-702-976-9749,2022-08-29 18:31:41,Mexico,South,Consumer
CUST-004272,Camila, Garcia  ,camila.garcia27@example.com,+1-853-742-5787,2024-04-08 03:38:16,Germany,East,Corporate
CUST-004273,Sebastian,Thomas,sebastian.thomas198@example.com,+1-676-930-4717,2024-01-24 02:14:48,Germany,East,Consumer
CUST-004274,Diego,Davis,diego.davis543@example.com,+1-528-577-7611,2022-09-11 17:59:12,Usa,West,Corporate
CUST-004275,Diego,Harris,diego.harris262@example.com,,2023-06-08 09:51:58,Germany,East,Consumer
CUST-004276,Luis,Wilson,luis.wilson804@example.com,+1-655-578-7722,2022-03-16 01:38:36,Canada,South,Corporate
CUST-004277,John,Smith,john.smith320@example.com,+1-994-241-8283,2024-05-15 22:06:35,Brazil,South,Consumer
CUST-004278,Valentina,Brown,valentina.brown751@example.com,+1-775-715-6409,2022-12-28 11:07:23,Canada,West,Home Office
CUST-004279,Laura,Wilson,laura.wilson590@example.com,+1-958-813-3444,2024-09-21 13:38:50,Usa,Central,Consumer
CUST-004280,Emma,Jackson,emma.jackson647@example.com,,2024-04-15 13:20:01,Uk,West,Corporate
CUST-004281,David,Lee,david.lee933@example.com,+1-261-917-6285,2022-05-18 06:49:37,Uk,South,Consumer
CUST-004282,Camila,Smith,camila.smith710@example.com,+1-707-670-2972,2024-05-30 20:19:30,Mexico,South,Corporate
CUST-004283,Ana,Lopez,ana.lopez297@example.com,+1-429-917-1328,2024-08-31 09:21:49,Usa,South,Consumer
CUST-004284,Luis,Smith,luis.smith124@example.com,+1-405-301-7701,2023-08-25 14:26:55,Spain,West,Consumer
CUST-004285,Sofia,Lee,sofia.lee449@example.com,+1-313-359-8338,2022-01-02 20:57:32,Germany,West,Consumer
CUST-004286,Diego,Davis,diego.davis10@example.com,+1-620-979-5843,2023-10-30 06:29:49,Germany,West,Consumer
CUST-004287,Andres,Gomez,andres.gomez216@example.com,+1-724-760-2649,2023-08-26 17:44:02,Germany,West,Consumer
CUST-004288,Sofia,Brown,sofia.brown36@example.com,+1-347-955-6697,2024-06-16 11:21:35,Canada,North,Consumer
CUST-004289,David,White,david.white327@example.com,+1-722-516-7897,2022-05-17 09:55:44,Brazil,South,Consumer
CUST-004290,Luis,Anderson,luis.anderson827@example.com,+1-678-724-3581,2024-02-26 23:47:18,Usa,South,Consumer
CUST-004291,Ana,Moore,ana.moore328@example.com,+1-927-919-6749,2022-08-09 01:11:41,Germany,South,Consumer
CUST-004292,Maria,Rodriguez,maria.rodriguez31@example.com,+1-918-838-8721,2023-06-12 08:14:39,Usa,South,Consumer
CUST-004293,Luis,Jackson,luis.jackson450@example.com,+1-645-615-6291,2024-02-26 10:25:50,Germany,North,Consumer
CUST-004294,Carlos,Wilson,carlos.wilson643@example.com,+1-867-316-7748,2022-11-18 20:34:41,Mexico,South,Consumer
CUST-004295,Carlos,Perez,carlos.perez936@example.com,+1-275-677-1197,2024-06-08 13:18:52,Uk,North,Consumer
CUST-004296,Valentina,Smith,valentina.smith464@example.com,+1-429-391-2896,2023-11-13 08:08:24,Brazil,West,Home Office
CUST-004297,Sebastian,Moore,sebastian.moore366@example.com,+1-540-581-3185,2023-08-31 14:52:57,Usa,East,Consumer
CUST-004298,Olivia,Gomez,olivia.gomez682@example.com,+1-574-709-1137,2023-12-14 13:15:32,Canada,Central,Home Office
CUST-004299,Luis,Thompson,luis.thompson545@example.com,+1-704-473-5739,2024-03-27 03:22:18,Canada,South,Consumer
CUST-004300,Camila,White,camila.white672@example.com,+1-377-525-7506,2024-06-07 21:43:30,Canada,West,Consumer
CUST-004301,Diego,Gomez,diego.gomez393@example.com,+1-863-391-6484,2022-03-13 12:35:29,Usa,East,Consumer
CUST-004302,Camila,Martin,camila.martin78@example.com,+1-799-405-8776,2024-01-14 18:58:06,Mexico,Central,Consumer
CUST-004303,Maria,Brown,maria.brown822@example.com,+1-402-473-5115,2024-07-19 12:10:08,Uk,North,Corporate
CUST-004304,Andres,Lee,andres.lee705@example.com,+1-363-314-4233,2024-05-16 09:47:17,Brazil,North,Consumer
CUST-004305,Lucia,Garcia,lucia.garcia153@example.com,+1-916-641-6494,2023-10-18 09:02:20,Canada,South,Consumer
CUST-004306,Laura,Martin,laura.martin760@example.com,+1-892-722-2552,2022-03-22 00:05:16,Usa,East,Consumer
CUST-004307,John,Brown,john.brown75@example.com,+1-830-771-9769,2024-06-25 09:55:13,Usa,Central,Corporate
CUST-004308,Laura,Rodriguez,laura.rodriguez787@example.com,+1-509-767-2956,2024-07-05 04:56:34,Brazil,Central,Consumer
CUST-004309,Andres,Rodriguez,andres.rodriguez746@example.com,+1-214-733-1296,2022-01-17 11:46:58,Uk,Central,Corporate
CUST-004310,Andres,Gomez,andres.gomez874@example.com,+1-870-720-1684,2023-11-07 19:53:51,Usa,East,Consumer
CUST-004311,Emma,Anderson,emma.anderson349@example.com,+1-234-766-2840,2022-02-21 01:45:20,Mexico,West,Home Office
CUST-004312,David,Thomas,david.thomas738@example.com,+1-873-642-1623,2024-11-27 23:06:39,Canada,North,Corporate
CUST-004313,Maria,Lopez,maria.lopez719@example.com,+1-624-782-5971,2024-04-21 15:13:10,Usa,Unknown,Home Office
CUST-004314,Maria,Brown,maria.brown928@example.com,+1-640-658-7914,2023-08-19 09:24:13,Canada,Central,Consumer
CUST-004315,James,White,james.white885@example.com,+1-394-606-3600,2024-12-08 01:52:39,Brazil,East,Corporate
CUST-004316,Sebastian,Wilson,sebastian.wilson614@example.com,+1-276-376-7369,2023-10-20 00:09:49,Spain,Central,Consumer
CUST-004317,David,Rodriguez,david.rodriguez742@example.com,+1-465-962-8089,2022-06-11 13:27:03,Brazil,East,Consumer
CUST-004318,John,Jackson,john.jackson363@example.com,+1-702-724-2581,2024-03-11 07:41:06,Usa,East,Home Office
CUST-004319,Andres,Taylor,andres.taylor311@example.com,+1-440-713-7489,2022-04-28 10:35:02,Germany,North,Consumer
CUST-004320,James,Smith,james.smith395@example.com,+1-347-941-6291,2024-12-18 06:55:07,Spain,South,Corporate
CUST-004321,David,Gomez,david.gomez152@example.com,+1-477-944-9015,2024-08-24 14:02:14,Mexico,North,Home Office
CUST-004322,Diego,Lopez,diego.lopez686@example.com,+1-782-572-6948,2023-03-22 17:50:26,Mexico,East,Consumer
CUST-004323,John,Perez,john.perez705@example.com,+1-530-716-4278,2022-01-28 20:59:37,Canada,East,Home Office
CUST-004324,Luis,Perez,luis.perez378@example.com,+1-477-848-5575,2023-03-26 05:07:29,Germany,West,Consumer
CUST-004325,James,White,james.white128@example.com,+1-803-376-1248,2024-11-10 15:46:42,Uk,West,Consumer
CUST-004326,Andres,Davis,andres.davis380@example.com,+1-880-812-7795,2022-12-31 05:10:21,Brazil,West,Corporate
CUST-004327,Sofia,Rodriguez,sofia.rodriguez552@example.com,+1-441-284-3851,2024-04-28 17:06:45,Mexico,South,Home Office
CUST-004328,John,Thompson,john.thompson628@example.com,+1-957-821-6642,2023-02-26 12:21:01,Germany,West,Corporate
CUST-004329,Luis,Brown,luis.brown916@example.com,+1-726-218-2440,2022-10-02 16:32:32,Brazil,North,Corporate
CUST-004330,Ana,Jackson,ana.jackson578@example.com,+1-503-571-1290,2022-09-24 04:51:40,Germany,West,Corporate
CUST-004331,Camila,Anderson,camila.anderson466@example.com,+1-428-995-6976,2023-07-02 07:46:30,Mexico,North,Home Office
CUST-004332,Pedro,Rodriguez,pedro.rodriguez32@example.com,+1-960-422-4051,2022-05-30 08:40:38,Germany,North,Corporate
CUST-004333,Diego,Jackson,diego.jackson878@example.com,+1-786-852-1818,2024-08-17 15:27:26,Brazil,West,Home Office
CUST-004334,Laura,Lee,laura.lee662@example.com,+1-849-339-1847,2024-09-14 03:33:11,Usa,North,Consumer
CUST-004335,Sebastian,Rodriguez,sebastian.rodriguez257@example.com,+1-452-959-8672,2024-11-09 20:18:33,Canada,West,Consumer
CUST-004336,Maria,Thompson,maria.thompson481@example.com,+1-928-687-6665,2024-07-04 23:27:36,Canada,South,Home Office
CUST-004337,Pedro,Martinez,pedro.martinez333@example.com,+1-416-805-4702,2022-09-30 22:25:35,Canada,South,Consumer
CUST-004338,James,Lee,james.lee462@example.com,+1-988-385-8470,2024-09-03 16:36:33,Mexico,East,Consumer
CUST-004339,Marta,Smith,marta.smith110@example.com,+1-874-733-9610,2022-12-04 12:32:04,Canada,North,Consumer
CUST-004340,Pedro,Perez,pedro.perez443@example.com,+1-235-432-7200,2023-09-25 06:54:11,Uk,South,Consumer
CUST-004341,Lucia,Thompson,lucia.thompson556@example.com,+1-717-504-3889,2024-09-28 00:34:32,Spain,East,Consumer
CUST-004342,Camila,Thompson,camila.thompson378@example.com,+1-879-715-6096,2023-05-21 16:16:38,Spain,West,Consumer
CUST-004343,Lucia,White,lucia.white699@example.com,+1-803-381-9621,2023-05-16 12:23:28,Canada,South,Corporate
CUST-004344,Luis,Martinez,luis.martinez318@example.com,+1-617-283-7876,2023-10-12 23:29:54,Brazil,Central,Home Office
CUST-004345,Diego,Martin,diego.martin538@example.com,+1-880-269-9516,2024-07-15 20:44:06,Uk,West,Consumer
CUST-004346,Diego,Garcia,diego.garcia891@example.com,+1-787-533-5760,2023-04-06 23:12:00,Mexico,Central,Consumer
CUST-004347,Maria,Lopez,maria.lopez767@example.com,+1-648-377-4762,2023-11-18 23:01:50,Mexico,North,Consumer
CUST-004348,Laura,Martin,laura.martin507@example.com,+1-699-784-7922,2023-03-14 05:00:40,Brazil,South,Consumer
CUST-004349,Camila,Moore,camila.moore300@example.com,+1-984-776-9084,2023-12-25 16:55:17,Uk,North,Corporate
CUST-004350,Sebastian,Martinez,sebastian.martinez21@example.com,+1-245-763-3020,2022-10-04 00:50:46,Spain,North,Consumer
CUST-004351,Laura,Brown,laura.brown837@example.com,+1-617-883-7819,2024-10-30 21:42:18,Usa,West,Consumer
CUST-004352,Maria,Thomas,maria.thomas332@example.com,+1-800-548-2764,2024-09-27 09:13:28,Spain,Central,Corporate
CUST-004353,Luis,White,luis.white456@example.com,+1-300-847-1229,2024-03-25 18:36:50,Usa,North,Corporate
CUST-004354,James,Perez,james.perez922@example.com,+1-387-479-3566,2024-09-17 23:59:30,Canada,West,Home Office
CUST-004355,Pedro,White,pedro.white434@example.com,+1-557-920-3105,2024-03-18 22:32:34,Mexico,Central,Consumer
CUST-004356,Luis,Taylor,luis.taylor468@example.com,+1-327-800-8614,2022-08-24 05:39:13,Germany,East,Consumer
CUST-004357,Emma,Wilson,emma.wilson778@example.com,+1-440-535-4801,2023-02-26 15:43:45,Brazil,East,Corporate
CUST-004358,Mateo,Lee,mateo.lee218@example.com,+1-456-939-3131,2024-06-28 14:07:36,Spain,East,Consumer
CUST-004359,Mateo,Thomas,,+1-881-271-1148,2022-04-09 10:54:23,Germany,Central,Consumer
CUST-004360,Maria,Wilson,maria.wilson482@example.com,+1-688-276-3987,2022-01-03 18:34:07,Usa,West,Consumer
CUST-004361,Camila,Harris,,+1-470-603-7439,2022-03-14 15:00:41,Uk,West,Corporate
CUST-004362,Laura,Lee,laura.lee813@example.com,+1-967-292-8527,2022-11-07 04:21:30,Spain,South,Consumer
CUST-004363,David,Taylor,david.taylor434@example.com,+1-712-872-5013,2024-03-09 01:50:08,Canada,South,Consumer
CUST-004364,Emma,Moore,emma.moore733@example.com,+1-347-571-6339,2024-02-01 19:22:12,Brazil,West,Consumer
CUST-004365,Marta,Gomez,marta.gomez993@example.com,,2024-08-29 02:00:59,Germany,West,Consumer
CUST-004366,David,Harris,david.harris832@example.com,+1-672-595-5391,2023-09-02 15:07:00,Germany,North,Consumer
CUST-004367,Lucia,Garcia,lucia.garcia625@example.com,+1-914-854-4352,2023-06-18 23:53:37,Brazil,South,Consumer
CUST-004368,Camila,Moore,camila.moore882@example.com,+1-651-541-7462,2022-12-27 10:51:14,Mexico,South,Consumer
CUST-004369,Luis,White,luis.white66@example.com,+1-844-819-6519,2023-10-15 14:19:03,Brazil,South,Home Office
CUST-004370,Luis,Moore,luis.moore400@example.com,+1-348-928-2935,2023-02-16 01:57:33,Mexico,North,Consumer
CUST-004371,Luis,Martin,luis.martin474@example.com,+1-958-929-1908,2024-11-11 10:56:21,Spain,Central,Consumer
CUST-004372,Emma,Taylor,emma.taylor895@example.com,+1-904-946-8805,2023-02-05 23:00:10,Germany,South,Corporate
CUST-004373,James,Brown,james.brown945@example.com,+1-843-367-6192,2024-09-15 21:08:39,Germany,Central,Consumer
CUST-004374,Olivia,Lee,olivia.lee343@example.com,+1-569-505-9467,2022-05-06 21:34:49,Uk,North,Consumer
CUST-004375,Carlos,White,carlos.white624@example.com,+1-983-815-2574,2024-02-26 11:51:24,Mexico,Central,Consumer
CUST-004376,Mateo,Gomez,mateo.gomez673@example.com,+1-330-787-5051,2022-04-12 07:53:48,Spain,North,Consumer
CUST-004377,Sofia,Moore,sofia.moore586@example.com,+1-399-682-5289,2024-11-09 15:19:01,Usa,South,Consumer
CUST-004378,Diego,Thompson,diego.thompson78@example.com,+1-568-711-8897,2023-08-12 03:02:36,Germany,South,Corporate
CUST-004379,Maria,Perez,maria.perez177@example.com,+1-917-840-7134,2023-06-29 02:17:53,Germany,Central,Consumer
CUST-004380,Diego,Garcia,diego.garcia447@example.com,+1-882-573-6504,2024-08-26 20:18:54,Uk,South,Consumer
CUST-004381,James,Taylor,james.taylor708@example.com,+1-759-530-9032,2022-09-23 00:56:25,Spain,West,Consumer
CUST-004382,Sofia,Martinez,sofia.martinez623@example.com,+1-428-441-6846,2022-12-30 05:13:57,Uk,West,Consumer
CUST-004383,Mateo,Lopez,mateo.lopez744@example.com,+1-398-559-7716,2024-02-07 10:56:03,Brazil,South,Consumer
CUST-004384,Pedro,Lee,pedro.lee423@example.com,+1-483-892-6897,2023-06-29 11:41:08,Usa,West,Corporate
CUST-004385,Valentina,Rodriguez,valentina.rodriguez777@example.com,+1-210-325-6790,2022-07-30 01:47:39,Uk,Central,Consumer
CUST-004386,Sebastian,Lee,sebastian.lee413@example.com,+1-957-517-6744,2023-10-10 00:55:50,Germany,East,Consumer
CUST-004387,Ana,Thomas,ana.thomas11@example.com,+1-311-201-7888,2024-12-20 17:42:44,Uk,West,Corporate
CUST-004388,Laura,Wilson,laura.wilson446@example.com,+1-281-802-4475,2024-10-20 16:15:28,Uk,Central,Home Office
CUST-004389,Lucia,Davis,lucia.davis805@example.com,+1-849-502-7367,2024-02-26 12:01:58,Canada,South,Consumer
CUST-004390,Olivia,Martin,olivia.martin762@example.com,+1-787-618-4749,2023-07-21 07:13:55,Brazil,Central,Home Office
CUST-004391,Sofia,Martinez,sofia.martinez942@example.com,+1-374-714-2875,2024-05-31 22:25:57,Usa,East,Consumer
CUST-004392,Emma,Lee,emma.lee212@example.com,+1-762-854-9171,2023-08-18 08:54:56,Mexico,East,Consumer
CUST-004393,Carlos,Lopez,carlos.lopez9@example.com,+1-527-848-1063,2023-08-17 09:11:35,Brazil,South,Corporate
CUST-004394,Ana,Harris,ana.harris886@example.com,+1-856-777-7997,2024-09-06 05:57:55,Uk,North,Consumer
CUST-004395,Camila,Lee,camila.lee242@example.com,+1-619-586-1263,2024-07-12 20:49:51,Uk,East,Consumer
CUST-004396,Andres,Thompson,andres.thompson450@example.com,+1-969-505-8941,2022-07-10 08:26:28,Brazil,West,Consumer
CUST-004397,Andres,Martin,andres.martin540@example.com,+1-558-736-8379,2024-12-18 10:54:08,Uk,Central,Corporate
CUST-004398,James,Taylor,james.taylor120@example.com,+1-450-315-9769,2024-07-16 09:13:02,Mexico,East,Home Office
CUST-004399,Andres,Moore,andres.moore941@example.com,+1-645-448-6245,2022-05-13 06:35:35,Mexico,West,Consumer
CUST-004400,Mateo,Lee,mateo.lee243@example.com,+1-649-855-3585,2023-07-23 02:53:21,Canada,South,Consumer
CUST-004401,Valentina,Martin,valentina.martin379@example.com,+1-592-274-2333,2024-06-29 19:57:44,Spain,Central,Corporate
CUST-004402,Mateo,Thomas,mateo.thomas505@example.com,+1-806-884-9812,2024-02-04 08:02:39,Canada,South,Corporate
CUST-004403,Luis,Gomez,luis.gomez332@example.com,+1-803-212-6237,2022-05-03 10:26:12,Mexico,North,Consumer
CUST-004404,Lucia,Thomas,lucia.thomas292@example.com,+1-233-530-2100,2024-01-17 20:48:47,Canada,East,Consumer
CUST-004405,Carlos,Anderson,carlos.anderson129@example.com,+1-873-957-8689,2024-04-17 03:45:19,Canada,South,Corporate
CUST-004406,David,Smith,david.smith345@example.com,+1-442-407-7092,2024-04-12 07:05:26,Germany,East,Corporate
CUST-004407,Mateo,Thomas,mateo.thomas585@example.com,+1-605-360-9253,2022-02-11 06:46:06,Germany,North,Consumer
CUST-004408,Ana,Perez,ana.perez574@example.com,+1-700-982-6328,2024-09-30 23:02:34,Brazil,Central,Corporate
CUST-004409,Sebastian,Martinez,,+1-676-635-5055,2024-09-02 01:43:33,Uk,West,Consumer
CUST-004410,Camila,Perez,camila.perez889@example.com,+1-647-594-7748,2023-05-22 00:59:28,Uk,Unknown,Corporate
CUST-004411,Mateo,Perez,mateo.perez953@example.com,+1-543-211-1905,2023-10-30 23:23:45,Mexico,East,Home Office
CUST-004412,Luis,Martin,luis.martin616@example.com,+1-609-360-1445,2022-10-15 02:58:27,Usa,West,Corporate
CUST-004413,Carlos,Martinez,carlos.martinez365@example.com,+1-351-659-9467,2024-04-08 05:45:53,Mexico,East,Consumer
CUST-004414,Ana,Thomas,ana.thomas687@example.com,+1-280-955-6754,2023-09-16 15:29:12,Brazil,North,Consumer
CUST-004415,Olivia,Thomas,olivia.thomas599@example.com,+1-764-989-8246,2023-02-21 05:59:33,Mexico,East,Consumer
CUST-004416,Camila, Thompson  ,camila.thompson687@example.com,+1-235-718-9205,2024-07-31 11:04:26,Usa,West,Consumer
CUST-004417,Marta,Davis,marta.davis374@example.com,+1-400-959-7420,2022-01-05 12:19:58,Uk,West,Consumer
CUST-004418,Valentina,Davis,valentina.davis35@example.com,+1-987-664-1393,2024-01-30 12:42:50,Usa,South,Home Office
CUST-004419,Diego,Harris,diego.harris460@example.com,+1-386-266-3105,2024-04-30 19:28:08,Usa,East,Consumer
CUST-004420,David,Thompson,david.thompson801@example.com,+1-228-387-8921,2024-07-10 18:57:28,Mexico,South,Consumer
CUST-004421,Sebastian,Martinez,sebastian.martinez296@example.com,+1-942-787-3795,2022-08-17 11:17:35,Usa,South,Consumer
CUST-004422,Mateo,Rodriguez,mateo.rodriguez892@example.com,+1-636-905-4149,2022-01-06 20:37:13,Usa,Central,Consumer
CUST-004423,Emma,Smith,emma.smith573@example.com,+1-467-899-9222,2024-04-15 07:26:03,Spain,West,Corporate
CUST-004424,Valentina,Lopez,valentina.lopez454@example.com,+1-365-403-9777,2024-05-17 14:22:09,Brazil,East,Corporate
CUST-004425,Luis,Moore,luis.moore493@example.com,+1-580-558-6828,2024-08-30 16:20:38,Spain,South,Corporate
CUST-004426,Marta,Anderson,marta.anderson831@example.com,+1-203-526-8240,2022-07-25 17:31:36,Germany,South,Consumer
CUST-004427,Ana,Anderson,ana.anderson184@example.com,+1-536-904-9735,2022-03-22 23:42:06,Uk,Central,Consumer
CUST-004428,Ana,Thompson,ana.thompson826@example.com,,2023-10-18 05:30:24,Canada,East,Consumer
CUST-004429,Pedro,Taylor,pedro.taylor645@example.com,+1-352-247-9624,2024-08-25 00:46:29,Canada,East,Home Office
CUST-004430,Ana,Anderson,ana.anderson379@example.com,+1-260-678-5963,2022-06-25 21:06:42,Canada,North,Consumer
CUST-004431,Ana,Perez,ana.perez439@example.com,+1-984-896-2877,2022-09-01 03:07:50,Mexico,East,Corporate
CUST-004432,Diego,Garcia,diego.garcia664@example.com,+1-491-217-5513,2023-04-19 16:02:10,Germany,East,Consumer
CUST-004433,Luis,Anderson,luis.anderson566@example.com,+1-508-234-3257,2023-11-19 04:44:15,Germany,West,Consumer
CUST-004434,Camila,Harris,camila.harris950@example.com,+1-866-593-6081,2022-03-18 22:05:58,Spain,East,Corporate
CUST-004435,Marta,Jackson,marta.jackson757@example.com,+1-912-865-9293,2023-12-15 01:28:57,Germany,South,Corporate
CUST-004436,Lucia,Davis,lucia.davis414@example.com,+1-499-698-3295,2023-03-22 05:59:53,Mexico,East,Consumer
CUST-004437,Valentina,Lopez,valentina.lopez40@example.com,+1-736-947-4619,2024-09-19 08:34:55,Mexico,North,Corporate
CUST-004438,Pedro,Brown,pedro.brown279@example.com,+1-862-851-7667,2023-06-18 14:36:49,Germany,South,Corporate
CUST-004439,Luis,Smith,luis.smith267@example.com,+1-565-416-9991,2022-03-13 00:39:42,Mexico,Central,Home Office
CUST-004440,Sebastian,Jackson,sebastian.jackson648@example.com,+1-369-523-2711,2024-10-12 10:58:50,Usa,Central,Consumer
CUST-004441,Olivia, Smith  ,olivia.smith968@example.com,+1-658-415-2204,2024-10-25 18:07:29,Spain,North,Home Office
CUST-004442,Valentina,Lopez,valentina.lopez993@example.com,+1-616-746-2681,2024-03-26 08:06:53,Usa,South,Home Office
CUST-004443,Sebastian,Anderson,sebastian.anderson618@example.com,+1-311-895-3959,2024-02-17 20:00:26,Usa,East,Consumer
CUST-004444,Lucia,Wilson,lucia.wilson268@example.com,+1-618-594-3514,2023-10-29 13:27:36,Brazil,South,Consumer
CUST-004445,James,Rodriguez,james.rodriguez111@example.com,+1-330-651-7593,2024-05-13 21:36:31,Uk,West,Consumer
CUST-004446,Carlos,White,carlos.white951@example.com,+1-710-963-6063,2023-12-28 17:46:40,Mexico,East,Consumer
CUST-004447,Luis,White,luis.white632@example.com,,2024-11-01 08:25:48,Germany,South,Consumer
CUST-004448,Marta,Lee,marta.lee956@example.com,+1-634-237-5550,2022-07-12 06:16:48,Brazil,North,Consumer
CUST-004449,Laura,Martin,laura.martin919@example.com,+1-627-540-1604,2022-06-29 09:38:42,Mexico,North,Consumer
CUST-004450,Diego,Wilson,diego.wilson992@example.com,+1-553-898-9195,2023-08-05 23:02:31,Canada,Central,Home Office
CUST-004451,Diego,Harris,diego.harris746@example.com,+1-577-463-2414,2023-08-09 20:52:31,Spain,North,Corporate
CUST-004452,Olivia,Thompson,olivia.thompson261@example.com,,2022-04-02 15:36:13,Canada,North,Corporate
CUST-004453,Sebastian,Davis,sebastian.davis253@example.com,+1-808-601-6329,2024-06-28 05:59:58,Mexico,South,Corporate
CUST-004454,Diego,Gomez,diego.gomez289@example.com,+1-875-892-2983,2024-09-22 11:19:22,Brazil,East,Corporate
CUST-004455,Laura,Gomez,laura.gomez446@example.com,+1-910-326-4118,2022-12-15 12:49:37,Canada,East,Consumer
CUST-004456,James,Thomas,james.thomas89@example.com,,2024-02-29 15:39:52,Germany,South,Corporate
CUST-004457,Emma,Thompson,emma.thompson962@example.com,+1-325-904-6899,2023-06-08 12:32:57,Usa,North,Consumer
CUST-004458,James,Wilson,james.wilson892@example.com,+1-843-570-3316,2022-09-29 17:31:17,Mexico,North,Consumer
CUST-004459,Sebastian, Perez  ,sebastian.perez523@example.com,+1-480-862-9611,2022-05-07 06:15:34,Germany,North,Consumer
CUST-004460,Mateo,Garcia,mateo.garcia401@example.com,+1-392-410-6027,2022-11-06 01:11:15,Germany,South,Corporate
CUST-004461,Emma,Lee,emma.lee959@example.com,+1-307-950-5067,2024-12-20 05:30:50,Brazil,West,Consumer
CUST-004462,David,Rodriguez,david.rodriguez900@example.com,+1-619-328-8353,2022-11-13 16:16:49,Germany,West,Consumer
CUST-004463,Diego,Harris,diego.harris934@example.com,+1-718-720-3025,2023-11-19 21:08:24,Germany,East,Corporate
CUST-004464,Sebastian,Martin,sebastian.martin771@example.com,+1-501-797-3474,2024-07-26 20:56:29,Mexico,East,Corporate
CUST-004465,Emma,Garcia,emma.garcia428@example.com,,2023-02-17 05:42:56,Spain,West,Consumer
CUST-004466,Laura,Harris,laura.harris932@example.com,+1-903-538-4766,2022-01-10 14:43:17,Germany,West,Home Office
CUST-004467,Valentina,Davis,valentina.davis33@example.com,+1-395-277-7501,2023-01-18 04:29:39,Germany,South,Home Office
CUST-004468,Mateo,Martin,mateo.martin350@example.com,+1-449-509-1675,2022-01-31 07:33:00,Uk,Central,Consumer
CUST-004469,Emma,Lopez,emma.lopez815@example.com,+1-880-945-2570,2023-10-16 18:38:40,Usa,North,Consumer
CUST-004470,Laura,Thompson,laura.thompson162@example.com,+1-455-633-3214,2022-01-24 19:34:43,Usa,North,Home Office
CUST-004471,David, Perez  ,david.perez857@example.com,+1-909-955-6986,2024-12-18 07:03:41,Usa,North,Consumer
CUST-004472,David,White,david.white558@example.com,+1-296-568-8941,2024-09-18 08:57:32,Mexico,North,Home Office
CUST-004473,Camila,Garcia,camila.garcia690@example.com,+1-586-993-7984,2022-02-14 00:26:53,Uk,West,Corporate
CUST-004474,David,Moore,david.moore62@example.com,+1-496-606-1620,2023-12-25 05:08:20,Brazil,South,Corporate
CUST-004475,Pedro,Lee,pedro.lee149@example.com,+1-544-307-3398,2022-09-27 15:31:10,Germany,North,Home Office
CUST-004476,David,Thomas,david.thomas979@example.com,+1-625-328-2065,2022-03-30 02:11:49,Uk,East,Consumer
CUST-004477,Marta,Lee,marta.lee946@example.com,+1-867-218-7466,2024-10-13 04:56:58,Germany,Central,Home Office
CUST-004478,Maria,Smith,maria.smith658@example.com,+1-562-388-7924,2024-09-05 19:19:55,Brazil,West,Home Office
CUST-004479,Luis,Thompson,luis.thompson429@example.com,+1-765-295-7411,2023-03-16 20:17:07,Spain,Unknown,Consumer
CUST-004480,Luis,Martin,luis.martin483@example.com,+1-400-255-9609,2023-04-08 16:30:25,Usa,East,Corporate
CUST-004481,Camila,Gomez,camila.gomez634@example.com,+1-210-817-3540,2023-02-04 00:57:09,Usa,Unknown,Corporate
CUST-004482,Lucia,Brown,lucia.brown816@example.com,,2024-03-25 23:01:41,Canada,East,Consumer
CUST-004483,Valentina,Thomas,valentina.thomas639@example.com,+1-735-933-9753,2024-07-08 19:17:02,Uk,South,Consumer
CUST-004484,Carlos,Martin,carlos.martin546@example.com,,2023-04-13 05:33:31,Uk,South,Consumer
CUST-004485,Camila,Martin,camila.martin988@example.com,+1-989-535-5193,2022-12-24 01:21:12,Usa,East,Consumer
CUST-004486,David,Thompson,david.thompson502@example.com,+1-989-576-5778,2023-08-29 08:32:45,Germany,North,Consumer
CUST-004487,Lucia,Anderson,lucia.anderson615@example.com,+1-474-665-9946,2024-01-10 01:53:50,Usa,West,Corporate
CUST-004488,Camila, Brown  ,camila.brown772@example.com,+1-638-421-7550,2023-07-07 14:58:02,Uk,Central,Consumer
CUST-004489,James,Taylor,james.taylor664@example.com,+1-217-486-6508,2024-01-19 19:48:43,Canada,Central,Consumer
CUST-004490,Luis,Gomez,luis.gomez766@example.com,+1-675-232-1888,2024-10-20 06:51:18,Usa,West,Corporate
CUST-004491,John,Garcia,john.garcia785@example.com,+1-571-801-9197,,Mexico,South,Consumer
CUST-004492,John,Taylor,john.taylor595@example.com,+1-630-470-1301,2024-05-11 04:12:22,Usa,North,Consumer
CUST-004493,Ana,Garcia,ana.garcia944@example.com,+1-413-534-4040,2023-02-14 00:15:35,Spain,West,Consumer
CUST-004494,Carlos,Moore,carlos.moore704@example.com,+1-780-412-2265,2022-04-22 14:07:01,Germany,East,Consumer
CUST-004495,Lucia,Moore,lucia.moore237@example.com,+1-319-588-2548,2023-04-10 10:39:42,Usa,Central,Home Office
CUST-004496,Emma,Lopez,emma.lopez66@example.com,+1-686-287-8354,2022-01-16 04:24:29,Uk,Central,Consumer
CUST-004497,Olivia,Wilson,olivia.wilson343@example.com,+1-980-312-6930,2022-04-05 01:03:00,Uk,North,Consumer
CUST-004498,Ana,Gomez,ana.gomez423@example.com,+1-989-651-4813,2023-11-13 23:13:02,Mexico,South,Corporate
CUST-004499,David,Taylor,david.taylor90@example.com,+1-683-642-4909,2024-01-26 13:09:43,Canada,East,Consumer
CUST-004500,Ana,Martinez,ana.martinez826@example.com,+1-739-975-7166,2023-01-16 17:26:15,Usa,North,Consumer
CUST-004501,Marta,Jackson,marta.jackson173@example.com,+1-501-795-3746,2022-02-14 07:02:12,Mexico,West,Consumer
CUST-004502,Pedro,Garcia,,+1-244-576-8713,2023-09-09 03:06:40,Brazil,East,Consumer
CUST-004503,Sofia,Lee,sofia.lee711@example.com,+1-893-986-6699,2024-10-07 05:56:32,Brazil,North,Consumer
CUST-004504,Olivia, Perez  ,olivia.perez610@example.com,+1-931-318-7570,2024-12-09 20:09:52,Spain,South,Consumer
CUST-004505,John,Thomas,john.thomas96@example.com,+1-268-464-3662,2022-08-21 09:34:44,Usa,South,Consumer
CUST-004506,Valentina,Anderson,valentina.anderson909@example.com,+1-512-626-8202,2024-01-17 07:53:40,Usa,South,Consumer
CUST-004507,Mateo,Wilson,mateo.wilson588@example.com,+1-200-898-7715,2022-07-09 14:38:48,Uk,East,Consumer
CUST-004508,Marta,Smith,marta.smith488@example.com,,2023-12-22 09:15:14,Usa,North,Corporate
CUST-004509,Maria, Lee  ,maria.lee905@example.com,+1-291-672-1473,2024-04-05 14:05:18,Usa,South,Corporate
CUST-004510,Luis,Lopez,luis.lopez689@example.com,+1-328-662-4493,2022-08-01 19:22:44,Canada,North,Corporate
CUST-004511,Valentina,Garcia,valentina.garcia167@example.com,,2024-07-20 17:07:00,Uk,West,Consumer
CUST-004512,Diego,Wilson,diego.wilson32@example.com,+1-265-783-2045,2022-01-26 23:39:51,Germany,East,Consumer
CUST-004513,Sofia,Moore,sofia.moore727@example.com,+1-648-766-3433,2022-04-28 10:35:29,Usa,North,Consumer
CUST-004514,Laura,Davis,laura.davis781@example.com,+1-905-376-5963,2023-07-10 02:32:17,Spain,North,Consumer
CUST-004515,Mateo,Thomas,mateo.thomas675@example.com,+1-605-646-3367,2023-08-21 10:00:12,Spain,Central,Consumer
CUST-004516,David,Smith,david.smith917@example.com,+1-500-329-2200,2024-05-21 02:53:05,Brazil,Central,Consumer
CUST-004517,Luis, Rodriguez  ,luis.rodriguez827@example.com,+1-811-556-2602,2024-11-27 22:51:41,Germany,East,Corporate
CUST-004518,David,Wilson,david.wilson401@example.com,+1-526-350-2058,2024-05-15 18:01:52,Mexico,West,Consumer
CUST-004519,Emma,Rodriguez,emma.rodriguez970@example.com,+1-643-970-5429,2022-07-21 21:08:05,Spain,East,Consumer
CUST-004520,Luis,Thomas,luis.thomas106@example.com,+1-298-907-4492,2023-08-13 17:19:24,Germany,North,Home Office
CUST-004521,Pedro,Jackson,pedro.jackson648@example.com,+1-307-975-1194,2023-05-11 18:04:19,Uk,Central,Corporate
CUST-004522,Luis,Lee,luis.lee591@example.com,+1-900-967-6263,2024-05-27 16:29:18,Germany,West,Consumer
CUST-004523,Sebastian,Perez,sebastian.perez15@example.com,+1-480-309-6287,2023-04-11 23:04:59,Spain,East,Corporate
CUST-004524,Mateo,Anderson,mateo.anderson247@example.com,+1-443-473-4651,2024-10-17 13:30:43,Germany,Central,Consumer
CUST-004525,Diego,Harris,diego.harris36@example.com,+1-296-880-7988,2024-09-05 18:16:33,Spain,East,Consumer
CUST-004526,James,Rodriguez,james.rodriguez682@example.com,+1-919-695-6239,2022-06-06 01:46:33,Mexico,North,Corporate
CUST-004527,Emma,Lee,emma.lee85@example.com,+1-965-318-9492,2022-02-07 11:55:22,Uk,West,Consumer
CUST-004528,Olivia,Wilson,olivia.wilson756@example.com,+1-835-567-3771,2022-02-06 20:33:31,Usa,East,Corporate
CUST-004529,James, Smith  ,james.smith495@example.com,+1-784-356-9227,2023-12-19 02:27:16,Uk,East,Consumer
CUST-004530,Sofia,Moore,sofia.moore518@example.com,+1-250-606-4366,2024-03-26 22:04:34,Uk,South,Consumer
CUST-004531,Diego,Lopez,diego.lopez612@example.com,+1-554-475-1577,2022-07-05 23:09:55,Spain,West,Consumer
CUST-004532,Mateo,Perez,mateo.perez523@example.com,+1-745-953-1883,2022-02-23 14:20:09,Uk,South,Consumer
CUST-004533,John, Martinez  ,john.martinez472@example.com,+1-796-540-3286,2022-08-30 20:11:07,Canada,South,Consumer
CUST-004534,Maria,Brown,maria.brown400@example.com,+1-697-710-3244,2023-11-06 12:36:19,Usa,South,Consumer
CUST-004535,James,Jackson,james.jackson435@example.com,+1-379-905-8544,2022-09-10 04:13:41,Mexico,North,Consumer
CUST-004536,Carlos,Lee,carlos.lee194@example.com,+1-347-406-6169,2024-10-09 23:41:09,Brazil,South,Corporate
CUST-004537,Laura,Brown,laura.brown693@example.com,+1-516-939-3474,2022-07-27 00:25:55,Uk,East,Consumer
CUST-004538,Olivia,Harris,olivia.harris918@example.com,+1-692-467-2833,2023-05-04 13:27:26,Germany,Central,Consumer
CUST-004539,Andres,Harris,andres.harris147@example.com,+1-550-251-6395,2023-08-12 20:37:42,Canada,East,Consumer
CUST-004540,Ana,White,ana.white368@example.com,+1-905-956-9968,2024-01-16 17:54:07,Brazil,Central,Corporate
CUST-004541,Andres,Rodriguez,andres.rodriguez303@example.com,+1-887-386-9004,2024-03-20 07:40:37,Brazil,Central,Consumer
CUST-004542,Sofia,Rodriguez,sofia.rodriguez739@example.com,+1-841-301-7918,2024-12-02 02:36:04,Canada,Central,Consumer
CUST-004543,David,Thomas,david.thomas105@example.com,+1-875-851-2206,2022-08-01 08:42:55,Germany,South,Consumer
CUST-004544,Ana,Lee,ana.lee193@example.com,+1-581-983-1726,2023-11-04 06:29:06,Spain,East,Consumer
CUST-004545,Camila,Wilson,camila.wilson853@example.com,+1-994-495-2697,2024-12-11 06:12:31,Canada,South,Corporate
CUST-004546,Sofia,Brown,sofia.brown877@example.com,,2023-04-13 09:04:32,Uk,East,Home Office
CUST-004547,Mateo,Smith,mateo.smith213@example.com,+1-798-307-5072,2023-09-16 17:28:39,Usa,Central,Home Office
CUST-004548,Sebastian,Martin,sebastian.martin211@example.com,+1-691-832-3776,2024-11-29 04:30:39,Canada,North,Consumer
CUST-004549,Sebastian,Brown,sebastian.brown385@example.com,+1-865-255-9451,2022-10-15 00:14:15,Uk,Central,Consumer
CUST-004550,Maria,Taylor,maria.taylor640@example.com,+1-437-276-8358,2022-08-07 19:47:11,Mexico,East,Corporate
CUST-004551,Sebastian,Thompson,sebastian.thompson554@example.com,+1-203-402-8278,2023-05-20 23:13:37,Mexico,West,Home Office
CUST-004552,David,Thompson,david.thompson99@example.com,+1-428-413-8297,2022-09-10 02:13:41,Germany,East,Consumer
CUST-004553,Lucia,Brown,lucia.brown863@example.com,+1-575-520-6055,2023-09-20 01:08:05,Brazil,West,Home Office
CUST-004554,Ana,Gomez,ana.gomez936@example.com,+1-438-564-6274,2023-10-20 23:39:58,Uk,Central,Consumer
CUST-004555,Emma, Wilson  ,emma.wilson684@example.com,+1-327-997-9375,2022-07-27 00:59:55,Germany,Central,Corporate
CUST-004556,Camila,Rodriguez,camila.rodriguez330@example.com,+1-259-339-9764,2024-11-25 10:12:23,Brazil,West,Consumer
CUST-004557,Sebastian,Brown,sebastian.brown528@example.com,+1-697-953-6801,2023-11-29 07:58:48,Brazil,North,Home Office
CUST-004558,Diego,Anderson,diego.anderson329@example.com,+1-440-421-1545,2022-07-25 16:14:50,Spain,North,Consumer
CUST-004559,Diego,Lee,diego.lee661@example.com,+1-878-914-7579,2022-05-05 07:45:39,Spain,South,Consumer
CUST-004560,Camila,Garcia,camila.garcia714@example.com,+1-295-306-6445,2024-06-01 12:16:05,Germany,South,Consumer
CUST-004561,David,Lee,david.lee744@example.com,+1-316-394-5188,2023-02-25 02:04:40,Canada,West,Consumer
CUST-004562,Maria,Martin,maria.martin793@example.com,+1-420-697-4460,2022-01-18 01:00:02,Brazil,North,Corporate
CUST-004563,Camila,Martinez,camila.martinez918@example.com,+1-214-493-7079,2022-04-15 18:50:11,Canada,North,Consumer
CUST-004564,John,Moore,john.moore849@example.com,+1-476-659-5891,2023-01-09 04:37:23,Mexico,West,Consumer
CUST-004565,Mateo,Rodriguez,mateo.rodriguez369@example.com,+1-528-262-7956,2022-10-29 11:57:33,Spain,South,Consumer
CUST-004566,Andres, Gomez  ,andres.gomez734@example.com,+1-424-593-8227,2023-11-18 22:43:44,Germany,North,Consumer
CUST-004567,Olivia,Brown,olivia.brown637@example.com,+1-553-688-9990,2022-03-12 22:02:23,Usa,South,Consumer
CUST-004568,Marta,Gomez,marta.gomez583@example.com,+1-818-971-7789,2022-07-22 19:38:47,Spain,East,Consumer
CUST-004569,Diego,Thomas,diego.thomas762@example.com,+1-913-936-9824,2024-07-03 02:53:32,Spain,West,Consumer
CUST-004570,Carlos,Smith,carlos.smith267@example.com,+1-256-851-6923,2023-10-07 03:05:30,Mexico,East,Consumer
CUST-004571,Laura,Gomez,laura.gomez50@example.com,+1-319-946-7448,2022-12-23 23:31:11,Brazil,East,Corporate
CUST-004572,Andres,Rodriguez,andres.rodriguez947@example.com,+1-224-273-4671,2022-03-14 09:22:30,Spain,North,Consumer
CUST-004573,Luis,Taylor,luis.taylor397@example.com,+1-845-690-1313,2022-04-17 20:47:10,Usa,East,Corporate
CUST-004574,Laura,Jackson,laura.jackson317@example.com,+1-731-463-1091,2024-01-06 01:47:05,Usa,North,Home Office
CUST-004575,Luis,Gomez,luis.gomez731@example.com,+1-622-460-6878,2023-08-23 09:10:19,Uk,West,Consumer
CUST-004576,Emma,Anderson,emma.anderson360@example.com,+1-374-569-7656,2024-06-21 00:41:20,Mexico,Central,Consumer
CUST-004577,Sofia,Anderson,sofia.anderson436@example.com,+1-337-523-8266,2024-03-22 15:21:59,Usa,North,Home Office
CUST-004578,Valentina,Smith,valentina.smith617@example.com,+1-539-956-2296,2024-08-21 03:14:48,Uk,North,Consumer
CUST-004579,John,Moore,john.moore182@example.com,+1-897-873-7109,2023-12-24 02:10:48,Uk,North,Consumer
CUST-004580,Marta,Harris,marta.harris316@example.com,+1-446-311-6541,2022-02-16 00:47:02,Brazil,North,Corporate
CUST-004581,Laura,Garcia,laura.garcia701@example.com,+1-481-692-8933,2024-06-05 14:06:01,Canada,North,Corporate
CUST-004582,David,Brown,david.brown125@example.com,+1-797-669-7586,2023-05-22 17:10:41,Usa,South,Consumer
CUST-004583,Lucia,Lopez,lucia.lopez523@example.com,+1-460-499-5555,2024-04-26 13:49:31,Uk,West,Consumer
CUST-004584,Valentina,Harris,valentina.harris258@example.com,+1-899-515-2376,2023-01-04 19:44:32,Canada,South,Consumer
CUST-004585,Maria,Garcia,maria.garcia885@example.com,+1-654-847-3080,2023-05-11 09:53:52,Germany,East,Corporate
CUST-004586,Andres,Brown,andres.brown767@example.com,+1-934-532-2512,2024-07-26 09:41:25,Spain,East,Home Office
CUST-004587,Camila,Anderson,camila.anderson911@example.com,+1-205-788-6071,2022-02-10 13:59:55,Mexico,Central,Consumer
CUST-004588,Lucia,Rodriguez,lucia.rodriguez660@example.com,+1-966-496-9243,2022-11-13 17:59:53,Uk,North,Corporate
CUST-004589,Mateo,Rodriguez,mateo.rodriguez407@example.com,+1-882-853-8820,2024-09-06 15:13:16,Spain,East,Home Office
CUST-004590,Mateo,Davis,mateo.davis544@example.com,+1-246-529-5067,2024-07-16 09:58:58,Spain,South,Consumer
CUST-004591,Camila,Lopez,camila.lopez126@example.com,+1-633-329-9818,2024-07-19 20:48:47,Brazil,East,Consumer
CUST-004592,Olivia,Jackson,olivia.jackson711@example.com,+1-609-971-1939,2024-05-20 22:13:54,Usa,Central,Consumer
CUST-004593,Emma,Taylor,emma.taylor390@example.com,+1-459-329-6611,2022-12-02 21:00:10,Germany,Central,Consumer
CUST-004594,Olivia,Jackson,olivia.jackson866@example.com,+1-215-743-6816,2024-10-13 15:18:30,Spain,West,Consumer
CUST-004595,John,Gomez,john.gomez867@example.com,+1-868-646-4482,2024-02-07 21:31:31,Germany,West,Consumer
CUST-004596,Pedro,Wilson,pedro.wilson489@example.com,+1-692-313-5451,2024-07-01 01:14:22,Mexico,West,Corporate
CUST-004597,Olivia,Smith,olivia.smith993@example.com,+1-573-967-1299,2022-10-04 03:06:53,Mexico,East,Home Office
CUST-004598,Laura,Harris,laura.harris37@example.com,+1-855-835-9818,2023-08-01 11:40:35,Brazil,East,Consumer
CUST-004599,Lucia,Davis,lucia.davis265@example.com,+1-473-964-5408,2024-10-01 12:59:44,Mexico,East,Corporate
CUST-004600,Mateo,Moore,mateo.moore216@example.com,+1-447-546-5448,2024-04-19 06:41:23,Usa,East,Consumer
CUST-004601,Camila,Thomas,camila.thomas800@example.com,+1-210-902-8361,2023-03-18 05:50:43,Brazil,West,Consumer
CUST-004602,Sofia,Lee,sofia.lee586@example.com,+1-534-888-9315,2024-03-07 20:15:16,Brazil,North,Home Office
CUST-004603,Sebastian,White,sebastian.white862@example.com,+1-361-953-7985,2023-07-13 14:40:32,Usa,South,Consumer
CUST-004604,Diego,Harris,diego.harris807@example.com,+1-851-391-8613,2022-03-05 15:50:39,Germany,East,Consumer
CUST-004605,Carlos,Harris,carlos.harris202@example.com,+1-908-569-1756,2023-08-08 02:03:42,Brazil,Central,Corporate
CUST-004606,John,Jackson,john.jackson230@example.com,+1-689-707-8651,2023-12-28 19:07:58,Mexico,South,Consumer
CUST-004607,John,Jackson,john.jackson578@example.com,+1-266-800-2830,2023-08-13 14:11:04,Canada,West,Consumer
CUST-004608,Ana,Lee,ana.lee352@example.com,+1-821-380-6640,2022-12-22 01:18:48,Usa,West,Corporate
CUST-004609,James,Jackson,james.jackson543@example.com,+1-263-691-9349,2024-09-02 05:10:02,Canada,North,Consumer
CUST-004610,Luis,Gomez,luis.gomez65@example.com,+1-401-420-6044,2024-12-08 21:05:58,Usa,South,Consumer
CUST-004611,Mateo,Anderson,mateo.anderson183@example.com,+1-642-787-3876,2023-04-20 10:08:50,Uk,East,Consumer
CUST-004612,Ana,Garcia,ana.garcia689@example.com,+1-791-854-6774,2024-02-16 22:14:18,Uk,North,Consumer
CUST-004613,Carlos,White,carlos.white431@example.com,+1-469-240-5051,2023-09-08 02:28:55,Usa,Central,Consumer
CUST-004614,Olivia,Harris,olivia.harris270@example.com,+1-645-565-6716,2022-07-13 03:29:28,Usa,South,Consumer
CUST-004615,Emma, Rodriguez  ,emma.rodriguez377@example.com,+1-817-594-8081,2022-05-02 15:45:16,Germany,Central,Consumer
CUST-004616,Emma,White,emma.white847@example.com,+1-393-771-4404,2023-08-18 17:32:13,Mexico,East,Home Office
CUST-004617,Valentina,Perez,valentina.perez395@example.com,,2023-09-07 08:47:10,Mexico,Central,Corporate
CUST-004618,Marta,Smith,marta.smith10@example.com,+1-948-383-8349,2023-05-14 17:17:25,Spain,South,Corporate
CUST-004619,Maria,Martin,maria.martin834@example.com,+1-276-610-3594,2023-02-23 13:01:31,Usa,East,Consumer
CUST-004620,Carlos,Jackson,carlos.jackson633@example.com,+1-820-349-5553,2024-06-27 23:50:04,Germany,East,Corporate
CUST-004621,Valentina,Rodriguez,valentina.rodriguez148@example.com,+1-604-771-8559,2024-08-12 17:44:46,Uk,South,Corporate
CUST-004622,Valentina,White,valentina.white882@example.com,+1-808-281-3809,2023-07-04 19:10:18,Brazil,West,Consumer
CUST-004623,Mateo,Lee,mateo.lee510@example.com,+1-751-592-2367,2023-06-11 01:53:36,Mexico,North,Consumer
CUST-004624,Carlos,Harris,carlos.harris887@example.com,+1-835-590-6136,2024-02-12 06:38:59,Spain,East,Consumer
CUST-004625,Marta,Lee,marta.lee77@example.com,+1-881-726-1822,2023-03-28 05:07:25,Usa,East,Consumer
CUST-004626,Maria,Gomez,maria.gomez826@example.com,+1-304-780-2131,2024-07-31 04:54:08,Uk,East,Consumer
CUST-004627,David,Martin,david.martin949@example.com,+1-384-632-6970,2022-04-26 15:56:23,Uk,North,Consumer
CUST-004628,Lucia,Rodriguez,lucia.rodriguez326@example.com,+1-230-280-4432,2024-01-03 13:28:20,Canada,North,Corporate
CUST-004629,Ana,Lopez,ana.lopez524@example.com,+1-509-578-7482,2023-10-25 16:07:34,Spain,South,Home Office
CUST-004630,Maria,Rodriguez,maria.rodriguez59@example.com,+1-911-247-2074,2024-09-04 16:47:26,Mexico,Central,Consumer
CUST-004631,Olivia,Taylor,olivia.taylor975@example.com,+1-228-711-4821,2024-04-29 00:14:52,Canada,North,Corporate
CUST-004632,Olivia,Davis,,+1-441-809-8881,2024-07-17 23:04:09,Germany,North,Consumer
CUST-004633,Ana,Lopez,ana.lopez580@example.com,+1-375-623-3563,2023-08-16 02:47:39,Spain,Central,Corporate
CUST-004634,Carlos,Brown,carlos.brown16@example.com,+1-200-625-2267,2023-06-19 07:35:56,Uk,West,Consumer
CUST-004635,Camila,Jackson,camila.jackson55@example.com,+1-375-865-6129,2024-04-05 03:05:42,Mexico,South,Consumer
CUST-004636,Luis,Wilson,luis.wilson86@example.com,+1-265-770-1506,2024-08-22 01:11:05,Mexico,East,Consumer
CUST-004637,Marta,Rodriguez,marta.rodriguez725@example.com,+1-315-785-6373,2022-05-24 22:15:17,Spain,West,Consumer
CUST-004638,Sofia,Lee,sofia.lee615@example.com,+1-999-395-5489,2024-04-11 18:00:01,Brazil,Central,Consumer
CUST-004639,Luis,Thomas,luis.thomas935@example.com,+1-714-540-7160,2023-06-10 05:26:57,Mexico,West,Consumer
CUST-004640,Laura,Brown,laura.brown318@example.com,+1-610-467-1932,2023-01-03 14:04:57,Uk,East,Corporate
CUST-004641,Valentina,Jackson,valentina.jackson800@example.com,+1-946-978-9061,2022-08-13 12:17:18,Spain,East,Home Office
CUST-004642,Valentina,Brown,valentina.brown796@example.com,+1-710-311-2897,2024-10-18 10:55:35,Uk,Central,Corporate
CUST-004643,John,Moore,john.moore378@example.com,+1-769-221-2239,2022-04-24 20:39:46,Brazil,East,Consumer
CUST-004644,Mateo,Smith,mateo.smith412@example.com,+1-703-955-9985,2022-12-15 13:53:13,Spain,East,Home Office
CUST-004645,Laura,Wilson,laura.wilson94@example.com,+1-506-485-3251,2023-08-17 22:43:26,Mexico,South,Corporate
CUST-004646,Mateo,Gomez,mateo.gomez552@example.com,+1-262-916-6677,2024-12-21 01:35:18,Usa,East,Corporate
CUST-004647,David,Martin,david.martin674@example.com,+1-625-989-3896,2024-11-14 14:57:12,Uk,East,Home Office
CUST-004648,Olivia,Smith,olivia.smith147@example.com,+1-460-264-7733,2023-08-24 20:30:51,Germany,Central,Consumer
CUST-004649,Sofia,Gomez,sofia.gomez392@example.com,+1-875-751-2287,2024-06-30 15:59:18,Germany,North,Consumer
CUST-004650,Sebastian,Garcia,sebastian.garcia226@example.com,+1-636-568-8739,2023-06-27 05:36:46,Germany,South,Consumer
CUST-004651,Olivia,Moore,olivia.moore755@example.com,+1-307-899-1776,2024-04-21 11:23:30,Mexico,North,Home Office
CUST-004652,Maria, Thomas  ,maria.thomas30@example.com,+1-706-642-1227,2022-03-19 02:55:28,Germany,West,Consumer
CUST-004653,John,Thompson,john.thompson6@example.com,+1-659-684-5102,2022-01-13 06:31:04,Uk,East,Home Office
CUST-004654,James,Martin,james.martin106@example.com,+1-742-840-8010,2024-06-13 17:35:33,Brazil,North,Consumer
CUST-004655,Mateo,Martinez,mateo.martinez619@example.com,+1-943-363-3897,2022-07-09 20:08:33,Spain,South,Consumer
CUST-004656,John,Wilson,john.wilson11@example.com,+1-850-806-3474,2023-02-25 04:01:55,Mexico,South,Consumer
CUST-004657,Carlos,Taylor,carlos.taylor548@example.com,+1-427-400-7927,2024-09-20 16:53:19,Mexico,North,Home Office
CUST-004658,Camila,Lopez,camila.lopez704@example.com,+1-988-246-6657,2022-12-16 21:35:26,Uk,East,Corporate
CUST-004659,Olivia,Moore,olivia.moore882@example.com,+1-752-229-2484,2024-12-28 06:25:16,Germany,South,Consumer
CUST-004660,Lucia,Martinez,lucia.martinez545@example.com,+1-421-624-2573,2022-05-05 00:31:48,Spain,Central,Consumer
CUST-004661,Sofia,Taylor,sofia.taylor844@example.com,+1-873-239-2144,2024-10-02 14:41:18,Spain,South,Corporate
CUST-004662,Lucia,Rodriguez,lucia.rodriguez64@example.com,+1-431-580-6522,2024-07-26 22:32:20,Mexico,Central,Consumer
CUST-004663,John,Moore,john.moore921@example.com,+1-587-971-2259,2024-06-16 15:51:34,Germany,West,Consumer
CUST-004664,Camila,Moore,camila.moore555@example.com,+1-606-964-4159,2023-12-13 14:02:42,Spain,North,Consumer
CUST-004665,James,Rodriguez,james.rodriguez526@example.com,+1-699-392-3364,2024-02-09 02:12:24,Uk,South,Consumer
CUST-004666,Laura,Taylor,laura.taylor825@example.com,+1-762-220-7344,2022-04-05 22:22:16,Mexico,North,Corporate
CUST-004667,Sebastian,Martin,sebastian.martin843@example.com,+1-865-772-9159,2023-02-23 03:31:40,Spain,Central,Home Office
CUST-004668,Pedro,Lopez,pedro.lopez53@example.com,+1-855-204-8160,2022-04-25 14:10:53,Mexico,Central,Consumer
CUST-004669,Pedro,Rodriguez,pedro.rodriguez978@example.com,+1-227-974-1095,2023-04-19 10:04:21,Brazil,North,Consumer
CUST-004670,Marta,Jackson,marta.jackson726@example.com,+1-746-823-9134,2022-01-03 01:23:20,Brazil,Unknown,Consumer
CUST-004671,David,Lee,david.lee639@example.com,+1-205-491-5630,2024-02-03 17:01:13,Uk,North,Corporate
CUST-004672,Marta, Thompson  ,marta.thompson60@example.com,+1-469-681-1241,2023-05-12 04:36:19,Brazil,Central,Consumer
CUST-004673,Carlos,Martin,carlos.martin270@example.com,+1-577-316-4081,2024-05-21 00:09:34,Germany,North,Consumer
CUST-004674,Luis,Lopez,luis.lopez938@example.com,+1-702-536-5895,2023-11-03 17:33:22,Canada,Central,Consumer
CUST-004675,Ana,Thompson,ana.thompson185@example.com,+1-696-514-1399,2023-08-03 13:56:15,Canada,Central,Consumer
CUST-004676,Marta,Gomez,marta.gomez168@example.com,+1-552-522-4665,2024-06-29 06:41:28,Usa,East,Corporate
CUST-004677,Sebastian,Taylor,sebastian.taylor328@example.com,+1-578-257-2918,2022-05-30 06:51:51,Mexico,South,Consumer
CUST-004678,Maria,Garcia,maria.garcia567@example.com,+1-722-685-6661,2024-06-15 00:29:24,Germany,East,Consumer
CUST-004679,Andres,Lopez,andres.lopez651@example.com,+1-473-289-9403,2024-12-22 00:53:32,Mexico,North,Corporate
CUST-004680,John,Martinez,john.martinez992@example.com,+1-930-203-9070,2022-02-15 09:24:14,Germany,North,Home Office
CUST-004681,James,Garcia,james.garcia439@example.com,+1-794-818-4487,2023-11-10 07:52:26,Spain,South,Consumer
CUST-004682,Andres,Martinez,andres.martinez576@example.com,+1-785-797-5345,2024-02-23 16:18:49,Canada,Central,Consumer
CUST-004683,Andres,Davis,andres.davis581@example.com,+1-354-890-7056,2022-03-28 06:29:12,Spain,South,Corporate
CUST-004684,Lucia,Smith,lucia.smith423@example.com,+1-403-621-1743,2024-01-22 15:58:52,Usa,South,Consumer
CUST-004685,John,Davis,,+1-824-504-2418,2024-09-04 04:59:04,Germany,East,Consumer
CUST-004686,Maria,White,maria.white916@example.com,+1-640-598-5704,2023-03-31 06:54:23,Brazil,East,Consumer
CUST-004687,Diego,Taylor,diego.taylor87@example.com,+1-873-513-6162,2023-02-04 21:42:22,Spain,East,Consumer
CUST-004688,Diego,Thompson,diego.thompson377@example.com,+1-232-972-9897,2022-08-29 21:15:01,Mexico,North,Home Office
CUST-004689,Lucia,Rodriguez,lucia.rodriguez547@example.com,+1-658-832-8846,2022-08-09 14:57:31,Spain,South,Consumer
CUST-004690,Luis,Martinez,luis.martinez9@example.com,+1-487-359-4443,2023-02-11 08:45:45,Spain,South,Corporate
CUST-004691,Valentina,Rodriguez,valentina.rodriguez678@example.com,+1-783-595-1066,2022-08-01 05:17:08,Mexico,North,Corporate
CUST-004692,Sofia,Lee,sofia.lee265@example.com,+1-205-224-6084,2022-02-03 08:55:33,Spain,Central,Home Office
CUST-004693,Lucia,Jackson,lucia.jackson311@example.com,,2024-11-20 23:45:00,Canada,West,Consumer
CUST-004694,Carlos,Martin,carlos.martin489@example.com,+1-951-718-7856,2023-10-07 15:31:58,Canada,West,Consumer
CUST-004695,James,Davis,james.davis199@example.com,+1-742-259-9615,2024-09-21 05:21:38,Canada,South,Home Office
CUST-004696,Luis,White,luis.white31@example.com,+1-295-823-9880,2024-07-31 06:10:46,Mexico,West,Consumer
CUST-004697,Olivia,Taylor,olivia.taylor537@example.com,+1-909-605-3270,2022-07-23 03:47:52,Usa,Central,Consumer
CUST-004698,Diego,Davis,diego.davis472@example.com,+1-740-902-3848,2024-04-06 18:24:15,Germany,North,Home Office
CUST-004699,Sebastian,White,sebastian.white12@example.com,+1-214-587-7536,2024-03-04 18:21:26,Germany,Central,Consumer
CUST-004700,Carlos,Lee,carlos.lee320@example.com,+1-944-367-7053,2022-04-07 06:15:25,Uk,East,Consumer
CUST-004701,Valentina, Gomez  ,valentina.gomez560@example.com,+1-994-276-8366,2024-05-14 21:43:41,Canada,South,Corporate
CUST-004702,John,Harris,john.harris620@example.com,+1-653-208-4554,2024-07-23 04:29:22,Usa,Central,Consumer
CUST-004703,Emma,Wilson,emma.wilson633@example.com,+1-759-554-5234,2022-01-09 09:22:19,Uk,West,Consumer
CUST-004704,Luis,Wilson,luis.wilson253@example.com,+1-397-461-7823,2024-12-29 11:35:22,Uk,West,Home Office
CUST-004705,Olivia,Martinez,olivia.martinez62@example.com,+1-387-302-4547,2024-03-03 02:33:27,Germany,Central,Corporate
CUST-004706,Diego,Jackson,diego.jackson305@example.com,+1-257-527-8807,,Germany,East,Consumer
CUST-004707,Ana,Perez,ana.perez743@example.com,+1-769-208-4467,2024-10-18 16:12:24,Uk,South,Home Office
CUST-004708,Marta,Rodriguez,marta.rodriguez110@example.com,+1-329-628-9616,2024-06-17 19:12:20,Brazil,North,Consumer
CUST-004709,Maria,Thomas,maria.thomas499@example.com,+1-753-851-2612,2023-10-18 08:33:13,Germany,West,Consumer
CUST-004710,Maria,Anderson,maria.anderson997@example.com,+1-322-689-6541,2022-12-09 14:06:56,Canada,East,Consumer
CUST-004711,Andres,Wilson,andres.wilson253@example.com,+1-401-313-9139,2023-06-01 19:49:44,Canada,West,Consumer
CUST-004712,Luis,Taylor,luis.taylor419@example.com,+1-645-338-1524,2024-09-05 19:13:09,Mexico,North,Home Office
CUST-004713,Olivia,Perez,olivia.perez733@example.com,+1-610-459-1222,2023-07-16 04:11:04,Mexico,West,Consumer
CUST-004714,Diego,Moore,diego.moore120@example.com,+1-814-829-8959,2022-10-12 18:36:17,Germany,East,Corporate
CUST-004715,Marta,Martinez,marta.martinez925@example.com,+1-551-879-5926,2023-10-10 05:27:00,Mexico,East,Consumer
CUST-004716,Diego,Moore,diego.moore179@example.com,+1-824-382-1898,2024-07-19 16:51:55,Canada,South,Home Office
CUST-004717,Diego,Lee,diego.lee45@example.com,+1-643-882-1384,2023-07-10 03:36:02,Mexico,East,Consumer
CUST-004718,Valentina,Brown,valentina.brown735@example.com,+1-438-770-7670,2024-06-16 19:34:17,Uk,Unknown,Home Office
CUST-004719,Andres,Martinez,andres.martinez855@example.com,+1-749-882-9597,2023-02-20 14:12:34,Canada,South,Consumer
CUST-004720,Laura,Jackson,laura.jackson758@example.com,+1-631-391-7754,2024-10-23 15:40:56,Usa,North,Consumer
CUST-004721,Lucia,Taylor,lucia.taylor276@example.com,+1-856-767-1848,2024-10-15 20:22:22,Mexico,South,Consumer
CUST-004722,Maria, Anderson  ,maria.anderson421@example.com,+1-349-692-4798,2022-11-26 22:49:28,Mexico,North,Corporate
CUST-004723,Luis, Smith  ,luis.smith153@example.com,+1-638-622-5675,2022-06-08 14:12:45,Germany,North,Consumer
CUST-004724,Diego,Garcia,diego.garcia620@example.com,+1-237-780-2369,,Usa,Central,Consumer
CUST-004725,Lucia,Taylor,lucia.taylor317@example.com,+1-547-518-5073,2023-10-24 01:24:38,Usa,North,Consumer
CUST-004726,Valentina,Wilson,valentina.wilson134@example.com,+1-870-952-9043,2024-03-30 10:51:14,Spain,South,Corporate
CUST-004727,Ana,Thomas,ana.thomas842@example.com,+1-931-333-6568,2023-01-06 20:01:19,Uk,Central,Home Office
CUST-004728,Olivia,Davis,olivia.davis512@example.com,+1-992-403-3586,2022-04-26 03:58:07,Brazil,West,Consumer
CUST-004729,Lucia,White,lucia.white47@example.com,+1-967-658-1968,2022-08-06 22:50:08,Uk,West,Corporate
CUST-004730,Maria,Lopez,maria.lopez96@example.com,+1-418-885-5142,2024-10-10 00:02:01,Germany,South,Consumer
CUST-004731,Ana,Jackson,,+1-351-669-7889,2023-07-07 09:21:56,Canada,East,Corporate
CUST-004732,Pedro,Jackson,pedro.jackson144@example.com,+1-641-889-6834,2023-11-25 02:12:58,Spain,East,Home Office
CUST-004733,Pedro,Lee,pedro.lee689@example.com,+1-469-281-2338,2024-10-01 14:58:23,Usa,South,Consumer
CUST-004734,Camila,Taylor,camila.taylor735@example.com,+1-762-750-9167,2023-01-29 12:30:05,Mexico,Central,Corporate
CUST-004735,Sebastian,Lee,sebastian.lee578@example.com,+1-956-391-1972,2023-10-11 09:28:41,Germany,North,Corporate
CUST-004736,Marta,Brown,marta.brown756@example.com,+1-368-981-4742,2024-12-20 01:48:38,Spain,North,Consumer
CUST-004737,Laura,Rodriguez,laura.rodriguez933@example.com,+1-874-452-3193,2022-02-11 21:57:28,Brazil,West,Corporate
CUST-004738,Pedro,Anderson,pedro.anderson234@example.com,+1-994-934-3383,2023-04-11 21:35:44,Germany,East,Consumer
CUST-004739,Olivia,Perez,olivia.perez972@example.com,+1-710-909-5626,2024-05-27 01:57:30,Mexico,West,Home Office
CUST-004740,Sofia,Wilson,sofia.wilson737@example.com,+1-480-835-8877,2024-03-16 05:28:25,Spain,Central,Consumer
CUST-004741,Pedro,Lopez,pedro.lopez420@example.com,+1-661-842-2220,2022-01-21 00:47:35,Usa,Central,Consumer
CUST-004742,Sebastian,Anderson,sebastian.anderson178@example.com,+1-828-720-3704,2023-08-21 21:04:42,Uk,South,Consumer
CUST-004743,Laura,Martinez,laura.martinez132@example.com,+1-714-329-7941,2022-09-06 12:56:35,Uk,East,Home Office
CUST-004744,Mateo,Smith,mateo.smith292@example.com,+1-728-806-2170,2023-01-04 00:03:51,Mexico,East,Consumer
CUST-004745,Camila, White  ,camila.white371@example.com,+1-985-741-5276,2022-07-01 08:19:22,Mexico,East,Home Office
CUST-004746,James,Lopez,james.lopez790@example.com,+1-428-493-4351,2022-10-29 09:39:25,Mexico,North,Corporate
CUST-004747,Olivia,Gomez,olivia.gomez791@example.com,+1-220-624-4546,2024-11-18 02:35:21,Germany,South,Consumer
CUST-004748,Andres,Anderson,andres.anderson331@example.com,+1-660-752-5415,2023-05-04 11:52:28,Uk,North,Corporate
CUST-004749,Emma,Lopez,emma.lopez536@example.com,+1-367-275-2650,2022-11-16 02:35:54,Canada,West,Consumer
CUST-004750,Sofia,Lopez,sofia.lopez81@example.com,+1-527-462-5302,2024-11-12 18:03:03,Uk,Central,Consumer
CUST-004751,Olivia,Martin,olivia.martin500@example.com,+1-259-578-1463,2022-04-17 16:09:49,Usa,Central,Consumer
CUST-004752,Ana,Moore,ana.moore395@example.com,+1-884-422-4039,2022-09-24 16:09:27,Brazil,South,Home Office
CUST-004753,Emma, Martinez  ,emma.martinez343@example.com,+1-663-356-1054,2024-05-25 18:03:35,Uk,Central,Consumer
CUST-004754,Mateo,Smith,mateo.smith526@example.com,+1-836-960-4958,2024-09-12 16:03:13,Uk,Central,Consumer
CUST-004755,Marta,Brown,marta.brown636@example.com,,2023-01-26 07:06:20,Brazil,Central,Corporate
CUST-004756,Valentina,Anderson,valentina.anderson284@example.com,+1-474-310-9934,2024-01-12 08:10:29,Uk,East,Consumer
CUST-004757,Camila,Martinez,camila.martinez170@example.com,+1-609-350-1292,2024-12-15 03:39:46,Brazil,East,Consumer
CUST-004758,Andres,White,andres.white170@example.com,+1-693-490-8312,2023-10-05 19:47:03,Spain,West,Home Office
CUST-004759,James,Thomas,james.thomas198@example.com,+1-409-272-8306,2023-04-04 20:54:12,Spain,South,Consumer
CUST-004760,Emma,Anderson,emma.anderson338@example.com,+1-592-265-7930,2024-10-10 03:27:01,Spain,West,Consumer
CUST-004761,Luis,Martinez,luis.martinez822@example.com,+1-220-220-1710,2022-08-19 06:14:42,Brazil,Central,Consumer
CUST-004762,Andres,White,andres.white910@example.com,,2024-01-01 02:03:12,Spain,North,Consumer
CUST-004763,Sofia,Thomas,sofia.thomas526@example.com,+1-867-254-7910,2023-04-11 07:02:13,Usa,Central,Corporate
CUST-004764,Marta,Davis,marta.davis855@example.com,+1-592-812-4411,2024-10-12 06:12:41,Germany,Central,Consumer
CUST-004765,Camila,Brown,camila.brown294@example.com,+1-891-594-4068,2024-10-16 06:31:00,Brazil,Unknown,Corporate
CUST-004766,Mateo,Thomas,mateo.thomas91@example.com,+1-278-964-6700,2023-02-03 05:57:12,Germany,East,Corporate
CUST-004767,Emma,Thompson,emma.thompson138@example.com,+1-872-226-8282,2024-10-04 11:50:20,Brazil,Central,Consumer
CUST-004768,John,Anderson,john.anderson258@example.com,+1-869-823-5385,2023-09-06 04:11:18,Uk,Central,Consumer
CUST-004769,Laura,Thomas,laura.thomas181@example.com,+1-848-469-4317,2024-02-27 20:07:44,Mexico,North,Home Office
CUST-004770,Sofia,Lee,sofia.lee964@example.com,+1-880-276-6812,2024-07-03 16:24:03,Spain,South,Corporate
CUST-004771,Diego,Perez,diego.perez6@example.com,+1-862-655-1963,2023-11-10 11:40:07,Germany,North,Home Office
CUST-004772,Sofia,Taylor,sofia.taylor662@example.com,+1-321-231-4137,2022-07-01 03:15:50,Germany,Central,Consumer
CUST-004773,Sofia,Gomez,sofia.gomez364@example.com,+1-792-307-5487,2024-09-03 10:06:54,Spain,East,Consumer
CUST-004774,Maria,Harris,maria.harris826@example.com,+1-612-945-8522,2024-04-15 13:42:20,Spain,North,Home Office
CUST-004775,Marta,Smith,marta.smith241@example.com,+1-478-201-2329,2023-07-08 00:02:12,Canada,West,Corporate
CUST-004776,Marta,Martin,marta.martin712@example.com,+1-511-672-7064,2024-02-15 15:15:52,Spain,West,Consumer
CUST-004777,Olivia,Davis,olivia.davis603@example.com,+1-858-688-8859,2022-10-13 10:57:14,Usa,North,Consumer
CUST-004778,Diego,Perez,diego.perez630@example.com,+1-221-970-3488,2023-10-27 08:47:08,Canada,North,Corporate
CUST-004779,Pedro,Jackson,,+1-518-919-8950,2023-01-16 23:10:23,Usa,West,Corporate
CUST-004780,Lucia,Thomas,lucia.thomas871@example.com,+1-673-425-1207,2023-03-28 11:43:22,Canada,East,Consumer
CUST-004781,Andres,Gomez,andres.gomez727@example.com,+1-740-271-7846,2024-10-02 05:25:20,Uk,South,Consumer
CUST-004782,Camila,Moore,camila.moore361@example.com,+1-257-690-2827,2022-08-17 01:50:16,Brazil,West,Consumer
CUST-004783,Andres,Smith,andres.smith444@example.com,+1-670-259-6433,2023-03-28 20:58:41,Usa,East,Consumer
CUST-004784,Olivia,White,olivia.white454@example.com,+1-823-641-4321,2024-08-19 03:46:59,Uk,Unknown,Home Office
CUST-004785,Diego,Martin,diego.martin582@example.com,+1-836-596-1797,2022-03-08 20:00:24,Brazil,East,Corporate
CUST-004786,Maria,Martinez,maria.martinez620@example.com,+1-723-424-1301,2022-11-03 18:40:55,Germany,West,Consumer
CUST-004787,Pedro,Lee,pedro.lee870@example.com,+1-776-752-9330,2024-07-15 18:22:37,Canada,East,Corporate
CUST-004788,Olivia,Taylor,olivia.taylor544@example.com,+1-958-601-9812,2024-04-05 15:41:06,Canada,West,Home Office
CUST-004789,Valentina, Brown  ,valentina.brown13@example.com,+1-998-236-8213,2023-04-25 02:21:33,Mexico,East,Consumer
CUST-004790,Marta,White,marta.white17@example.com,+1-318-399-4540,2023-12-28 14:00:16,Brazil,South,Corporate
CUST-004791,Maria,Garcia,maria.garcia392@example.com,+1-656-983-9550,2023-11-02 02:24:28,Mexico,North,Consumer
CUST-004792,Sebastian, Brown  ,sebastian.brown771@example.com,+1-615-515-2950,2023-08-25 23:19:39,Canada,West,Consumer
CUST-004793,Marta,Smith,marta.smith687@example.com,+1-855-371-4549,2023-07-25 03:51:11,Mexico,Central,Consumer
CUST-004794,David,Lee,david.lee816@example.com,+1-428-320-2027,2022-06-25 13:16:25,Usa,Central,Corporate
CUST-004795,David,Moore,david.moore27@example.com,+1-482-650-1789,2022-02-17 11:03:48,Brazil,East,Consumer
CUST-004796,Laura,Smith,laura.smith699@example.com,+1-759-266-6383,2023-12-12 03:34:36,Uk,South,Corporate
CUST-004797,Sofia,Lee,sofia.lee887@example.com,+1-920-840-2190,2022-07-10 22:39:19,Germany,South,Consumer
CUST-004798,Sebastian,Harris,sebastian.harris22@example.com,+1-838-712-7978,2022-04-22 01:49:11,Germany,West,Corporate
CUST-004799,Valentina,Garcia,valentina.garcia316@example.com,+1-282-639-7990,2023-08-20 14:09:12,Usa,North,Consumer
CUST-004800,Olivia,Martinez,olivia.martinez168@example.com,+1-202-619-8680,2023-07-24 01:49:33,Uk,North,Consumer
CUST-004801,Valentina, Taylor  ,valentina.taylor287@example.com,+1-894-211-5177,2022-11-11 22:41:07,Germany,West,Consumer
CUST-004802,Camila,Thomas,camila.thomas181@example.com,+1-491-206-1548,2024-09-18 08:23:28,Usa,South,Consumer
CUST-004803,Maria,Perez,maria.perez95@example.com,+1-658-555-8130,2024-04-27 06:29:00,Spain,South,Corporate
CUST-004804,Andres, Anderson  ,andres.anderson430@example.com,+1-470-860-2647,2024-08-16 22:12:36,Mexico,Central,Home Office
CUST-004805,James,Perez,james.perez186@example.com,+1-571-277-1620,2023-03-10 03:00:46,Usa,South,Home Office
CUST-004806,Lucia,Rodriguez,lucia.rodriguez269@example.com,+1-837-337-3374,2023-03-11 16:07:53,Spain,West,Corporate
CUST-004807,Mateo,Smith,mateo.smith336@example.com,+1-791-513-3710,2024-12-24 15:23:16,Uk,South,Consumer
CUST-004808,James,Taylor,james.taylor204@example.com,+1-910-484-5195,2023-06-25 19:35:44,Spain,South,Consumer
CUST-004809,Valentina,Gomez,valentina.gomez124@example.com,+1-520-863-6552,2022-08-29 17:22:39,Brazil,Central,Consumer
CUST-004810,John,Taylor,john.taylor216@example.com,+1-837-758-6939,2022-07-30 13:24:48,Spain,South,Consumer
CUST-004811,Emma, Lee  ,emma.lee15@example.com,+1-716-976-4534,2024-01-11 22:12:06,Brazil,South,Consumer
CUST-004812,Marta,Brown,marta.brown154@example.com,+1-897-934-4610,2023-10-17 05:21:34,Mexico,South,Consumer
CUST-004813,Sofia,Lopez,sofia.lopez583@example.com,+1-557-959-8906,2023-02-23 20:58:31,Brazil,East,Home Office
CUST-004814,Carlos,Thompson,carlos.thompson503@example.com,+1-402-428-7124,2022-01-14 00:41:31,Usa,West,Corporate
CUST-004815,Marta,Thomas,marta.thomas46@example.com,+1-512-730-3796,2024-12-07 22:19:20,Mexico,North,Consumer
CUST-004816,Sebastian,Brown,sebastian.brown389@example.com,+1-391-574-6690,2024-11-29 18:59:22,Brazil,South,Consumer
CUST-004817,Olivia, Gomez  ,olivia.gomez898@example.com,+1-970-361-6917,2024-05-26 18:26:46,Brazil,South,Consumer
CUST-004818,Valentina,Smith,valentina.smith361@example.com,+1-751-336-3226,2024-01-23 15:13:16,Canada,South,Home Office
CUST-004819,Maria,Jackson,maria.jackson383@example.com,+1-220-265-2382,2024-07-31 13:28:28,Canada,South,Corporate
CUST-004820,Olivia,Gomez,olivia.gomez856@example.com,+1-507-985-2563,2023-03-17 10:23:53,Brazil,West,Home Office
CUST-004821,Lucia,Thompson,lucia.thompson714@example.com,+1-891-631-4465,2024-11-09 17:45:04,Usa,South,Home Office
CUST-004822,Camila,White,camila.white9@example.com,+1-737-231-6452,2024-08-25 09:02:08,Uk,South,Consumer
CUST-004823,Camila,Thompson,camila.thompson818@example.com,+1-380-921-3458,2022-06-04 23:50:15,Spain,South,Home Office
CUST-004824,Andres,Moore,andres.moore464@example.com,+1-904-965-6959,2023-11-08 07:06:32,Spain,West,Corporate
CUST-004825,Lucia,Wilson,lucia.wilson341@example.com,+1-316-362-6368,2023-08-14 13:57:39,Canada,South,Consumer
CUST-004826,Sebastian,Davis,sebastian.davis791@example.com,+1-617-462-5404,2023-07-29 04:47:17,Uk,Central,Corporate
CUST-004827,Lucia,Lopez,lucia.lopez531@example.com,+1-258-658-2231,2023-03-06 20:21:09,Germany,West,Consumer
CUST-004828,Diego,White,diego.white620@example.com,+1-813-469-6568,2023-02-19 02:42:10,Usa,West,Corporate
CUST-004829,Valentina,Davis,valentina.davis738@example.com,+1-355-831-3308,2024-11-28 02:34:14,Brazil,South,Home Office
CUST-004830,Valentina,Moore,valentina.moore314@example.com,+1-910-389-8942,2022-01-31 18:27:13,Mexico,West,Corporate
CUST-004831,John,Smith,john.smith432@example.com,+1-866-395-1204,2023-05-18 13:07:04,Brazil,Central,Consumer
CUST-004832,Diego,Brown,diego.brown642@example.com,+1-235-903-7280,2023-10-10 22:20:12,Mexico,North,Consumer
CUST-004833,Marta,Brown,,,2024-12-18 19:58:03,Uk,Central,Home Office
CUST-004834,Ana,Perez,ana.perez94@example.com,+1-203-671-2629,2022-05-21 10:16:47,Uk,South,Home Office
CUST-004835,Emma,Moore,emma.moore251@example.com,+1-998-623-9377,2022-02-22 01:04:06,Uk,East,Home Office
CUST-004836,Valentina,Anderson,valentina.anderson801@example.com,+1-988-478-4431,2023-06-19 17:45:59,Canada,North,Corporate
CUST-004837,Carlos,Jackson,carlos.jackson508@example.com,+1-626-417-4664,2024-10-09 02:38:43,Germany,Central,Consumer
CUST-004838,Valentina,Smith,valentina.smith239@example.com,+1-724-504-4943,2023-09-16 01:41:55,Spain,Central,Home Office
CUST-004839,Camila,Lee,camila.lee982@example.com,+1-989-584-9398,2023-11-06 09:31:05,Canada,North,Consumer
CUST-004840,Sebastian,Smith,sebastian.smith831@example.com,+1-738-964-8741,2022-05-15 10:10:04,Brazil,South,Consumer
CUST-004841,David,Lopez,david.lopez164@example.com,+1-595-565-8221,2022-09-09 11:15:23,Brazil,North,Consumer
CUST-004842,Sofia,Davis,sofia.davis137@example.com,+1-273-701-9647,2022-08-07 04:07:33,Brazil,North,Consumer
CUST-004843,David,Martinez,david.martinez877@example.com,+1-522-738-9920,2024-10-08 20:04:33,Usa,North,Consumer
CUST-004844,Andres,Brown,andres.brown425@example.com,+1-423-224-5287,2022-02-19 04:14:10,Brazil,East,Consumer
CUST-004845,Olivia,Brown,olivia.brown92@example.com,+1-766-780-2686,2024-03-22 00:21:09,Uk,East,Consumer
CUST-004846,Luis,Gomez,luis.gomez471@example.com,+1-816-874-3963,2022-05-23 11:47:28,Usa,South,Consumer
CUST-004847,Carlos,Martinez,carlos.martinez557@example.com,+1-867-218-2231,2023-02-04 07:50:23,Germany,West,Home Office
CUST-004848,Carlos,Gomez,carlos.gomez853@example.com,+1-811-519-1080,2022-07-06 02:43:17,Spain,East,Consumer
CUST-004849,Lucia,Garcia,lucia.garcia836@example.com,+1-612-236-8625,2023-04-29 18:02:04,Canada,West,Consumer
CUST-004850,Pedro,Taylor,pedro.taylor713@example.com,+1-930-785-1117,2022-04-10 15:47:52,Germany,South,Corporate
CUST-004851,James,Rodriguez,james.rodriguez984@example.com,+1-411-571-1446,2023-05-09 04:04:44,Brazil,South,Consumer
CUST-004852,Marta,Garcia,marta.garcia320@example.com,,2022-03-15 04:21:05,Brazil,South,Consumer
CUST-004853,James,Garcia,james.garcia103@example.com,+1-411-426-3057,2023-11-24 01:04:02,Uk,West,Consumer
CUST-004854,Luis,White,luis.white301@example.com,+1-200-689-6069,2022-11-03 03:23:57,Germany,South,Consumer
CUST-004855,Diego,Jackson,diego.jackson245@example.com,+1-442-776-1817,2023-11-23 08:05:36,Spain,West,Consumer
CUST-004856,Valentina,Taylor,valentina.taylor285@example.com,+1-405-426-2657,2024-09-11 21:24:36,Mexico,Central,Consumer
CUST-004857,Ana,Gomez,ana.gomez105@example.com,+1-601-345-7179,2023-09-04 17:46:21,Mexico,North,Consumer
CUST-004858,Pedro,Jackson,pedro.jackson247@example.com,+1-863-324-5390,2024-11-29 14:14:52,Mexico,North,Home Office
CUST-004859,Ana,Rodriguez,ana.rodriguez787@example.com,+1-848-579-6910,2023-06-08 18:36:00,Germany,East,Consumer
CUST-004860,Pedro,Brown,pedro.brown101@example.com,+1-714-308-1348,2022-05-01 05:06:48,Canada,South,Consumer
CUST-004861,Lucia,Taylor,lucia.taylor615@example.com,+1-734-760-1114,2022-08-04 14:46:51,Germany,North,Corporate
CUST-004862,John,Lee,john.lee34@example.com,+1-667-551-2965,2023-12-16 21:03:28,Canada,West,Corporate
CUST-004863,Olivia,Lee,olivia.lee822@example.com,+1-221-487-7573,2023-12-27 03:25:39,Brazil,South,Corporate
CUST-004864,Valentina,Anderson,valentina.anderson751@example.com,+1-818-890-8066,2023-02-06 12:35:21,Brazil,Central,Home Office
CUST-004865,Sebastian,Lee,sebastian.lee11@example.com,+1-345-203-5212,2022-12-04 20:13:57,Brazil,North,Home Office
CUST-004866,David,Moore,david.moore233@example.com,+1-491-699-7170,2023-11-27 10:45:12,Usa,East,Consumer
CUST-004867,Sofia,Lee,sofia.lee703@example.com,+1-796-648-5840,2022-08-24 12:16:26,Canada,North,Home Office
CUST-004868,James,White,james.white364@example.com,+1-215-773-1834,2024-01-25 01:48:39,Canada,Central,Home Office
CUST-004869,Diego,White,diego.white313@example.com,+1-681-400-6163,2023-12-18 15:27:49,Mexico,South,Corporate
CUST-004870,Sofia,White,sofia.white209@example.com,+1-622-844-2521,2023-06-05 01:23:03,Spain,Central,Consumer
CUST-004871,Valentina,Brown,valentina.brown332@example.com,+1-258-860-9544,2023-06-19 04:14:20,Mexico,West,Corporate
CUST-004872,Olivia,Smith,,+1-402-628-1098,2022-11-05 16:00:31,Mexico,North,Consumer
CUST-004873,Diego,Gomez,diego.gomez178@example.com,+1-571-373-6498,2022-12-09 11:45:36,Canada,North,Consumer
CUST-004874,Maria,Martin,maria.martin191@example.com,+1-391-759-1461,2024-05-12 20:58:17,Mexico,East,Home Office
CUST-004875,Mateo,Taylor,mateo.taylor696@example.com,+1-232-298-7363,2023-06-29 09:00:17,Brazil,Central,Consumer
CUST-004876,Sebastian,Wilson,sebastian.wilson567@example.com,+1-316-656-4079,2022-12-04 22:20:21,Canada,South,Corporate
CUST-004877,Andres,Moore,andres.moore27@example.com,+1-979-981-9899,2022-07-31 05:57:27,Spain,Central,Consumer
CUST-004878,James,Jackson,james.jackson140@example.com,+1-262-591-5667,2022-08-12 14:04:14,Mexico,West,Corporate
CUST-004879,Mateo,Moore,mateo.moore475@example.com,,2023-06-16 06:10:26,Mexico,North,Consumer
CUST-004880,James,Smith,james.smith665@example.com,+1-513-453-3543,2022-06-09 12:58:05,Brazil,North,Home Office
CUST-004881,Camila,Brown,camila.brown443@example.com,+1-322-208-3363,2024-11-19 18:58:04,Mexico,East,Corporate
CUST-004882,John,Wilson,john.wilson542@example.com,+1-892-356-6281,2023-05-04 12:08:40,Canada,North,Consumer
CUST-004883,Sebastian,Jackson,sebastian.jackson853@example.com,+1-777-320-9793,2023-11-22 04:26:55,Spain,Central,Corporate
CUST-004884,Valentina,Smith,valentina.smith191@example.com,+1-742-410-1699,2023-12-16 12:20:15,Canada,North,Home Office
CUST-004885,Mateo,Rodriguez,mateo.rodriguez752@example.com,+1-886-754-4686,2022-01-31 01:55:57,Canada,Central,Home Office
CUST-004886,Pedro,Gomez,pedro.gomez756@example.com,+1-641-852-8778,2022-08-03 16:53:26,Spain,West,Consumer
CUST-004887,Maria,White,maria.white753@example.com,+1-217-536-1208,2022-09-09 17:49:33,Usa,Central,Consumer
CUST-004888,Andres,Taylor,andres.taylor301@example.com,+1-977-513-6707,2024-09-20 10:05:52,Usa,West,Consumer
CUST-004889,John,Anderson,john.anderson523@example.com,+1-665-644-8713,2023-05-22 07:32:45,Uk,East,Consumer
CUST-004890,Marta,Taylor,marta.taylor508@example.com,+1-634-822-6152,2024-04-26 21:49:32,Brazil,Central,Consumer
CUST-004891,Lucia, Brown  ,lucia.brown233@example.com,+1-368-933-8796,2024-04-17 07:57:11,Canada,East,Home Office
CUST-004892,Mateo,Smith,mateo.smith693@example.com,+1-849-830-2291,,Germany,North,Consumer
CUST-004893,Lucia,Thomas,lucia.thomas947@example.com,+1-471-264-4826,2022-08-12 11:13:15,Canada,North,Home Office
CUST-004894,Lucia,Perez,lucia.perez154@example.com,+1-791-998-9306,2023-04-18 16:09:50,Brazil,Central,Consumer
CUST-004895,Diego,Smith,diego.smith830@example.com,+1-938-842-2421,2023-12-27 21:13:36,Usa,West,Corporate
CUST-004896,Carlos,Wilson,carlos.wilson887@example.com,+1-443-638-4937,2023-01-17 16:04:19,Mexico,South,Consumer
CUST-004897,Sebastian,Smith,sebastian.smith224@example.com,+1-277-738-5305,2022-05-18 07:01:07,Mexico,North,Consumer
CUST-004898,Mateo,Lopez,mateo.lopez768@example.com,+1-775-346-7783,2024-06-14 04:31:36,Usa,North,Corporate
CUST-004899,Pedro,Martin,pedro.martin948@example.com,+1-374-225-8294,2024-02-21 07:27:46,Mexico,West,Consumer
CUST-004900,David,Taylor,david.taylor124@example.com,+1-487-531-6717,2023-10-02 15:12:10,Spain,East,Consumer
CUST-004901,Emma,Garcia,emma.garcia798@example.com,+1-605-724-9745,2022-07-20 11:53:56,Uk,South,Consumer
CUST-004902,David,Lee,david.lee15@example.com,+1-758-862-9563,2022-02-08 22:00:22,Mexico,South,Consumer
CUST-004903,Luis,Lopez,luis.lopez561@example.com,+1-883-574-8764,2023-09-03 18:27:46,Germany,North,Consumer
CUST-004904,Diego,Gomez,diego.gomez543@example.com,+1-248-894-5335,2024-11-29 02:29:42,Uk,Central,Consumer
CUST-004905,Sofia,Anderson,sofia.anderson971@example.com,+1-611-932-4024,2023-08-06 20:14:02,Uk,South,Consumer
CUST-004906,Olivia,Davis,olivia.davis710@example.com,+1-586-234-9931,2023-06-22 16:39:26,Canada,West,Corporate
CUST-004907,Maria,Wilson,maria.wilson707@example.com,+1-295-728-2398,2023-02-04 06:55:01,Brazil,South,Corporate
CUST-004908,Camila,Davis,,+1-207-512-6560,2024-12-01 00:14:45,Germany,South,Consumer
CUST-004909,Valentina,Rodriguez,valentina.rodriguez582@example.com,+1-314-870-2325,2023-07-22 14:37:50,Mexico,West,Consumer
CUST-004910,Camila,Brown,,+1-774-907-7670,2024-09-04 20:12:22,Spain,North,Consumer
CUST-004911,David,Lee,david.lee910@example.com,+1-915-365-8985,2022-09-27 20:19:50,Usa,Central,Consumer
CUST-004912,James,Davis,james.davis374@example.com,+1-904-715-9764,,Usa,South,Consumer
CUST-004913,Lucia,Lee,lucia.lee418@example.com,+1-252-867-4907,2022-05-10 08:53:47,Uk,East,Consumer
CUST-004914,Mateo,Perez,mateo.perez414@example.com,+1-213-358-9370,2024-07-20 17:57:13,Mexico,Central,Home Office
CUST-004915,Mateo,Brown,mateo.brown936@example.com,+1-907-902-5110,2024-04-27 19:19:26,Uk,North,Consumer
CUST-004916,Ana,Rodriguez,ana.rodriguez428@example.com,+1-692-749-2221,2022-06-30 06:19:18,Uk,Central,Corporate
CUST-004917,Olivia,Harris,olivia.harris617@example.com,+1-863-753-6389,2023-03-30 23:05:26,Uk,South,Home Office
CUST-004918,Luis,Thompson,luis.thompson989@example.com,+1-388-658-9468,2022-11-14 03:30:36,Mexico,West,Consumer
CUST-004919,David,White,david.white251@example.com,+1-992-631-9463,2023-10-11 05:24:43,Canada,South,Consumer
CUST-004920,Carlos,Anderson,carlos.anderson425@example.com,+1-301-895-2400,2024-11-13 12:24:11,Brazil,South,Consumer
CUST-004921,Luis,Moore,luis.moore566@example.com,+1-230-266-5578,2024-10-17 14:02:36,Brazil,North,Home Office
CUST-004922,Laura,Garcia,laura.garcia575@example.com,+1-200-461-5830,2022-11-05 15:55:47,Usa,South,Consumer
CUST-004923,Sebastian,Davis,sebastian.davis132@example.com,+1-491-761-8314,2024-05-09 11:11:53,Uk,East,Consumer
CUST-004924,Emma,Martin,emma.martin720@example.com,+1-271-691-4626,2024-05-21 04:43:50,Spain,West,Consumer
CUST-004925,Diego,Gomez,diego.gomez998@example.com,+1-976-392-6436,2024-05-01 23:19:27,Usa,South,Consumer
CUST-004926,Camila,White,camila.white437@example.com,+1-568-991-8774,2022-04-11 10:37:23,Usa,West,Consumer
CUST-004927,Laura,Rodriguez,laura.rodriguez415@example.com,+1-925-449-5040,2024-04-30 17:19:01,Germany,East,Consumer
CUST-004928,Maria,Perez,maria.perez363@example.com,+1-426-550-8894,2023-07-12 16:29:20,Brazil,West,Home Office
CUST-004929,James,White,james.white705@example.com,+1-824-483-6557,2022-10-10 18:23:24,Canada,West,Consumer
CUST-004930,Valentina, Davis  ,valentina.davis299@example.com,+1-519-754-3722,2024-06-19 06:55:17,Spain,Central,Home Office
CUST-004931,Lucia,Smith,lucia.smith134@example.com,+1-475-473-6314,2023-08-01 00:09:29,Canada,East,Corporate
CUST-004932,Lucia,Lee,lucia.lee160@example.com,+1-323-690-9471,2022-05-08 06:18:03,Uk,East,Corporate
CUST-004933,Camila,Thompson,camila.thompson936@example.com,+1-607-977-2776,2022-05-27 00:07:21,Canada,West,Corporate
CUST-004934,Emma,Brown,emma.brown3@example.com,+1-428-720-1507,2023-08-21 11:04:08,Canada,West,Consumer
CUST-004935,Carlos,Jackson,carlos.jackson525@example.com,+1-948-584-6223,2022-01-20 11:36:54,Spain,North,Consumer
CUST-004936,Diego,Lopez,diego.lopez940@example.com,+1-203-707-9231,2024-08-05 07:32:09,Uk,South,Corporate
CUST-004937,David,Martinez,david.martinez34@example.com,+1-370-892-8716,2023-09-15 13:22:02,Uk,East,Consumer
CUST-004938,Luis,Garcia,luis.garcia383@example.com,+1-659-573-6978,2024-04-06 11:37:36,Brazil,East,Consumer
CUST-004939,Emma,Martinez,emma.martinez996@example.com,+1-211-901-9116,2022-05-26 00:06:57,Spain,East,Consumer
CUST-004940,Marta,Thomas,marta.thomas216@example.com,+1-735-934-5650,2024-09-07 04:12:57,Usa,Central,Consumer
CUST-004941,Ana,Jackson,ana.jackson848@example.com,+1-319-617-2095,2024-02-17 12:29:00,Canada,North,Consumer
CUST-004942,Lucia,Gomez,lucia.gomez301@example.com,+1-498-910-7136,2022-12-03 13:42:42,Uk,West,Corporate
CUST-004943,Maria,Perez,maria.perez301@example.com,+1-418-435-7341,2022-06-23 22:33:58,Brazil,East,Consumer
CUST-004944,James,Wilson,,+1-217-593-4121,2024-03-16 09:46:09,Spain,South,Consumer
CUST-004945,James,Davis,james.davis892@example.com,+1-737-759-3578,2023-04-28 22:55:29,Mexico,Central,Corporate
CUST-004946,Diego,White,diego.white387@example.com,+1-943-251-9957,2024-03-30 04:11:54,Uk,West,Corporate
CUST-004947,Valentina,Thompson,valentina.thompson296@example.com,+1-310-496-1321,2022-03-16 07:01:32,Brazil,South,Home Office
CUST-004948,Valentina,Martin,,+1-307-341-7395,2023-06-17 04:24:11,Uk,South,Home Office
CUST-004949,Andres,Smith,andres.smith162@example.com,+1-870-960-4412,2022-12-04 00:48:06,Uk,East,Consumer
CUST-004950,Maria,Brown,maria.brown811@example.com,+1-402-481-6300,2022-06-23 12:01:40,Spain,West,Corporate
CUST-004951,Andres,Gomez,andres.gomez487@example.com,+1-389-550-7571,2022-03-25 14:06:12,Spain,Central,Consumer
CUST-004952,David,Smith,david.smith657@example.com,+1-414-629-6709,2024-02-21 16:15:55,Spain,Central,Home Office
CUST-004953,Olivia,Garcia,olivia.garcia112@example.com,+1-253-491-2622,2024-01-29 08:35:51,Brazil,West,Consumer
CUST-004954,Lucia,Lee,lucia.lee824@example.com,+1-793-872-4305,2024-01-10 04:40:58,Germany,South,Consumer
CUST-004955,Andres,Moore,andres.moore224@example.com,+1-679-281-7908,2024-09-08 17:10:20,Mexico,East,Corporate
CUST-004956,Camila,Lopez,camila.lopez31@example.com,+1-819-513-6480,2022-09-28 09:36:39,Germany,North,Home Office
CUST-004957,Sebastian,Harris,sebastian.harris924@example.com,+1-505-408-9656,2023-07-23 05:02:00,Brazil,Central,Consumer
CUST-004958,Camila,Wilson,camila.wilson242@example.com,+1-891-597-7338,2022-09-05 17:43:39,Mexico,Central,Consumer
CUST-004959,Valentina,Harris,valentina.harris617@example.com,+1-208-731-8846,2024-03-11 18:52:03,Brazil,South,Consumer
CUST-004960,Maria,Anderson,maria.anderson553@example.com,+1-909-445-6301,2022-09-08 21:15:57,Usa,Central,Consumer
CUST-004961,Luis,Anderson,luis.anderson267@example.com,+1-677-485-4051,2023-08-20 16:40:36,Usa,West,Consumer
CUST-004962,Pedro,Wilson,pedro.wilson744@example.com,+1-354-691-7749,2023-12-05 02:19:15,Usa,Central,Consumer
CUST-004963,Olivia,Brown,olivia.brown284@example.com,+1-256-667-6203,2024-08-31 03:17:24,Spain,Central,Consumer
CUST-004964,John,Wilson,john.wilson817@example.com,+1-207-444-8353,2024-02-21 19:53:03,Canada,Central,Home Office
CUST-004965,Ana,Rodriguez,ana.rodriguez424@example.com,+1-735-812-2886,2023-10-06 00:40:38,Uk,East,Consumer
CUST-004966,Mateo,Martin,mateo.martin913@example.com,+1-936-680-6869,2022-01-01 01:04:13,Usa,South,Consumer
CUST-004967,Andres,Davis,andres.davis331@example.com,+1-603-662-8833,2022-12-22 11:05:08,Spain,West,Corporate
CUST-004968,Maria,Lee,maria.lee69@example.com,+1-731-612-3970,2024-09-14 14:47:38,Brazil,West,Corporate
CUST-004969,Valentina,Jackson,valentina.jackson414@example.com,+1-438-431-7427,2022-05-24 07:33:34,Spain,Central,Consumer
CUST-004970,Ana,Davis,ana.davis763@example.com,+1-619-332-5965,2022-10-19 22:23:25,Uk,West,Consumer
CUST-004971,Andres,Wilson,andres.wilson407@example.com,+1-575-483-8970,2024-04-04 16:28:31,Usa,East,Consumer
CUST-004972,Pedro,Wilson,pedro.wilson837@example.com,+1-462-776-6512,2023-05-24 10:27:32,Usa,South,Consumer
CUST-004973,Olivia,Moore,olivia.moore50@example.com,+1-753-867-1514,2022-12-15 02:46:35,Germany,South,Home Office
CUST-004974,Andres,Rodriguez,andres.rodriguez940@example.com,+1-719-367-9726,2023-06-06 00:19:59,Usa,Central,Consumer
CUST-004975,Ana,Taylor,ana.taylor880@example.com,+1-594-529-1424,2023-05-20 10:30:58,Germany,East,Consumer
CUST-004976,Diego,Harris,diego.harris614@example.com,+1-240-239-2304,2024-05-07 21:53:08,Canada,South,Consumer
CUST-004977,Marta,Martinez,marta.martinez15@example.com,+1-478-325-6132,2023-09-08 23:12:07,Brazil,East,Consumer
CUST-004978,Laura,Martinez,laura.martinez434@example.com,+1-729-627-2526,2024-08-04 23:43:33,Spain,South,Consumer
CUST-004979,Camila,Davis,camila.davis232@example.com,+1-444-536-8141,2023-05-10 22:24:41,Mexico,South,Consumer
CUST-004980,Sebastian,Wilson,sebastian.wilson816@example.com,+1-528-658-7451,2023-06-10 13:46:12,Usa,West,Home Office
CUST-004981,Carlos,White,carlos.white55@example.com,+1-948-624-5609,2024-01-16 02:22:42,Usa,South,Consumer
CUST-004982,Pedro,Garcia,pedro.garcia910@example.com,+1-451-884-3958,2024-09-24 23:14:41,Brazil,East,Corporate
CUST-004983,Emma,Wilson,emma.wilson379@example.com,+1-917-570-5611,2024-05-26 15:38:13,Germany,North,Consumer
CUST-004984,Luis,Rodriguez,luis.rodriguez756@example.com,+1-621-665-3843,2023-07-29 15:51:34,Mexico,East,Corporate
CUST-004985,Maria,Harris,maria.harris633@example.com,+1-377-922-9358,2024-11-16 21:54:14,Usa,East,Corporate
CUST-004986,Marta,Davis,marta.davis898@example.com,+1-855-468-3951,2023-11-27 12:28:58,Germany,West,Consumer
CUST-004987,Sebastian,Jackson,sebastian.jackson509@example.com,+1-910-723-2387,2022-01-05 09:01:53,Spain,Central,Consumer
CUST-004988,Olivia,Thomas,olivia.thomas251@example.com,+1-956-983-5215,2022-05-30 01:34:44,Brazil,East,Corporate
CUST-004989,Valentina,Thomas,valentina.thomas384@example.com,+1-915-748-3270,2022-02-07 09:28:55,Usa,East,Corporate
CUST-004990,Marta,Wilson,marta.wilson730@example.com,+1-559-279-3148,2024-05-05 02:09:53,Brazil,Central,Consumer
CUST-004991,Diego,Lopez,diego.lopez640@example.com,+1-939-557-8443,2022-07-16 07:57:22,Germany,West,Consumer
CUST-004992,David,Gomez,david.gomez122@example.com,+1-523-747-5470,2023-04-21 13:47:01,Mexico,South,Home Office
CUST-004993,Andres,Wilson,andres.wilson914@example.com,+1-976-330-9962,2023-07-10 00:35:52,Germany,East,Consumer
CUST-004994,Ana,Smith,ana.smith799@example.com,+1-948-972-4452,2022-12-04 03:54:45,Uk,East,Home Office
CUST-004995,Luis,Lee,luis.lee249@example.com,+1-215-550-4095,2024-10-13 21:11:01,Usa,North,Consumer
CUST-004996,Laura,Davis,laura.davis764@example.com,+1-837-362-7363,2023-01-17 05:10:36,Usa,East,Corporate
CUST-004997,James,Taylor,james.taylor839@example.com,+1-351-717-5940,2024-02-23 22:06:00,Brazil,East,Consumer
CUST-004998,James,Martin,james.martin855@example.com,+1-434-808-4980,2023-03-26 21:55:52,Uk,East,Consumer
CUST-004999,Ana,White,ana.white82@example.com,+1-752-716-9330,2023-12-21 12:52:12,Spain,West,Consumer
CUST-005000,Valentina,Brown,valentina.brown963@example.com,+1-215-895-6572,2024-12-20 17:33:35,Canada,Central,Consumer
CUST-000706,Sebastian,Perez,sebastian.perez663@example.com,+1-922-502-8764,2023-11-10 10:33:08,Spain,Central,Corporate
CUST-000590,James, Garcia  ,james.garcia725@example.com,+1-593-944-9383,2024-12-08 22:17:05,Canada,West,Consumer
CUST-002414,Ana,Moore,ana.moore610@example.com,+1-993-474-2522,2023-01-09 20:37:13,Canada,West,Consumer
CUST-001601,Sofia,Garcia,sofia.garcia526@example.com,+1-274-779-3698,,Germany,West,Corporate
CUST-001074,Camila, Smith  ,camila.smith47@example.com,+1-249-522-2527,2024-09-17 11:14:09,Usa,East,Corporate
CUST-001745,Diego,Thompson,diego.thompson756@example.com,+1-978-529-8551,2022-06-14 05:59:38,Germany,East,Home Office
CUST-004768,John, Anderson  ,john.anderson258@example.com,+1-869-823-5385,2023-09-06 04:11:18,Uk,Central,Consumer
CUST-000502,Valentina,Wilson,valentina.wilson228@example.com,+1-968-790-3101,2024-03-25 01:58:17,Uk,West,Consumer
CUST-004122,Laura,Perez,laura.perez606@example.com,+1-885-935-5917,2022-06-23 21:58:02,Mexico,North,Consumer
CUST-003774,Lucia,Perez,lucia.perez528@example.com,+1-955-941-8822,2022-09-29 13:36:49,Canada,South,Consumer
CUST-002660,Sebastian,Rodriguez,sebastian.rodriguez308@example.com,,2022-01-02 08:29:55,Usa,East,Home Office
CUST-002847,Olivia,Martinez,olivia.martinez331@example.com,+1-817-707-7228,2024-06-07 10:47:27,Usa,Central,Corporate
CUST-002378,Marta,Martin,,+1-251-365-3830,2023-01-06 12:05:59,Mexico,West,Corporate
CUST-004258,Olivia, Thomas  ,olivia.thomas268@example.com,+1-863-766-2098,2022-11-03 09:02:50,Mexico,South,Consumer
CUST-000228,Andres,Taylor,andres.taylor719@example.com,+1-762-682-9806,2024-05-01 07:57:07,Spain,South,Corporate
CUST-000297,David,Anderson,,+1-469-556-2425,2022-03-08 15:59:09,Spain,North,Corporate
CUST-003753,James,Taylor,,,2022-06-21 06:53:19,Canada,North,Consumer
