customer_id,recency,frequency,revenue,last_order,R,F,M,RFM_score,segment,aov,clv
CUST-000001,544.0,1,593.6365000000001,2023-07-06 22:18:17,2,1,1,211,At Risk / Lost,593.6365000000001,1780.9095000000002
CUST-000002,220.0,1,1097.0825,2024-05-25 06:21:32,2,1,1,211,At Risk / Lost,1097.0825,3291.2475
CUST-000003,99.0,6,4872.4485,2024-09-23 19:05:12,2,4,3,243,Loyal Customers,812.0747500000001,14617.345500000001
CUST-000004,109.0,5,3109.9985,2024-09-13 19:37:40,2,3,2,232,Others,621.9997000000001,9329.9955
CUST-000005,883.0,1,153.72,2022-08-01 15:36:43,2,1,1,211,At Risk / Lost,153.72,461.15999999999997
CUST-000006,8.0,2,2614.2720000000004,2024-12-23 12:25:57,2,1,2,212,At Risk / Lost,1307.1360000000002,7842.816000000001
CUST-000007,182.0,2,1175.6655,2024-07-02 07:53:37,2,1,1,211,At Risk / Lost,587.83275,3526.9965
CUST-000008,190.0,3,3594.3745,2024-06-24 14:58:37,2,1,2,212,At Risk / Lost,1198.1248333333333,10783.1235
CUST-000009,90.0,2,3386.546,2024-10-01 23:19:22,2,1,2,212,At Risk / Lost,1693.273,10159.637999999999
CUST-000010,926.0,3,4302.4395,2022-06-19 10:52:01,2,1,3,213,At Risk / Lost,1434.1465,12907.318500000001
CUST-000011,702.0,2,1359.1080000000002,2023-01-29 17:04:35,2,1,1,211,At Risk / Lost,679.5540000000001,4077.3240000000005
CUST-000012,61.0,3,4706.216,2024-10-31 17:12:15,2,1,3,213,At Risk / Lost,1568.7386666666669,14118.648000000001
CUST-000013,105.0,3,4660.0215,2024-09-17 06:20:40,2,1,3,213,At Risk / Lost,1553.3405,13980.0645
CUST-000014,443.0,2,2840.852,2023-10-15 00:56:25,2,1,2,212,At Risk / Lost,1420.426,8522.556
CUST-000015,182.0,3,4007.0640000000003,2024-07-02 19:36:51,2,1,3,213,At Risk / Lost,1335.688,12021.192000000001
CUST-000016,20.0,10,16049.23,2024-12-11 12:10:36,2,4,4,244,Loyal Customers,1604.923,48147.69
CUST-000017,256.0,4,4926.8785,2024-04-19 08:41:57,2,2,3,223,At Risk / Lost,1231.719625,14780.6355
CUST-000018,18.0,5,7436.448,2024-12-13 18:00:05,2,3,4,234,Loyal Customers,1487.2896,22309.344
CUST-000019,328.0,3,1179.357,2024-02-07 14:50:58,2,1,1,211,At Risk / Lost,393.11899999999997,3538.071
CUST-000020,43.0,5,5063.418,2024-11-18 14:12:26,2,3,3,233,Loyal Customers,1012.6836,15190.253999999999
CUST-000021,142.0,6,8833.4185,2024-08-11 00:26:47,2,4,4,244,Loyal Customers,1472.2364166666666,26500.2555
CUST-000022,166.0,3,1823.7405,2024-07-18 06:16:28,2,1,1,211,At Risk / Lost,607.9135,5471.2215
CUST-000023,89.0,4,2151.37,2024-10-03 15:00:55,2,2,1,221,At Risk / Lost,537.8425,6454.11
CUST-000024,180.0,4,2122.1355,2024-07-04 13:28:31,2,2,1,221,At Risk / Lost,530.533875,6366.406499999999
CUST-000025,72.0,7,4520.966,2024-10-20 07:09:30,2,4,3,243,Loyal Customers,645.8522857142858,13562.898000000001
CUST-000026,468.0,3,3398.883,2023-09-20 03:25:35,2,1,2,212,At Risk / Lost,1132.961,10196.649
CUST-000027,159.0,6,6411.6145,2024-07-25 02:18:18,2,4,4,244,Loyal Customers,1068.6024166666666,19234.8435
CUST-000028,690.0,3,5320.0740000000005,2023-02-10 00:51:45,2,1,4,214,At Risk / Lost,1773.3580000000002,15960.222000000002
CUST-000029,75.0,6,3834.42,2024-10-17 02:27:14,2,4,3,243,Loyal Customers,639.07,11503.26
CUST-000030,282.0,3,1859.3110000000001,2024-03-24 07:19:00,2,1,1,211,At Risk / Lost,619.7703333333334,5577.933000000001
CUST-000031,100.0,6,4634.4635,2024-09-22 21:30:16,2,4,3,243,Loyal Customers,772.4105833333333,13903.3905
CUST-000032,343.0,3,2714.934,2024-01-23 22:52:44,2,1,2,212,At Risk / Lost,904.9780000000001,8144.802000000001
CUST-000033,13.0,9,7941.883000000001,2024-12-18 03:20:50,2,4,4,244,Loyal Customers,882.4314444444445,23825.649
CUST-000034,639.0,1,289.24,2023-04-02 06:07:10,2,1,1,211,At Risk / Lost,289.24,867.72
CUST-000035,436.0,4,2194.627,2023-10-22 16:04:24,2,2,1,221,At Risk / Lost,548.65675,6583.880999999999
CUST-000036,27.0,4,2378.8514999999998,2024-12-04 14:28:51,2,2,2,222,At Risk / Lost,594.7128749999999,7136.554499999999
CUST-000037,63.0,5,4062.8205,2024-10-29 06:34:53,2,3,3,233,Loyal Customers,812.5640999999999,12188.4615
CUST-000038,190.0,7,6492.7795,2024-06-24 04:06:14,2,4,4,244,Loyal Customers,927.5399285714285,19478.338499999998
CUST-000039,397.0,4,3030.1005,2023-11-30 16:54:15,2,2,2,222,At Risk / Lost,757.525125,9090.3015
CUST-000040,1070.0,1,496.354,2022-01-26 06:15:06,2,1,1,211,At Risk / Lost,496.354,1489.062
CUST-000041,334.0,3,2470.9635,2024-02-01 22:03:46,2,1,2,212,At Risk / Lost,823.6545,7412.8904999999995
CUST-000042,100.0,2,1549.5515,2024-09-22 04:44:52,2,1,1,211,At Risk / Lost,774.77575,4648.654500000001
CUST-000043,561.0,2,2159.7780000000002,2023-06-19 12:52:11,2,1,1,211,At Risk / Lost,1079.8890000000001,6479.334000000001
CUST-000044,508.0,1,712.99,2023-08-11 12:10:46,2,1,1,211,At Risk / Lost,712.99,2138.9700000000003
CUST-000046,66.0,5,5271.4875,2024-10-26 05:32:32,2,3,3,233,Loyal Customers,1054.2975000000001,15814.462500000003
CUST-000047,166.0,5,3451.0550000000003,2024-07-18 12:25:36,2,3,2,232,Others,690.211,10353.165
CUST-000048,858.0,1,703.1030000000001,2022-08-26 04:40:06,2,1,1,211,At Risk / Lost,703.1030000000001,2109.309
CUST-000049,111.0,4,6282.11,2024-09-11 11:17:20,2,2,4,224,At Risk / Lost,1570.5275,18846.329999999998
CUST-000050,281.0,3,2932.125,2024-03-25 15:26:01,2,1,2,212,At Risk / Lost,977.375,8796.375
CUST-000051,163.0,5,7212.731,2024-07-21 11:26:52,2,3,4,234,Loyal Customers,1442.5462,21638.193
CUST-000053,96.0,4,1863.9099999999999,2024-09-26 03:46:21,2,2,1,221,At Risk / Lost,465.97749999999996,5591.73
CUST-000055,104.0,2,2129.377,2024-09-18 16:48:52,2,1,1,211,At Risk / Lost,1064.6885,6388.130999999999
CUST-000056,255.0,5,4929.599,2024-04-20 10:32:59,2,3,3,233,Loyal Customers,985.9198,14788.797
CUST-000057,45.0,3,2233.607,2024-11-16 14:04:47,2,1,2,212,At Risk / Lost,744.5356666666667,6700.821
CUST-000058,155.0,2,2482.059,2024-07-29 10:51:32,2,1,2,212,At Risk / Lost,1241.0295,7446.177000000001
CUST-000059,558.0,2,815.259,2023-06-22 12:32:27,2,1,1,211,At Risk / Lost,407.6295,2445.777
CUST-000060,255.0,4,2605.9655000000002,2024-04-20 20:03:38,2,2,2,222,At Risk / Lost,651.4913750000001,7817.896500000001
CUST-000061,159.0,5,4368.444,2024-07-25 08:47:42,2,3,3,233,Loyal Customers,873.6888000000001,13105.332000000002
CUST-000062,240.0,6,3431.329,2024-05-05 18:29:25,2,4,2,242,Others,571.8881666666667,10293.987000000001
CUST-000063,71.0,5,2990.4745,2024-10-21 09:38:07,2,3,2,232,Others,598.0948999999999,8971.423499999999
CUST-000064,303.0,3,2890.2245000000003,2024-03-03 18:55:58,2,1,2,212,At Risk / Lost,963.4081666666667,8670.6735
CUST-000065,73.0,4,3599.3455,2024-10-18 23:53:17,2,2,2,222,At Risk / Lost,899.836375,10798.0365
CUST-000066,137.0,4,5404.397,2024-08-16 21:22:08,2,2,4,224,At Risk / Lost,1351.09925,16213.190999999999
CUST-000067,100.0,4,4400.3385,2024-09-22 17:39:11,2,2,3,223,At Risk / Lost,1100.084625,13201.0155
CUST-000068,188.0,4,2320.281,2024-06-25 23:40:35,2,2,2,222,At Risk / Lost,580.07025,6960.843
CUST-000069,214.0,2,1812.331,2024-05-31 13:05:05,2,1,1,211,At Risk / Lost,906.1655,5436.9929999999995
CUST-000070,242.0,6,4352.7635,2024-05-03 21:34:14,2,4,3,243,Loyal Customers,725.4605833333334,13058.2905
CUST-000072,274.0,1,299.168,2024-03-31 23:16:21,2,1,1,211,At Risk / Lost,299.168,897.504
CUST-000073,10.0,5,5341.464,2024-12-21 07:17:01,2,3,4,234,Loyal Customers,1068.2928,16024.392
CUST-000074,6.0,7,5444.786,2024-12-25 12:39:47,2,4,4,244,Loyal Customers,777.8265714285715,16334.358
CUST-000075,372.0,4,5451.2445,2023-12-25 01:27:12,2,2,4,224,At Risk / Lost,1362.811125,16353.733499999998
CUST-000076,476.0,4,5068.220499999999,2023-09-12 13:32:38,2,2,3,223,At Risk / Lost,1267.0551249999999,15204.661499999998
CUST-000077,225.0,2,3148.8914999999997,2024-05-20 18:27:47,2,1,2,212,At Risk / Lost,1574.4457499999999,9446.6745
CUST-000078,132.0,3,2898.8515,2024-08-21 11:01:06,2,1,2,212,At Risk / Lost,966.2838333333334,8696.5545
CUST-000079,54.0,2,3684.038,2024-11-07 01:11:58,2,1,3,213,At Risk / Lost,1842.019,11052.114
CUST-000080,281.0,4,2527.859,2024-03-25 00:39:03,2,2,2,222,At Risk / Lost,631.96475,7583.576999999999
CUST-000081,216.0,8,10814.962,2024-05-29 05:52:26,2,4,4,244,Loyal Customers,1351.87025,32444.886
CUST-000082,284.0,1,656.774,2024-03-22 14:50:32,2,1,1,211,At Risk / Lost,656.774,1970.3220000000001
CUST-000083,445.0,3,4576.8115,2023-10-13 19:18:06,2,1,3,213,At Risk / Lost,1525.6038333333333,13730.4345
CUST-000084,343.0,3,1969.273,2024-01-23 05:20:47,2,1,1,211,At Risk / Lost,656.4243333333333,5907.8189999999995
CUST-000085,144.0,5,6039.786,2024-08-09 05:49:40,2,3,4,234,Loyal Customers,1207.9572,18119.358
CUST-000086,138.0,6,4046.195,2024-08-15 07:52:26,2,4,3,243,Loyal Customers,674.3658333333334,12138.585000000003
CUST-000087,266.0,3,2619.59,2024-04-09 10:32:33,2,1,2,212,At Risk / Lost,873.1966666666667,7858.77
CUST-000088,376.0,3,3982.213,2023-12-21 16:20:11,2,1,3,213,At Risk / Lost,1327.4043333333334,11946.639000000001
CUST-000089,222.0,3,2986.2975,2024-05-23 22:17:37,2,1,2,212,At Risk / Lost,995.4325,8958.8925
CUST-000090,92.0,6,5778.081,2024-09-30 10:48:18,2,4,4,244,Loyal Customers,963.0135,17334.243000000002
CUST-000091,287.0,6,5515.3195,2024-03-19 07:46:14,2,4,4,244,Loyal Customers,919.2199166666666,16545.9585
CUST-000092,252.0,4,4611.576,2024-04-23 21:24:11,2,2,3,223,At Risk / Lost,1152.894,13834.728
CUST-000093,138.0,5,3064.5095,2024-08-15 06:47:15,2,3,2,232,Others,612.9019000000001,9193.5285
CUST-000094,68.0,4,3597.0060000000003,2024-10-24 16:27:41,2,2,2,222,At Risk / Lost,899.2515000000001,10791.018
CUST-000095,38.0,2,1532.342,2024-11-23 09:50:38,2,1,1,211,At Risk / Lost,766.171,4597.026
CUST-000096,4.0,6,5568.588,2024-12-27 00:43:08,2,4,4,244,Loyal Customers,928.098,16705.764
CUST-000097,217.0,6,5207.031,2024-05-28 17:07:59,2,4,3,243,Loyal Customers,867.8385,15621.093
CUST-000098,97.0,4,2378.3395,2024-09-25 06:44:57,2,2,2,222,At Risk / Lost,594.584875,7135.0185
CUST-000099,79.0,6,7112.2845,2024-10-13 10:21:11,2,4,4,244,Loyal Customers,1185.38075,21336.853499999997
CUST-000100,165.0,5,5052.522,2024-07-19 17:36:13,2,3,3,233,Loyal Customers,1010.5044,15157.565999999999
CUST-000101,74.0,9,8272.724,2024-10-18 22:03:58,2,4,4,244,Loyal Customers,919.1915555555556,24818.172
CUST-000102,663.0,1,429.478,2023-03-09 03:15:40,2,1,1,211,At Risk / Lost,429.478,1288.434
CUST-000103,24.0,7,8954.7925,2024-12-07 18:34:24,2,4,4,244,Loyal Customers,1279.2560714285714,26864.3775
CUST-000104,331.0,3,2836.804,2024-02-04 20:14:56,2,1,2,212,At Risk / Lost,945.6013333333334,8510.412
CUST-000105,244.0,2,1537.7649999999999,2024-05-01 04:24:42,2,1,1,211,At Risk / Lost,768.8824999999999,4613.295
CUST-000106,321.0,2,1118.073,2024-02-14 00:13:43,2,1,1,211,At Risk / Lost,559.0365,3354.219
CUST-000107,388.0,3,3147.2929999999997,2023-12-09 19:43:29,2,1,2,212,At Risk / Lost,1049.0976666666666,9441.878999999999
CUST-000108,278.0,5,4007.6960000000004,2024-03-28 22:14:16,2,3,3,233,Loyal Customers,801.5392,12023.088000000002
CUST-000109,607.0,3,3975.4465,2023-05-04 22:18:11,2,1,3,213,At Risk / Lost,1325.1488333333334,11926.3395
CUST-000110,336.0,3,2555.1235,2024-01-30 09:42:32,2,1,2,212,At Risk / Lost,851.7078333333334,7665.370500000001
CUST-000111,432.0,4,4605.2635,2023-10-26 05:19:59,2,2,3,223,At Risk / Lost,1151.315875,13815.7905
CUST-000112,282.0,4,3385.3860000000004,2024-03-24 07:44:29,2,2,2,222,At Risk / Lost,846.3465000000001,10156.158000000001
CUST-000113,232.0,3,4239.632,2024-05-13 13:31:22,2,1,3,213,At Risk / Lost,1413.2106666666666,12718.895999999999
CUST-000114,40.0,2,1705.825,2024-11-21 10:42:25,2,1,1,211,At Risk / Lost,852.9125,5117.475
CUST-000115,220.0,2,2186.694,2024-05-25 01:17:34,2,1,1,211,At Risk / Lost,1093.347,6560.082
CUST-000116,170.0,5,3160.8250000000003,2024-07-14 10:22:49,2,3,2,232,Others,632.1650000000001,9482.475
CUST-000117,179.0,3,3735.6885,2024-07-05 08:10:20,2,1,3,213,At Risk / Lost,1245.2295000000001,11207.0655
CUST-000118,40.0,2,2229.02,2024-11-21 06:49:52,2,1,2,212,At Risk / Lost,1114.51,6687.0599999999995
CUST-000119,546.0,4,3410.801,2023-07-04 02:43:04,2,2,2,222,At Risk / Lost,852.70025,10232.403
CUST-000120,293.0,2,2923.496,2024-03-13 09:38:28,2,1,2,212,At Risk / Lost,1461.748,8770.488000000001
CUST-000122,72.0,2,1714.588,2024-10-20 03:56:37,2,1,1,211,At Risk / Lost,857.294,5143.764
CUST-000123,504.0,4,6431.8035,2023-08-15 21:58:43,2,2,4,224,At Risk / Lost,1607.950875,19295.410499999998
CUST-000124,124.0,5,4912.028499999999,2024-08-29 06:31:53,2,3,3,233,Loyal Customers,982.4056999999999,14736.085499999997
CUST-000125,822.0,1,1249.441,2022-10-01 18:16:18,2,1,1,211,At Risk / Lost,1249.441,3748.3230000000003
CUST-000126,539.0,4,2470.45,2023-07-11 17:54:23,2,2,2,222,At Risk / Lost,617.6125,7411.349999999999
CUST-000127,96.0,4,5151.6635,2024-09-26 21:09:45,2,2,3,223,At Risk / Lost,1287.915875,15454.9905
CUST-000128,690.0,2,2265.2385,2023-02-10 03:36:50,2,1,2,212,At Risk / Lost,1132.61925,6795.7155
CUST-000129,53.0,6,6376.9705,2024-11-08 06:48:36,2,4,4,244,Loyal Customers,1062.8284166666667,19130.911500000002
CUST-000130,522.0,3,1324.934,2023-07-28 08:58:10,2,1,1,211,At Risk / Lost,441.64466666666664,3974.8019999999997
CUST-000131,491.0,3,875.318,2023-08-28 21:47:30,2,1,1,211,At Risk / Lost,291.7726666666667,2625.9539999999997
CUST-000132,327.0,3,1865.3535,2024-02-08 02:37:00,2,1,1,211,At Risk / Lost,621.7845,5596.0605
CUST-000133,192.0,4,3461.721,2024-06-22 07:06:24,2,2,2,222,At Risk / Lost,865.43025,10385.163
CUST-000134,1048.0,2,2109.9885,2022-02-17 19:49:15,2,1,1,211,At Risk / Lost,1054.99425,6329.9655
CUST-000135,111.0,6,4878.2595,2024-09-11 09:09:24,2,4,3,243,Loyal Customers,813.0432500000001,14634.7785
CUST-000136,449.0,5,4738.5715,2023-10-09 07:10:06,2,3,3,233,Loyal Customers,947.7143,14215.7145
CUST-000137,173.0,5,4615.6655,2024-07-11 01:59:32,2,3,3,233,Loyal Customers,923.1331,13846.996500000001
CUST-000138,194.0,4,4362.208,2024-06-20 02:52:50,2,2,3,223,At Risk / Lost,1090.552,13086.624
CUST-000139,21.0,8,7035.235,2024-12-10 18:52:03,2,4,4,244,Loyal Customers,879.404375,21105.704999999998
CUST-000140,335.0,3,1912.6475,2024-01-31 22:01:01,2,1,1,211,At Risk / Lost,637.5491666666667,5737.9425
CUST-000141,359.0,3,2812.191,2024-01-07 17:22:56,2,1,2,212,At Risk / Lost,937.3969999999999,8436.573
CUST-000142,69.0,2,2786.98,2024-10-23 21:00:35,2,1,2,212,At Risk / Lost,1393.49,8360.94
CUST-000143,226.0,6,6006.869,2024-05-18 23:56:57,2,4,4,244,Loyal Customers,1001.1448333333333,18020.607
CUST-000144,457.0,1,557.433,2023-10-01 14:01:24,2,1,1,211,At Risk / Lost,557.433,1672.299
CUST-000145,73.0,2,1738.361,2024-10-19 09:10:08,2,1,1,211,At Risk / Lost,869.1805,5215.0830000000005
CUST-000146,674.0,3,3213.3985000000002,2023-02-26 19:45:13,2,1,2,212,At Risk / Lost,1071.1328333333333,9640.195500000002
CUST-000147,35.0,6,4702.1645,2024-11-26 04:57:03,2,4,3,243,Loyal Customers,783.6940833333333,14106.4935
CUST-000148,502.0,2,623.293,2023-08-17 19:07:02,2,1,1,211,At Risk / Lost,311.6465,1869.879
CUST-000149,278.0,5,6593.001,2024-03-28 18:43:16,2,3,4,234,Loyal Customers,1318.6002,19779.003
CUST-000150,11.0,11,8190.1095,2024-12-20 14:57:44,2,4,4,244,Loyal Customers,744.555409090909,24570.3285
CUST-000151,310.0,3,3570.2695,2024-02-25 00:42:55,2,1,2,212,At Risk / Lost,1190.0898333333332,10710.8085
CUST-000152,197.0,1,1003.756,2024-06-17 16:38:42,2,1,1,211,At Risk / Lost,1003.756,3011.268
CUST-000153,85.0,8,6579.082,2024-10-07 14:55:47,2,4,4,244,Loyal Customers,822.38525,19737.246
CUST-000154,26.0,3,3578.3835,2024-12-05 22:34:29,2,1,2,212,At Risk / Lost,1192.7945,10735.1505
CUST-000155,85.0,4,6204.32,2024-10-07 01:43:01,2,2,4,224,At Risk / Lost,1551.08,18612.96
CUST-000156,101.0,3,2303.261,2024-09-21 17:02:11,2,1,2,212,At Risk / Lost,767.7536666666666,6909.782999999999
CUST-000157,296.0,6,7570.690500000001,2024-03-10 21:13:37,2,4,4,244,Loyal Customers,1261.78175,22712.071500000002
CUST-000158,57.0,3,3257.1255,2024-11-04 13:23:17,2,1,2,212,At Risk / Lost,1085.7085,9771.3765
CUST-000159,430.0,5,4150.1215,2023-10-28 19:01:36,2,3,3,233,Loyal Customers,830.0243,12450.3645
CUST-000160,556.0,1,135.555,2023-06-24 11:17:17,2,1,1,211,At Risk / Lost,135.555,406.665
CUST-000161,707.0,2,3287.6275,2023-01-24 08:04:31,2,1,2,212,At Risk / Lost,1643.81375,9862.8825
CUST-000162,27.0,6,6799.9675,2024-12-04 05:33:00,2,4,4,244,Loyal Customers,1133.3279166666666,20399.9025
CUST-000163,104.0,6,7782.1805,2024-09-18 08:37:34,2,4,4,244,Loyal Customers,1297.0300833333333,23346.5415
CUST-000164,82.0,5,7273.103,2024-10-10 09:38:28,2,3,4,234,Loyal Customers,1454.6206,21819.309
CUST-000165,4.0,2,1837.9129999999998,2024-12-27 22:19:21,2,1,1,211,At Risk / Lost,918.9564999999999,5513.739
CUST-000166,63.0,5,3418.3685,2024-10-29 06:35:05,2,3,2,232,Others,683.6737,10255.105500000001
CUST-000167,29.0,7,5103.6705,2024-12-02 14:51:19,2,4,3,243,Loyal Customers,729.0957857142857,15311.0115
CUST-000168,502.0,7,6951.0635,2023-08-17 18:04:27,2,4,4,244,Loyal Customers,993.0090714285715,20853.1905
CUST-000169,152.0,5,7089.6925,2024-08-01 15:05:06,2,3,4,234,Loyal Customers,1417.9385,21269.0775
CUST-000170,9.0,8,9021.405999999999,2024-12-21 23:41:51,2,4,4,244,Loyal Customers,1127.6757499999999,27064.217999999997
CUST-000171,48.0,4,4065.7905,2024-11-13 13:08:07,2,2,3,223,At Risk / Lost,1016.447625,12197.371500000001
CUST-000172,5.0,5,3879.0215,2024-12-26 03:19:26,2,3,3,233,Loyal Customers,775.8043,11637.0645
CUST-000173,153.0,3,4112.463,2024-07-31 11:24:17,2,1,3,213,At Risk / Lost,1370.821,12337.389
CUST-000174,91.0,3,2567.8559999999998,2024-10-01 11:18:07,2,1,2,212,At Risk / Lost,855.9519999999999,7703.567999999999
CUST-000175,57.0,3,2117.371,2024-11-04 18:54:02,2,1,1,211,At Risk / Lost,705.7903333333334,6352.113
CUST-000176,276.0,1,1602.305,2024-03-30 08:40:23,2,1,1,211,At Risk / Lost,1602.305,4806.915
CUST-000177,34.0,9,9297.2595,2024-11-27 16:51:53,2,4,4,244,Loyal Customers,1033.0288333333333,27891.7785
CUST-000178,53.0,2,2285.233,2024-11-08 14:52:25,2,1,2,212,At Risk / Lost,1142.6165,6855.6990000000005
CUST-000179,434.0,4,6761.277999999999,2023-10-24 06:46:41,2,2,4,224,At Risk / Lost,1690.3194999999998,20283.834
CUST-000180,69.0,3,1643.484,2024-10-23 11:32:19,2,1,1,211,At Risk / Lost,547.828,4930.451999999999
CUST-000181,14.0,3,2649.4545,2024-12-17 11:33:00,2,1,2,212,At Risk / Lost,883.1514999999999,7948.3634999999995
CUST-000182,495.0,1,821.2059999999999,2023-08-24 19:13:03,2,1,1,211,At Risk / Lost,821.2059999999999,2463.6179999999995
CUST-000183,3.0,5,3805.3525,2024-12-28 15:34:24,2,3,3,233,Loyal Customers,761.0705,11416.057499999999
CUST-000184,26.0,1,1009.656,2024-12-05 20:21:16,2,1,1,211,At Risk / Lost,1009.656,3028.968
CUST-000185,293.0,3,1492.952,2024-03-13 19:01:26,2,1,1,211,At Risk / Lost,497.65066666666667,4478.856
CUST-000186,385.0,2,3439.931,2023-12-12 09:34:53,2,1,2,212,At Risk / Lost,1719.9655,10319.793
CUST-000187,86.0,4,3024.3315000000002,2024-10-06 01:14:41,2,2,2,222,At Risk / Lost,756.0828750000001,9072.9945
CUST-000188,44.0,4,3067.9425,2024-11-17 18:51:01,2,2,2,222,At Risk / Lost,766.985625,9203.8275
CUST-000189,161.0,6,4721.717,2024-07-23 08:09:47,2,4,3,243,Loyal Customers,786.9528333333333,14165.150999999998
CUST-000190,575.0,3,3322.66,2023-06-05 12:57:30,2,1,2,212,At Risk / Lost,1107.5533333333333,9967.98
CUST-000191,50.0,3,3811.9405,2024-11-11 22:21:02,2,1,3,213,At Risk / Lost,1270.6468333333335,11435.821500000002
CUST-000192,998.0,2,4188.929,2022-04-08 14:46:31,2,1,3,213,At Risk / Lost,2094.4645,12566.787
CUST-000193,483.0,4,5374.58,2023-09-05 13:25:45,2,2,4,224,At Risk / Lost,1343.645,16123.74
CUST-000194,278.0,2,1453.129,2024-03-28 00:14:59,2,1,1,211,At Risk / Lost,726.5645,4359.387
CUST-000195,239.0,3,1664.594,2024-05-06 12:40:42,2,1,1,211,At Risk / Lost,554.8646666666667,4993.782
CUST-000196,271.0,5,4457.636,2024-04-04 05:24:11,2,3,3,233,Loyal Customers,891.5272000000001,13372.908000000001
CUST-000197,30.0,4,4466.669,2024-12-01 04:25:34,2,2,3,223,At Risk / Lost,1116.66725,13400.007
CUST-000198,345.0,3,2571.154,2024-01-21 20:01:31,2,1,2,212,At Risk / Lost,857.0513333333333,7713.4619999999995
CUST-000199,226.0,3,2339.143,2024-05-19 15:19:04,2,1,2,212,At Risk / Lost,779.7143333333333,7017.429
CUST-000200,895.0,1,1144.696,2022-07-20 10:58:11,2,1,1,211,At Risk / Lost,1144.696,3434.0879999999997
CUST-000201,35.0,5,3502.576,2024-11-26 05:00:13,2,3,2,232,Others,700.5152,10507.728
CUST-000202,496.0,3,3612.9809999999998,2023-08-23 21:33:23,2,1,2,212,At Risk / Lost,1204.327,10838.943
CUST-000203,65.0,6,5833.696,2024-10-27 00:09:15,2,4,4,244,Loyal Customers,972.2826666666666,17501.088
CUST-000204,260.0,4,2897.984,2024-04-15 16:30:28,2,2,2,222,At Risk / Lost,724.496,8693.952
CUST-000205,74.0,4,5147.2390000000005,2024-10-18 20:21:33,2,2,3,223,At Risk / Lost,1286.8097500000001,15441.717
CUST-000206,371.0,4,3720.228,2023-12-26 12:31:14,2,2,3,223,At Risk / Lost,930.057,11160.684000000001
CUST-000207,459.0,6,4790.0085,2023-09-29 12:33:42,2,4,3,243,Loyal Customers,798.33475,14370.0255
CUST-000208,109.0,4,4279.4,2024-09-13 07:34:22,2,2,3,223,At Risk / Lost,1069.85,12838.199999999999
CUST-000209,104.0,6,6976.7029999999995,2024-09-18 12:40:12,2,4,4,244,Loyal Customers,1162.7838333333332,20930.108999999997
CUST-000210,242.0,5,4831.9205,2024-05-03 21:34:17,2,3,3,233,Loyal Customers,966.3841,14495.7615
CUST-000211,708.0,1,514.1155,2023-01-23 21:48:05,2,1,1,211,At Risk / Lost,514.1155,1542.3465
CUST-000212,105.0,5,3542.0125,2024-09-17 13:29:58,2,3,2,232,Others,708.4024999999999,10626.037499999999
CUST-000213,261.0,3,1220.8995,2024-04-14 04:25:46,2,1,1,211,At Risk / Lost,406.9665,3662.6985
CUST-000214,53.0,7,5128.8165,2024-11-08 14:05:48,2,4,3,243,Loyal Customers,732.6880714285714,15386.449499999999
CUST-000215,33.0,7,4796.5735,2024-11-28 15:32:31,2,4,3,243,Loyal Customers,685.2247857142858,14389.720500000001
CUST-000216,71.0,4,5340.446,2024-10-21 11:30:33,2,2,4,224,At Risk / Lost,1335.1115,16021.338
CUST-000217,128.0,2,994.951,2024-08-25 19:52:36,2,1,1,211,At Risk / Lost,497.4755,2984.853
CUST-000218,303.0,4,5252.6975,2024-03-03 02:02:05,2,2,3,223,At Risk / Lost,1313.174375,15758.0925
CUST-000219,22.0,2,399.43399999999997,2024-12-09 16:06:22,2,1,1,211,At Risk / Lost,199.71699999999998,1198.302
CUST-000220,103.0,3,3632.8585,2024-09-19 18:06:00,2,1,2,212,At Risk / Lost,1210.9528333333333,10898.575499999999
CUST-000221,176.0,2,3301.3714999999997,2024-07-08 15:30:26,2,1,2,212,At Risk / Lost,1650.6857499999999,9904.1145
CUST-000222,107.0,5,5937.466,2024-09-15 12:28:38,2,3,4,234,Loyal Customers,1187.4932000000001,17812.398
CUST-000223,103.0,3,2285.1045,2024-09-19 04:34:56,2,1,2,212,At Risk / Lost,761.7015,6855.3135
CUST-000224,323.0,4,4702.315,2024-02-12 01:53:59,2,2,3,223,At Risk / Lost,1175.57875,14106.945
CUST-000225,108.0,8,10866.8565,2024-09-13 23:51:39,2,4,4,244,Loyal Customers,1358.3570625,32600.569499999998
CUST-000226,114.0,3,3542.9015,2024-09-08 22:11:24,2,1,2,212,At Risk / Lost,1180.9671666666666,10628.7045
CUST-000227,144.0,3,5252.808,2024-08-09 22:39:58,2,1,3,213,At Risk / Lost,1750.936,15758.423999999999
CUST-000228,71.0,2,552.552,2024-10-21 09:26:10,2,1,1,211,At Risk / Lost,276.276,1657.656
CUST-000229,248.0,3,1755.642,2024-04-27 20:40:27,2,1,1,211,At Risk / Lost,585.214,5266.926000000001
CUST-000230,84.0,2,2249.194,2024-10-08 15:31:36,2,1,2,212,At Risk / Lost,1124.597,6747.582
CUST-000231,270.0,6,2793.1684999999998,2024-04-05 04:54:59,2,4,2,242,Others,465.5280833333333,8379.5055
CUST-000232,310.0,5,2596.8065,2024-02-25 12:47:51,2,3,2,232,Others,519.3613,7790.4195
CUST-000233,481.0,3,2761.088,2023-09-07 06:43:24,2,1,2,212,At Risk / Lost,920.3626666666668,8283.264000000001
CUST-000234,79.0,5,2041.824,2024-10-13 01:27:51,2,3,1,231,Others,408.3648,6125.472
CUST-000235,454.0,5,8752.761499999999,2023-10-04 01:39:40,2,3,4,234,Loyal Customers,1750.5522999999998,26258.284499999994
CUST-000236,206.0,6,7717.2325,2024-06-08 17:13:00,2,4,4,244,Loyal Customers,1286.2054166666667,23151.697500000002
CUST-000237,63.0,8,7000.735,2024-10-29 22:23:43,2,4,4,244,Loyal Customers,875.091875,21002.204999999998
CUST-000238,448.0,5,6360.264499999999,2023-10-10 13:01:01,2,3,4,234,Loyal Customers,1272.0529,19080.7935
CUST-000239,16.0,4,4205.9385,2024-12-15 05:27:46,2,2,3,223,At Risk / Lost,1051.484625,12617.8155
CUST-000240,21.0,5,5415.17,2024-12-10 13:15:25,2,3,4,234,Loyal Customers,1083.034,16245.51
CUST-000241,284.0,6,6855.749,2024-03-22 08:55:58,2,4,4,244,Loyal Customers,1142.6248333333333,20567.247
CUST-000242,107.0,6,7723.4445,2024-09-15 20:16:02,2,4,4,244,Loyal Customers,1287.24075,23170.3335
CUST-000243,678.0,1,1388.068,2023-02-22 06:43:33,2,1,1,211,At Risk / Lost,1388.068,4164.204
CUST-000244,12.0,4,3760.42,2024-12-19 08:14:54,2,2,3,223,At Risk / Lost,940.105,11281.26
CUST-000245,123.0,5,4960.3485,2024-08-30 15:49:21,2,3,3,233,Loyal Customers,992.0697,14881.0455
CUST-000246,390.0,3,3504.6245,2023-12-07 01:18:16,2,1,2,212,At Risk / Lost,1168.2081666666666,10513.8735
CUST-000248,505.0,1,770.0735,2023-08-14 02:36:57,2,1,1,211,At Risk / Lost,770.0735,2310.2205
CUST-000249,111.0,4,3606.9725,2024-09-11 13:32:08,2,2,2,222,At Risk / Lost,901.743125,10820.9175
CUST-000250,150.0,5,4647.6075,2024-08-03 05:46:21,2,3,3,233,Loyal Customers,929.5215000000001,13942.8225
CUST-000251,,1,2507.1675,,2,1,2,212,At Risk / Lost,2507.1675,7521.5025000000005
CUST-000252,209.0,2,2672.2425,2024-06-05 19:31:16,2,1,2,212,At Risk / Lost,1336.12125,8016.727499999999
CUST-000253,1.0,8,5281.755,2024-12-30 20:26:11,2,4,4,244,Loyal Customers,660.219375,15845.265
CUST-000254,239.0,3,4692.6835,2024-05-06 10:40:13,2,1,3,213,At Risk / Lost,1564.2278333333334,14078.050500000001
CUST-000255,125.0,1,1134.4715,2024-08-28 02:17:46,2,1,1,211,At Risk / Lost,1134.4715,3403.4145000000003
CUST-000256,64.0,2,3176.854,2024-10-28 19:43:07,2,1,2,212,At Risk / Lost,1588.427,9530.562
CUST-000257,440.0,2,2357.339,2023-10-18 00:31:09,2,1,2,212,At Risk / Lost,1178.6695,7072.017
CUST-000258,220.0,1,283.98650000000004,2024-05-25 08:09:11,2,1,1,211,At Risk / Lost,283.98650000000004,851.9595000000002
CUST-000259,85.0,5,3694.286,2024-10-07 03:51:34,2,3,3,233,Loyal Customers,738.8572,11082.858
CUST-000260,6.0,5,3861.2555,2024-12-24 23:07:00,2,3,3,233,Loyal Customers,772.2511000000001,11583.766500000002
CUST-000261,228.0,3,4656.701999999999,2024-05-17 03:48:44,2,1,3,213,At Risk / Lost,1552.2339999999997,13970.105999999998
CUST-000262,222.0,6,5322.144,2024-05-23 02:35:16,2,4,4,244,Loyal Customers,887.024,15966.432
CUST-000263,183.0,5,9192.972,2024-07-01 08:58:27,2,3,4,234,Loyal Customers,1838.5944,27578.915999999997
CUST-000264,568.0,3,3080.1639999999998,2023-06-12 10:23:15,2,1,2,212,At Risk / Lost,1026.7213333333332,9240.491999999998
CUST-000265,228.0,6,6849.286,2024-05-17 22:31:07,2,4,4,244,Loyal Customers,1141.5476666666666,20547.858
CUST-000266,566.0,1,2002.6955,2023-06-14 18:23:04,2,1,1,211,At Risk / Lost,2002.6955,6008.0865
CUST-000267,284.0,7,6083.212,2024-03-22 17:03:00,2,4,4,244,Loyal Customers,869.0302857142858,18249.636000000002
CUST-000268,72.0,7,6456.134,2024-10-20 01:12:02,2,4,4,244,Loyal Customers,922.3048571428571,19368.402000000002
CUST-000269,435.0,1,1846.7485000000001,2023-10-23 17:24:49,2,1,1,211,At Risk / Lost,1846.7485000000001,5540.245500000001
CUST-000270,181.0,4,5243.241,2024-07-03 22:56:35,2,2,3,223,At Risk / Lost,1310.81025,15729.723
CUST-000271,428.0,3,3840.5795000000003,2023-10-30 15:44:09,2,1,3,213,At Risk / Lost,1280.1931666666667,11521.7385
CUST-000272,139.0,2,2181.75,2024-08-14 13:55:44,2,1,1,211,At Risk / Lost,1090.875,6545.25
CUST-000273,310.0,4,4045.658,2024-02-25 15:50:10,2,2,3,223,At Risk / Lost,1011.4145,12136.974
CUST-000274,422.0,4,3015.678,2023-11-05 11:55:44,2,2,2,222,At Risk / Lost,753.9195,9047.034
CUST-000275,327.0,3,5179.1305,2024-02-08 17:19:59,2,1,3,213,At Risk / Lost,1726.3768333333335,15537.391500000002
CUST-000276,96.0,6,7783.9775,2024-09-26 07:18:43,2,4,4,244,Loyal Customers,1297.3295833333334,23351.932500000003
CUST-000277,512.0,3,2054.9275,2023-08-07 06:16:55,2,1,1,211,At Risk / Lost,684.9758333333333,6164.782499999999
CUST-000278,555.0,3,921.6089999999999,2023-06-25 12:14:52,2,1,1,211,At Risk / Lost,307.203,2764.8269999999998
CUST-000279,92.0,5,1522.468,2024-09-30 01:37:56,2,3,1,231,Others,304.4936,4567.404
CUST-000280,231.0,6,6721.495,2024-05-14 00:03:51,2,4,4,244,Loyal Customers,1120.2491666666667,20164.485
CUST-000281,22.0,4,5442.3330000000005,2024-12-09 07:31:41,2,2,4,224,At Risk / Lost,1360.5832500000001,16326.999000000002
CUST-000282,500.0,2,1668.181,2023-08-19 05:08:31,2,1,1,211,At Risk / Lost,834.0905,5004.543
CUST-000283,78.0,10,10718.629500000001,2024-10-14 05:15:23,2,4,4,244,Loyal Customers,1071.8629500000002,32155.88850000001
CUST-000284,85.0,3,4024.267,2024-10-07 00:46:40,2,1,3,213,At Risk / Lost,1341.4223333333332,12072.801
CUST-000285,451.0,2,3872.5725,2023-10-07 12:20:32,2,1,3,213,At Risk / Lost,1936.28625,11617.7175
CUST-000286,855.0,1,841.5085,2022-08-29 22:05:33,2,1,1,211,At Risk / Lost,841.5085,2524.5255
CUST-000287,17.0,5,6110.9895,2024-12-14 09:24:08,2,3,4,234,Loyal Customers,1222.1979,18332.9685
CUST-000288,143.0,5,5567.2480000000005,2024-08-10 17:03:13,2,3,4,234,Loyal Customers,1113.4496000000001,16701.744000000002
CUST-000289,144.0,1,391.46099999999996,2024-08-09 05:33:01,2,1,1,211,At Risk / Lost,391.46099999999996,1174.3829999999998
CUST-000290,88.0,5,2558.0240000000003,2024-10-04 07:28:17,2,3,2,232,Others,511.60480000000007,7674.072000000001
CUST-000291,135.0,4,3923.1645,2024-08-18 16:28:07,2,2,3,223,At Risk / Lost,980.791125,11769.4935
CUST-000293,154.0,5,6458.3025,2024-07-30 01:43:02,2,3,4,234,Loyal Customers,1291.6605,19374.9075
CUST-000294,564.0,1,166.82,2023-06-16 13:19:24,2,1,1,211,At Risk / Lost,166.82,500.46
CUST-000295,61.0,7,4592.188,2024-10-31 21:44:54,2,4,3,243,Loyal Customers,656.0268571428571,13776.564
CUST-000296,47.0,5,6404.0195,2024-11-14 05:43:01,2,3,4,234,Loyal Customers,1280.8039,19212.0585
CUST-000297,273.0,3,2701.194,2024-04-02 18:14:20,2,1,2,212,At Risk / Lost,900.398,8103.582
CUST-000298,698.0,2,1515.6475,2023-02-02 00:38:10,2,1,1,211,At Risk / Lost,757.82375,4546.9425
CUST-000299,990.0,1,3488.802,2022-04-16 08:54:31,2,1,2,212,At Risk / Lost,3488.802,10466.406
CUST-000300,220.0,2,1197.19,2024-05-25 05:27:45,2,1,1,211,At Risk / Lost,598.595,3591.57
CUST-000302,608.0,1,1992.336,2023-05-03 19:54:40,2,1,1,211,At Risk / Lost,1992.336,5977.008
CUST-000303,585.0,1,2910.571,2023-05-26 04:05:15,2,1,2,212,At Risk / Lost,2910.571,8731.713
CUST-000304,78.0,4,5713.9325,2024-10-14 05:30:33,2,2,4,224,At Risk / Lost,1428.483125,17141.7975
CUST-000305,89.0,1,509.799,2024-10-02 23:07:08,2,1,1,211,At Risk / Lost,509.799,1529.397
CUST-000306,52.0,4,3299.256,2024-11-09 00:42:38,2,2,2,222,At Risk / Lost,824.814,9897.768
CUST-000307,665.0,1,174.904,2023-03-07 10:27:36,2,1,1,211,At Risk / Lost,174.904,524.712
CUST-000308,70.0,4,2717.188,2024-10-22 04:26:52,2,2,2,222,At Risk / Lost,679.297,8151.564
CUST-000309,34.0,4,5298.3125,2024-11-27 22:09:09,2,2,4,224,At Risk / Lost,1324.578125,15894.9375
CUST-000310,8.0,4,3719.7605,2024-12-23 12:58:42,2,2,3,223,At Risk / Lost,929.940125,11159.2815
CUST-000311,887.0,2,2888.0385,2022-07-28 08:54:36,2,1,2,212,At Risk / Lost,1444.01925,8664.1155
CUST-000312,2.0,6,7210.2919999999995,2024-12-29 05:40:20,2,4,4,244,Loyal Customers,1201.7153333333333,21630.875999999997
CUST-000313,602.0,2,2474.9865,2023-05-09 13:01:12,2,1,2,212,At Risk / Lost,1237.49325,7424.9595
CUST-000314,138.0,7,7986.3295,2024-08-15 11:29:27,2,4,4,244,Loyal Customers,1140.9042142857143,23958.9885
CUST-000315,21.0,6,4618.068,2024-12-10 10:33:20,2,4,3,243,Loyal Customers,769.678,13854.204000000002
CUST-000316,183.0,4,4859.291,2024-07-01 06:03:59,2,2,3,223,At Risk / Lost,1214.82275,14577.873
CUST-000318,35.0,2,737.691,2024-11-26 02:43:56,2,1,1,211,At Risk / Lost,368.8455,2213.0730000000003
CUST-000319,1021.0,2,2015.4185,2022-03-16 00:07:18,2,1,1,211,At Risk / Lost,1007.70925,6046.2555
CUST-000320,171.0,2,1115.3895,2024-07-13 04:15:15,2,1,1,211,At Risk / Lost,557.69475,3346.1684999999998
CUST-000321,32.0,2,2283.657,2024-11-29 08:33:01,2,1,2,212,At Risk / Lost,1141.8285,6850.9710000000005
CUST-000322,289.0,2,2040.9540000000002,2024-03-17 06:29:42,2,1,1,211,At Risk / Lost,1020.4770000000001,6122.862000000001
CUST-000323,283.0,3,3570.7980000000002,2024-03-23 19:37:20,2,1,2,212,At Risk / Lost,1190.266,10712.394
CUST-000324,119.0,4,5846.9205,2024-09-03 05:53:21,2,2,4,224,At Risk / Lost,1461.730125,17540.7615
CUST-000325,758.0,2,2187.9015,2022-12-04 11:14:29,2,1,1,211,At Risk / Lost,1093.95075,6563.7045
CUST-000326,69.0,6,5708.622,2024-10-23 03:26:57,2,4,4,244,Loyal Customers,951.437,17125.866
CUST-000327,233.0,2,3243.66,2024-05-12 03:09:03,2,1,2,212,At Risk / Lost,1621.83,9730.98
CUST-000328,55.0,5,5849.5345,2024-11-06 13:04:12,2,3,4,234,Loyal Customers,1169.9069,17548.603499999997
CUST-000329,107.0,6,6911.9220000000005,2024-09-15 12:54:52,2,4,4,244,Loyal Customers,1151.987,20735.766000000003
CUST-000330,335.0,2,856.182,2024-01-31 15:58:24,2,1,1,211,At Risk / Lost,428.091,2568.5460000000003
CUST-000331,493.0,4,5352.8985,2023-08-26 10:57:20,2,2,4,224,At Risk / Lost,1338.224625,16058.695500000002
CUST-000332,406.0,3,3111.0195,2023-11-20 23:10:25,2,1,2,212,At Risk / Lost,1037.0065,9333.0585
CUST-000333,9.0,6,7450.0275,2024-12-22 10:37:39,2,4,4,244,Loyal Customers,1241.67125,22350.0825
CUST-000334,240.0,3,2100.4809999999998,2024-05-05 18:10:31,2,1,1,211,At Risk / Lost,700.1603333333333,6301.442999999999
CUST-000335,75.0,6,5811.6045,2024-10-17 18:36:21,2,4,4,244,Loyal Customers,968.6007500000001,17434.8135
CUST-000336,46.0,1,4471.01,2024-11-15 02:29:50,2,1,3,213,At Risk / Lost,4471.01,13413.03
CUST-000337,285.0,3,704.2900000000001,2024-03-21 18:09:06,2,1,1,211,At Risk / Lost,234.76333333333335,2112.8700000000003
CUST-000338,321.0,3,2358.1195,2024-02-14 16:02:11,2,1,2,212,At Risk / Lost,786.0398333333333,7074.358499999999
CUST-000339,243.0,4,4672.748,2024-05-02 11:02:46,2,2,3,223,At Risk / Lost,1168.187,14018.243999999999
CUST-000341,569.0,2,1576.554,2023-06-11 17:56:26,2,1,1,211,At Risk / Lost,788.277,4729.662
CUST-000342,8.0,9,7645.468,2024-12-23 20:24:37,2,4,4,244,Loyal Customers,849.4964444444445,22936.404000000002
CUST-000343,19.0,1,1298.516,2024-12-12 14:00:29,2,1,1,211,At Risk / Lost,1298.516,3895.5480000000002
CUST-000344,94.0,3,4298.5035,2024-09-28 00:49:11,2,1,3,213,At Risk / Lost,1432.8345,12895.5105
CUST-000345,96.0,7,12676.1195,2024-09-26 04:28:14,2,4,4,244,Loyal Customers,1810.8742142857143,38028.3585
CUST-000346,192.0,4,5571.6269999999995,2024-06-22 00:46:42,2,2,4,224,At Risk / Lost,1392.9067499999999,16714.880999999998
CUST-000347,594.0,3,4012.1785,2023-05-17 21:58:07,2,1,3,213,At Risk / Lost,1337.3928333333333,12036.5355
CUST-000348,513.0,3,2175.101,2023-08-06 05:45:25,2,1,1,211,At Risk / Lost,725.0336666666667,6525.303
CUST-000349,68.0,2,1794.434,2024-10-24 05:51:35,2,1,1,211,At Risk / Lost,897.217,5383.302
CUST-000350,107.0,3,2586.3495,2024-09-15 03:55:10,2,1,2,212,At Risk / Lost,862.1165,7759.048499999999
CUST-000351,72.0,5,4163.5495,2024-10-20 10:49:15,2,3,3,233,Loyal Customers,832.7099000000001,12490.6485
CUST-000352,522.0,4,3967.6335,2023-07-28 22:42:29,2,2,3,223,At Risk / Lost,991.908375,11902.9005
CUST-000353,70.0,3,2760.219,2024-10-22 06:05:45,2,1,2,212,At Risk / Lost,920.073,8280.657
CUST-000354,238.0,5,3752.2124999999996,2024-05-07 16:30:14,2,3,3,233,Loyal Customers,750.4424999999999,11256.637499999999
CUST-000355,164.0,3,1567.8435,2024-07-20 05:27:18,2,1,1,211,At Risk / Lost,522.6145,4703.5305
CUST-000356,130.0,4,3972.526,2024-08-23 01:57:49,2,2,3,223,At Risk / Lost,993.1315,11917.578
CUST-000357,43.0,4,4099.6175,2024-11-18 04:59:04,2,2,3,223,At Risk / Lost,1024.904375,12298.8525
CUST-000358,29.0,6,3508.6394999999998,2024-12-02 01:50:23,2,4,2,242,Others,584.77325,10525.9185
CUST-000359,941.0,1,1825.6885000000002,2022-06-04 09:29:23,2,1,1,211,At Risk / Lost,1825.6885000000002,5477.065500000001
CUST-000360,717.0,1,718.1565,2023-01-14 21:43:01,2,1,1,211,At Risk / Lost,718.1565,2154.4695
CUST-000361,62.0,4,2977.0060000000003,2024-10-30 19:41:07,2,2,2,222,At Risk / Lost,744.2515000000001,8931.018
CUST-000362,401.0,3,4425.6665,2023-11-26 19:56:05,2,1,3,213,At Risk / Lost,1475.2221666666667,13276.999500000002
CUST-000363,39.0,4,2066.094,2024-11-22 03:21:04,2,2,1,221,At Risk / Lost,516.5235,6198.282
CUST-000364,264.0,6,6631.85,2024-04-11 19:53:24,2,4,4,244,Loyal Customers,1105.3083333333334,19895.550000000003
CUST-000365,340.0,3,5155.162,2024-01-26 11:13:16,2,1,3,213,At Risk / Lost,1718.3873333333333,15465.486
CUST-000366,132.0,5,5249.659000000001,2024-08-21 02:05:08,2,3,3,233,Loyal Customers,1049.9318,15748.977000000003
CUST-000367,358.0,4,4536.494,2024-01-08 07:36:03,2,2,3,223,At Risk / Lost,1134.1235,13609.482
CUST-000368,581.0,3,3632.732,2023-05-30 00:05:21,2,1,2,212,At Risk / Lost,1210.9106666666667,10898.196
CUST-000370,54.0,7,6081.889,2024-11-07 11:57:50,2,4,4,244,Loyal Customers,868.8412857142857,18245.667
CUST-000371,163.0,1,114.6565,2024-07-21 16:39:14,2,1,1,211,At Risk / Lost,114.6565,343.9695
CUST-000372,224.0,6,5023.643,2024-05-21 20:26:55,2,4,3,243,Loyal Customers,837.2738333333333,15070.929
CUST-000373,420.0,2,1663.3954999999999,2023-11-07 14:45:50,2,1,1,211,At Risk / Lost,831.6977499999999,4990.1865
CUST-000374,370.0,1,2588.435,2023-12-27 20:16:01,2,1,2,212,At Risk / Lost,2588.435,7765.305
CUST-000375,81.0,4,1254.58,2024-10-11 12:46:05,2,2,1,221,At Risk / Lost,313.645,3763.74
CUST-000376,35.0,4,4304.526,2024-11-26 07:37:53,2,2,3,223,At Risk / Lost,1076.1315,12913.578
CUST-000377,184.0,6,5179.366,2024-06-30 18:56:21,2,4,3,243,Loyal Customers,863.2276666666667,15538.098
CUST-000378,25.0,7,8924.489,2024-12-06 21:51:44,2,4,4,244,Loyal Customers,1274.927,26773.466999999997
CUST-000379,63.0,7,7276.026,2024-10-29 13:06:46,2,4,4,244,Loyal Customers,1039.4322857142856,21828.078
CUST-000380,143.0,6,11702.7865,2024-08-10 22:10:39,2,4,4,244,Loyal Customers,1950.4644166666667,35108.3595
CUST-000381,530.0,4,4313.5975,2023-07-20 11:19:46,2,2,3,223,At Risk / Lost,1078.399375,12940.7925
CUST-000382,116.0,5,5136.256,2024-09-05 23:26:10,2,3,3,233,Loyal Customers,1027.2512000000002,15408.768000000004
CUST-000383,227.0,6,6493.496999999999,2024-05-17 23:33:50,2,4,4,244,Loyal Customers,1082.2495,19480.490999999998
CUST-000384,39.0,3,1881.8449999999998,2024-11-22 06:25:49,2,1,1,211,At Risk / Lost,627.2816666666666,5645.535
CUST-000385,438.0,4,7411.099,2023-10-20 08:31:54,2,2,4,224,At Risk / Lost,1852.77475,22233.297
CUST-000386,35.0,4,3806.0049999999997,2024-11-26 12:14:37,2,2,3,223,At Risk / Lost,951.5012499999999,11418.015
CUST-000387,142.0,5,5451.2705,2024-08-11 08:33:03,2,3,4,234,Loyal Customers,1090.2540999999999,16353.8115
CUST-000388,234.0,4,4449.174,2024-05-11 18:40:26,2,2,3,223,At Risk / Lost,1112.2935,13347.522
CUST-000389,702.0,4,2965.063,2023-01-29 01:17:06,2,2,2,222,At Risk / Lost,741.26575,8895.189
CUST-000390,463.0,7,5203.9015,2023-09-25 09:43:44,2,4,3,243,Loyal Customers,743.4145,15611.7045
CUST-000391,69.0,6,4353.5035,2024-10-23 11:19:51,2,4,3,243,Loyal Customers,725.5839166666666,13060.5105
CUST-000392,279.0,5,4796.681,2024-03-27 20:46:28,2,3,3,233,Loyal Customers,959.3362,14390.042999999998
CUST-000393,25.0,3,2746.7805,2024-12-06 12:45:14,2,1,2,212,At Risk / Lost,915.5935,8240.341499999999
CUST-000394,793.0,3,3718.7480000000005,2022-10-30 13:52:31,2,1,3,213,At Risk / Lost,1239.582666666667,11156.244000000002
CUST-000395,1019.0,2,1978.3715,2022-03-18 08:46:18,2,1,1,211,At Risk / Lost,989.18575,5935.1145
CUST-000396,104.0,4,4629.6515,2024-09-17 23:47:37,2,2,3,223,At Risk / Lost,1157.412875,13888.9545
CUST-000397,19.0,2,2815.0855,2024-12-12 21:00:40,2,1,2,212,At Risk / Lost,1407.54275,8445.2565
CUST-000398,253.0,5,5881.728499999999,2024-04-22 03:15:15,2,3,4,234,Loyal Customers,1176.3456999999999,17645.1855
CUST-000399,316.0,3,2736.3415,2024-02-19 04:42:16,2,1,2,212,At Risk / Lost,912.1138333333333,8209.0245
CUST-000400,186.0,3,2308.6155,2024-06-28 06:32:14,2,1,2,212,At Risk / Lost,769.5385,6925.8465
CUST-000401,70.0,2,1465.2024999999999,2024-10-22 04:39:43,2,1,1,211,At Risk / Lost,732.6012499999999,4395.6075
CUST-000402,208.0,3,4216.4545,2024-06-06 05:14:46,2,1,3,213,At Risk / Lost,1405.4848333333332,12649.3635
CUST-000403,504.0,1,576.486,2023-08-15 02:45:11,2,1,1,211,At Risk / Lost,576.486,1729.458
CUST-000404,162.0,2,1006.4185,2024-07-22 10:18:14,2,1,1,211,At Risk / Lost,503.20925,3019.2555
CUST-000405,165.0,4,3932.5575,2024-07-18 23:40:10,2,2,3,223,At Risk / Lost,983.139375,11797.6725
CUST-000406,517.0,3,1751.2185,2023-08-02 00:54:49,2,1,1,211,At Risk / Lost,583.7395,5253.6555
CUST-000407,341.0,2,2044.07,2024-01-25 07:08:28,2,1,1,211,At Risk / Lost,1022.035,6132.21
CUST-000408,21.0,2,2687.951,2024-12-10 16:48:11,2,1,2,212,At Risk / Lost,1343.9755,8063.853
CUST-000409,564.0,7,6996.1815,2023-06-16 05:02:42,2,4,4,244,Loyal Customers,999.4544999999999,20988.5445
CUST-000410,65.0,4,5647.238,2024-10-27 12:24:35,2,2,4,224,At Risk / Lost,1411.8095,16941.714
CUST-000411,546.0,4,2328.851,2023-07-04 16:57:46,2,2,2,222,At Risk / Lost,582.21275,6986.553
CUST-000412,131.0,3,5727.772,2024-08-22 22:39:12,2,1,4,214,At Risk / Lost,1909.2573333333332,17183.316
CUST-000413,417.0,6,6897.590499999999,2023-11-10 16:59:18,2,4,4,244,Loyal Customers,1149.5984166666665,20692.771499999995
CUST-000414,56.0,3,2583.7785,2024-11-05 05:09:34,2,1,2,212,At Risk / Lost,861.2595,7751.335499999999
CUST-000415,97.0,3,2259.9905,2024-09-25 18:54:52,2,1,2,212,At Risk / Lost,753.3301666666666,6779.9715
CUST-000416,37.0,3,2076.3565,2024-11-24 08:40:22,2,1,1,211,At Risk / Lost,692.1188333333333,6229.0695
CUST-000417,83.0,3,3800.306,2024-10-09 05:20:08,2,1,3,213,At Risk / Lost,1266.7686666666666,11400.917999999998
CUST-000418,278.0,3,1871.4185,2024-03-28 08:51:03,2,1,1,211,At Risk / Lost,623.8061666666666,5614.255499999999
CUST-000419,597.0,3,2134.2595,2023-05-14 18:26:54,2,1,1,211,At Risk / Lost,711.4198333333334,6402.7785
CUST-000420,443.0,3,3226.988,2023-10-15 13:43:30,2,1,2,212,At Risk / Lost,1075.6626666666666,9680.964
CUST-000421,414.0,2,2004.651,2023-11-13 13:43:32,2,1,1,211,At Risk / Lost,1002.3255,6013.953
CUST-000422,26.0,5,6967.854,2024-12-05 20:53:19,2,3,4,234,Loyal Customers,1393.5708,20903.561999999998
CUST-000423,96.0,4,4322.666,2024-09-26 18:18:07,2,2,3,223,At Risk / Lost,1080.6665,12967.998
CUST-000424,21.0,4,3130.895,2024-12-10 01:26:58,2,2,2,222,At Risk / Lost,782.72375,9392.685
CUST-000425,322.0,2,2429.889,2024-02-13 16:53:00,2,1,2,212,At Risk / Lost,1214.9445,7289.667
CUST-000427,266.0,1,902.467,2024-04-09 02:23:13,2,1,1,211,At Risk / Lost,902.467,2707.401
CUST-000428,275.0,4,2636.2245,2024-03-30 23:59:02,2,2,2,222,At Risk / Lost,659.056125,7908.673499999999
CUST-000429,218.0,5,3632.3705,2024-05-27 09:22:15,2,3,2,232,Others,726.4741,10897.111499999999
CUST-000430,187.0,1,2168.7380000000003,2024-06-27 22:01:32,2,1,1,211,At Risk / Lost,2168.7380000000003,6506.214000000001
CUST-000431,47.0,4,3433.974,2024-11-14 02:35:44,2,2,2,222,At Risk / Lost,858.4935,10301.922
CUST-000432,364.0,6,6392.8465,2024-01-02 20:58:29,2,4,4,244,Loyal Customers,1065.4744166666667,19178.5395
CUST-000433,26.0,6,6922.834,2024-12-05 04:13:17,2,4,4,244,Loyal Customers,1153.8056666666666,20768.502
CUST-000434,218.0,1,846.8929999999999,2024-05-27 11:09:44,2,1,1,211,At Risk / Lost,846.8929999999999,2540.6789999999996
CUST-000435,166.0,2,1184.535,2024-07-18 18:08:42,2,1,1,211,At Risk / Lost,592.2675,3553.6050000000005
CUST-000436,12.0,3,2177.3635,2024-12-19 14:04:46,2,1,1,211,At Risk / Lost,725.7878333333333,6532.0905
CUST-000438,551.0,3,4310.624,2023-06-29 06:45:05,2,1,3,213,At Risk / Lost,1436.8746666666666,12931.872
CUST-000439,258.0,4,5436.1925,2024-04-17 14:18:25,2,2,4,224,At Risk / Lost,1359.048125,16308.5775
CUST-000440,112.0,3,4559.118,2024-09-10 14:24:11,2,1,3,213,At Risk / Lost,1519.7060000000001,13677.354000000001
CUST-000441,102.0,3,966.2894999999999,2024-09-20 22:29:17,2,1,1,211,At Risk / Lost,322.09649999999993,2898.8684999999996
CUST-000442,330.0,6,6839.4039999999995,2024-02-05 11:46:07,2,4,4,244,Loyal Customers,1139.9006666666667,20518.212
CUST-000443,268.0,1,1307.549,2024-04-07 12:40:27,2,1,1,211,At Risk / Lost,1307.549,3922.647
CUST-000444,48.0,5,3485.2549999999997,2024-11-13 06:34:06,2,3,2,232,Others,697.0509999999999,10455.765
CUST-000446,485.0,6,3582.129,2023-09-03 07:58:03,2,4,2,242,Others,597.0215,10746.386999999999
CUST-000447,7.0,3,2424.0515,2024-12-24 14:36:41,2,1,2,212,At Risk / Lost,808.0171666666666,7272.154500000001
CUST-000448,69.0,6,4321.09,2024-10-23 15:23:45,2,4,3,243,Loyal Customers,720.1816666666667,12963.27
CUST-000449,256.0,6,6672.362,2024-04-19 19:38:15,2,4,4,244,Loyal Customers,1112.0603333333333,20017.086
CUST-000450,89.0,3,6332.294,2024-10-03 12:48:30,2,1,4,214,At Risk / Lost,2110.7646666666665,18996.881999999998
CUST-000451,333.0,4,2612.049,2024-02-02 19:51:11,2,2,2,222,At Risk / Lost,653.01225,7836.147
CUST-000452,436.0,5,3269.6420000000003,2023-10-22 09:41:41,2,3,2,232,Others,653.9284,9808.926
CUST-000453,246.0,3,2307.8145,2024-04-29 14:14:27,2,1,2,212,At Risk / Lost,769.2715,6923.443499999999
CUST-000454,106.0,5,4548.18,2024-09-16 03:25:48,2,3,3,233,Loyal Customers,909.6360000000001,13644.54
CUST-000455,215.0,3,2463.0715,2024-05-30 22:08:07,2,1,2,212,At Risk / Lost,821.0238333333333,7389.2145
CUST-000456,2.0,5,4774.362,2024-12-28 23:09:34,2,3,3,233,Loyal Customers,954.8724,14323.086
CUST-000457,84.0,6,5600.3435,2024-10-08 22:06:33,2,4,4,244,Loyal Customers,933.3905833333333,16801.0305
CUST-000458,65.0,3,3397.2034999999996,2024-10-27 13:09:30,2,1,2,212,At Risk / Lost,1132.4011666666665,10191.610499999999
CUST-000459,563.0,6,7524.0635,2023-06-17 17:07:26,2,4,4,244,Loyal Customers,1254.0105833333334,22572.1905
CUST-000460,47.0,5,1870.4065,2024-11-14 02:36:33,2,3,1,231,Others,374.0813,5611.2195
CUST-000461,426.0,3,5372.4115,2023-11-01 10:44:44,2,1,4,214,At Risk / Lost,1790.8038333333334,16117.2345
CUST-000462,149.0,3,1617.6009999999999,2024-08-04 21:50:03,2,1,1,211,At Risk / Lost,539.2003333333333,4852.803
CUST-000463,206.0,2,1263.3135,2024-06-08 08:32:34,2,1,1,211,At Risk / Lost,631.65675,3789.9404999999997
CUST-000464,420.0,3,1400.6465,2023-11-07 06:53:04,2,1,1,211,At Risk / Lost,466.8821666666667,4201.9395
CUST-000465,501.0,3,2441.1279999999997,2023-08-17 23:41:36,2,1,2,212,At Risk / Lost,813.7093333333332,7323.383999999999
CUST-000466,158.0,3,2292.3145,2024-07-26 19:17:30,2,1,2,212,At Risk / Lost,764.1048333333333,6876.943499999999
CUST-000467,57.0,3,1199.8609999999999,2024-11-04 19:03:24,2,1,1,211,At Risk / Lost,399.9536666666666,3599.5829999999996
CUST-000468,63.0,5,4078.9975,2024-10-28 23:35:17,2,3,3,233,Loyal Customers,815.7995,12236.9925
CUST-000469,180.0,3,3060.544,2024-07-04 05:54:30,2,1,2,212,At Risk / Lost,1020.1813333333333,9181.632
CUST-000470,60.0,1,834.5999999999999,2024-11-01 13:36:47,2,1,1,211,At Risk / Lost,834.5999999999999,2503.7999999999997
CUST-000471,711.0,2,2223.819,2023-01-20 06:13:16,2,1,1,211,At Risk / Lost,1111.9095,6671.457
CUST-000472,287.0,7,4851.146,2024-03-19 16:52:57,2,4,3,243,Loyal Customers,693.0208571428572,14553.437999999998
CUST-000473,380.0,5,6197.2455,2023-12-17 01:45:17,2,3,4,234,Loyal Customers,1239.4491,18591.7365
CUST-000474,417.0,3,3074.1195000000002,2023-11-10 18:52:26,2,1,2,212,At Risk / Lost,1024.7065,9222.358499999998
CUST-000475,306.0,4,1682.9635,2024-02-29 03:46:29,2,2,1,221,At Risk / Lost,420.740875,5048.8905
CUST-000476,61.0,2,780.7139999999999,2024-10-31 18:55:57,2,1,1,211,At Risk / Lost,390.35699999999997,2342.142
CUST-000477,438.0,2,3512.0625,2023-10-20 16:37:19,2,1,2,212,At Risk / Lost,1756.03125,10536.1875
CUST-000478,377.0,3,2817.693,2023-12-20 22:43:34,2,1,2,212,At Risk / Lost,939.2310000000001,8453.079000000002
CUST-000479,127.0,3,2412.901,2024-08-26 15:56:05,2,1,2,212,At Risk / Lost,804.3003333333332,7238.7029999999995
CUST-000480,13.0,5,3116.4325000000003,2024-12-18 08:16:20,2,3,2,232,Others,623.2865,9349.2975
CUST-000481,21.0,3,1726.4515,2024-12-10 22:05:08,2,1,1,211,At Risk / Lost,575.4838333333333,5179.3545
CUST-000482,125.0,2,634.6145,2024-08-28 11:48:06,2,1,1,211,At Risk / Lost,317.30725,1903.8435
CUST-000483,284.0,2,1698.6645,2024-03-21 23:06:35,2,1,1,211,At Risk / Lost,849.33225,5095.9935000000005
CUST-000484,154.0,4,3497.221,2024-07-30 04:27:58,2,2,2,222,At Risk / Lost,874.30525,10491.663
CUST-000485,112.0,5,4283.455,2024-09-10 21:48:42,2,3,3,233,Loyal Customers,856.691,12850.365
CUST-000486,470.0,2,3054.9449999999997,2023-09-18 21:32:54,2,1,2,212,At Risk / Lost,1527.4724999999999,9164.835
CUST-000487,146.0,4,5911.6735,2024-08-07 09:55:11,2,2,4,224,At Risk / Lost,1477.918375,17735.0205
CUST-000488,296.0,5,6840.996,2024-03-10 08:45:04,2,3,4,234,Loyal Customers,1368.1992,20522.988
CUST-000489,153.0,8,7841.95,2024-07-31 14:25:47,2,4,4,244,Loyal Customers,980.24375,23525.85
CUST-000490,107.0,3,3313.715,2024-09-15 20:02:27,2,1,2,212,At Risk / Lost,1104.5716666666667,9941.145
CUST-000491,23.0,2,395.553,2024-12-08 15:28:31,2,1,1,211,At Risk / Lost,197.7765,1186.659
CUST-000492,187.0,5,1753.0045,2024-06-27 18:31:52,2,3,1,231,Others,350.6009,5259.0135
CUST-000493,302.0,6,3888.7545,2024-03-03 23:35:10,2,4,3,243,Loyal Customers,648.12575,11666.263500000001
CUST-000494,423.0,3,3254.4480000000003,2023-11-04 17:59:46,2,1,2,212,At Risk / Lost,1084.816,9763.344000000001
CUST-000495,354.0,5,7184.3545,2024-01-12 10:27:45,2,3,4,234,Loyal Customers,1436.8709000000001,21553.0635
CUST-000496,137.0,3,3240.5175,2024-08-16 21:51:28,2,1,2,212,At Risk / Lost,1080.1725,9721.5525
CUST-000497,665.0,3,4788.201,2023-03-07 22:22:20,2,1,3,213,At Risk / Lost,1596.067,14364.603
CUST-000498,13.0,13,11448.918,2024-12-18 19:30:20,2,4,4,244,Loyal Customers,880.6859999999999,34346.754
CUST-000499,56.0,5,5234.763,2024-11-05 00:17:02,2,3,3,233,Loyal Customers,1046.9526,15704.289000000002
CUST-000500,1076.0,1,1085.445,2022-01-20 17:01:40,2,1,1,211,At Risk / Lost,1085.445,3256.335
CUST-000501,66.0,4,5676.699,2024-10-26 00:56:48,2,2,4,224,At Risk / Lost,1419.17475,17030.096999999998
CUST-000502,4.0,2,2659.426,2024-12-27 01:22:07,2,1,2,212,At Risk / Lost,1329.713,7978.278
CUST-000503,20.0,8,6946.7695,2024-12-11 09:06:44,2,4,4,244,Loyal Customers,868.3461875,20840.3085
CUST-000504,259.0,3,4264.545,2024-04-16 10:12:08,2,1,3,213,At Risk / Lost,1421.515,12793.635
CUST-000505,223.0,6,5442.398,2024-05-22 17:18:53,2,4,4,244,Loyal Customers,907.0663333333333,16327.194
CUST-000506,154.0,6,8021.1804999999995,2024-07-30 22:38:31,2,4,4,244,Loyal Customers,1336.8634166666666,24063.5415
CUST-000507,305.0,6,3385.2495,2024-03-01 20:28:42,2,4,2,242,Others,564.20825,10155.7485
CUST-000508,47.0,9,9424.0215,2024-11-14 11:59:20,2,4,4,244,Loyal Customers,1047.1135000000002,28272.0645
CUST-000509,365.0,4,4609.395,2024-01-01 05:08:26,2,2,3,223,At Risk / Lost,1152.34875,13828.185000000001
CUST-000510,175.0,5,2542.781,2024-07-09 21:16:44,2,3,2,232,Others,508.5562,7628.343
CUST-000511,45.0,3,925.2740000000001,2024-11-16 12:07:38,2,1,1,211,At Risk / Lost,308.4246666666667,2775.822
CUST-000512,134.0,2,1141.243,2024-08-19 23:04:20,2,1,1,211,At Risk / Lost,570.6215,3423.729
CUST-000513,73.0,2,2403.3495000000003,2024-10-19 01:48:56,2,1,2,212,At Risk / Lost,1201.6747500000001,7210.048500000001
CUST-000514,166.0,1,132.5025,2024-07-18 20:17:21,2,1,1,211,At Risk / Lost,132.5025,397.5075
CUST-000515,490.0,2,2362.0125,2023-08-29 16:52:14,2,1,2,212,At Risk / Lost,1181.00625,7086.037499999999
CUST-000516,54.0,3,2263.2265,2024-11-06 23:13:16,2,1,2,212,At Risk / Lost,754.4088333333334,6789.6795
CUST-000517,113.0,5,7340.992,2024-09-09 03:22:41,2,3,4,234,Loyal Customers,1468.1984,22022.976000000002
CUST-000518,225.0,3,3895.5495,2024-05-20 00:11:09,2,1,3,213,At Risk / Lost,1298.5165,11686.6485
CUST-000519,19.0,3,2557.9415,2024-12-12 05:36:04,2,1,2,212,At Risk / Lost,852.6471666666666,7673.8245
CUST-000520,356.0,4,3912.824,2024-01-10 13:33:21,2,2,3,223,At Risk / Lost,978.206,11738.472
CUST-000521,91.0,4,2581.9725,2024-10-01 18:22:17,2,2,2,222,At Risk / Lost,645.493125,7745.9175
CUST-000522,142.0,11,11071.953,2024-08-11 07:51:54,2,4,4,244,Loyal Customers,1006.5411818181818,33215.859
CUST-000523,1070.0,2,2289.455,2022-01-26 16:34:49,2,1,2,212,At Risk / Lost,1144.7275,6868.365
CUST-000524,361.0,2,2384.6435,2024-01-05 22:50:36,2,1,2,212,At Risk / Lost,1192.32175,7153.9305
CUST-000525,93.0,5,4139.208,2024-09-29 07:27:29,2,3,3,233,Loyal Customers,827.8416,12417.624
CUST-000526,208.0,9,10003.15,2024-06-06 19:52:03,2,4,4,244,Loyal Customers,1111.461111111111,30009.449999999997
CUST-000527,416.0,4,5455.491,2023-11-11 02:45:43,2,2,4,224,At Risk / Lost,1363.87275,16366.473
CUST-000528,29.0,3,2251.904,2024-12-02 00:27:31,2,1,2,212,At Risk / Lost,750.6346666666667,6755.7119999999995
CUST-000529,180.0,3,3180.192,2024-07-04 14:24:11,2,1,2,212,At Risk / Lost,1060.064,9540.576000000001
CUST-000530,316.0,4,3398.2535000000003,2024-02-19 00:24:52,2,2,2,222,At Risk / Lost,849.5633750000001,10194.7605
CUST-000531,44.0,4,4210.531,2024-11-17 12:11:35,2,2,3,223,At Risk / Lost,1052.63275,12631.593
CUST-000532,23.0,4,5620.278,2024-12-08 00:58:54,2,2,4,224,At Risk / Lost,1405.0695,16860.834000000003
CUST-000533,289.0,4,3107.1839999999997,2024-03-17 13:26:24,2,2,2,222,At Risk / Lost,776.7959999999999,9321.552
CUST-000534,96.0,7,5323.3485,2024-09-26 19:33:27,2,4,4,244,Loyal Customers,760.4783571428571,15970.0455
CUST-000535,122.0,4,6642.127,2024-08-31 00:49:07,2,2,4,224,At Risk / Lost,1660.53175,19926.381
CUST-000536,300.0,4,3336.1050000000005,2024-03-06 17:40:47,2,2,2,222,At Risk / Lost,834.0262500000001,10008.315000000002
CUST-000537,81.0,6,6482.5199999999995,2024-10-11 08:45:31,2,4,4,244,Loyal Customers,1080.4199999999998,19447.559999999998
CUST-000538,83.0,3,2063.209,2024-10-09 13:02:07,2,1,1,211,At Risk / Lost,687.7363333333333,6189.6269999999995
CUST-000539,177.0,5,5560.963,2024-07-07 01:29:16,2,3,4,234,Loyal Customers,1112.1925999999999,16682.889
CUST-000540,460.0,2,1177.9965000000002,2023-09-28 17:15:27,2,1,1,211,At Risk / Lost,588.9982500000001,3533.9895000000006
CUST-000541,624.0,4,5737.451,2023-04-17 04:53:39,2,2,4,224,At Risk / Lost,1434.36275,17212.353
CUST-000542,535.0,1,303.784,2023-07-15 09:33:42,2,1,1,211,At Risk / Lost,303.784,911.352
CUST-000543,32.0,6,5575.892,2024-11-29 14:55:57,2,4,4,244,Loyal Customers,929.3153333333333,16727.676
CUST-000544,97.0,5,6576.78,2024-09-25 06:59:54,2,3,4,234,Loyal Customers,1315.356,19730.34
CUST-000545,477.0,1,492.48,2023-09-11 08:31:49,2,1,1,211,At Risk / Lost,492.48,1477.44
CUST-000546,18.0,6,6081.91,2024-12-13 14:36:03,2,4,4,244,Loyal Customers,1013.6516666666666,18245.73
CUST-000547,595.0,1,749.4849999999999,2023-05-16 13:21:16,2,1,1,211,At Risk / Lost,749.4849999999999,2248.455
CUST-000548,348.0,3,5563.359,2024-01-18 08:28:26,2,1,4,214,At Risk / Lost,1854.4530000000002,16690.077
CUST-000549,105.0,3,2816.0765,2024-09-17 00:07:56,2,1,2,212,At Risk / Lost,938.6921666666667,8448.229500000001
CUST-000550,14.0,4,3635.7380000000003,2024-12-17 13:41:50,2,2,2,222,At Risk / Lost,908.9345000000001,10907.214
CUST-000551,346.0,3,2384.935,2024-01-20 11:48:32,2,1,2,212,At Risk / Lost,794.9783333333334,7154.805
CUST-000552,144.0,6,4152.8475,2024-08-09 15:57:13,2,4,3,243,Loyal Customers,692.14125,12458.5425
CUST-000553,31.0,5,5677.195,2024-11-30 04:39:10,2,3,4,234,Loyal Customers,1135.4389999999999,17031.585
CUST-000554,120.0,2,2829.9595,2024-09-02 17:39:35,2,1,2,212,At Risk / Lost,1414.97975,8489.878499999999
CUST-000555,26.0,6,7620.9375,2024-12-05 22:17:56,2,4,4,244,Loyal Customers,1270.15625,22862.8125
CUST-000556,18.0,2,2231.504,2024-12-13 06:08:44,2,1,2,212,At Risk / Lost,1115.752,6694.512
CUST-000557,173.0,4,5993.8265,2024-07-11 03:00:03,2,2,4,224,At Risk / Lost,1498.456625,17981.4795
CUST-000558,326.0,2,3148.769,2024-02-09 03:20:01,2,1,2,212,At Risk / Lost,1574.3845,9446.306999999999
CUST-000559,352.0,8,10646.607,2024-01-14 09:33:48,2,4,4,244,Loyal Customers,1330.825875,31939.821
CUST-000560,21.0,2,3724.5860000000002,2024-12-10 20:13:44,2,1,3,213,At Risk / Lost,1862.2930000000001,11173.758000000002
CUST-000561,205.0,3,2930.7374999999997,2024-06-09 15:35:03,2,1,2,212,At Risk / Lost,976.9124999999999,8792.2125
CUST-000562,40.0,5,7783.48,2024-11-21 06:38:55,2,3,4,234,Loyal Customers,1556.696,23350.44
CUST-000563,99.0,6,4277.962500000001,2024-09-23 22:10:29,2,4,3,243,Loyal Customers,712.9937500000001,12833.8875
CUST-000564,883.0,2,699.3025,2022-08-01 06:36:10,2,1,1,211,At Risk / Lost,349.65125,2097.9075000000003
CUST-000565,49.0,3,2366.5535,2024-11-12 05:49:45,2,1,2,212,At Risk / Lost,788.8511666666667,7099.6605
CUST-000566,44.0,3,2893.9855000000002,2024-11-16 23:51:45,2,1,2,212,At Risk / Lost,964.6618333333334,8681.9565
CUST-000567,242.0,2,1580.7649999999999,2024-05-03 15:16:36,2,1,1,211,At Risk / Lost,790.3824999999999,4742.295
CUST-000568,361.0,2,1250.467,2024-01-05 19:47:41,2,1,1,211,At Risk / Lost,625.2335,3751.4010000000003
CUST-000569,337.0,2,2158.87,2024-01-29 08:02:09,2,1,1,211,At Risk / Lost,1079.435,6476.61
CUST-000570,81.0,4,3087.998,2024-10-11 05:55:11,2,2,2,222,At Risk / Lost,771.9995,9263.994
CUST-000571,266.0,8,7855.537499999999,2024-04-09 07:37:05,2,4,4,244,Loyal Customers,981.9421874999999,23566.6125
CUST-000572,510.0,7,8197.198,2023-08-09 09:26:03,2,4,4,244,Loyal Customers,1171.0282857142859,24591.594
CUST-000573,707.0,1,285.234,2023-01-24 03:56:40,2,1,1,211,At Risk / Lost,285.234,855.702
CUST-000574,161.0,5,6971.584,2024-07-23 06:54:48,2,3,4,234,Loyal Customers,1394.3168,20914.752
CUST-000575,288.0,3,2669.947,2024-03-18 14:34:55,2,1,2,212,At Risk / Lost,889.9823333333334,8009.841
CUST-000576,48.0,8,8596.759,2024-11-13 21:03:01,2,4,4,244,Loyal Customers,1074.594875,25790.277000000002
CUST-000577,124.0,7,7539.750999999999,2024-08-29 17:48:12,2,4,4,244,Loyal Customers,1077.1072857142856,22619.252999999997
CUST-000578,366.0,4,3422.2285,2023-12-31 22:02:20,2,2,2,222,At Risk / Lost,855.557125,10266.6855
CUST-000579,108.0,10,8222.915,2024-09-14 08:02:00,2,4,4,244,Loyal Customers,822.2915,24668.745000000003
CUST-000580,103.0,5,4867.1265,2024-09-19 12:59:33,2,3,3,233,Loyal Customers,973.4253000000001,14601.379500000001
CUST-000581,16.0,6,6516.4845000000005,2024-12-15 21:16:54,2,4,4,244,Loyal Customers,1086.08075,19549.453500000003
CUST-000582,209.0,6,5135.4259999999995,2024-06-05 03:16:55,2,4,3,243,Loyal Customers,855.9043333333333,15406.277999999998
CUST-000583,550.0,1,787.924,2023-06-30 12:42:53,2,1,1,211,At Risk / Lost,787.924,2363.772
CUST-000584,123.0,1,1394.4289999999999,2024-08-30 17:34:15,2,1,1,211,At Risk / Lost,1394.4289999999999,4183.286999999999
CUST-000585,493.0,5,4119.646,2023-08-26 05:29:34,2,3,3,233,Loyal Customers,823.9291999999999,12358.937999999998
CUST-000586,589.0,2,1160.9845,2023-05-22 08:10:26,2,1,1,211,At Risk / Lost,580.49225,3482.9535
CUST-000587,719.0,3,1900.4945,2023-01-12 20:14:58,2,1,1,211,At Risk / Lost,633.4981666666666,5701.483499999999
CUST-000588,512.0,3,1489.064,2023-08-07 14:53:42,2,1,1,211,At Risk / Lost,496.3546666666667,4467.192
CUST-000589,276.0,6,6305.483,2024-03-30 22:30:10,2,4,4,244,Loyal Customers,1050.9138333333333,18916.449
CUST-000590,242.0,4,7090.1669999999995,2024-05-03 06:40:29,2,2,4,224,At Risk / Lost,1772.5417499999999,21270.500999999997
CUST-000591,265.0,6,5150.244,2024-04-10 13:01:10,2,4,3,243,Loyal Customers,858.3739999999999,15450.732
CUST-000592,172.0,4,3702.5445,2024-07-12 11:25:46,2,2,3,223,At Risk / Lost,925.636125,11107.6335
CUST-000593,360.0,4,3840.6565,2024-01-06 05:54:09,2,2,3,223,At Risk / Lost,960.164125,11521.9695
CUST-000594,710.0,2,2884.8914999999997,2023-01-21 16:42:06,2,1,2,212,At Risk / Lost,1442.4457499999999,8654.6745
CUST-000595,663.0,1,333.774,2023-03-09 06:49:39,2,1,1,211,At Risk / Lost,333.774,1001.322
CUST-000596,151.0,6,4520.786,2024-08-02 18:37:10,2,4,3,243,Loyal Customers,753.4643333333333,13562.358
CUST-000597,1.0,9,12320.3475,2024-12-30 01:58:42,2,4,4,244,Loyal Customers,1368.9275,36961.042499999996
CUST-000598,102.0,5,3508.006,2024-09-20 22:22:42,2,3,2,232,Others,701.6012,10524.018
CUST-000599,145.0,5,6467.619,2024-08-08 14:23:10,2,3,4,234,Loyal Customers,1293.5238,19402.857
CUST-000600,472.0,4,6382.379,2023-09-16 07:37:19,2,2,4,224,At Risk / Lost,1595.59475,19147.137
CUST-000601,429.0,2,728.9525,2023-10-29 05:43:35,2,1,1,211,At Risk / Lost,364.47625,2186.8575
CUST-000602,122.0,5,5983.6285,2024-08-31 15:49:41,2,3,4,234,Loyal Customers,1196.7257,17950.8855
CUST-000603,262.0,5,6035.987,2024-04-13 21:29:58,2,3,4,234,Loyal Customers,1207.1974,18107.961
CUST-000604,866.0,1,329.655,2022-08-18 17:42:56,2,1,1,211,At Risk / Lost,329.655,988.9649999999999
CUST-000605,93.0,3,3262.9695,2024-09-29 08:07:27,2,1,2,212,At Risk / Lost,1087.6565,9788.908500000001
CUST-000606,836.0,1,2765.6614999999997,2022-09-17 05:44:12,2,1,2,212,At Risk / Lost,2765.6614999999997,8296.984499999999
CUST-000607,396.0,4,1679.0425,2023-11-30 23:52:40,2,2,1,221,At Risk / Lost,419.760625,5037.1275000000005
CUST-000608,379.0,4,2550.9705000000004,2023-12-18 14:19:59,2,2,2,222,At Risk / Lost,637.7426250000001,7652.911500000001
CUST-000609,194.0,7,7039.699,2024-06-20 06:54:14,2,4,4,244,Loyal Customers,1005.6712857142857,21119.096999999998
CUST-000610,384.0,3,1956.0615,2023-12-13 10:40:23,2,1,1,211,At Risk / Lost,652.0205,5868.184499999999
CUST-000611,179.0,7,8761.089,2024-07-05 07:34:24,2,4,4,244,Loyal Customers,1251.5841428571428,26283.267
CUST-000612,216.0,5,3922.4010000000003,2024-05-28 23:49:01,2,3,3,233,Loyal Customers,784.4802000000001,11767.203000000001
CUST-000613,477.0,2,3618.4480000000003,2023-09-11 15:03:36,2,1,2,212,At Risk / Lost,1809.2240000000002,10855.344000000001
CUST-000614,289.0,6,5507.9400000000005,2024-03-17 15:08:19,2,4,4,244,Loyal Customers,917.9900000000001,16523.82
CUST-000615,49.0,6,6933.034,2024-11-12 03:26:10,2,4,4,244,Loyal Customers,1155.5056666666667,20799.102
CUST-000616,339.0,3,1472.7655,2024-01-27 05:32:03,2,1,1,211,At Risk / Lost,490.9218333333333,4418.2965
CUST-000617,277.0,5,3714.3315000000002,2024-03-29 00:30:51,2,3,3,233,Loyal Customers,742.8663,11142.9945
CUST-000618,312.0,2,1965.5735,2024-02-23 10:02:39,2,1,1,211,At Risk / Lost,982.78675,5896.720499999999
CUST-000619,36.0,4,4099.0575,2024-11-25 22:49:13,2,2,3,223,At Risk / Lost,1024.764375,12297.1725
CUST-000620,697.0,1,744.126,2023-02-03 13:06:04,2,1,1,211,At Risk / Lost,744.126,2232.3779999999997
CUST-000621,347.0,2,2323.469,2024-01-19 08:21:33,2,1,2,212,At Risk / Lost,1161.7345,6970.407
CUST-000622,3.0,3,3358.05,2024-12-28 20:48:07,2,1,2,212,At Risk / Lost,1119.3500000000001,10074.150000000001
CUST-000623,174.0,4,1472.985,2024-07-10 09:44:16,2,2,1,221,At Risk / Lost,368.24625,4418.955
CUST-000624,131.0,7,5087.132,2024-08-22 19:50:18,2,4,3,243,Loyal Customers,726.7331428571428,15261.395999999999
CUST-000625,402.0,2,2633.532,2023-11-25 20:31:00,2,1,2,212,At Risk / Lost,1316.766,7900.5960000000005
CUST-000626,211.0,7,4750.7970000000005,2024-06-03 18:33:50,2,4,3,243,Loyal Customers,678.6852857142858,14252.391000000001
CUST-000627,167.0,4,1814.1915000000001,2024-07-17 01:42:42,2,2,1,221,At Risk / Lost,453.54787500000003,5442.574500000001
CUST-000628,759.0,1,3590.3165,2022-12-03 21:29:22,2,1,2,212,At Risk / Lost,3590.3165,10770.949499999999
CUST-000629,65.0,8,6045.89,2024-10-27 20:15:58,2,4,4,244,Loyal Customers,755.73625,18137.670000000002
CUST-000630,2.0,3,2794.6695,2024-12-29 11:50:24,2,1,2,212,At Risk / Lost,931.5565,8384.0085
CUST-000631,78.0,2,893.354,2024-10-14 07:59:58,2,1,1,211,At Risk / Lost,446.677,2680.062
CUST-000632,5.0,9,6384.112,2024-12-26 03:04:28,2,4,4,244,Loyal Customers,709.3457777777778,19152.336
CUST-000633,150.0,5,4443.878000000001,2024-08-03 19:10:11,2,3,3,233,Loyal Customers,888.7756000000002,13331.634000000002
CUST-000634,435.0,3,2120.8915,2023-10-23 12:06:38,2,1,1,211,At Risk / Lost,706.9638333333334,6362.674500000001
CUST-000635,213.0,5,3140.3745,2024-06-01 15:30:36,2,3,2,232,Others,628.0749,9421.1235
CUST-000636,57.0,3,3245.5679999999998,2024-11-04 14:08:14,2,1,2,212,At Risk / Lost,1081.856,9736.704000000002
CUST-000637,171.0,3,2045.397,2024-07-13 11:06:39,2,1,1,211,At Risk / Lost,681.799,6136.191
CUST-000638,288.0,4,6323.516,2024-03-18 09:20:34,2,2,4,224,At Risk / Lost,1580.879,18970.548
CUST-000639,390.0,2,642.63,2023-12-07 11:19:36,2,1,1,211,At Risk / Lost,321.315,1927.8899999999999
CUST-000640,155.0,6,5731.7125,2024-07-29 11:13:00,2,4,4,244,Loyal Customers,955.2854166666666,17195.137499999997
CUST-000641,89.0,5,3574.8655,2024-10-03 13:27:24,2,3,2,232,Others,714.9730999999999,10724.5965
CUST-000643,118.0,5,5187.2995,2024-09-04 02:37:03,2,3,3,233,Loyal Customers,1037.4599,15561.8985
CUST-000644,72.0,4,3789.529,2024-10-20 19:19:06,2,2,3,223,At Risk / Lost,947.38225,11368.587
CUST-000645,205.0,4,4047.6585000000005,2024-06-09 20:20:44,2,2,3,223,At Risk / Lost,1011.9146250000001,12142.9755
CUST-000646,77.0,2,636.2175000000001,2024-10-15 02:27:08,2,1,1,211,At Risk / Lost,318.10875000000004,1908.6525000000001
CUST-000647,743.0,1,1480.0475,2022-12-19 06:14:50,2,1,1,211,At Risk / Lost,1480.0475,4440.1425
CUST-000648,710.0,2,4092.0699999999997,2023-01-21 03:11:43,2,1,3,213,At Risk / Lost,2046.0349999999999,12276.21
CUST-000649,87.0,4,6171.974999999999,2024-10-05 17:07:13,2,2,4,224,At Risk / Lost,1542.9937499999999,18515.925
CUST-000650,155.0,8,7662.0175,2024-07-29 19:24:51,2,4,4,244,Loyal Customers,957.7521875,22986.052499999998
CUST-000651,513.0,3,2798.744,2023-08-06 01:36:19,2,1,2,212,At Risk / Lost,932.9146666666667,8396.232
CUST-000652,302.0,3,2436.023,2024-03-04 18:02:14,2,1,2,212,At Risk / Lost,812.0076666666668,7308.069
CUST-000653,262.0,3,3551.388,2024-04-13 19:02:27,2,1,2,212,At Risk / Lost,1183.796,10654.164
CUST-000654,478.0,4,3424.955,2023-09-10 20:02:16,2,2,2,222,At Risk / Lost,856.23875,10274.865
CUST-000655,278.0,3,1374.161,2024-03-28 00:54:58,2,1,1,211,At Risk / Lost,458.0536666666667,4122.483
CUST-000656,262.0,6,8407.302,2024-04-13 05:05:57,2,4,4,244,Loyal Customers,1401.2169999999999,25221.906
CUST-000657,54.0,3,1992.202,2024-11-07 03:43:08,2,1,1,211,At Risk / Lost,664.0673333333333,5976.606
CUST-000658,43.0,3,2470.4625,2024-11-18 11:17:02,2,1,2,212,At Risk / Lost,823.4875000000001,7411.387500000001
CUST-000659,4.0,3,1215.8155,2024-12-27 03:03:31,2,1,1,211,At Risk / Lost,405.2718333333333,3647.4465
CUST-000660,18.0,4,5266.8095,2024-12-13 18:45:24,2,2,3,223,At Risk / Lost,1316.702375,15800.428500000002
CUST-000661,954.0,1,1800.422,2022-05-22 14:49:53,2,1,1,211,At Risk / Lost,1800.422,5401.266
CUST-000662,199.0,5,3443.8335,2024-06-15 05:02:56,2,3,2,232,Others,688.7667,10331.5005
CUST-000663,145.0,5,7990.8235,2024-08-08 01:26:58,2,3,4,234,Loyal Customers,1598.1647,23972.470500000003
CUST-000664,945.0,1,1569.792,2022-05-31 04:11:31,2,1,1,211,At Risk / Lost,1569.792,4709.376
CUST-000665,145.0,3,2047.591,2024-08-08 10:18:52,2,1,1,211,At Risk / Lost,682.5303333333333,6142.772999999999
CUST-000666,497.0,2,1210.154,2023-08-22 06:46:19,2,1,1,211,At Risk / Lost,605.077,3630.462
CUST-000667,106.0,5,5344.933,2024-09-16 07:54:11,2,3,4,234,Loyal Customers,1068.9866,16034.798999999999
CUST-000668,190.0,2,404.4855,2024-06-24 00:27:12,2,1,1,211,At Risk / Lost,202.24275,1213.4565
CUST-000669,183.0,4,3944.8575,2024-07-01 10:56:21,2,2,3,223,At Risk / Lost,986.214375,11834.5725
CUST-000670,261.0,4,4887.591,2024-04-14 18:27:57,2,2,3,223,At Risk / Lost,1221.89775,14662.773000000001
CUST-000671,209.0,7,5766.191,2024-06-05 16:23:37,2,4,4,244,Loyal Customers,823.7415714285714,17298.573
CUST-000672,97.0,6,5577.7029999999995,2024-09-25 10:55:29,2,4,4,244,Loyal Customers,929.6171666666665,16733.108999999997
CUST-000673,29.0,5,3410.506,2024-12-02 17:31:13,2,3,2,232,Others,682.1012,10231.518
CUST-000674,410.0,3,2000.6039999999998,2023-11-17 11:57:42,2,1,1,211,At Risk / Lost,666.8679999999999,6001.812
CUST-000675,533.0,3,3174.1575000000003,2023-07-17 15:03:01,2,1,2,212,At Risk / Lost,1058.0525,9522.4725
CUST-000676,265.0,5,4668.5235,2024-04-10 02:45:19,2,3,3,233,Loyal Customers,933.7047,14005.570500000002
CUST-000677,491.0,4,3239.505,2023-08-28 05:10:39,2,2,2,222,At Risk / Lost,809.87625,9718.515
CUST-000678,338.0,4,4285.839,2024-01-28 17:14:04,2,2,3,223,At Risk / Lost,1071.45975,12857.517
CUST-000679,77.0,6,4941.6035,2024-10-15 22:37:09,2,4,3,243,Loyal Customers,823.6005833333334,14824.8105
CUST-000680,72.0,3,2399.943,2024-10-20 06:36:33,2,1,2,212,At Risk / Lost,799.9810000000001,7199.829000000001
CUST-000681,163.0,2,2968.175,2024-07-21 08:19:11,2,1,2,212,At Risk / Lost,1484.0875,8904.525000000001
CUST-000682,917.0,1,1553.1015,2022-06-28 21:34:51,2,1,1,211,At Risk / Lost,1553.1015,4659.3045
CUST-000683,148.0,5,4226.979,2024-08-05 09:58:51,2,3,3,233,Loyal Customers,845.3958,12680.937000000002
CUST-000684,151.0,5,4290.0855,2024-08-02 11:27:40,2,3,3,233,Loyal Customers,858.0171,12870.2565
CUST-000685,21.0,5,4835.4745,2024-12-10 10:28:58,2,3,3,233,Loyal Customers,967.0949,14506.4235
CUST-000686,48.0,5,7916.144499999999,2024-11-13 21:54:27,2,3,4,234,Loyal Customers,1583.2288999999998,23748.4335
CUST-000687,109.0,8,7892.24,2024-09-13 15:26:23,2,4,4,244,Loyal Customers,986.53,23676.72
CUST-000688,302.0,4,2393.6310000000003,2024-03-04 13:16:54,2,2,2,222,At Risk / Lost,598.4077500000001,7180.893000000001
CUST-000689,200.0,4,2815.5455,2024-06-14 00:41:58,2,2,2,222,At Risk / Lost,703.886375,8446.6365
CUST-000690,259.0,6,6013.066,2024-04-16 00:42:15,2,4,4,244,Loyal Customers,1002.1776666666666,18039.198
CUST-000691,14.0,8,8571.6155,2024-12-17 06:49:09,2,4,4,244,Loyal Customers,1071.4519375,25714.8465
CUST-000692,168.0,4,4309.2715,2024-07-16 13:37:47,2,2,3,223,At Risk / Lost,1077.317875,12927.8145
CUST-000693,628.0,2,2871.2615,2023-04-13 09:54:33,2,1,2,212,At Risk / Lost,1435.63075,8613.7845
CUST-000694,586.0,3,7343.622,2023-05-25 05:09:45,2,1,4,214,At Risk / Lost,2447.8740000000003,22030.866
CUST-000695,39.0,3,3277.336,2024-11-22 10:11:32,2,1,2,212,At Risk / Lost,1092.4453333333333,9832.008000000002
CUST-000696,121.0,4,2120.9565000000002,2024-09-01 13:48:24,2,2,1,221,At Risk / Lost,530.2391250000001,6362.869500000001
CUST-000697,153.0,4,2902.047,2024-07-31 02:09:31,2,2,2,222,At Risk / Lost,725.51175,8706.141
CUST-000698,168.0,1,1068.8175,2024-07-16 17:29:58,2,1,1,211,At Risk / Lost,1068.8175,3206.4525000000003
CUST-000699,376.0,3,1828.03,2023-12-21 01:27:06,2,1,1,211,At Risk / Lost,609.3433333333334,5484.09
CUST-000700,619.0,3,3122.6135,2023-04-22 22:58:41,2,1,2,212,At Risk / Lost,1040.8711666666666,9367.840499999998
CUST-000701,51.0,2,4237.3385,2024-11-10 12:26:21,2,1,3,213,At Risk / Lost,2118.66925,12712.0155
CUST-000702,48.0,2,3065.0415000000003,2024-11-12 23:30:18,2,1,2,212,At Risk / Lost,1532.5207500000001,9195.124500000002
CUST-000703,383.0,5,3694.011,2023-12-14 08:35:11,2,3,3,233,Loyal Customers,738.8022,11082.033
CUST-000704,78.0,5,3889.964,2024-10-14 03:33:00,2,3,3,233,Loyal Customers,777.9928,11669.892
CUST-000705,526.0,2,1527.548,2023-07-24 08:50:29,2,1,1,211,At Risk / Lost,763.774,4582.644
CUST-000706,55.0,4,7129.916,2024-11-06 18:33:10,2,2,4,224,At Risk / Lost,1782.479,21389.748
CUST-000707,26.0,7,5386.755499999999,2024-12-05 18:08:29,2,4,4,244,Loyal Customers,769.5364999999999,16160.266499999998
CUST-000708,284.0,3,5599.457,2024-03-22 19:14:17,2,1,4,214,At Risk / Lost,1866.4856666666667,16798.371
CUST-000709,310.0,5,1877.024,2024-02-25 03:25:25,2,3,1,231,Others,375.40479999999997,5631.072
CUST-000710,273.0,3,3700.7705,2024-04-02 09:42:41,2,1,3,213,At Risk / Lost,1233.5901666666666,11102.3115
CUST-000711,101.0,3,1804.4795,2024-09-21 14:48:09,2,1,1,211,At Risk / Lost,601.4931666666666,5413.4385
CUST-000712,125.0,4,2828.5125,2024-08-27 23:23:56,2,2,2,222,At Risk / Lost,707.128125,8485.537499999999
CUST-000713,268.0,4,2774.335,2024-04-07 09:37:51,2,2,2,222,At Risk / Lost,693.58375,8323.005000000001
CUST-000714,6.0,7,6285.8075,2024-12-25 14:09:13,2,4,4,244,Loyal Customers,897.9725,18857.4225
CUST-000715,176.0,3,2362.359,2024-07-08 19:10:29,2,1,2,212,At Risk / Lost,787.453,7087.076999999999
CUST-000716,20.0,11,9090.654,2024-12-11 11:19:47,2,4,4,244,Loyal Customers,826.423090909091,27271.962
CUST-000717,206.0,3,4677.0465,2024-06-08 15:29:53,2,1,3,213,At Risk / Lost,1559.0155000000002,14031.139500000001
CUST-000718,230.0,2,1727.0445,2024-05-15 04:28:34,2,1,1,211,At Risk / Lost,863.52225,5181.1335
CUST-000719,622.0,4,3003.8415,2023-04-19 22:35:30,2,2,2,222,At Risk / Lost,750.960375,9011.5245
CUST-000720,89.0,7,6393.8655,2024-10-03 20:52:33,2,4,4,244,Loyal Customers,913.4093571428572,19181.5965
CUST-000721,20.0,2,653.21,2024-12-11 17:26:50,2,1,1,211,At Risk / Lost,326.605,1959.63
CUST-000722,316.0,4,2618.98,2024-02-19 02:50:44,2,2,2,222,At Risk / Lost,654.745,7856.9400000000005
CUST-000723,164.0,4,4329.9425,2024-07-20 17:43:25,2,2,3,223,At Risk / Lost,1082.485625,12989.8275
CUST-000724,79.0,6,3273.4825,2024-10-13 05:23:58,2,4,2,242,Others,545.5804166666667,9820.4475
CUST-000725,864.0,3,3062.482,2022-08-20 12:02:02,2,1,2,212,At Risk / Lost,1020.8273333333333,9187.446
CUST-000726,115.0,6,3879.7805000000003,2024-09-07 03:52:54,2,4,3,243,Loyal Customers,646.6300833333333,11639.341499999999
CUST-000727,14.0,4,3947.3320000000003,2024-12-17 10:29:32,2,2,3,223,At Risk / Lost,986.8330000000001,11841.996000000001
CUST-000728,64.0,7,8083.443499999999,2024-10-28 06:09:00,2,4,4,244,Loyal Customers,1154.7776428571428,24250.330499999996
CUST-000729,111.0,5,7899.9265,2024-09-10 23:38:49,2,3,4,234,Loyal Customers,1579.9852999999998,23699.779499999997
CUST-000730,331.0,2,3020.6349999999998,2024-02-04 20:58:49,2,1,2,212,At Risk / Lost,1510.3174999999999,9061.904999999999
CUST-000731,103.0,6,4988.3955,2024-09-19 21:12:40,2,4,3,243,Loyal Customers,831.3992499999999,14965.1865
CUST-000732,152.0,6,3778.169,2024-08-01 08:49:25,2,4,3,243,Loyal Customers,629.6948333333333,11334.507
CUST-000733,298.0,4,3406.5225,2024-03-08 11:37:16,2,2,2,222,At Risk / Lost,851.630625,10219.567500000001
CUST-000734,364.0,3,572.0260000000001,2024-01-02 00:55:58,2,1,1,211,At Risk / Lost,190.67533333333336,1716.0780000000002
CUST-000735,402.0,3,2398.2830000000004,2023-11-25 03:25:07,2,1,2,212,At Risk / Lost,799.4276666666668,7194.849000000001
CUST-000736,79.0,8,8815.2675,2024-10-13 10:59:34,2,4,4,244,Loyal Customers,1101.9084375,26445.802499999998
CUST-000737,734.0,2,2822.5055,2022-12-28 14:56:49,2,1,2,212,At Risk / Lost,1411.25275,8467.516500000002
CUST-000738,465.0,3,3444.888,2023-09-23 07:16:35,2,1,2,212,At Risk / Lost,1148.296,10334.664
CUST-000739,1019.0,1,472.606,2022-03-18 21:18:43,2,1,1,211,At Risk / Lost,472.606,1417.818
CUST-000740,140.0,7,5195.512,2024-08-13 11:31:46,2,4,3,243,Loyal Customers,742.216,15586.536
CUST-000741,11.0,5,2208.422,2024-12-20 12:51:58,2,3,1,231,Others,441.6844,6625.266
CUST-000742,1012.0,1,63.783,2022-03-25 22:23:11,2,1,1,211,At Risk / Lost,63.783,191.349
CUST-000743,308.0,4,2049.544,2024-02-27 02:07:55,2,2,1,221,At Risk / Lost,512.386,6148.632
CUST-000744,407.0,2,1055.26,2023-11-20 16:05:16,2,1,1,211,At Risk / Lost,527.63,3165.7799999999997
CUST-000745,70.0,8,7195.5824999999995,2024-10-22 19:26:07,2,4,4,244,Loyal Customers,899.4478124999999,21586.747499999998
CUST-000746,400.0,3,3545.484,2023-11-27 00:48:50,2,1,2,212,At Risk / Lost,1181.828,10636.452
CUST-000747,229.0,4,4359.4065,2024-05-16 01:00:58,2,2,3,223,At Risk / Lost,1089.851625,13078.2195
CUST-000748,151.0,3,3542.136,2024-08-01 23:36:41,2,1,2,212,At Risk / Lost,1180.712,10626.408
CUST-000749,17.0,5,3620.125,2024-12-14 22:41:17,2,3,2,232,Others,724.025,10860.375
CUST-000750,89.0,10,7365.422500000001,2024-10-03 05:50:49,2,4,4,244,Loyal Customers,736.5422500000001,22096.2675
CUST-000751,233.0,3,3353.1075,2024-05-12 10:52:05,2,1,2,212,At Risk / Lost,1117.7025,10059.3225
CUST-000752,187.0,4,5448.477,2024-06-27 20:31:20,2,2,4,224,At Risk / Lost,1362.11925,16345.431
CUST-000754,118.0,3,3889.636,2024-09-04 02:53:17,2,2,3,223,At Risk / Lost,1296.5453333333332,11668.908
CUST-000755,452.0,2,2538.245,2023-10-06 22:35:56,2,1,2,212,At Risk / Lost,1269.1225,7614.735
CUST-000756,199.0,5,4043.5570000000002,2024-06-15 03:45:42,2,3,3,233,Loyal Customers,808.7114,12130.671
CUST-000757,24.0,2,1955.9035,2024-12-07 05:31:56,2,1,1,211,At Risk / Lost,977.95175,5867.710499999999
CUST-000758,94.0,4,3528.5355,2024-09-28 22:50:49,2,2,2,222,At Risk / Lost,882.133875,10585.6065
CUST-000759,210.0,5,4497.7615,2024-06-04 21:45:23,2,3,3,233,Loyal Customers,899.5523,13493.284499999998
CUST-000760,217.0,5,5206.759,2024-05-28 21:57:02,2,3,3,233,Loyal Customers,1041.3518,15620.277
CUST-000761,41.0,2,2027.7835,2024-11-20 12:55:22,2,1,1,211,At Risk / Lost,1013.89175,6083.3505000000005
CUST-000762,44.0,6,5266.529500000001,2024-11-17 01:36:03,2,4,3,243,Loyal Customers,877.7549166666668,15799.588500000002
CUST-000763,94.0,6,5791.2335,2024-09-28 03:30:37,2,4,4,244,Loyal Customers,965.2055833333334,17373.7005
CUST-000764,641.0,3,2697.645,2023-03-31 01:08:23,2,2,2,222,At Risk / Lost,899.215,8092.9349999999995
CUST-000765,233.0,7,6358.29,2024-05-12 12:04:04,2,4,4,244,Loyal Customers,908.3271428571428,19074.87
CUST-000766,91.0,3,4894.1745,2024-10-01 04:15:56,2,2,3,223,At Risk / Lost,1631.3915,14682.5235
CUST-000767,397.0,6,3220.779,2023-11-30 11:52:06,2,4,2,242,Others,536.7965,9662.337000000001
CUST-000768,390.0,7,5508.2445,2023-12-07 10:57:17,2,4,4,244,Loyal Customers,786.8920714285714,16524.7335
CUST-000769,598.0,3,3011.246,2023-05-13 22:52:30,2,2,2,222,At Risk / Lost,1003.7486666666667,9033.738000000001
CUST-000770,10.0,5,4821.9955,2024-12-21 20:35:59,2,3,3,233,Loyal Customers,964.3991,14465.986499999999
CUST-000771,527.0,3,2196.0485,2023-07-23 20:30:27,2,2,1,221,At Risk / Lost,732.0161666666667,6588.1455
CUST-000772,189.0,4,4566.758,2024-06-25 10:04:45,2,2,3,223,At Risk / Lost,1141.6895,13700.274
CUST-000773,592.0,4,3449.229,2023-05-19 15:32:49,2,2,2,222,At Risk / Lost,862.30725,10347.687
CUST-000774,108.0,3,1804.4965,2024-09-14 17:24:14,2,2,1,221,At Risk / Lost,601.4988333333333,5413.4895
CUST-000775,735.0,3,4389.8275,2022-12-27 08:37:58,2,2,3,223,At Risk / Lost,1463.2758333333334,13169.482500000002
CUST-000776,32.0,5,5290.7135,2024-11-29 21:31:32,2,3,4,234,Loyal Customers,1058.1426999999999,15872.1405
CUST-000777,217.0,4,4531.573,2024-05-28 17:10:21,2,2,3,223,At Risk / Lost,1132.89325,13594.719000000001
CUST-000778,463.0,4,2022.7579999999998,2023-09-25 19:36:10,2,2,1,221,At Risk / Lost,505.68949999999995,6068.273999999999
CUST-000779,112.0,4,4999.0585,2024-09-10 10:02:05,2,2,3,223,At Risk / Lost,1249.764625,14997.175500000001
CUST-000780,409.0,3,1368.934,2023-11-18 16:41:21,2,2,1,221,At Risk / Lost,456.3113333333333,4106.802
CUST-000781,391.0,5,5203.2815,2023-12-06 15:22:55,2,3,3,233,Loyal Customers,1040.6563,15609.844500000003
CUST-000782,789.0,2,2853.1459999999997,2022-11-03 00:56:04,2,1,2,212,At Risk / Lost,1426.5729999999999,8559.437999999998
CUST-000783,445.0,1,458.185,2023-10-13 21:24:26,2,1,1,211,At Risk / Lost,458.185,1374.555
CUST-000784,94.0,4,3670.7145,2024-09-28 03:33:26,2,2,3,223,At Risk / Lost,917.678625,11012.1435
CUST-000785,467.0,2,2964.978,2023-09-21 08:53:32,2,1,2,212,At Risk / Lost,1482.489,8894.934000000001
CUST-000786,107.0,8,5400.532,2024-09-15 10:32:55,2,4,4,244,Loyal Customers,675.0665,16201.596000000001
CUST-000787,407.0,4,5452.8255,2023-11-20 06:31:21,2,2,4,224,At Risk / Lost,1363.206375,16358.4765
CUST-000788,247.0,3,6836.819,2024-04-28 04:45:16,2,2,4,224,At Risk / Lost,2278.9396666666667,20510.457
CUST-000789,639.0,2,1738.9455,2023-04-02 18:32:57,2,1,1,211,At Risk / Lost,869.47275,5216.8365
CUST-000790,831.0,2,2887.1130000000003,2022-09-22 07:01:12,2,1,2,212,At Risk / Lost,1443.5565000000001,8661.339
CUST-000791,169.0,4,5762.9855,2024-07-15 05:02:00,2,2,4,224,At Risk / Lost,1440.746375,17288.9565
CUST-000792,69.0,7,8736.999,2024-10-23 18:26:37,2,4,4,244,Loyal Customers,1248.1427142857142,26210.997
CUST-000793,27.0,3,620.043,2024-12-04 06:41:08,2,2,1,221,At Risk / Lost,206.681,1860.129
CUST-000794,145.0,4,2697.737,2024-08-08 08:19:51,2,2,2,222,At Risk / Lost,674.43425,8093.211
CUST-000795,283.0,4,5067.4325,2024-03-23 02:08:14,2,2,3,223,At Risk / Lost,1266.858125,15202.2975
CUST-000796,379.0,4,1719.7725,2023-12-17 23:22:48,2,2,1,221,At Risk / Lost,429.943125,5159.3175
CUST-000797,356.0,4,2719.4365,2024-01-10 00:44:19,2,2,2,222,At Risk / Lost,679.859125,8158.309499999999
CUST-000798,571.0,6,5427.172,2023-06-09 03:53:29,2,4,4,244,Loyal Customers,904.5286666666666,16281.516
CUST-000799,124.0,5,6520.4235,2024-08-29 05:22:18,2,3,4,234,Loyal Customers,1304.0846999999999,19561.2705
CUST-000800,303.0,2,1860.2259999999999,2024-03-03 09:47:56,2,1,1,211,At Risk / Lost,930.1129999999999,5580.678
CUST-000801,607.0,3,1863.858,2023-05-04 01:57:30,2,2,1,221,At Risk / Lost,621.286,5591.573999999999
CUST-000802,84.0,3,3757.147,2024-10-08 11:43:20,2,2,3,223,At Risk / Lost,1252.3823333333332,11271.440999999999
CUST-000803,714.0,3,883.1295,2023-01-17 10:29:05,2,2,1,221,At Risk / Lost,294.3765,2649.3885
CUST-000804,27.0,3,2935.114,2024-12-04 07:13:03,2,2,2,222,At Risk / Lost,978.3713333333334,8805.342
CUST-000805,140.0,7,10951.6675,2024-08-13 00:47:45,2,4,4,244,Loyal Customers,1564.5239285714285,32855.0025
CUST-000806,842.0,1,874.227,2022-09-11 12:28:49,2,1,1,211,At Risk / Lost,874.227,2622.681
CUST-000807,413.0,5,5125.241,2023-11-14 21:50:44,2,3,3,233,Loyal Customers,1025.0482,15375.723
CUST-000808,95.0,4,3097.688,2024-09-27 12:28:15,2,2,2,222,At Risk / Lost,774.422,9293.064
CUST-000809,310.0,2,2759.4915,2024-02-25 18:45:39,2,1,2,212,At Risk / Lost,1379.74575,8278.4745
CUST-000810,755.0,1,539.439,2022-12-07 13:15:36,2,1,1,211,At Risk / Lost,539.439,1618.317
CUST-000811,658.0,1,675.892,2023-03-13 23:19:46,2,1,1,211,At Risk / Lost,675.892,2027.6760000000002
CUST-000812,261.0,7,4243.3785,2024-04-14 04:52:09,2,4,3,243,Loyal Customers,606.1969285714285,12730.1355
CUST-000813,431.0,4,2409.9649999999997,2023-10-27 20:20:08,2,2,2,222,At Risk / Lost,602.4912499999999,7229.894999999999
CUST-000814,218.0,6,3812.1865,2024-05-27 04:19:55,2,4,3,243,Loyal Customers,635.3644166666667,11436.5595
CUST-000815,236.0,4,6883.3965,2024-05-09 00:01:32,2,2,4,224,At Risk / Lost,1720.849125,20650.1895
CUST-000816,396.0,3,1526.1350000000002,2023-12-01 21:24:00,2,2,1,221,At Risk / Lost,508.71166666666676,4578.405000000001
CUST-000817,11.0,4,5251.6845,2024-12-20 10:38:24,2,2,3,223,At Risk / Lost,1312.921125,15755.053500000002
CUST-000818,219.0,1,547.344,2024-05-26 13:11:59,2,1,1,211,At Risk / Lost,547.344,1642.0320000000002
CUST-000819,320.0,3,1062.1625,2024-02-15 17:49:01,2,2,1,221,At Risk / Lost,354.0541666666666,3186.4874999999997
CUST-000820,11.0,9,8645.3545,2024-12-20 22:28:56,2,4,4,244,Loyal Customers,960.5949444444444,25936.063499999997
CUST-000821,526.0,2,823.3910000000001,2023-07-24 17:54:09,2,1,1,211,At Risk / Lost,411.69550000000004,2470.1730000000002
CUST-000822,64.0,6,4810.399,2024-10-28 12:39:39,2,4,3,243,Loyal Customers,801.7331666666668,14431.197
CUST-000823,182.0,4,4195.5725,2024-07-02 15:23:03,2,2,3,223,At Risk / Lost,1048.893125,12586.7175
CUST-000824,386.0,5,4696.0075,2023-12-11 17:31:57,2,3,3,233,Loyal Customers,939.2014999999999,14088.0225
CUST-000825,143.0,4,4806.3235,2024-08-10 14:48:37,2,2,3,223,At Risk / Lost,1201.580875,14418.970500000001
CUST-000826,77.0,4,2800.5255,2024-10-15 03:44:21,2,2,2,222,At Risk / Lost,700.131375,8401.576500000001
CUST-000827,183.0,4,2398.8355,2024-07-01 14:59:53,2,2,2,222,At Risk / Lost,599.708875,7196.5065
CUST-000828,227.0,3,2265.7405,2024-05-18 01:34:14,2,2,2,222,At Risk / Lost,755.2468333333333,6797.2215
CUST-000829,5.0,5,2842.4785,2024-12-26 06:59:46,2,3,2,232,Others,568.4957,8527.4355
CUST-000830,139.0,4,2553.1394999999998,2024-08-14 17:00:34,2,2,2,222,At Risk / Lost,638.2848749999999,7659.4185
CUST-000831,7.0,6,5635.674,2024-12-24 14:09:32,2,4,4,244,Loyal Customers,939.279,16907.022
CUST-000832,322.0,6,5076.5655,2024-02-13 00:57:24,2,4,3,243,Loyal Customers,846.09425,15229.696499999998
CUST-000833,457.0,3,1376.1865,2023-10-01 21:13:18,2,2,1,221,At Risk / Lost,458.72883333333334,4128.5595
CUST-000834,236.0,4,2983.634,2024-05-09 11:06:23,2,2,2,222,At Risk / Lost,745.9085,8950.902
CUST-000835,226.0,6,7410.481,2024-05-19 09:34:12,2,4,4,244,Loyal Customers,1235.0801666666666,22231.443
CUST-000836,246.0,5,5749.115,2024-04-29 04:45:32,2,3,4,234,Loyal Customers,1149.8229999999999,17247.345
CUST-000837,227.0,5,4739.7970000000005,2024-05-18 16:30:56,2,3,3,233,Loyal Customers,947.9594000000001,14219.391000000001
CUST-000838,223.0,3,2484.9095,2024-05-22 18:03:57,2,2,2,222,At Risk / Lost,828.3031666666667,7454.728500000001
CUST-000839,228.0,4,4694.7474999999995,2024-05-17 04:38:20,2,2,3,223,At Risk / Lost,1173.6868749999999,14084.242499999998
CUST-000840,133.0,4,2141.126,2024-08-20 06:00:26,2,2,1,221,At Risk / Lost,535.2815,6423.378000000001
CUST-000841,89.0,8,7711.856,2024-10-03 05:10:56,2,4,4,244,Loyal Customers,963.982,23135.568
CUST-000842,115.0,3,2696.168,2024-09-07 14:40:19,2,2,2,222,At Risk / Lost,898.7226666666667,8088.504000000001
CUST-000843,37.0,4,3068.1589999999997,2024-11-24 21:30:29,2,2,2,222,At Risk / Lost,767.0397499999999,9204.476999999999
CUST-000844,425.0,5,3624.6895,2023-11-02 12:14:02,2,3,2,232,Others,724.9379,10874.0685
CUST-000845,89.0,8,8767.179,2024-10-03 09:24:36,2,4,4,244,Loyal Customers,1095.897375,26301.537
CUST-000846,244.0,2,1553.8860000000002,2024-05-01 00:02:41,2,1,1,211,At Risk / Lost,776.9430000000001,4661.658
CUST-000847,30.0,5,6276.3785,2024-12-01 14:33:43,2,3,4,234,Loyal Customers,1255.2757,18829.1355
CUST-000848,132.0,2,1443.4435,2024-08-21 15:30:10,2,1,1,211,At Risk / Lost,721.72175,4330.3305
CUST-000849,418.0,3,2198.805,2023-11-09 14:36:02,2,2,1,221,At Risk / Lost,732.935,6596.414999999999
CUST-000850,74.0,3,3242.0,2024-10-18 20:05:07,2,2,2,222,At Risk / Lost,1080.6666666666667,9726.0
CUST-000851,694.0,1,733.017,2023-02-06 00:00:00,2,1,1,211,At Risk / Lost,733.017,2199.0510000000004
CUST-000852,550.0,3,4906.3975,2023-06-30 20:48:00,2,2,3,223,At Risk / Lost,1635.4658333333334,14719.192500000001
CUST-000853,211.0,4,4142.9,2024-06-03 06:58:43,2,2,3,223,At Risk / Lost,1035.725,12428.699999999999
CUST-000854,80.0,6,4443.8775000000005,2024-10-12 16:18:12,2,4,3,243,Loyal Customers,740.6462500000001,13331.632500000002
CUST-000855,122.0,6,3507.012,2024-08-31 19:30:02,2,4,2,242,Others,584.5020000000001,10521.036000000002
CUST-000856,819.0,5,5786.004,2022-10-04 16:22:51,2,3,4,234,Loyal Customers,1157.2008,17358.012000000002
CUST-000857,222.0,2,1867.224,2024-05-23 10:41:41,2,1,1,211,At Risk / Lost,933.612,5601.672
CUST-000858,165.0,5,3888.9635,2024-07-19 01:40:40,2,3,3,233,Loyal Customers,777.7927,11666.8905
CUST-000859,57.0,2,3264.4219999999996,2024-11-04 19:39:49,2,1,2,212,At Risk / Lost,1632.2109999999998,9793.266
CUST-000860,109.0,4,5143.8415,2024-09-13 08:13:01,2,2,3,223,At Risk / Lost,1285.960375,15431.524500000001
CUST-000861,192.0,6,5904.3125,2024-06-22 00:14:42,2,4,4,244,Loyal Customers,984.0520833333334,17712.9375
CUST-000862,132.0,6,7309.365,2024-08-21 17:45:08,2,4,4,244,Loyal Customers,1218.2275,21928.095
CUST-000863,72.0,4,3925.0854999999997,2024-10-20 00:48:08,2,2,3,223,At Risk / Lost,981.2713749999999,11775.2565
CUST-000864,433.0,5,4366.5475,2023-10-25 09:06:43,2,3,3,233,Loyal Customers,873.3095,13099.642499999998
CUST-000865,123.0,4,6656.1485,2024-08-30 18:10:06,2,2,4,224,At Risk / Lost,1664.037125,19968.4455
CUST-000866,190.0,3,3477.698,2024-06-24 08:34:06,2,2,2,222,At Risk / Lost,1159.2326666666665,10433.093999999997
CUST-000867,379.0,2,2247.8469999999998,2023-12-18 17:00:06,2,1,2,212,At Risk / Lost,1123.9234999999999,6743.540999999999
CUST-000868,38.0,9,9141.943500000001,2024-11-23 02:49:47,2,4,4,244,Loyal Customers,1015.7715000000002,27425.830500000004
CUST-000869,347.0,4,2102.8745,2024-01-19 16:47:03,2,2,1,221,At Risk / Lost,525.718625,6308.6235
CUST-000870,258.0,4,3141.0155,2024-04-17 05:31:00,2,2,2,222,At Risk / Lost,785.253875,9423.0465
CUST-000871,362.0,2,2392.62,2024-01-04 21:30:29,2,1,2,212,At Risk / Lost,1196.31,7177.86
CUST-000872,839.0,1,10.64,2022-09-14 08:52:32,2,1,1,211,At Risk / Lost,10.64,31.92
CUST-000873,181.0,4,2271.962,2024-07-03 14:25:30,2,2,2,222,At Risk / Lost,567.9905,6815.886
CUST-000874,635.0,1,2006.6390000000001,2023-04-06 05:21:41,2,1,1,211,At Risk / Lost,2006.6390000000001,6019.917
CUST-000875,180.0,3,2774.907,2024-07-04 08:00:10,2,2,2,222,At Risk / Lost,924.969,8324.721000000001
CUST-000876,468.0,1,1072.5795,2023-09-20 22:04:32,2,1,1,211,At Risk / Lost,1072.5795,3217.7385000000004
CUST-000877,118.0,3,2152.718,2024-09-04 15:18:23,2,2,1,221,At Risk / Lost,717.5726666666666,6458.1539999999995
CUST-000878,94.0,4,4600.458,2024-09-28 13:11:31,2,2,3,223,At Risk / Lost,1150.1145,13801.374
CUST-000879,421.0,1,644.282,2023-11-06 05:59:24,2,1,1,211,At Risk / Lost,644.282,1932.846
CUST-000880,169.0,6,4069.076,2024-07-15 22:44:24,2,4,3,243,Loyal Customers,678.1793333333334,12207.228
CUST-000881,35.0,5,2296.5025,2024-11-26 21:23:32,2,3,2,232,Others,459.3005,6889.5075
CUST-000882,718.0,1,1339.312,2023-01-13 10:07:25,2,1,1,211,At Risk / Lost,1339.312,4017.9359999999997
CUST-000883,95.0,10,9118.242,2024-09-27 10:31:24,2,4,4,244,Loyal Customers,911.8242,27354.726000000002
CUST-000884,43.0,6,5183.2775,2024-11-18 04:26:24,2,4,3,243,Loyal Customers,863.8795833333334,15549.8325
CUST-000885,235.0,6,6489.3825,2024-05-10 12:00:58,2,4,4,244,Loyal Customers,1081.56375,19468.1475
CUST-000886,147.0,6,8939.716,2024-08-06 16:58:17,2,4,4,244,Loyal Customers,1489.9526666666668,26819.148
CUST-000887,84.0,5,7811.9465,2024-10-08 17:12:54,2,3,4,234,Loyal Customers,1562.3893,23435.839500000002
CUST-000888,108.0,5,3025.317,2024-09-14 05:44:31,2,3,2,232,Others,605.0634,9075.951000000001
CUST-000889,436.0,4,4909.305,2023-10-22 22:45:57,2,2,3,223,At Risk / Lost,1227.32625,14727.915
CUST-000890,19.0,4,3567.3495000000003,2024-12-12 06:15:57,2,2,2,222,At Risk / Lost,891.8373750000001,10702.0485
CUST-000891,593.0,1,2853.676,2023-05-18 09:45:39,2,1,2,212,At Risk / Lost,2853.676,8561.028
CUST-000892,428.0,4,3510.6945,2023-10-30 07:19:57,2,2,2,222,At Risk / Lost,877.673625,10532.0835
CUST-000893,784.0,2,2405.0805,2022-11-08 01:36:06,2,1,2,212,At Risk / Lost,1202.54025,7215.2415
CUST-000894,135.0,7,4489.572,2024-08-18 08:44:49,2,4,3,243,Loyal Customers,641.3674285714286,13468.716
CUST-000895,490.0,7,6959.23,2023-08-29 08:37:41,2,4,4,244,Loyal Customers,994.1757142857142,20877.69
CUST-000896,68.0,6,5895.145,2024-10-24 13:26:07,2,4,4,244,Loyal Customers,982.5241666666667,17685.435
CUST-000897,192.0,5,3711.7795,2024-06-22 06:53:01,2,3,3,233,Loyal Customers,742.3559,11135.3385
CUST-000898,421.0,4,5486.852499999999,2023-11-06 04:46:48,2,2,4,224,At Risk / Lost,1371.7131249999998,16460.557499999995
CUST-000899,131.0,3,1089.268,2024-08-22 07:46:54,2,2,1,221,At Risk / Lost,363.08933333333334,3267.804
CUST-000900,1045.0,2,1818.043,2022-02-20 12:01:36,2,1,1,211,At Risk / Lost,909.0215,5454.129
CUST-000901,302.0,5,3366.8285,2024-03-04 22:58:14,2,3,2,232,Others,673.3657000000001,10100.485500000003
CUST-000902,70.0,7,6469.126,2024-10-22 05:13:06,2,4,4,244,Loyal Customers,924.1608571428571,19407.378
CUST-000903,392.0,3,3075.8165,2023-12-05 20:36:49,2,2,2,222,At Risk / Lost,1025.2721666666666,9227.449499999999
CUST-000904,107.0,6,4446.5725,2024-09-15 13:50:41,2,4,3,243,Loyal Customers,741.0954166666667,13339.7175
CUST-000905,167.0,5,5171.8145,2024-07-17 08:32:25,2,3,3,233,Loyal Customers,1034.3629,15515.443500000001
CUST-000906,14.0,3,3315.5544999999997,2024-12-17 20:14:10,2,2,2,222,At Risk / Lost,1105.1848333333332,9946.663499999999
CUST-000907,620.0,2,3335.532,2023-04-21 10:11:48,2,1,2,212,At Risk / Lost,1667.766,10006.596000000001
CUST-000908,257.0,7,7120.8715,2024-04-18 11:40:46,2,4,4,244,Loyal Customers,1017.2673571428571,21362.6145
CUST-000909,142.0,4,2624.879,2024-08-11 17:58:52,2,2,2,222,At Risk / Lost,656.21975,7874.637
CUST-000910,258.0,3,2650.6355,2024-04-17 14:19:30,2,2,2,222,At Risk / Lost,883.5451666666667,7951.906499999999
CUST-000911,315.0,4,3508.6059999999998,2024-02-20 12:41:38,2,2,2,222,At Risk / Lost,877.1514999999999,10525.818
CUST-000912,11.0,4,3102.37,2024-12-20 02:41:03,2,2,2,222,At Risk / Lost,775.5925,9307.11
CUST-000913,1.0,2,2632.987,2024-12-30 07:19:14,2,1,2,212,At Risk / Lost,1316.4935,7898.961
CUST-000914,182.0,3,3499.0705000000003,2024-07-02 00:30:07,2,2,2,222,At Risk / Lost,1166.3568333333335,10497.211500000001
CUST-000915,397.0,3,1451.005,2023-11-30 11:36:38,2,2,1,221,At Risk / Lost,483.66833333333335,4353.015
CUST-000916,416.0,1,854.86,2023-11-11 04:56:31,2,1,1,211,At Risk / Lost,854.86,2564.58
CUST-000917,47.0,5,4968.2175,2024-11-14 18:33:49,2,3,3,233,Loyal Customers,993.6434999999999,14904.6525
CUST-000918,194.0,6,6849.7744999999995,2024-06-20 00:04:06,2,4,4,244,Loyal Customers,1141.6290833333333,20549.3235
CUST-000919,32.0,4,3265.7685,2024-11-29 20:26:59,2,2,2,222,At Risk / Lost,816.442125,9797.3055
CUST-000920,65.0,4,3987.547,2024-10-27 20:50:15,2,2,3,223,At Risk / Lost,996.88675,11962.641
CUST-000921,161.0,7,8753.625,2024-07-23 06:17:58,2,4,4,244,Loyal Customers,1250.517857142857,26260.875
CUST-000922,232.0,6,4824.794,2024-05-13 19:10:36,2,4,3,243,Loyal Customers,804.1323333333333,14474.382
CUST-000923,41.0,3,3877.783,2024-11-20 05:02:21,2,2,3,223,At Risk / Lost,1292.5943333333332,11633.348999999998
CUST-000924,43.0,3,3251.1425,2024-11-18 07:37:07,2,2,2,222,At Risk / Lost,1083.7141666666666,9753.4275
CUST-000925,542.0,1,1896.113,2023-07-08 21:58:58,2,1,1,211,At Risk / Lost,1896.113,5688.339
CUST-000926,833.0,1,358.6575,2022-09-20 00:37:44,2,1,1,211,At Risk / Lost,358.6575,1075.9725
CUST-000928,172.0,2,1091.274,2024-07-12 22:35:31,2,1,1,211,At Risk / Lost,545.637,3273.8219999999997
CUST-000929,105.0,2,5009.371999999999,2024-09-17 02:20:14,2,1,3,213,At Risk / Lost,2504.6859999999997,15028.115999999998
CUST-000930,139.0,5,4894.630999999999,2024-08-14 22:37:51,2,3,3,233,Loyal Customers,978.9261999999999,14683.892999999998
CUST-000931,451.0,3,2746.1200000000003,2023-10-07 21:12:06,2,2,2,222,At Risk / Lost,915.3733333333334,8238.36
CUST-000932,39.0,3,2242.625,2024-11-22 07:50:50,2,2,2,222,At Risk / Lost,747.5416666666666,6727.875
CUST-000933,81.0,5,4306.9220000000005,2024-10-10 23:27:12,2,3,3,233,Loyal Customers,861.3844000000001,12920.766000000001
CUST-000934,346.0,2,3255.505,2024-01-20 22:46:17,2,1,2,212,At Risk / Lost,1627.7525,9766.515
CUST-000935,623.0,3,5611.083500000001,2023-04-18 20:40:44,2,2,4,224,At Risk / Lost,1870.3611666666668,16833.250500000002
CUST-000936,173.0,4,5264.737999999999,2024-07-11 06:45:43,2,2,3,223,At Risk / Lost,1316.1844999999998,15794.213999999998
CUST-000937,256.0,5,3149.04,2024-04-19 08:54:46,2,3,2,232,Others,629.808,9447.119999999999
CUST-000938,159.0,4,4341.5315,2024-07-25 12:42:57,2,2,3,223,At Risk / Lost,1085.382875,13024.5945
CUST-000939,106.0,4,4417.8855,2024-09-16 14:00:06,2,2,3,223,At Risk / Lost,1104.471375,13253.656500000001
CUST-000940,318.0,4,2793.647,2024-02-17 11:52:39,2,2,2,222,At Risk / Lost,698.41175,8380.940999999999
CUST-000941,362.0,3,4603.556,2024-01-04 20:14:03,2,2,3,223,At Risk / Lost,1534.5186666666666,13810.667999999998
CUST-000942,239.0,4,3322.581,2024-05-06 16:09:41,2,2,2,222,At Risk / Lost,830.64525,9967.743
CUST-000943,30.0,4,2317.151,2024-12-01 22:26:03,2,2,2,222,At Risk / Lost,579.28775,6951.4529999999995
CUST-000944,63.0,3,4376.5505,2024-10-29 07:47:47,2,2,3,223,At Risk / Lost,1458.8501666666668,13129.6515
CUST-000945,24.0,10,10992.1335,2024-12-07 00:00:22,2,4,4,244,Loyal Customers,1099.21335,32976.4005
CUST-000946,214.0,5,4801.7305,2024-05-31 18:43:17,2,3,3,233,Loyal Customers,960.3461,14405.191499999999
CUST-000947,639.0,1,1360.1285,2023-04-02 16:02:23,2,1,1,211,At Risk / Lost,1360.1285,4080.3855000000003
CUST-000948,278.0,6,4317.845,2024-03-28 17:10:42,2,4,3,243,Loyal Customers,719.6408333333334,12953.535
CUST-000949,157.0,3,1993.1145000000001,2024-07-27 20:50:29,2,2,1,221,At Risk / Lost,664.3715000000001,5979.343500000001
CUST-000950,63.0,5,2641.0565,2024-10-29 04:22:51,2,3,2,232,Others,528.2113,7923.1695
CUST-000951,462.0,1,950.4994999999999,2023-09-26 20:49:49,2,1,1,211,At Risk / Lost,950.4994999999999,2851.4984999999997
CUST-000952,8.0,3,3834.7340000000004,2024-12-22 23:32:04,2,2,3,223,At Risk / Lost,1278.2446666666667,11504.202000000001
CUST-000953,63.0,4,2769.2844999999998,2024-10-29 13:27:03,2,2,2,222,At Risk / Lost,692.3211249999999,8307.8535
CUST-000954,1082.0,1,1432.605,2022-01-14 10:34:09,2,1,1,211,At Risk / Lost,1432.605,4297.8150000000005
CUST-000955,112.0,6,3861.263,2024-09-10 09:33:28,2,4,3,243,Loyal Customers,643.5438333333333,11583.789
CUST-000956,496.0,3,4358.9515,2023-08-23 11:13:31,2,2,3,223,At Risk / Lost,1452.9838333333335,13076.854500000001
CUST-000959,348.0,4,2363.289,2024-01-18 03:04:28,2,2,2,222,At Risk / Lost,590.82225,7089.867
CUST-000960,1.0,10,12591.4175,2024-12-30 02:54:47,2,4,4,244,Loyal Customers,1259.14175,37774.2525
CUST-000961,57.0,4,3446.833,2024-11-04 01:03:38,2,2,2,222,At Risk / Lost,861.70825,10340.499
CUST-000962,556.0,1,562.88,2023-06-24 14:36:07,2,1,1,211,At Risk / Lost,562.88,1688.6399999999999
CUST-000963,630.0,4,4897.213,2023-04-10 23:22:37,2,2,3,223,At Risk / Lost,1224.30325,14691.639
CUST-000964,491.0,4,3798.6395,2023-08-28 12:52:50,2,2,3,223,At Risk / Lost,949.659875,11395.9185
CUST-000965,280.0,6,8581.916,2024-03-26 15:52:19,2,4,4,244,Loyal Customers,1430.3193333333331,25745.748
CUST-000966,113.0,2,1441.433,2024-09-08 23:51:50,2,1,1,211,At Risk / Lost,720.7165,4324.299
CUST-000967,157.0,4,5720.555,2024-07-26 23:57:07,2,2,4,224,At Risk / Lost,1430.13875,17161.665
CUST-000968,281.0,2,1805.9364999999998,2024-03-25 09:32:00,2,1,1,211,At Risk / Lost,902.9682499999999,5417.809499999999
CUST-000969,279.0,6,4719.409,2024-03-27 13:16:32,2,4,3,243,Loyal Customers,786.5681666666666,14158.226999999999
CUST-000970,319.0,5,4603.6615,2024-02-16 14:15:39,2,3,3,233,Loyal Customers,920.7323,13810.9845
CUST-000971,9.0,4,4828.4685,2024-12-22 19:18:15,2,2,3,223,At Risk / Lost,1207.117125,14485.4055
CUST-000972,44.0,7,11449.937,2024-11-16 23:42:36,2,4,4,244,Loyal Customers,1635.7052857142858,34349.811
CUST-000973,520.0,3,2323.2005,2023-07-30 01:48:12,2,2,2,222,At Risk / Lost,774.4001666666667,6969.6015
CUST-000974,188.0,2,3739.9584999999997,2024-06-26 03:48:58,2,1,3,213,At Risk / Lost,1869.9792499999999,11219.875499999998
CUST-000975,27.0,4,6093.175,2024-12-04 13:13:15,2,2,4,224,At Risk / Lost,1523.29375,18279.525
CUST-000976,272.0,4,5611.0315,2024-04-03 13:14:04,2,2,4,224,At Risk / Lost,1402.757875,16833.0945
CUST-000977,159.0,3,4174.6705,2024-07-25 15:49:14,2,2,3,223,At Risk / Lost,1391.5568333333333,12524.0115
CUST-000978,60.0,5,5000.9835,2024-11-01 09:45:20,2,3,3,233,Loyal Customers,1000.1967000000001,15002.9505
CUST-000979,178.0,3,1988.319,2024-07-06 07:58:48,2,2,1,221,At Risk / Lost,662.773,5964.957
CUST-000980,349.0,3,972.6714999999999,2024-01-17 22:24:33,2,2,1,221,At Risk / Lost,324.2238333333333,2918.0144999999998
CUST-000981,462.0,5,2901.31,2023-09-26 01:27:15,2,3,2,232,Others,580.262,8703.929999999998
CUST-000982,49.0,4,4589.3515,2024-11-12 04:45:59,2,2,3,223,At Risk / Lost,1147.337875,13768.054499999998
CUST-000983,28.0,8,8813.4,2024-12-03 15:29:40,2,4,4,244,Loyal Customers,1101.675,26440.199999999997
CUST-000984,262.0,5,3410.8605000000002,2024-04-13 18:24:33,2,3,2,232,Others,682.1721,10232.5815
CUST-000985,233.0,5,6432.066,2024-05-12 07:13:41,2,3,4,234,Loyal Customers,1286.4132,19296.198
CUST-000986,141.0,3,4022.595,2024-08-12 18:59:14,2,2,3,223,At Risk / Lost,1340.865,12067.785
CUST-000987,39.0,11,9326.356,2024-11-22 22:30:21,2,4,4,244,Loyal Customers,847.8505454545455,27979.068
CUST-000988,36.0,3,2852.8805,2024-11-25 02:05:43,2,2,2,222,At Risk / Lost,950.9601666666667,8558.641500000002
CUST-000989,116.0,3,3556.237,2024-09-06 09:27:25,2,2,2,222,At Risk / Lost,1185.4123333333334,10668.711
CUST-000990,112.0,6,9370.845,2024-09-10 11:37:53,2,4,4,244,Loyal Customers,1561.8075,28112.534999999996
CUST-000991,285.0,4,3932.753,2024-03-21 20:55:11,2,2,3,223,At Risk / Lost,983.18825,11798.259
CUST-000992,201.0,2,1707.6555,2024-06-13 13:28:40,2,1,1,211,At Risk / Lost,853.82775,5122.9665
CUST-000993,322.0,3,4035.174,2024-02-13 03:21:16,2,2,3,223,At Risk / Lost,1345.058,12105.522
CUST-000994,140.0,6,6586.714,2024-08-12 23:10:50,2,4,4,244,Loyal Customers,1097.7856666666667,19760.142
CUST-000995,305.0,5,4901.289,2024-03-01 17:46:13,2,3,3,233,Loyal Customers,980.2578,14703.866999999998
CUST-000996,108.0,5,4401.11,2024-09-14 19:26:55,2,3,3,233,Loyal Customers,880.222,13203.329999999998
CUST-000997,735.0,4,5267.4985,2022-12-27 09:33:29,2,2,3,223,At Risk / Lost,1316.874625,15802.495499999999
CUST-000998,31.0,4,2271.1659999999997,2024-11-30 21:10:47,2,2,2,222,At Risk / Lost,567.7914999999999,6813.498
CUST-000999,904.0,1,1245.216,2022-07-11 21:10:38,2,1,1,211,At Risk / Lost,1245.216,3735.6479999999997
CUST-001000,31.0,4,6368.122,2024-11-30 08:02:32,2,2,4,224,At Risk / Lost,1592.0305,19104.366
CUST-001001,27.0,6,5841.313,2024-12-04 03:09:10,2,4,4,244,Loyal Customers,973.5521666666667,17523.939
CUST-001002,52.0,4,2498.4175,2024-11-09 07:21:41,2,2,2,222,At Risk / Lost,624.604375,7495.2525000000005
CUST-001003,429.0,2,2100.224,2023-10-29 06:15:07,2,1,1,211,At Risk / Lost,1050.112,6300.6720000000005
CUST-001004,70.0,7,5865.048,2024-10-22 02:56:04,2,4,4,244,Loyal Customers,837.8639999999999,17595.144
CUST-001005,115.0,7,8977.1195,2024-09-07 22:00:22,2,4,4,244,Loyal Customers,1282.445642857143,26931.358500000002
CUST-001006,81.0,4,3634.556,2024-10-11 19:41:47,2,2,2,222,At Risk / Lost,908.639,10903.668
CUST-001007,324.0,3,2910.9475,2024-02-11 18:10:59,2,2,2,222,At Risk / Lost,970.3158333333334,8732.8425
CUST-001008,49.0,3,1356.8885,2024-11-12 15:45:07,2,2,1,221,At Risk / Lost,452.2961666666667,4070.6655
CUST-001009,51.0,7,6830.243,2024-11-10 11:13:40,2,4,4,244,Loyal Customers,975.749,20490.729
CUST-001010,339.0,2,1849.5635,2024-01-27 05:09:32,2,1,1,211,At Risk / Lost,924.78175,5548.6905
CUST-001011,190.0,4,3954.621,2024-06-24 10:41:51,2,2,3,223,At Risk / Lost,988.65525,11863.863000000001
CUST-001012,88.0,2,1642.4265,2024-10-04 10:17:13,2,1,1,211,At Risk / Lost,821.21325,4927.279500000001
CUST-001013,116.0,5,5828.1845,2024-09-06 17:58:39,2,3,4,234,Loyal Customers,1165.6369,17484.553499999998
CUST-001014,70.0,3,2791.8334999999997,2024-10-22 03:04:39,2,2,2,222,At Risk / Lost,930.6111666666666,8375.500499999998
CUST-001015,53.0,6,5187.126,2024-11-08 04:58:10,2,4,3,243,Loyal Customers,864.5210000000001,15561.378
CUST-001016,183.0,4,1732.7469999999998,2024-07-01 02:34:34,2,2,1,221,At Risk / Lost,433.18674999999996,5198.241
CUST-001017,188.0,1,880.235,2024-06-26 14:47:12,2,1,1,211,At Risk / Lost,880.235,2640.705
CUST-001018,1081.0,1,333.15500000000003,2022-01-15 17:04:27,2,1,1,211,At Risk / Lost,333.15500000000003,999.4650000000001
CUST-001019,369.0,5,2439.6885,2023-12-28 21:00:39,2,3,2,232,Others,487.93770000000006,7319.065500000001
CUST-001020,313.0,2,2079.851,2024-02-22 08:19:52,2,1,1,211,At Risk / Lost,1039.9255,6239.553
CUST-001021,169.0,5,3478.938,2024-07-15 15:19:03,2,3,2,232,Others,695.7876,10436.814
CUST-001022,726.0,2,2762.0950000000003,2023-01-05 10:54:07,2,1,2,212,At Risk / Lost,1381.0475000000001,8286.285
CUST-001023,234.0,2,3833.2115,2024-05-11 19:42:44,2,1,3,213,At Risk / Lost,1916.60575,11499.6345
CUST-001024,5.0,7,9143.006,2024-12-26 02:09:22,2,4,4,244,Loyal Customers,1306.1437142857142,27429.017999999996
CUST-001025,27.0,7,5643.185,2024-12-04 19:38:16,2,4,4,244,Loyal Customers,806.1692857142858,16929.555
CUST-001026,291.0,7,8151.9365,2024-03-15 19:03:06,2,4,4,244,Loyal Customers,1164.562357142857,24455.8095
CUST-001027,7.0,6,4096.6755,2024-12-24 21:47:10,2,4,3,243,Loyal Customers,682.77925,12290.0265
CUST-001028,318.0,6,5239.621,2024-02-17 15:31:25,2,4,3,243,Loyal Customers,873.2701666666667,15718.863000000001
CUST-001029,49.0,8,8928.0965,2024-11-12 12:33:23,2,4,4,244,Loyal Customers,1116.0120625,26784.2895
CUST-001030,5.0,4,2825.24,2024-12-26 00:00:00,2,2,2,222,At Risk / Lost,706.31,8475.72
CUST-001031,264.0,1,1127.451,2024-04-11 22:55:31,2,1,1,211,At Risk / Lost,1127.451,3382.353
CUST-001032,16.0,2,1374.5365,2024-12-15 01:31:10,2,1,1,211,At Risk / Lost,687.26825,4123.6095
CUST-001033,9.0,6,7245.9245,2024-12-22 11:30:01,2,4,4,244,Loyal Customers,1207.6540833333333,21737.7735
CUST-001034,238.0,4,3931.953,2024-05-07 08:50:02,2,2,3,223,At Risk / Lost,982.98825,11795.859
CUST-001035,147.0,5,4367.3195000000005,2024-08-06 02:53:50,2,3,3,233,Loyal Customers,873.4639000000001,13101.9585
CUST-001036,128.0,8,5872.7405,2024-08-25 04:36:12,2,4,4,244,Loyal Customers,734.0925625,17618.2215
CUST-001037,172.0,4,5737.6945,2024-07-12 21:40:50,2,2,4,224,At Risk / Lost,1434.423625,17213.0835
CUST-001038,14.0,3,2780.671,2024-12-17 01:28:57,2,2,2,222,At Risk / Lost,926.8903333333333,8342.012999999999
CUST-001039,109.0,7,5880.6315,2024-09-13 02:12:16,2,4,4,244,Loyal Customers,840.0902142857143,17641.894500000002
CUST-001040,22.0,7,4805.4195,2024-12-09 07:15:38,2,4,3,243,Loyal Customers,686.4885,14416.2585
CUST-001041,1.0,4,6605.9885,2024-12-30 12:47:00,2,2,4,224,At Risk / Lost,1651.497125,19817.965500000002
CUST-001042,695.0,2,2263.772,2023-02-05 09:17:55,2,1,2,212,At Risk / Lost,1131.886,6791.316
CUST-001043,421.0,3,3571.8755,2023-11-06 13:43:48,2,2,2,222,At Risk / Lost,1190.6251666666667,10715.6265
CUST-001044,226.0,5,4015.8095,2024-05-19 21:45:41,2,3,3,233,Loyal Customers,803.1619,12047.4285
CUST-001045,102.0,5,7202.1404999999995,2024-09-19 23:13:44,2,3,4,234,Loyal Customers,1440.4280999999999,21606.421499999997
CUST-001046,4.0,4,3485.512,2024-12-27 20:45:46,2,2,2,222,At Risk / Lost,871.378,10456.536
CUST-001047,329.0,4,6154.263,2024-02-06 04:08:35,2,2,4,224,At Risk / Lost,1538.56575,18462.789
CUST-001048,844.0,1,391.59,2022-09-09 02:34:23,2,1,1,211,At Risk / Lost,391.59,1174.77
CUST-001049,300.0,5,5736.480500000001,2024-03-06 19:28:48,2,3,4,234,Loyal Customers,1147.2961,17209.4415
CUST-001050,259.0,3,3359.988,2024-04-16 22:42:46,2,2,2,222,At Risk / Lost,1119.9959999999999,10079.963999999998
CUST-001052,86.0,3,1907.397,2024-10-06 10:06:31,2,2,1,221,At Risk / Lost,635.799,5722.191
CUST-001053,27.0,5,5024.794,2024-12-04 06:32:29,2,3,3,233,Loyal Customers,1004.9588,15074.382
CUST-001054,222.0,4,2996.744,2024-05-23 02:10:16,2,2,2,222,At Risk / Lost,749.186,8990.232
CUST-001055,35.0,6,7977.5695,2024-11-26 16:40:01,2,4,4,244,Loyal Customers,1329.5949166666667,23932.7085
CUST-001056,133.0,5,3230.355,2024-08-20 09:35:17,2,3,2,232,Others,646.071,9691.065
CUST-001057,156.0,1,1126.1409999999998,2024-07-28 10:38:26,2,1,1,211,At Risk / Lost,1126.1409999999998,3378.423
CUST-001058,292.0,6,8458.005000000001,2024-03-14 12:51:50,2,4,4,244,Loyal Customers,1409.6675000000002,25374.015000000003
CUST-001059,23.0,4,2176.35,2024-12-08 19:25:13,2,2,1,221,At Risk / Lost,544.0875,6529.049999999999
CUST-001060,65.0,6,6080.5505,2024-10-27 11:18:36,2,4,4,244,Loyal Customers,1013.4250833333334,18241.6515
CUST-001061,150.0,4,6693.9275,2024-08-03 10:48:47,2,2,4,224,At Risk / Lost,1673.481875,20081.7825
CUST-001062,56.0,3,2163.2095,2024-11-05 08:50:51,2,2,1,221,At Risk / Lost,721.0698333333333,6489.6285
CUST-001063,53.0,4,2107.7915,2024-11-08 12:06:10,2,2,1,221,At Risk / Lost,526.947875,6323.3745
CUST-001064,47.0,3,1993.131,2024-11-14 21:54:18,2,2,1,221,At Risk / Lost,664.3770000000001,5979.393000000001
CUST-001065,79.0,6,3505.9225,2024-10-13 03:32:10,2,4,2,242,Others,584.3204166666667,10517.7675
CUST-001066,370.0,5,5058.5865,2023-12-27 07:49:41,2,3,3,233,Loyal Customers,1011.7173,15175.7595
CUST-001067,332.0,4,3820.784,2024-02-03 17:58:35,2,2,3,223,At Risk / Lost,955.196,11462.352
CUST-001068,5.0,4,4541.18,2024-12-26 22:23:14,2,2,3,223,At Risk / Lost,1135.295,13623.54
CUST-001069,682.0,1,552.875,2023-02-18 18:43:28,2,1,1,211,At Risk / Lost,552.875,1658.625
CUST-001070,215.0,4,4039.1175000000003,2024-05-30 15:49:53,2,2,3,223,At Risk / Lost,1009.7793750000001,12117.3525
CUST-001072,172.0,4,4084.205,2024-07-12 17:53:48,2,2,3,223,At Risk / Lost,1021.05125,12252.615
CUST-001074,190.0,6,8715.244,2024-06-24 21:52:08,2,4,4,244,Loyal Customers,1452.5406666666668,26145.732000000004
CUST-001075,97.0,5,3578.5150000000003,2024-09-25 19:22:55,2,3,2,232,Others,715.7030000000001,10735.545000000002
CUST-001076,185.0,4,8956.739,2024-06-29 11:35:32,2,2,4,224,At Risk / Lost,2239.18475,26870.216999999997
CUST-001077,60.0,1,605.4085,2024-11-01 16:56:59,2,1,1,211,At Risk / Lost,605.4085,1816.2255
CUST-001078,30.0,4,1741.839,2024-12-01 14:14:50,2,2,1,221,At Risk / Lost,435.45975,5225.517
CUST-001079,522.0,2,1477.286,2023-07-28 17:50:35,2,1,1,211,At Risk / Lost,738.643,4431.858
CUST-001080,678.0,1,2267.383,2023-02-21 23:09:41,2,1,2,212,At Risk / Lost,2267.383,6802.148999999999
CUST-001081,272.0,5,5772.2935,2024-04-03 12:52:27,2,3,4,234,Loyal Customers,1154.4587,17316.8805
CUST-001082,239.0,3,6589.1665,2024-05-06 10:06:54,2,2,4,224,At Risk / Lost,2196.3888333333334,19767.4995
CUST-001083,96.0,8,9765.3505,2024-09-26 15:03:37,2,4,4,244,Loyal Customers,1220.6688125,29296.0515
CUST-001084,545.0,5,5241.202,2023-07-05 11:26:56,2,3,3,233,Loyal Customers,1048.2404000000001,15723.606000000003
CUST-001085,183.0,3,3857.4094999999998,2024-07-01 11:24:22,2,2,3,223,At Risk / Lost,1285.8031666666666,11572.2285
CUST-001086,318.0,4,6141.572,2024-02-17 02:01:08,2,2,4,224,At Risk / Lost,1535.393,18424.716
CUST-001087,401.0,2,1541.207,2023-11-26 07:09:43,2,1,1,211,At Risk / Lost,770.6035,4623.621
CUST-001088,190.0,2,2515.6240000000003,2024-06-23 23:15:05,2,1,2,212,At Risk / Lost,1257.8120000000001,7546.872000000001
CUST-001089,51.0,6,7740.8035,2024-11-10 18:11:34,2,4,4,244,Loyal Customers,1290.1339166666667,23222.410499999998
CUST-001090,1081.0,1,1654.7224999999999,2022-01-15 04:54:09,2,1,1,211,At Risk / Lost,1654.7224999999999,4964.1675
CUST-001091,116.0,4,3253.5735,2024-09-06 17:16:01,2,2,2,222,At Risk / Lost,813.393375,9760.7205
CUST-001092,453.0,2,262.4015,2023-10-05 11:58:52,2,1,1,211,At Risk / Lost,131.20075,787.2045
CUST-001093,170.0,2,1463.0935000000002,2024-07-14 10:02:31,2,1,1,211,At Risk / Lost,731.5467500000001,4389.280500000001
CUST-001094,304.0,4,6372.53,2024-03-01 23:21:16,2,2,4,224,At Risk / Lost,1593.1325,19117.59
CUST-001095,33.0,10,10922.34,2024-11-28 17:24:33,2,4,4,244,Loyal Customers,1092.234,32767.02
CUST-001096,553.0,7,8180.4755000000005,2023-06-27 18:30:45,2,4,4,244,Loyal Customers,1168.6393571428573,24541.426500000005
CUST-001097,119.0,6,5033.2485,2024-09-03 15:12:12,2,4,3,243,Loyal Customers,838.87475,15099.745499999999
CUST-001098,887.0,2,2516.4629999999997,2022-07-28 08:33:26,2,1,2,212,At Risk / Lost,1258.2314999999999,7549.388999999999
CUST-001099,218.0,6,7547.1705,2024-05-27 13:09:17,2,4,4,244,Loyal Customers,1257.86175,22641.5115
CUST-001100,9.0,4,4717.413500000001,2024-12-22 20:44:52,2,2,3,223,At Risk / Lost,1179.3533750000001,14152.240500000002
CUST-001101,40.0,6,6523.6615,2024-11-21 13:35:16,2,4,4,244,Loyal Customers,1087.2769166666667,19570.9845
CUST-001102,134.0,5,5764.2905,2024-08-19 15:38:24,2,3,4,234,Loyal Customers,1152.8581,17292.871499999997
CUST-001103,15.0,5,5220.206,2024-12-16 13:07:57,2,3,3,233,Loyal Customers,1044.0412000000001,15660.618
CUST-001104,14.0,5,4470.786,2024-12-17 06:16:10,2,3,3,233,Loyal Customers,894.1572,13412.358
CUST-001105,132.0,7,7496.8975,2024-08-21 20:14:51,2,4,4,244,Loyal Customers,1070.985357142857,22490.692499999997
CUST-001106,273.0,2,2260.115,2024-04-02 01:20:45,2,1,2,212,At Risk / Lost,1130.0575,6780.344999999999
CUST-001107,220.0,4,3397.323,2024-05-25 00:19:51,2,2,2,222,At Risk / Lost,849.33075,10191.969
CUST-001108,126.0,6,5093.8505000000005,2024-08-27 13:14:42,2,4,3,243,Loyal Customers,848.9750833333334,15281.551500000001
CUST-001109,428.0,3,2545.5335,2023-10-30 11:27:34,2,2,2,222,At Risk / Lost,848.5111666666667,7636.6005000000005
CUST-001110,427.0,1,925.4174999999999,2023-10-31 19:25:55,2,1,1,211,At Risk / Lost,925.4174999999999,2776.2524999999996
CUST-001111,135.0,3,1495.3825,2024-08-18 05:52:15,2,2,1,221,At Risk / Lost,498.4608333333333,4486.1475
CUST-001112,536.0,2,1518.075,2023-07-14 21:30:28,2,1,1,211,At Risk / Lost,759.0375,4554.225
CUST-001113,451.0,4,2156.7934999999998,2023-10-07 18:28:10,2,2,1,221,At Risk / Lost,539.1983749999999,6470.380499999999
CUST-001114,384.0,4,3787.34,2023-12-13 01:10:37,2,2,3,223,At Risk / Lost,946.835,11362.02
CUST-001115,587.0,3,2056.4495,2023-05-24 18:08:37,2,2,1,221,At Risk / Lost,685.4831666666668,6169.3485
CUST-001116,420.0,6,7238.6404999999995,2023-11-07 17:04:09,2,4,4,244,Loyal Customers,1206.4400833333332,21715.921499999997
CUST-001117,35.0,5,3915.474,2024-11-26 08:49:29,2,3,3,233,Loyal Customers,783.0948000000001,11746.422
CUST-001118,288.0,2,2918.927,2024-03-18 08:32:50,2,1,2,212,At Risk / Lost,1459.4635,8756.781
CUST-001119,36.0,5,3596.9665,2024-11-25 19:07:11,2,3,2,232,Others,719.3933,10790.8995
CUST-001120,440.0,3,3114.817,2023-10-18 01:43:35,2,2,2,222,At Risk / Lost,1038.2723333333333,9344.451000000001
CUST-001121,349.0,4,1516.7800000000002,2024-01-17 16:35:29,2,2,1,221,At Risk / Lost,379.19500000000005,4550.34
CUST-001122,207.0,3,2019.062,2024-06-07 13:05:37,2,2,1,221,At Risk / Lost,673.0206666666667,6057.186
CUST-001123,245.0,5,5545.525000000001,2024-04-30 20:02:37,2,3,4,234,Loyal Customers,1109.105,16636.574999999997
CUST-001124,618.0,1,1801.864,2023-04-23 00:08:53,2,1,1,211,At Risk / Lost,1801.864,5405.592000000001
CUST-001125,142.0,5,3636.816,2024-08-11 04:28:11,2,3,2,232,Others,727.3632,10910.448
CUST-001126,429.0,6,4580.817,2023-10-29 12:49:07,2,4,3,243,Loyal Customers,763.4695,13742.451000000001
CUST-001127,177.0,2,2054.7655,2024-07-07 20:40:25,2,1,1,211,At Risk / Lost,1027.38275,6164.2965
CUST-001128,153.0,3,2165.053,2024-07-31 14:31:09,2,2,1,221,At Risk / Lost,721.6843333333333,6495.159
CUST-001129,137.0,4,4779.3045,2024-08-16 06:50:05,2,2,3,223,At Risk / Lost,1194.826125,14337.9135
CUST-001130,196.0,4,5131.156,2024-06-18 17:01:58,2,2,3,223,At Risk / Lost,1282.789,15393.468
CUST-001131,170.0,5,2050.332,2024-07-14 02:39:53,2,3,1,231,Others,410.0664,6150.995999999999
CUST-001132,429.0,3,3189.42,2023-10-29 15:37:57,2,2,2,222,At Risk / Lost,1063.14,9568.26
CUST-001133,229.0,5,6638.5375,2024-05-16 03:38:04,2,3,4,234,Loyal Customers,1327.7075,19915.612500000003
CUST-001134,25.0,7,6722.491,2024-12-06 11:25:25,2,4,4,244,Loyal Customers,960.3558571428572,20167.472999999998
CUST-001135,315.0,5,5605.027,2024-02-20 15:31:36,2,3,4,234,Loyal Customers,1121.0054,16815.081
CUST-001136,430.0,1,2265.586,2023-10-28 13:09:37,2,1,2,212,At Risk / Lost,2265.586,6796.758
CUST-001137,160.0,8,7736.85,2024-07-24 06:40:31,2,4,4,244,Loyal Customers,967.10625,23210.550000000003
CUST-001138,337.0,3,3955.4525,2024-01-29 20:31:49,2,2,3,223,At Risk / Lost,1318.4841666666666,11866.3575
CUST-001139,31.0,5,5756.423,2024-11-30 20:39:45,2,3,4,234,Loyal Customers,1151.2846,17269.269
CUST-001140,219.0,3,1250.604,2024-05-25 23:04:30,2,2,1,221,At Risk / Lost,416.868,3751.812
CUST-001141,276.0,2,2671.9815,2024-03-30 01:33:57,2,1,2,212,At Risk / Lost,1335.99075,8015.9445
CUST-001142,157.0,5,6439.453,2024-07-27 00:01:28,2,3,4,234,Loyal Customers,1287.8906000000002,19318.359000000004
CUST-001143,23.0,5,3728.39,2024-12-08 10:32:49,2,3,3,233,Loyal Customers,745.678,11185.17
CUST-001144,71.0,7,6496.3485,2024-10-21 01:54:49,2,4,4,244,Loyal Customers,928.0497857142857,19489.0455
CUST-001145,38.0,4,3859.19,2024-11-23 04:56:54,2,2,3,223,At Risk / Lost,964.7975,11577.57
CUST-001146,118.0,4,5380.0075,2024-09-04 02:27:34,2,2,4,224,At Risk / Lost,1345.001875,16140.0225
CUST-001147,74.0,6,4812.278,2024-10-18 08:18:08,2,4,3,243,Loyal Customers,802.0463333333333,14436.834
CUST-001148,150.0,7,6460.2805,2024-08-03 13:49:58,2,4,4,244,Loyal Customers,922.8972142857143,19380.8415
CUST-001149,139.0,2,1942.252,2024-08-14 15:06:28,2,1,1,211,At Risk / Lost,971.126,5826.755999999999
CUST-001150,354.0,2,3355.9035,2024-01-12 03:21:33,2,1,2,212,At Risk / Lost,1677.95175,10067.7105
CUST-001151,367.0,2,2595.2219999999998,2023-12-30 16:22:27,2,1,2,212,At Risk / Lost,1297.6109999999999,7785.665999999999
CUST-001152,119.0,5,6255.0795,2024-09-03 10:38:58,2,3,4,234,Loyal Customers,1251.0158999999999,18765.2385
CUST-001153,334.0,4,1704.5025,2024-02-01 02:25:10,2,2,1,221,At Risk / Lost,426.125625,5113.5075
CUST-001154,49.0,7,10438.001,2024-11-12 00:44:17,2,4,4,244,Loyal Customers,1491.143,31314.003
CUST-001155,141.0,2,2106.0744999999997,2024-08-12 08:09:01,2,1,1,211,At Risk / Lost,1053.0372499999999,6318.223499999999
CUST-001156,85.0,3,4056.435,2024-10-07 21:03:15,2,2,3,223,At Risk / Lost,1352.145,12169.305
CUST-001157,234.0,9,9064.231,2024-05-11 19:25:31,2,4,4,244,Loyal Customers,1007.1367777777778,27192.693
CUST-001158,17.0,2,2375.844,2024-12-14 19:05:43,2,1,2,212,At Risk / Lost,1187.922,7127.532
CUST-001159,73.0,7,7012.4265,2024-10-19 17:31:34,2,4,4,244,Loyal Customers,1001.7752142857142,21037.279499999997
CUST-001160,126.0,6,6112.8215,2024-08-27 03:23:20,2,4,4,244,Loyal Customers,1018.8035833333333,18338.464500000002
CUST-001161,76.0,4,1488.396,2024-10-16 10:55:21,2,2,1,221,At Risk / Lost,372.099,4465.188
CUST-001162,481.0,2,2212.477,2023-09-07 09:49:01,2,1,1,211,At Risk / Lost,1106.2385,6637.431
CUST-001163,286.0,6,5077.4884999999995,2024-03-20 22:55:13,2,4,3,243,Loyal Customers,846.2480833333333,15232.465499999998
CUST-001164,310.0,3,2069.2169999999996,2024-02-24 23:24:01,2,2,1,221,At Risk / Lost,689.7389999999999,6207.650999999999
CUST-001165,442.0,4,3600.4809999999998,2023-10-16 15:06:57,2,2,2,222,At Risk / Lost,900.1202499999999,10801.443
CUST-001166,202.0,6,4507.529,2024-06-12 15:18:52,2,4,3,243,Loyal Customers,751.2548333333334,13522.587000000001
CUST-001167,77.0,3,2345.5615000000003,2024-10-15 01:59:55,2,2,2,222,At Risk / Lost,781.8538333333335,7036.684500000001
CUST-001168,680.0,3,1782.0995,2023-02-20 06:15:38,2,2,1,221,At Risk / Lost,594.0331666666667,5346.298500000001
CUST-001169,453.0,4,4815.0275,2023-10-05 17:35:52,2,2,3,223,At Risk / Lost,1203.756875,14445.0825
CUST-001170,303.0,6,4493.9745,2024-03-03 15:42:10,2,4,3,243,Loyal Customers,748.99575,13481.9235
CUST-001171,45.0,7,4849.0515,2024-11-16 04:43:29,2,4,3,243,Loyal Customers,692.7216428571428,14547.154499999999
CUST-001172,107.0,7,8092.5535,2024-09-15 19:49:49,2,4,4,244,Loyal Customers,1156.0790714285715,24277.6605
CUST-001173,75.0,3,4287.437,2024-10-17 16:27:46,2,2,3,223,At Risk / Lost,1429.1456666666666,12862.311
CUST-001174,267.0,4,4526.004,2024-04-08 06:19:05,2,2,3,223,At Risk / Lost,1131.501,13578.011999999999
CUST-001175,123.0,4,5123.7065,2024-08-30 15:10:21,2,2,3,223,At Risk / Lost,1280.926625,15371.1195
CUST-001176,80.0,4,5737.39,2024-10-11 23:24:37,2,2,4,224,At Risk / Lost,1434.3475,17212.170000000002
CUST-001177,29.0,5,4470.6285,2024-12-02 08:27:13,2,3,3,233,Loyal Customers,894.1256999999999,13411.8855
CUST-001178,485.0,4,2894.5425,2023-09-03 14:59:19,2,2,2,222,At Risk / Lost,723.635625,8683.6275
CUST-001179,4.0,3,4017.514,2024-12-27 20:37:11,2,2,3,223,At Risk / Lost,1339.1713333333335,12052.542000000001
CUST-001180,84.0,3,1228.7404999999999,2024-10-08 13:54:19,2,2,1,221,At Risk / Lost,409.5801666666666,3686.2214999999997
CUST-001181,516.0,3,2016.131,2023-08-03 14:40:44,2,2,1,221,At Risk / Lost,672.0436666666667,6048.393
CUST-001182,115.0,3,2672.729,2024-09-07 11:05:00,2,2,2,222,At Risk / Lost,890.9096666666666,8018.187
CUST-001183,613.0,2,2489.6135000000004,2023-04-28 21:50:37,2,1,2,212,At Risk / Lost,1244.8067500000002,7468.840500000001
CUST-001184,152.0,4,6221.9925,2024-08-01 13:19:45,2,2,4,224,At Risk / Lost,1555.498125,18665.9775
CUST-001185,4.0,3,4745.017,2024-12-27 10:12:23,2,2,3,223,At Risk / Lost,1581.6723333333332,14235.051
CUST-001187,10.0,5,4744.226,2024-12-21 06:10:37,2,3,3,233,Loyal Customers,948.8452,14232.678
CUST-001188,107.0,3,3276.92,2024-09-15 01:15:06,2,2,2,222,At Risk / Lost,1092.3066666666666,9830.76
CUST-001189,53.0,4,2052.233,2024-11-08 14:13:12,2,2,1,221,At Risk / Lost,513.05825,6156.6990000000005
CUST-001191,294.0,5,3911.251,2024-03-12 04:31:21,2,3,3,233,Loyal Customers,782.2502000000001,11733.753
CUST-001192,259.0,3,1409.001,2024-04-16 10:58:49,2,2,1,221,At Risk / Lost,469.667,4227.003
CUST-001193,62.0,6,7546.4335,2024-10-30 07:06:21,2,4,4,244,Loyal Customers,1257.7389166666667,22639.3005
CUST-001194,613.0,2,2596.6025,2023-04-28 12:59:40,2,1,2,212,At Risk / Lost,1298.30125,7789.8075
CUST-001195,107.0,5,5024.0185,2024-09-15 06:51:50,2,3,3,233,Loyal Customers,1004.8037,15072.0555
CUST-001196,448.0,5,3658.2309999999998,2023-10-10 21:55:31,2,3,3,233,Loyal Customers,731.6461999999999,10974.693
CUST-001197,113.0,4,3322.512,2024-09-09 03:03:46,2,2,2,222,At Risk / Lost,830.628,9967.536
CUST-001198,171.0,2,2735.302,2024-07-13 05:06:06,2,1,2,212,At Risk / Lost,1367.651,8205.906
CUST-001199,75.0,4,4628.5545,2024-10-17 11:20:48,2,2,3,223,At Risk / Lost,1157.138625,13885.6635
CUST-001200,500.0,2,2169.7525,2023-08-19 15:46:26,2,1,1,211,At Risk / Lost,1084.87625,6509.2575
CUST-001201,285.0,5,7914.567,2024-03-21 18:09:29,2,3,4,234,Loyal Customers,1582.9134,23743.700999999997
CUST-001202,199.0,4,4021.4359999999997,2024-06-15 01:58:38,2,2,3,223,At Risk / Lost,1005.3589999999999,12064.307999999999
CUST-001203,32.0,1,687.7935,2024-11-29 16:24:39,2,1,1,211,At Risk / Lost,687.7935,2063.3805
CUST-001204,606.0,2,3170.7205,2023-05-04 23:47:52,2,1,2,212,At Risk / Lost,1585.36025,9512.1615
CUST-001205,224.0,3,4614.529,2024-05-21 10:35:43,2,2,3,223,At Risk / Lost,1538.1763333333336,13843.587000000001
CUST-001206,222.0,4,4675.288500000001,2024-05-23 16:06:12,2,2,3,223,At Risk / Lost,1168.8221250000001,14025.865500000002
CUST-001207,259.0,6,6125.2865,2024-04-16 00:14:09,2,4,4,244,Loyal Customers,1020.8810833333333,18375.8595
CUST-001208,74.0,3,4313.607,2024-10-17 23:20:18,2,2,3,223,At Risk / Lost,1437.869,12940.821
CUST-001209,351.0,2,350.514,2024-01-15 11:57:44,2,1,1,211,At Risk / Lost,175.257,1051.542
CUST-001210,135.0,5,1220.8245,2024-08-18 22:22:28,2,3,1,231,Others,244.1649,3662.4735
CUST-001211,522.0,3,2743.153,2023-07-28 05:18:02,2,2,2,222,At Risk / Lost,914.3843333333333,8229.458999999999
CUST-001213,35.0,5,2094.078,2024-11-25 23:09:20,2,3,1,231,Others,418.8156,6282.234
CUST-001214,216.0,3,960.3944999999999,2024-05-29 01:52:11,2,2,1,221,At Risk / Lost,320.13149999999996,2881.1834999999996
CUST-001215,4.0,2,1686.891,2024-12-26 23:56:20,2,1,1,211,At Risk / Lost,843.4455,5060.673000000001
CUST-001216,422.0,4,5001.32,2023-11-05 12:30:00,2,2,3,223,At Risk / Lost,1250.33,15003.96
CUST-001217,25.0,6,3065.812,2024-12-06 00:14:51,2,4,2,242,Others,510.96866666666665,9197.436
CUST-001218,102.0,3,4360.911,2024-09-20 06:12:03,2,2,3,223,At Risk / Lost,1453.637,13082.733
CUST-001219,343.0,5,4127.202,2024-01-23 18:42:12,2,3,3,233,Loyal Customers,825.4404000000001,12381.606
CUST-001220,130.0,8,10300.568,2024-08-23 07:06:54,2,4,4,244,Loyal Customers,1287.571,30901.703999999998
CUST-001221,280.0,5,5677.933,2024-03-26 11:23:22,2,3,4,234,Loyal Customers,1135.5866,17033.799000000003
CUST-001222,5.0,5,4615.783,2024-12-26 18:36:47,2,3,3,233,Loyal Customers,923.1566,13847.349000000002
CUST-001223,61.0,3,4063.8635,2024-10-31 01:57:45,2,2,3,223,At Risk / Lost,1354.6211666666666,12191.590499999998
CUST-001224,75.0,4,2119.8095,2024-10-17 01:20:35,2,2,1,221,At Risk / Lost,529.952375,6359.4285
CUST-001225,51.0,6,5995.164,2024-11-10 14:28:27,2,4,4,244,Loyal Customers,999.194,17985.492
CUST-001226,850.0,1,279.6585,2022-09-03 14:36:06,2,1,1,211,At Risk / Lost,279.6585,838.9755
CUST-001227,194.0,4,4148.415,2024-06-20 15:51:49,2,2,3,223,At Risk / Lost,1037.10375,12445.244999999999
CUST-001228,289.0,3,4472.064,2024-03-17 07:58:32,2,2,3,223,At Risk / Lost,1490.688,13416.192000000001
CUST-001229,20.0,2,3613.6565,2024-12-11 12:03:18,2,1,2,212,At Risk / Lost,1806.82825,10840.9695
CUST-001230,204.0,6,3273.136,2024-06-10 17:57:11,2,4,2,242,Others,545.5226666666666,9819.408
CUST-001231,391.0,3,2245.67,2023-12-06 10:21:34,2,2,2,222,At Risk / Lost,748.5566666666667,6737.01
CUST-001232,93.0,4,2457.5969999999998,2024-09-29 06:51:51,2,2,2,222,At Risk / Lost,614.3992499999999,7372.790999999999
CUST-001233,48.0,4,3576.7625,2024-11-13 03:21:10,2,2,2,222,At Risk / Lost,894.190625,10730.287499999999
CUST-001234,402.0,2,894.894,2023-11-25 14:59:17,2,1,1,211,At Risk / Lost,447.447,2684.682
CUST-001235,23.0,7,6040.7985,2024-12-08 21:40:22,2,4,4,244,Loyal Customers,862.9712142857143,18122.3955
CUST-001236,102.0,8,8119.193,2024-09-20 10:13:46,2,4,4,244,Loyal Customers,1014.899125,24357.579
CUST-001237,45.0,4,3470.0385000000006,2024-11-16 18:54:05,2,2,2,222,At Risk / Lost,867.5096250000001,10410.115500000002
CUST-001238,429.0,4,8278.624,2023-10-29 04:15:53,2,2,4,224,At Risk / Lost,2069.656,24835.872
CUST-001239,34.0,4,4238.04,2024-11-27 13:45:13,2,2,3,223,At Risk / Lost,1059.51,12714.119999999999
CUST-001240,279.0,5,5411.743,2024-03-27 18:27:52,2,3,4,234,Loyal Customers,1082.3486,16235.229000000001
CUST-001241,494.0,5,5522.0945,2023-08-25 08:49:40,2,3,4,234,Loyal Customers,1104.4189000000001,16566.283500000005
CUST-001242,236.0,5,6802.179,2024-05-09 01:54:17,2,3,4,234,Loyal Customers,1360.4358,20406.537
CUST-001243,294.0,3,2963.663,2024-03-12 09:01:36,2,2,2,222,At Risk / Lost,987.8876666666666,8890.989
CUST-001244,105.0,6,4331.904500000001,2024-09-17 09:03:01,2,4,3,243,Loyal Customers,721.9840833333334,12995.713500000002
CUST-001245,9.0,6,4226.093,2024-12-22 04:20:46,2,4,3,243,Loyal Customers,704.3488333333333,12678.278999999999
CUST-001246,357.0,4,3915.226,2024-01-09 19:29:33,2,2,3,223,At Risk / Lost,978.8065,11745.678
CUST-001247,644.0,3,4947.0285,2023-03-28 12:13:38,2,2,3,223,At Risk / Lost,1649.0095000000001,14841.085500000001
CUST-001248,448.0,2,1016.268,2023-10-10 04:50:42,2,1,1,211,At Risk / Lost,508.134,3048.804
CUST-001249,57.0,9,6778.2935,2024-11-04 09:01:09,2,4,4,244,Loyal Customers,753.1437222222222,20334.8805
CUST-001251,394.0,1,1049.9085,2023-12-03 19:37:12,2,1,1,211,At Risk / Lost,1049.9085,3149.7255
CUST-001252,165.0,4,4193.7435000000005,2024-07-19 00:53:01,2,2,3,223,At Risk / Lost,1048.4358750000001,12581.230500000001
CUST-001253,860.0,2,1835.166,2022-08-24 14:39:54,2,1,1,211,At Risk / Lost,917.583,5505.498
CUST-001254,57.0,2,3228.936,2024-11-03 23:56:42,2,1,2,212,At Risk / Lost,1614.468,9686.808
CUST-001255,584.0,5,3233.986,2023-05-27 04:05:27,2,3,2,232,Others,646.7972,9701.957999999999
CUST-001256,502.0,3,5329.9175000000005,2023-08-17 05:59:52,2,2,4,224,At Risk / Lost,1776.6391666666668,15989.752500000002
CUST-001257,219.0,7,6671.6295,2024-05-26 14:24:18,2,4,4,244,Loyal Customers,953.0899285714286,20014.8885
CUST-001258,707.0,4,3495.8975,2023-01-24 15:50:39,2,2,2,222,At Risk / Lost,873.974375,10487.692500000001
CUST-001259,288.0,5,5435.129,2024-03-18 04:13:36,2,3,4,234,Loyal Customers,1087.0258,16305.386999999997
CUST-001260,92.0,5,2599.3975,2024-09-30 11:05:58,2,3,2,232,Others,519.8795,7798.1925
CUST-001261,480.0,5,9220.542,2023-09-08 05:09:16,2,3,4,234,Loyal Customers,1844.1083999999998,27661.625999999997
CUST-001262,499.0,8,7584.87,2023-08-20 10:43:10,2,4,4,244,Loyal Customers,948.10875,22754.61
CUST-001263,113.0,5,5765.348,2024-09-09 22:39:11,2,3,4,234,Loyal Customers,1153.0696,17296.044
CUST-001264,171.0,6,5568.677,2024-07-13 07:25:38,2,4,4,244,Loyal Customers,928.1128333333332,16706.031
CUST-001265,22.0,4,3557.9685,2024-12-09 01:43:31,2,2,2,222,At Risk / Lost,889.492125,10673.9055
CUST-001266,349.0,5,3706.3869999999997,2024-01-17 05:11:43,2,3,3,233,Loyal Customers,741.2774,11119.161
CUST-001267,533.0,4,4094.558,2023-07-17 11:17:05,2,2,3,223,At Risk / Lost,1023.6395,12283.673999999999
CUST-001268,206.0,4,3158.4935,2024-06-08 18:53:29,2,2,2,222,At Risk / Lost,789.623375,9475.4805
CUST-001269,386.0,2,2905.0060000000003,2023-12-11 03:43:39,2,1,2,212,At Risk / Lost,1452.5030000000002,8715.018
CUST-001270,179.0,2,1622.5365,2024-07-05 00:11:23,2,1,1,211,At Risk / Lost,811.26825,4867.6095
CUST-001271,324.0,3,4376.285,2024-02-11 18:07:32,2,2,3,223,At Risk / Lost,1458.7616666666665,13128.855
CUST-001272,222.0,2,2227.058,2024-05-23 00:09:21,2,1,2,212,At Risk / Lost,1113.529,6681.174
CUST-001273,8.0,9,8771.0515,2024-12-23 06:01:55,2,4,4,244,Loyal Customers,974.5612777777777,26313.154499999997
CUST-001274,17.0,7,8032.971500000001,2024-12-14 01:59:34,2,4,4,244,Loyal Customers,1147.5673571428572,24098.914500000003
CUST-001275,84.0,4,3096.2815,2024-10-08 07:21:02,2,2,2,222,At Risk / Lost,774.070375,9288.8445
CUST-001276,102.0,4,2412.1245,2024-09-20 09:55:23,2,2,2,222,At Risk / Lost,603.031125,7236.3735
CUST-001277,79.0,3,2895.721,2024-10-13 02:09:58,2,2,2,222,At Risk / Lost,965.2403333333333,8687.163
CUST-001278,270.0,3,2088.9495,2024-04-05 21:12:57,2,2,1,221,At Risk / Lost,696.3165,6266.8485
CUST-001279,161.0,6,5445.1865,2024-07-23 09:28:21,2,4,4,244,Loyal Customers,907.5310833333333,16335.5595
CUST-001280,80.0,3,6134.336499999999,2024-10-12 13:42:40,2,2,4,224,At Risk / Lost,2044.778833333333,18403.0095
CUST-001281,12.0,4,3140.992,2024-12-19 21:43:17,2,2,2,222,At Risk / Lost,785.248,9422.976
CUST-001282,357.0,3,762.5395000000001,2024-01-09 10:30:18,2,2,1,221,At Risk / Lost,254.17983333333336,2287.6185000000005
CUST-001283,51.0,5,4304.14,2024-11-10 17:46:48,2,3,3,233,Loyal Customers,860.8280000000001,12912.420000000002
CUST-001284,205.0,6,4112.8555,2024-06-08 23:41:34,2,4,3,243,Loyal Customers,685.4759166666666,12338.566499999999
CUST-001285,42.0,7,12698.5285,2024-11-19 11:39:02,2,4,4,244,Loyal Customers,1814.0755000000001,38095.5855
CUST-001286,558.0,4,2237.466,2023-06-22 15:32:04,2,2,2,222,At Risk / Lost,559.3665,6712.397999999999
CUST-001287,9.0,8,12178.4755,2024-12-21 23:35:30,2,4,4,244,Loyal Customers,1522.3094375,36535.4265
CUST-001288,80.0,4,3189.089,2024-10-11 23:16:20,2,2,2,222,At Risk / Lost,797.27225,9567.267
CUST-001289,29.0,4,3132.591,2024-12-02 15:03:28,2,2,2,222,At Risk / Lost,783.14775,9397.773
CUST-001290,14.0,5,4445.3425,2024-12-17 09:30:06,2,3,3,233,Loyal Customers,889.0685,13336.0275
CUST-001291,17.0,4,4142.8425,2024-12-14 00:41:14,2,2,3,223,At Risk / Lost,1035.710625,12428.5275
CUST-001292,443.0,7,6501.9615,2023-10-15 12:47:00,2,4,4,244,Loyal Customers,928.8516428571429,19505.8845
CUST-001293,467.0,3,5109.8155,2023-09-21 20:48:40,2,2,3,223,At Risk / Lost,1703.2718333333332,15329.446499999998
CUST-001294,35.0,6,6963.1895,2024-11-26 17:55:37,2,4,4,244,Loyal Customers,1160.5315833333334,20889.5685
CUST-001295,257.0,1,874.027,2024-04-18 17:23:23,2,1,1,211,At Risk / Lost,874.027,2622.081
CUST-001296,17.0,5,4462.224,2024-12-14 04:09:29,2,3,3,233,Loyal Customers,892.4448,13386.672
CUST-001297,491.0,3,2323.862,2023-08-28 16:35:31,2,2,2,222,At Risk / Lost,774.6206666666667,6971.586
CUST-001298,199.0,5,4503.4929999999995,2024-06-15 15:01:33,2,3,3,233,Loyal Customers,900.6985999999999,13510.479
CUST-001299,284.0,4,3878.248,2024-03-22 10:01:44,2,2,3,223,At Risk / Lost,969.562,11634.744
CUST-001301,90.0,6,5534.1795,2024-10-02 21:15:29,2,4,4,244,Loyal Customers,922.36325,16602.538500000002
CUST-001302,758.0,1,1104.6589999999999,2022-12-04 13:46:04,2,1,1,211,At Risk / Lost,1104.6589999999999,3313.977
CUST-001303,465.0,5,5128.9185,2023-09-23 16:52:22,2,3,3,233,Loyal Customers,1025.7837,15386.7555
CUST-001304,339.0,4,3741.0,2024-01-27 15:21:14,2,2,3,223,At Risk / Lost,935.25,11223.0
CUST-001305,26.0,6,6013.4385,2024-12-05 02:48:56,2,4,4,244,Loyal Customers,1002.2397500000001,18040.3155
CUST-001306,493.0,2,1249.636,2023-08-26 02:39:17,2,1,1,211,At Risk / Lost,624.818,3748.908
CUST-001307,472.0,2,1189.814,2023-09-16 06:46:41,2,1,1,211,At Risk / Lost,594.907,3569.442
CUST-001308,778.0,5,3082.2039999999997,2022-11-14 08:13:59,2,3,2,232,Others,616.4408,9246.612
CUST-001309,641.0,1,661.05,2023-03-31 19:45:33,2,1,1,211,At Risk / Lost,661.05,1983.1499999999999
CUST-001310,446.0,6,3662.6425,2023-10-12 06:39:47,2,4,3,243,Loyal Customers,610.4404166666667,10987.9275
CUST-001311,187.0,4,4084.6025,2024-06-27 13:00:19,2,2,3,223,At Risk / Lost,1021.150625,12253.807499999999
CUST-001312,362.0,2,3536.13,2024-01-04 01:56:29,2,1,2,212,At Risk / Lost,1768.065,10608.39
CUST-001313,243.0,6,3085.206,2024-05-02 01:27:31,2,4,2,242,Others,514.201,9255.618
CUST-001314,51.0,4,4708.025,2024-11-10 09:20:33,2,2,3,223,At Risk / Lost,1177.00625,14124.074999999999
CUST-001315,29.0,1,498.61,2024-12-02 14:58:30,2,1,1,211,At Risk / Lost,498.61,1495.83
CUST-001316,136.0,4,6434.6545,2024-08-17 15:54:39,2,2,4,224,At Risk / Lost,1608.663625,19303.963499999998
CUST-001318,683.0,3,2987.953,2023-02-17 22:10:56,2,2,2,222,At Risk / Lost,995.9843333333333,8963.859
CUST-001319,123.0,8,3835.931,2024-08-30 09:24:02,2,4,3,243,Loyal Customers,479.491375,11507.793
CUST-001320,890.0,3,1804.717,2022-07-25 21:43:27,2,2,1,221,At Risk / Lost,601.5723333333334,5414.151
CUST-001321,476.0,3,5061.2255000000005,2023-09-12 05:28:21,2,2,3,223,At Risk / Lost,1687.0751666666667,15183.676500000001
CUST-001322,810.0,2,1255.7975000000001,2022-10-13 15:03:31,2,1,1,211,At Risk / Lost,627.8987500000001,3767.3925000000004
CUST-001323,732.0,3,2812.996,2022-12-30 14:46:08,2,2,2,222,At Risk / Lost,937.6653333333334,8438.988000000001
CUST-001324,95.0,5,5337.338,2024-09-27 17:13:26,2,3,4,234,Loyal Customers,1067.4676,16012.014
CUST-001325,422.0,2,2513.3959999999997,2023-11-05 00:26:34,2,1,2,212,At Risk / Lost,1256.6979999999999,7540.187999999999
CUST-001326,482.0,3,2107.507,2023-09-06 22:08:34,2,2,1,221,At Risk / Lost,702.5023333333334,6322.521000000001
CUST-001327,121.0,6,5550.562,2024-09-01 07:59:26,2,4,4,244,Loyal Customers,925.0936666666666,16651.686
CUST-001328,175.0,5,6267.817,2024-07-09 06:12:11,2,3,4,234,Loyal Customers,1253.5634,18803.451
CUST-001329,233.0,1,1191.026,2024-05-12 04:16:32,2,1,1,211,At Risk / Lost,1191.026,3573.0780000000004
CUST-001330,137.0,5,5238.249,2024-08-16 18:28:26,2,3,3,233,Loyal Customers,1047.6498,15714.747
CUST-001331,396.0,3,498.59299999999996,2023-12-01 20:16:55,2,2,1,221,At Risk / Lost,166.19766666666666,1495.779
CUST-001332,109.0,5,5726.9775,2024-09-13 08:16:24,2,3,4,234,Loyal Customers,1145.3955,17180.932500000003
CUST-001333,204.0,5,4510.53,2024-06-10 06:20:53,2,3,3,233,Loyal Customers,902.106,13531.59
CUST-001334,82.0,4,4680.17,2024-10-10 07:18:34,2,2,3,223,At Risk / Lost,1170.0425,14040.51
CUST-001335,95.0,4,3346.725,2024-09-27 03:44:05,2,2,2,222,At Risk / Lost,836.68125,10040.175
CUST-001336,725.0,2,1763.0,2023-01-05 23:09:32,2,1,1,211,At Risk / Lost,881.5,5289.0
CUST-001337,208.0,3,2693.139,2024-06-06 02:53:12,2,2,2,222,At Risk / Lost,897.7130000000001,8079.417
CUST-001338,446.0,4,2690.564,2023-10-12 14:34:01,2,2,2,222,At Risk / Lost,672.641,8071.691999999999
CUST-001339,219.0,3,1994.2095,2024-05-26 14:49:30,2,2,1,221,At Risk / Lost,664.7365,5982.6285
CUST-001340,954.0,2,1514.498,2022-05-22 12:23:29,2,1,1,211,At Risk / Lost,757.249,4543.494000000001
CUST-001341,145.0,6,3933.563,2024-08-08 03:01:54,2,4,3,243,Loyal Customers,655.5938333333334,11800.689
CUST-001342,218.0,3,3224.4225,2024-05-27 00:26:41,2,2,2,222,At Risk / Lost,1074.8075000000001,9673.267500000002
CUST-001343,65.0,4,3956.9555,2024-10-27 04:40:47,2,2,3,223,At Risk / Lost,989.238875,11870.8665
CUST-001345,170.0,1,1011.0655,2024-07-14 20:05:49,2,1,1,211,At Risk / Lost,1011.0655,3033.1965
CUST-001346,45.0,6,3746.957,2024-11-16 07:10:04,2,4,3,243,Loyal Customers,624.4928333333334,11240.871000000001
CUST-001347,691.0,4,2074.642,2023-02-09 08:13:24,2,2,1,221,At Risk / Lost,518.6605,6223.9259999999995
CUST-001348,584.0,2,3031.3855,2023-05-27 18:17:01,2,1,2,212,At Risk / Lost,1515.69275,9094.1565
CUST-001349,585.0,5,6649.191,2023-05-26 16:40:21,2,3,4,234,Loyal Customers,1329.8382,19947.573
CUST-001350,168.0,3,2307.6594999999998,2024-07-16 00:46:44,2,2,2,222,At Risk / Lost,769.2198333333332,6922.978499999999
CUST-001351,741.0,2,4114.7875,2022-12-21 13:03:52,2,1,3,213,At Risk / Lost,2057.39375,12344.362500000001
CUST-001352,314.0,5,4635.21,2024-02-21 22:19:22,2,3,3,233,Loyal Customers,927.042,13905.630000000001
CUST-001353,332.0,4,5559.452,2024-02-03 02:14:51,2,2,4,224,At Risk / Lost,1389.863,16678.356
CUST-001354,32.0,6,4248.2225,2024-11-29 13:13:34,2,4,3,243,Loyal Customers,708.0370833333333,12744.6675
CUST-001355,142.0,5,4005.817,2024-08-11 06:58:36,2,3,3,233,Loyal Customers,801.1634,12017.451000000001
CUST-001356,23.0,6,4008.7200000000003,2024-12-08 06:57:10,2,4,3,243,Loyal Customers,668.12,12026.16
CUST-001357,266.0,5,5249.812,2024-04-09 22:01:38,2,3,3,233,Loyal Customers,1049.9624,15749.436
CUST-001358,102.0,6,5897.1314999999995,2024-09-20 17:11:25,2,4,4,244,Loyal Customers,982.85525,17691.3945
CUST-001359,387.0,2,917.0010000000001,2023-12-10 06:36:30,2,1,1,211,At Risk / Lost,458.50050000000005,2751.003
CUST-001360,599.0,3,4215.03,2023-05-12 04:06:11,2,2,3,223,At Risk / Lost,1405.01,12645.09
CUST-001361,303.0,3,3319.6925,2024-03-03 03:33:00,2,2,2,222,At Risk / Lost,1106.5641666666668,9959.0775
CUST-001362,177.0,2,2137.5420000000004,2024-07-07 02:50:49,2,1,1,211,At Risk / Lost,1068.7710000000002,6412.626000000001
CUST-001363,29.0,5,5310.87,2024-12-02 05:08:15,2,3,4,234,Loyal Customers,1062.174,15932.61
CUST-001364,187.0,3,1771.8890000000001,2024-06-27 16:05:56,2,2,1,221,At Risk / Lost,590.6296666666667,5315.667
CUST-001365,96.0,4,2700.4085,2024-09-26 18:02:47,2,2,2,222,At Risk / Lost,675.102125,8101.2255000000005
CUST-001366,460.0,2,1353.576,2023-09-28 17:06:09,2,1,1,211,At Risk / Lost,676.788,4060.728
CUST-001367,340.0,7,5798.2975,2024-01-26 14:03:09,2,4,4,244,Loyal Customers,828.3282142857142,17394.892499999998
CUST-001368,56.0,6,3151.261,2024-11-05 21:33:35,2,4,2,242,Others,525.2101666666666,9453.783
CUST-001369,346.0,4,4764.407,2024-01-20 18:03:00,2,2,3,223,At Risk / Lost,1191.10175,14293.221000000001
CUST-001370,134.0,5,4623.903,2024-08-19 17:42:00,2,3,3,233,Loyal Customers,924.7806,13871.709
CUST-001371,73.0,7,8934.1005,2024-10-18 23:07:41,2,4,4,244,Loyal Customers,1276.3000714285715,26802.3015
CUST-001372,129.0,4,5950.754,2024-08-24 01:51:41,2,2,4,224,At Risk / Lost,1487.6885,17852.262
CUST-001373,133.0,4,5885.78,2024-08-20 09:24:25,2,2,4,224,At Risk / Lost,1471.445,17657.34
CUST-001374,326.0,3,2681.0405,2024-02-09 20:47:29,2,2,2,222,At Risk / Lost,893.6801666666667,8043.1215
CUST-001375,2.0,6,6673.361,2024-12-29 08:41:25,2,4,4,244,Loyal Customers,1112.2268333333334,20020.083000000002
CUST-001376,182.0,6,5625.157499999999,2024-07-02 22:11:25,2,4,4,244,Loyal Customers,937.5262499999999,16875.472499999996
CUST-001377,98.0,4,3696.576,2024-09-24 05:21:32,2,2,3,223,At Risk / Lost,924.144,11089.728
CUST-001378,277.0,3,6077.9085000000005,2024-03-29 14:31:18,2,2,4,224,At Risk / Lost,2025.9695000000002,18233.7255
CUST-001379,110.0,6,4691.5335000000005,2024-09-12 19:31:04,2,4,3,243,Loyal Customers,781.9222500000001,14074.6005
CUST-001380,75.0,1,1471.1945,2024-10-17 21:26:44,2,1,1,211,At Risk / Lost,1471.1945,4413.583500000001
CUST-001381,59.0,5,5848.33,2024-11-02 02:18:42,2,3,4,234,Loyal Customers,1169.666,17544.989999999998
CUST-001382,181.0,3,4095.693,2024-07-03 10:56:18,2,2,3,223,At Risk / Lost,1365.231,12287.079000000002
CUST-001383,1015.0,1,2332.869,2022-03-22 16:26:05,2,1,2,212,At Risk / Lost,2332.869,6998.607
CUST-001384,106.0,4,1749.9154999999998,2024-09-16 16:18:05,2,2,1,221,At Risk / Lost,437.47887499999996,5249.746499999999
CUST-001385,319.0,5,4974.659,2024-02-16 02:03:42,2,3,3,233,Loyal Customers,994.9318,14923.976999999999
CUST-001386,45.0,5,4040.6955000000003,2024-11-16 10:32:21,2,3,3,233,Loyal Customers,808.1391000000001,12122.086500000001
CUST-001387,11.0,5,4777.7925000000005,2024-12-20 06:53:30,2,3,3,233,Loyal Customers,955.5585000000001,14333.377500000002
CUST-001388,436.0,6,3688.02,2023-10-22 09:18:22,2,4,3,243,Loyal Customers,614.67,11064.059999999998
CUST-001389,223.0,2,1113.852,2024-05-22 05:41:32,2,1,1,211,At Risk / Lost,556.926,3341.5560000000005
CUST-001390,105.0,3,2350.402,2024-09-17 00:54:48,2,2,2,222,At Risk / Lost,783.4673333333334,7051.206
CUST-001391,22.0,6,6042.65,2024-12-09 10:35:58,2,4,4,244,Loyal Customers,1007.1083333333332,18127.949999999997
CUST-001392,14.0,7,6560.9885,2024-12-17 00:15:23,2,4,4,244,Loyal Customers,937.2840714285715,19682.965500000002
CUST-001393,72.0,5,3454.6034999999997,2024-10-20 11:22:44,2,3,2,232,Others,690.9206999999999,10363.810499999998
CUST-001395,305.0,5,6848.533,2024-03-01 17:39:52,2,3,4,234,Loyal Customers,1369.7066,20545.599
CUST-001396,415.0,1,1424.24,2023-11-12 09:18:08,2,1,1,211,At Risk / Lost,1424.24,4272.72
CUST-001397,366.0,5,3437.6865000000003,2023-12-31 11:03:09,2,3,2,232,Others,687.5373000000001,10313.059500000001
CUST-001398,493.0,4,4065.594,2023-08-26 05:09:26,2,2,3,223,At Risk / Lost,1016.3985,12196.782
CUST-001399,9.0,3,4270.416,2024-12-22 17:37:59,2,2,3,223,At Risk / Lost,1423.472,12811.248
CUST-001400,145.0,1,103.338,2024-08-08 01:53:59,2,1,1,211,At Risk / Lost,103.338,310.014
CUST-001401,163.0,2,1359.342,2024-07-21 02:51:48,2,1,1,211,At Risk / Lost,679.671,4078.0260000000003
CUST-001402,133.0,10,5714.156,2024-08-20 07:09:59,2,4,4,244,Loyal Customers,571.4156,17142.468
CUST-001403,814.0,3,3249.085,2022-10-09 00:19:10,2,2,2,222,At Risk / Lost,1083.0283333333334,9747.255000000001
CUST-001405,41.0,1,812.017,2024-11-20 05:09:20,2,1,1,211,At Risk / Lost,812.017,2436.0510000000004
CUST-001406,37.0,3,2170.8250000000003,2024-11-24 12:06:32,2,2,1,221,At Risk / Lost,723.6083333333335,6512.475
CUST-001407,112.0,2,3803.186,2024-09-10 13:51:48,2,1,3,213,At Risk / Lost,1901.593,11409.558
CUST-001408,113.0,4,2193.1615,2024-09-09 16:50:04,2,2,1,221,At Risk / Lost,548.290375,6579.4845000000005
CUST-001409,448.0,3,2732.079,2023-10-10 09:49:32,2,2,2,222,At Risk / Lost,910.6930000000001,8196.237000000001
CUST-001410,48.0,4,3365.7155,2024-11-13 09:16:33,2,2,2,222,At Risk / Lost,841.428875,10097.146499999999
CUST-001411,2.0,2,832.435,2024-12-29 01:40:12,2,1,1,211,At Risk / Lost,416.2175,2497.305
CUST-001412,103.0,7,8738.0715,2024-09-19 15:05:08,2,4,4,244,Loyal Customers,1248.2959285714285,26214.214500000002
CUST-001413,818.0,1,2499.7805,2022-10-05 08:21:25,2,1,2,212,At Risk / Lost,2499.7805,7499.3414999999995
CUST-001414,2.0,4,4377.276,2024-12-29 01:07:50,2,2,3,223,At Risk / Lost,1094.319,13131.828
CUST-001415,109.0,1,1507.7305,2024-09-13 06:59:55,2,1,1,211,At Risk / Lost,1507.7305,4523.1915
CUST-001416,426.0,5,3815.2425,2023-11-01 12:12:43,2,3,3,233,Loyal Customers,763.0485,11445.727499999999
CUST-001417,25.0,6,6835.2155,2024-12-06 04:52:20,2,4,4,244,Loyal Customers,1139.2025833333335,20505.646500000003
CUST-001418,110.0,6,6048.561,2024-09-12 10:59:03,2,4,4,244,Loyal Customers,1008.0935,18145.682999999997
CUST-001419,253.0,3,858.0855,2024-04-22 07:33:47,2,2,1,221,At Risk / Lost,286.0285,2574.2565
CUST-001420,135.0,6,5026.994,2024-08-18 20:29:50,2,4,3,243,Loyal Customers,837.8323333333333,15080.982
CUST-001421,517.0,1,420.544,2023-08-02 13:02:11,2,1,1,211,At Risk / Lost,420.544,1261.632
CUST-001422,44.0,3,3052.9645,2024-11-17 12:38:16,2,2,2,222,At Risk / Lost,1017.6548333333334,9158.8935
CUST-001423,448.0,6,10867.6125,2023-10-10 15:56:52,2,4,4,244,Loyal Customers,1811.26875,32602.837499999998
CUST-001424,508.0,2,2103.8875,2023-08-11 21:52:55,2,1,1,211,At Risk / Lost,1051.94375,6311.662499999999
CUST-001425,41.0,5,4563.2785,2024-11-20 03:06:43,2,3,3,233,Loyal Customers,912.6557,13689.835500000001
CUST-001426,240.0,4,1449.878,2024-05-05 00:38:54,2,2,1,221,At Risk / Lost,362.4695,4349.634
CUST-001427,375.0,1,776.4805,2023-12-22 01:04:53,2,1,1,211,At Risk / Lost,776.4805,2329.4415
CUST-001428,377.0,3,1507.2800000000002,2023-12-20 02:11:47,2,2,1,221,At Risk / Lost,502.42666666666673,4521.84
CUST-001429,15.0,5,2943.3485,2024-12-16 02:34:11,2,3,2,232,Others,588.6697,8830.0455
CUST-001430,91.0,7,8062.072,2024-10-01 22:21:32,2,4,4,244,Loyal Customers,1151.7245714285714,24186.216
CUST-001432,50.0,8,9649.283000000001,2024-11-11 07:35:56,2,4,4,244,Loyal Customers,1206.1603750000002,28947.849000000002
CUST-001433,48.0,5,6213.5505,2024-11-13 18:53:29,2,3,4,234,Loyal Customers,1242.7101,18640.6515
CUST-001434,674.0,2,2342.94,2023-02-26 17:31:25,2,1,2,212,At Risk / Lost,1171.47,7028.82
CUST-001435,199.0,3,1614.302,2024-06-15 12:07:04,2,2,1,221,At Risk / Lost,538.1006666666666,4842.905999999999
CUST-001436,247.0,4,3308.1305,2024-04-28 12:10:57,2,2,2,222,At Risk / Lost,827.032625,9924.391500000002
CUST-001437,744.0,1,1917.3400000000001,2022-12-18 09:00:53,2,1,1,211,At Risk / Lost,1917.3400000000001,5752.02
CUST-001438,100.0,4,2563.3255,2024-09-22 09:13:46,2,2,2,222,At Risk / Lost,640.831375,7689.9765
CUST-001439,287.0,3,2555.581,2024-03-19 03:37:37,2,2,2,222,At Risk / Lost,851.8603333333334,7666.743
CUST-001440,184.0,3,2695.9,2024-06-30 10:44:29,2,2,2,222,At Risk / Lost,898.6333333333333,8087.700000000001
CUST-001441,92.0,4,3933.3715,2024-09-30 06:22:41,2,2,3,223,At Risk / Lost,983.342875,11800.1145
CUST-001442,221.0,6,4739.47,2024-05-24 14:11:05,2,4,3,243,Loyal Customers,789.9116666666667,14218.41
CUST-001443,118.0,5,4767.6245,2024-09-04 02:41:18,2,3,3,233,Loyal Customers,953.5249,14302.8735
CUST-001444,826.0,2,1034.2685,2022-09-27 22:11:12,2,1,1,211,At Risk / Lost,517.13425,3102.8054999999995
CUST-001445,135.0,6,6851.6900000000005,2024-08-18 08:38:16,2,4,4,244,Loyal Customers,1141.9483333333335,20555.07
CUST-001446,115.0,2,2258.0730000000003,2024-09-07 08:06:50,2,1,2,212,At Risk / Lost,1129.0365000000002,6774.219000000001
CUST-001447,433.0,4,6396.6055,2023-10-25 19:50:04,2,2,4,224,At Risk / Lost,1599.151375,19189.8165
CUST-001448,283.0,5,5906.6605,2024-03-23 18:22:51,2,3,4,234,Loyal Customers,1181.3321,17719.9815
CUST-001449,312.0,5,4395.795,2024-02-23 21:55:08,2,3,3,233,Loyal Customers,879.159,13187.385
CUST-001450,707.0,2,2544.4629999999997,2023-01-24 09:17:43,2,1,2,212,At Risk / Lost,1272.2314999999999,7633.388999999999
CUST-001451,267.0,4,4458.748,2024-04-08 21:27:57,2,2,3,223,At Risk / Lost,1114.687,13376.243999999999
CUST-001452,68.0,4,6094.8324999999995,2024-10-24 01:09:03,2,2,4,224,At Risk / Lost,1523.7081249999999,18284.497499999998
CUST-001453,86.0,5,3016.91,2024-10-06 08:55:23,2,3,2,232,Others,603.382,9050.73
CUST-001454,329.0,6,6819.1255,2024-02-06 11:04:55,2,4,4,244,Loyal Customers,1136.5209166666666,20457.3765
CUST-001455,270.0,1,1126.0349999999999,2024-04-05 07:19:37,2,1,1,211,At Risk / Lost,1126.0349999999999,3378.1049999999996
CUST-001456,209.0,4,4683.935,2024-06-05 21:09:05,2,2,3,223,At Risk / Lost,1170.98375,14051.805
CUST-001457,57.0,5,5251.404,2024-11-04 16:26:25,2,3,3,233,Loyal Customers,1050.2808,15754.212000000001
CUST-001458,165.0,5,6067.4715,2024-07-19 17:14:25,2,3,4,234,Loyal Customers,1213.4942999999998,18202.4145
CUST-001459,16.0,6,6674.225,2024-12-15 04:18:13,2,4,4,244,Loyal Customers,1112.3708333333334,20022.675000000003
CUST-001460,241.0,4,1509.395,2024-05-04 02:26:57,2,2,1,221,At Risk / Lost,377.34875,4528.1849999999995
CUST-001461,314.0,3,3555.348,2024-02-20 23:45:47,2,2,2,222,At Risk / Lost,1185.116,10666.044
CUST-001462,41.0,5,4670.3805,2024-11-20 17:29:49,2,3,3,233,Loyal Customers,934.0761,14011.141500000002
CUST-001463,134.0,4,3828.5605,2024-08-19 22:06:21,2,2,3,223,At Risk / Lost,957.140125,11485.6815
CUST-001464,499.0,2,2022.4535,2023-08-20 03:16:10,2,1,1,211,At Risk / Lost,1011.22675,6067.360500000001
CUST-001465,61.0,7,5031.437,2024-10-31 11:41:54,2,4,3,243,Loyal Customers,718.7767142857143,15094.311
CUST-001466,105.0,4,4569.596,2024-09-17 12:45:36,2,2,3,223,At Risk / Lost,1142.399,13708.787999999999
CUST-001467,151.0,2,2253.602,2024-08-02 14:27:32,2,1,2,212,At Risk / Lost,1126.801,6760.806
CUST-001468,303.0,1,570.24,2024-03-03 17:15:53,2,1,1,211,At Risk / Lost,570.24,1710.72
CUST-001469,92.0,3,4599.9465,2024-09-30 07:59:22,2,2,3,223,At Risk / Lost,1533.3155,13799.8395
CUST-001470,106.0,4,6165.0525,2024-09-16 08:48:37,2,2,4,224,At Risk / Lost,1541.263125,18495.1575
CUST-001471,88.0,4,5160.479,2024-10-04 22:36:02,2,2,3,223,At Risk / Lost,1290.11975,15481.437000000002
CUST-001472,46.0,4,4274.657,2024-11-15 08:45:26,2,2,3,223,At Risk / Lost,1068.66425,12823.971000000001
CUST-001473,103.0,2,2950.741,2024-09-19 13:33:22,2,1,2,212,At Risk / Lost,1475.3705,8852.223
CUST-001474,63.0,10,10828.8545,2024-10-29 04:40:43,2,4,4,244,Loyal Customers,1082.88545,32486.563499999997
CUST-001475,253.0,3,2491.169,2024-04-22 21:46:31,2,2,2,222,At Risk / Lost,830.3896666666666,7473.507
CUST-001476,456.0,2,1109.4904999999999,2023-10-02 16:54:35,2,1,1,211,At Risk / Lost,554.7452499999999,3328.4714999999997
CUST-001477,22.0,5,2693.4385,2024-12-09 15:10:54,2,3,2,232,Others,538.6877000000001,8080.315500000001
CUST-001478,350.0,5,4331.4725,2024-01-16 17:31:44,2,3,3,233,Loyal Customers,866.2945,12994.4175
CUST-001479,3.0,6,6969.4515,2024-12-28 09:41:01,2,4,4,244,Loyal Customers,1161.57525,20908.3545
CUST-001480,700.0,3,2373.6135,2023-01-31 08:22:13,2,2,2,222,At Risk / Lost,791.2044999999999,7120.8405
CUST-001481,41.0,8,9091.3405,2024-11-20 16:07:41,2,4,4,244,Loyal Customers,1136.4175625,27274.021500000003
CUST-001482,264.0,3,2017.8505,2024-04-11 09:41:00,2,2,1,221,At Risk / Lost,672.6168333333334,6053.5515
CUST-001483,32.0,8,5631.2125,2024-11-29 01:53:08,2,4,4,244,Loyal Customers,703.9015625,16893.637499999997
CUST-001484,213.0,3,3958.4715,2024-06-01 02:35:49,2,2,3,223,At Risk / Lost,1319.4905,11875.414500000003
CUST-001485,170.0,5,3860.8865,2024-07-14 20:17:37,2,3,3,233,Loyal Customers,772.1773000000001,11582.659500000002
CUST-001486,177.0,4,4409.83,2024-07-07 22:57:18,2,2,3,223,At Risk / Lost,1102.4575,13229.49
CUST-001487,60.0,3,3134.5254999999997,2024-11-01 08:03:47,2,2,2,222,At Risk / Lost,1044.8418333333332,9403.5765
CUST-001488,546.0,4,5742.969,2023-07-04 22:22:16,2,2,4,224,At Risk / Lost,1435.74225,17228.907
CUST-001489,98.0,4,2814.102,2024-09-24 15:00:10,2,2,2,222,At Risk / Lost,703.5255,8442.306
CUST-001490,118.0,3,2317.614,2024-09-04 15:09:35,2,2,2,222,At Risk / Lost,772.538,6952.842000000001
CUST-001491,201.0,4,4919.032,2024-06-13 04:44:15,2,2,3,223,At Risk / Lost,1229.758,14757.096000000001
CUST-001492,233.0,4,6115.5645,2024-05-12 15:24:44,2,2,4,224,At Risk / Lost,1528.891125,18346.6935
CUST-001493,504.0,2,831.9525,2023-08-15 21:10:42,2,1,1,211,At Risk / Lost,415.97625,2495.8575
CUST-001494,348.0,3,1690.569,2024-01-18 08:59:51,2,2,1,221,At Risk / Lost,563.523,5071.707
CUST-001495,518.0,3,5392.0295,2023-08-01 07:27:01,2,2,4,224,At Risk / Lost,1797.3431666666665,16176.088499999998
CUST-001496,661.0,3,5551.257,2023-03-11 04:33:18,2,2,4,224,At Risk / Lost,1850.4189999999999,16653.771
CUST-001497,411.0,3,3773.962,2023-11-16 04:16:24,2,2,3,223,At Risk / Lost,1257.9873333333333,11321.885999999999
CUST-001498,47.0,4,3117.2855,2024-11-14 19:04:59,2,2,2,222,At Risk / Lost,779.321375,9351.8565
CUST-001499,393.0,4,1148.488,2023-12-04 10:48:08,2,2,1,221,At Risk / Lost,287.122,3445.464
CUST-001500,36.0,7,4299.0689999999995,2024-11-25 19:00:11,2,4,3,243,Loyal Customers,614.1527142857142,12897.206999999999
CUST-001501,8.0,3,3476.7200000000003,2024-12-23 00:31:14,2,2,2,222,At Risk / Lost,1158.9066666666668,10430.16
CUST-001502,339.0,3,4109.7035000000005,2024-01-27 14:34:29,2,2,3,223,At Risk / Lost,1369.9011666666668,12329.110500000003
CUST-001503,138.0,3,1964.8914999999997,2024-08-15 07:43:59,2,2,1,221,At Risk / Lost,654.9638333333332,5894.674499999999
CUST-001504,63.0,5,3972.7695000000003,2024-10-29 04:09:11,2,3,3,233,Loyal Customers,794.5539000000001,11918.308500000001
CUST-001505,90.0,7,3275.172,2024-10-02 04:36:19,2,4,2,242,Others,467.8817142857143,9825.516
CUST-001506,140.0,6,4782.888,2024-08-13 00:25:23,2,4,3,243,Loyal Customers,797.148,14348.664
CUST-001507,156.0,5,5576.867,2024-07-28 17:24:43,2,3,4,234,Loyal Customers,1115.3734,16730.601000000002
CUST-001508,96.0,4,3910.8934999999997,2024-09-26 01:54:33,2,2,3,223,At Risk / Lost,977.7233749999999,11732.680499999999
CUST-001509,28.0,1,272.562,2024-12-03 11:40:22,2,1,1,211,At Risk / Lost,272.562,817.686
CUST-001510,103.0,4,4953.895,2024-09-19 11:37:59,2,2,3,223,At Risk / Lost,1238.47375,14861.685000000001
CUST-001511,104.0,2,1365.132,2024-09-18 18:31:57,2,1,1,211,At Risk / Lost,682.566,4095.396
CUST-001512,703.0,3,6406.3005,2023-01-28 14:02:06,2,2,4,224,At Risk / Lost,2135.4335,19218.9015
CUST-001513,40.0,5,2928.232,2024-11-21 19:15:56,2,3,2,232,Others,585.6464,8784.696
CUST-001514,9.0,3,3651.665,2024-12-22 06:18:34,2,2,2,222,At Risk / Lost,1217.2216666666666,10954.994999999999
CUST-001515,17.0,2,1682.464,2024-12-14 11:30:35,2,1,1,211,At Risk / Lost,841.232,5047.392
CUST-001516,382.0,4,4577.2415,2023-12-15 00:00:16,2,2,3,223,At Risk / Lost,1144.310375,13731.7245
CUST-001517,70.0,3,4019.175,2024-10-22 21:03:37,2,2,3,223,At Risk / Lost,1339.7250000000001,12057.525000000001
CUST-001518,500.0,3,2238.1985,2023-08-19 11:05:50,2,2,2,222,At Risk / Lost,746.0661666666666,6714.595499999999
CUST-001519,22.0,5,6291.8945,2024-12-09 03:57:22,2,3,4,234,Loyal Customers,1258.3789000000002,18875.6835
CUST-001520,130.0,5,3893.6175000000003,2024-08-23 09:51:49,2,3,3,233,Loyal Customers,778.7235000000001,11680.8525
CUST-001521,216.0,4,1863.672,2024-05-29 03:19:02,2,2,1,221,At Risk / Lost,465.918,5591.016
CUST-001522,257.0,5,3165.1259999999997,2024-04-18 06:38:30,2,3,2,232,Others,633.0251999999999,9495.377999999999
CUST-001523,422.0,2,1421.795,2023-11-05 14:03:50,2,1,1,211,At Risk / Lost,710.8975,4265.385
CUST-001524,152.0,7,7443.0244999999995,2024-08-01 06:18:10,2,4,4,244,Loyal Customers,1063.2892142857143,22329.0735
CUST-001525,1006.0,1,22.9755,2022-03-31 16:18:50,2,1,1,211,At Risk / Lost,22.9755,68.9265
CUST-001526,177.0,9,11279.6155,2024-07-07 10:38:15,2,4,4,244,Loyal Customers,1253.290611111111,33838.8465
CUST-001527,49.0,4,3816.464,2024-11-12 10:43:41,2,2,3,223,At Risk / Lost,954.116,11449.392
CUST-001528,523.0,3,983.431,2023-07-27 11:11:46,2,2,1,221,At Risk / Lost,327.81033333333335,2950.293
CUST-001529,139.0,6,7402.676,2024-08-14 05:57:41,2,4,4,244,Loyal Customers,1233.7793333333334,22208.028000000002
CUST-001530,71.0,5,3335.683,2024-10-20 23:21:18,2,3,2,232,Others,667.1366,10007.048999999999
CUST-001531,113.0,4,6240.7105,2024-09-08 23:48:59,2,2,4,224,At Risk / Lost,1560.177625,18722.1315
CUST-001532,9.0,6,5702.8425,2024-12-22 22:15:29,2,4,4,244,Loyal Customers,950.47375,17108.5275
CUST-001533,149.0,3,1220.682,2024-08-04 18:34:45,2,2,1,221,At Risk / Lost,406.894,3662.0460000000003
CUST-001534,11.0,4,2863.0865,2024-12-20 20:03:41,2,2,2,222,At Risk / Lost,715.771625,8589.2595
CUST-001535,313.0,6,5197.8075,2024-02-22 08:01:29,2,4,3,243,Loyal Customers,866.30125,15593.4225
CUST-001536,518.0,5,4252.5465,2023-08-01 00:25:58,2,3,3,233,Loyal Customers,850.5093,12757.639500000001
CUST-001537,1.0,6,8117.0824999999995,2024-12-30 23:04:28,2,4,4,244,Loyal Customers,1352.8470833333333,24351.2475
CUST-001538,116.0,2,2374.7785,2024-09-06 20:11:50,2,1,2,212,At Risk / Lost,1187.38925,7124.335499999999
CUST-001539,96.0,4,3755.5685,2024-09-26 01:12:54,2,2,3,223,At Risk / Lost,938.892125,11266.7055
CUST-001540,212.0,4,6889.624,2024-06-02 10:17:24,2,2,4,224,At Risk / Lost,1722.406,20668.872
CUST-001541,13.0,7,5555.4185,2024-12-18 21:41:16,2,4,4,244,Loyal Customers,793.6312142857142,16666.2555
CUST-001542,41.0,6,6426.928,2024-11-20 08:08:31,2,4,4,244,Loyal Customers,1071.1546666666666,19280.784
CUST-001543,49.0,5,3501.7050000000004,2024-11-12 03:10:59,2,3,2,232,Others,700.3410000000001,10505.115000000002
CUST-001544,19.0,9,8513.438,2024-12-12 16:29:10,2,4,4,244,Loyal Customers,945.9375555555556,25540.314
CUST-001545,609.0,1,1085.166,2023-05-02 11:40:44,2,1,1,211,At Risk / Lost,1085.166,3255.4979999999996
CUST-001546,479.0,4,3685.4925000000003,2023-09-09 09:21:00,2,2,3,223,At Risk / Lost,921.3731250000001,11056.4775
CUST-001547,123.0,5,4889.3975,2024-08-30 08:55:47,2,3,3,233,Loyal Customers,977.8795,14668.192500000001
CUST-001548,412.0,6,5052.2215,2023-11-15 17:39:08,2,4,3,243,Loyal Customers,842.0369166666666,15156.664499999999
CUST-001549,611.0,3,2586.9,2023-04-30 09:37:48,2,2,2,222,At Risk / Lost,862.3000000000001,7760.700000000001
CUST-001550,44.0,6,4353.856,2024-11-17 10:29:23,2,4,3,243,Loyal Customers,725.6426666666666,13061.568
CUST-001551,40.0,6,3307.191,2024-11-21 20:33:41,2,4,2,242,Others,551.1985,9921.573
CUST-001552,32.0,4,3722.1949999999997,2024-11-29 19:32:39,2,2,3,223,At Risk / Lost,930.5487499999999,11166.585
CUST-001553,91.0,4,1918.4185000000002,2024-10-01 04:49:15,2,2,1,221,At Risk / Lost,479.60462500000006,5755.255500000001
CUST-001554,166.0,2,588.1999999999999,2024-07-18 07:00:54,2,1,1,211,At Risk / Lost,294.09999999999997,1764.6
CUST-001555,56.0,5,3972.0,2024-11-05 01:23:53,2,3,3,233,Loyal Customers,794.4,11916.0
CUST-001556,108.0,3,3252.7795,2024-09-14 04:31:51,2,2,2,222,At Risk / Lost,1084.2598333333333,9758.338499999998
CUST-001557,487.0,4,2992.9075000000003,2023-09-01 18:03:22,2,2,2,222,At Risk / Lost,748.2268750000001,8978.7225
CUST-001558,378.0,2,3022.2415,2023-12-19 20:26:10,2,1,2,212,At Risk / Lost,1511.12075,9066.7245
CUST-001559,164.0,6,8089.7645,2024-07-20 05:38:47,2,4,4,244,Loyal Customers,1348.2940833333334,24269.293500000003
CUST-001560,215.0,3,2065.683,2024-05-30 11:05:05,2,2,1,221,At Risk / Lost,688.561,6197.049
CUST-001561,137.0,5,5572.9695,2024-08-16 11:19:28,2,3,4,234,Loyal Customers,1114.5939,16718.9085
CUST-001562,306.0,5,4435.437,2024-02-29 22:45:36,2,3,3,233,Loyal Customers,887.0874,13306.311
CUST-001564,1060.0,1,328.18,2022-02-05 05:28:48,2,1,1,211,At Risk / Lost,328.18,984.54
CUST-001565,528.0,2,2070.8245,2023-07-22 22:50:40,2,1,1,211,At Risk / Lost,1035.41225,6212.4735
CUST-001566,589.0,2,1144.364,2023-05-22 07:21:49,2,1,1,211,At Risk / Lost,572.182,3433.092
CUST-001567,219.0,5,3770.5355,2024-05-26 18:06:23,2,3,3,233,Loyal Customers,754.1071,11311.6065
CUST-001568,390.0,3,3440.9985,2023-12-07 22:17:55,2,2,2,222,At Risk / Lost,1146.9995000000001,10322.9955
CUST-001570,336.0,4,5212.683,2024-01-30 02:40:10,2,2,3,223,At Risk / Lost,1303.17075,15638.048999999999
CUST-001571,1092.0,1,1378.9850000000001,2022-01-04 18:57:40,2,1,1,211,At Risk / Lost,1378.9850000000001,4136.955
CUST-001572,44.0,5,2757.7374999999997,2024-11-17 03:22:23,2,3,2,232,Others,551.5474999999999,8273.212499999998
CUST-001573,230.0,4,3701.46,2024-05-15 13:18:56,2,2,3,223,At Risk / Lost,925.365,11104.380000000001
CUST-001574,131.0,7,6668.814,2024-08-22 09:23:49,2,4,4,244,Loyal Customers,952.6877142857144,20006.442000000003
CUST-001575,58.0,6,5611.1325,2024-11-03 12:20:43,2,4,4,244,Loyal Customers,935.1887499999999,16833.3975
CUST-001576,154.0,3,2794.2110000000002,2024-07-30 01:48:09,2,2,2,222,At Risk / Lost,931.4036666666667,8382.633000000002
CUST-001577,1088.0,1,192.1575,2022-01-08 20:41:15,2,1,1,211,At Risk / Lost,192.1575,576.4725
CUST-001578,316.0,4,4148.684,2024-02-19 11:05:03,2,2,3,223,At Risk / Lost,1037.171,12446.052
CUST-001579,429.0,2,5867.191,2023-10-29 05:55:46,2,1,4,214,At Risk / Lost,2933.5955,17601.573
CUST-001580,237.0,1,1163.8100000000002,2024-05-08 13:07:48,2,1,1,211,At Risk / Lost,1163.8100000000002,3491.4300000000003
CUST-001581,777.0,1,592.2180000000001,2022-11-15 00:06:26,2,1,1,211,At Risk / Lost,592.2180000000001,1776.6540000000002
CUST-001582,217.0,6,6388.383,2024-05-28 16:36:27,2,4,4,244,Loyal Customers,1064.7305,19165.148999999998
CUST-001583,3.0,7,4607.952499999999,2024-12-28 05:57:06,2,4,3,243,Loyal Customers,658.2789285714285,13823.857499999998
CUST-001584,170.0,7,6476.22,2024-07-14 09:55:23,2,4,4,244,Loyal Customers,925.1742857142857,19428.66
CUST-001585,329.0,8,4955.201,2024-02-06 18:58:14,2,4,3,243,Loyal Customers,619.400125,14865.603
CUST-001586,54.0,5,6537.587500000001,2024-11-07 03:21:36,2,3,4,234,Loyal Customers,1307.5175000000002,19612.7625
CUST-001587,760.0,2,2401.753,2022-12-02 19:05:47,2,1,2,212,At Risk / Lost,1200.8765,7205.259
CUST-001588,93.0,5,3208.944,2024-09-29 16:51:25,2,3,2,232,Others,641.7888,9626.832000000002
CUST-001589,413.0,3,3100.9485,2023-11-14 08:49:56,2,2,2,222,At Risk / Lost,1033.6495,9302.8455
CUST-001590,423.0,3,2594.576,2023-11-04 08:40:09,2,2,2,222,At Risk / Lost,864.8586666666666,7783.728
CUST-001591,256.0,9,7777.833500000001,2024-04-19 06:20:40,2,4,4,244,Loyal Customers,864.2037222222223,23333.500500000002
CUST-001592,249.0,7,8138.7315,2024-04-26 06:16:04,2,4,4,244,Loyal Customers,1162.6759285714286,24416.194499999998
CUST-001593,548.0,1,1325.1575,2023-07-02 06:04:38,2,1,1,211,At Risk / Lost,1325.1575,3975.4725
CUST-001594,86.0,6,4331.5515,2024-10-06 13:11:16,2,4,3,243,Loyal Customers,721.9252499999999,12994.654499999999
CUST-001595,470.0,5,3435.8230000000003,2023-09-18 01:46:43,2,3,2,232,Others,687.1646000000001,10307.469000000001
CUST-001596,152.0,3,1098.304,2024-07-31 23:26:39,2,2,1,221,At Risk / Lost,366.10133333333334,3294.9120000000003
CUST-001597,431.0,3,914.0485,2023-10-26 23:30:46,2,2,1,221,At Risk / Lost,304.68283333333335,2742.1455000000005
CUST-001598,482.0,2,2201.2595,2023-09-06 09:07:32,2,1,1,211,At Risk / Lost,1100.62975,6603.7785
CUST-001599,503.0,5,6169.6875,2023-08-16 14:53:59,2,3,4,234,Loyal Customers,1233.9375,18509.0625
CUST-001601,45.0,4,13355.241,2024-11-16 04:20:24,2,2,4,224,At Risk / Lost,3338.81025,40065.723
CUST-001602,573.0,4,3883.2825000000003,2023-06-07 01:58:15,2,2,3,223,At Risk / Lost,970.8206250000001,11649.8475
CUST-001603,458.0,2,1722.15,2023-09-30 15:15:07,2,1,1,211,At Risk / Lost,861.075,5166.450000000001
CUST-001604,430.0,2,1212.5345,2023-10-28 15:27:00,2,1,1,211,At Risk / Lost,606.26725,3637.6035
CUST-001605,6.0,6,7512.9965,2024-12-25 12:37:01,2,4,4,244,Loyal Customers,1252.1660833333333,22538.989499999996
CUST-001606,715.0,3,2678.1745,2023-01-16 03:43:36,2,2,2,222,At Risk / Lost,892.7248333333333,8034.5235
CUST-001607,253.0,2,2394.125,2024-04-22 05:10:21,2,1,2,212,At Risk / Lost,1197.0625,7182.375
CUST-001608,274.0,5,3924.8285000000005,2024-04-01 02:24:36,2,3,3,233,Loyal Customers,784.9657000000001,11774.485500000003
CUST-001609,92.0,3,3573.7954999999997,2024-09-30 14:10:17,2,2,2,222,At Risk / Lost,1191.2651666666666,10721.386499999999
CUST-001611,142.0,6,4925.7105,2024-08-11 12:31:37,2,4,3,243,Loyal Customers,820.9517500000001,14777.1315
CUST-001612,395.0,6,5241.087,2023-12-02 20:07:38,2,4,3,243,Loyal Customers,873.5145000000001,15723.261000000002
CUST-001613,26.0,14,12763.432,2024-12-05 03:00:41,2,4,4,244,Loyal Customers,911.6737142857144,38290.296
CUST-001614,125.0,6,5205.867,2024-08-28 00:41:13,2,4,3,243,Loyal Customers,867.6445,15617.601
CUST-001615,357.0,3,1488.15,2024-01-09 14:20:52,2,2,1,221,At Risk / Lost,496.05,4464.450000000001
CUST-001616,72.0,6,4926.7145,2024-10-20 08:09:46,2,4,3,243,Loyal Customers,821.1190833333334,14780.1435
CUST-001617,370.0,2,1155.635,2023-12-27 03:27:01,2,1,1,211,At Risk / Lost,577.8175,3466.9049999999997
CUST-001618,260.0,3,3456.5745,2024-04-15 17:31:11,2,2,2,222,At Risk / Lost,1152.1915000000001,10369.723500000002
CUST-001619,62.0,4,5688.897,2024-10-30 15:53:49,2,2,4,224,At Risk / Lost,1422.22425,17066.691
CUST-001620,361.0,6,5265.398,2024-01-05 22:09:02,2,4,3,243,Loyal Customers,877.5663333333333,15796.194
CUST-001621,216.0,5,3582.761,2024-05-29 06:48:32,2,3,2,232,Others,716.5522,10748.283
CUST-001622,46.0,3,1398.4524999999999,2024-11-15 17:01:09,2,2,1,221,At Risk / Lost,466.1508333333333,4195.3575
CUST-001623,12.0,3,3404.6295,2024-12-19 02:53:21,2,2,2,222,At Risk / Lost,1134.8765,10213.888500000001
CUST-001624,108.0,3,3066.56,2024-09-14 14:49:21,2,2,2,222,At Risk / Lost,1022.1866666666666,9199.68
CUST-001625,11.0,8,7134.858,2024-12-20 04:40:59,2,4,4,244,Loyal Customers,891.85725,21404.574
CUST-001626,850.0,1,953.2379999999999,2022-09-03 17:41:50,2,1,1,211,At Risk / Lost,953.2379999999999,2859.714
CUST-001627,211.0,4,4358.455,2024-06-03 09:24:35,2,2,3,223,At Risk / Lost,1089.61375,13075.365
CUST-001628,267.0,2,2760.2325,2024-04-08 02:33:15,2,1,2,212,At Risk / Lost,1380.11625,8280.6975
CUST-001629,245.0,4,2654.5335,2024-04-30 12:44:57,2,2,2,222,At Risk / Lost,663.633375,7963.6005000000005
CUST-001630,477.0,1,231.86100000000002,2023-09-11 15:36:29,2,1,1,211,At Risk / Lost,231.86100000000002,695.5830000000001
CUST-001631,8.0,3,2768.0435,2024-12-23 13:25:33,2,2,2,222,At Risk / Lost,922.6811666666667,8304.130500000001
CUST-001632,974.0,1,826.0025,2022-05-02 04:02:58,2,1,1,211,At Risk / Lost,826.0025,2478.0075
CUST-001633,608.0,2,982.1750000000001,2023-05-03 12:43:07,2,1,1,211,At Risk / Lost,491.08750000000003,2946.525
CUST-001634,75.0,7,5634.7535,2024-10-17 20:59:19,2,4,4,244,Loyal Customers,804.9647857142857,16904.2605
CUST-001635,579.0,1,1207.4940000000001,2023-06-01 18:45:35,2,1,1,211,At Risk / Lost,1207.4940000000001,3622.4820000000004
CUST-001636,65.0,3,1524.55,2024-10-27 22:56:07,2,2,1,221,At Risk / Lost,508.18333333333334,4573.65
CUST-001637,279.0,2,3085.905,2024-03-27 19:44:46,2,1,2,212,At Risk / Lost,1542.9525,9257.715
CUST-001638,141.0,2,3265.1349999999998,2024-08-12 08:43:38,2,1,2,212,At Risk / Lost,1632.5674999999999,9795.404999999999
CUST-001639,203.0,4,2738.327,2024-06-11 20:54:21,2,2,2,222,At Risk / Lost,684.58175,8214.981
CUST-001640,143.0,1,1306.936,2024-08-10 05:55:16,2,1,1,211,At Risk / Lost,1306.936,3920.808
CUST-001641,2.0,8,8369.763,2024-12-29 15:01:14,2,4,4,244,Loyal Customers,1046.220375,25109.289000000004
CUST-001642,970.0,2,4580.0715,2022-05-06 09:20:07,2,1,3,213,At Risk / Lost,2290.03575,13740.2145
CUST-001643,217.0,5,4738.8625,2024-05-28 21:59:12,2,3,3,233,Loyal Customers,947.7725,14216.587500000001
CUST-001644,1061.0,2,1198.9325000000001,2022-02-04 10:37:03,2,1,1,211,At Risk / Lost,599.4662500000001,3596.7975000000006
CUST-001645,818.0,4,2951.1099999999997,2022-10-05 13:24:54,2,2,2,222,At Risk / Lost,737.7774999999999,8853.329999999998
CUST-001646,45.0,4,4798.6265,2024-11-16 12:55:07,2,2,3,223,At Risk / Lost,1199.656625,14395.879500000001
CUST-001647,134.0,5,4934.8815,2024-08-19 11:46:06,2,3,3,233,Loyal Customers,986.9763,14804.644500000002
CUST-001648,172.0,4,2989.663,2024-07-12 05:21:37,2,2,2,222,At Risk / Lost,747.41575,8968.989
CUST-001649,330.0,3,1757.3045,2024-02-05 08:23:45,2,2,1,221,At Risk / Lost,585.7681666666666,5271.913499999999
CUST-001650,283.0,6,5228.4455,2024-03-23 21:36:25,2,4,3,243,Loyal Customers,871.4075833333333,15685.3365
CUST-001651,319.0,3,2608.427,2024-02-16 04:03:26,2,2,2,222,At Risk / Lost,869.4756666666667,7825.281000000001
CUST-001652,5.0,7,5575.2135,2024-12-26 17:25:20,2,4,4,244,Loyal Customers,796.4590714285714,16725.6405
CUST-001653,83.0,4,2554.576,2024-10-09 04:17:23,2,2,2,222,At Risk / Lost,638.644,7663.728
CUST-001654,135.0,4,3272.872,2024-08-18 18:06:13,2,2,2,222,At Risk / Lost,818.218,9818.616
CUST-001655,164.0,5,5515.153,2024-07-20 00:42:25,2,3,4,234,Loyal Customers,1103.0306,16545.459000000003
CUST-001656,73.0,6,7786.743,2024-10-19 14:23:29,2,4,4,244,Loyal Customers,1297.7905,23360.229
CUST-001657,420.0,5,4356.0585,2023-11-07 21:51:50,2,3,3,233,Loyal Customers,871.2117000000001,13068.175500000001
CUST-001658,118.0,5,4429.1575,2024-09-04 11:01:04,2,3,3,233,Loyal Customers,885.8315,13287.4725
CUST-001659,477.0,6,5200.1335,2023-09-11 09:13:36,2,4,3,243,Loyal Customers,866.6889166666666,15600.4005
CUST-001660,520.0,7,5690.0075,2023-07-30 21:49:52,2,4,4,244,Loyal Customers,812.8582142857142,17070.0225
CUST-001661,302.0,4,2540.935,2024-03-04 17:42:39,2,2,2,222,At Risk / Lost,635.23375,7622.805
CUST-001662,179.0,4,2660.0015,2024-07-05 22:56:16,2,2,2,222,At Risk / Lost,665.000375,7980.004499999999
CUST-001663,452.0,5,6833.058,2023-10-06 11:55:24,2,3,4,234,Loyal Customers,1366.6116,20499.174
CUST-001664,39.0,5,5665.4325,2024-11-22 20:08:20,2,3,4,234,Loyal Customers,1133.0865,16996.297499999997
CUST-001665,749.0,3,1527.929,2022-12-13 08:06:54,2,2,1,221,At Risk / Lost,509.3096666666667,4583.787
CUST-001666,1002.0,1,98.938,2022-04-04 06:54:12,2,1,1,211,At Risk / Lost,98.938,296.814
CUST-001667,28.0,4,5477.8405,2024-12-03 05:10:59,2,2,4,224,At Risk / Lost,1369.460125,16433.521500000003
CUST-001668,907.0,1,1408.464,2022-07-08 04:24:25,2,1,1,211,At Risk / Lost,1408.464,4225.392
CUST-001669,256.0,3,3344.0605,2024-04-19 21:35:53,2,2,2,222,At Risk / Lost,1114.6868333333334,10032.181500000002
CUST-001670,233.0,7,8536.228,2024-05-12 02:02:18,2,4,4,244,Loyal Customers,1219.4611428571427,25608.683999999997
CUST-001671,778.0,3,1858.1444999999999,2022-11-14 20:24:43,2,2,1,221,At Risk / Lost,619.3815,5574.433499999999
CUST-001672,442.0,5,3135.276,2023-10-16 21:39:18,2,3,2,232,Others,627.0552,9405.828
CUST-001673,299.0,4,3369.5385,2024-03-07 22:33:19,2,2,2,222,At Risk / Lost,842.384625,10108.6155
CUST-001674,94.0,2,295.435,2024-09-28 08:29:40,2,1,1,211,At Risk / Lost,147.7175,886.3050000000001
CUST-001675,224.0,3,2786.66,2024-05-21 03:00:55,2,2,2,222,At Risk / Lost,928.8866666666667,8359.98
CUST-001676,262.0,3,3392.7335000000003,2024-04-13 01:12:28,2,2,2,222,At Risk / Lost,1130.9111666666668,10178.2005
CUST-001677,592.0,2,1897.275,2023-05-19 03:14:53,2,1,1,211,At Risk / Lost,948.6375,5691.825000000001
CUST-001678,247.0,5,4870.1720000000005,2024-04-28 05:59:24,2,3,3,233,Loyal Customers,974.0344000000001,14610.516000000001
CUST-001679,264.0,3,3440.358,2024-04-11 14:11:22,2,2,2,222,At Risk / Lost,1146.786,10321.074
CUST-001680,50.0,4,3693.562,2024-11-11 22:05:18,2,2,3,223,At Risk / Lost,923.3905,11080.686
CUST-001681,6.0,5,3699.1715000000004,2024-12-25 10:02:07,2,3,3,233,Loyal Customers,739.8343000000001,11097.514500000001
CUST-001682,84.0,11,12066.254,2024-10-08 09:48:46,2,4,4,244,Loyal Customers,1096.9321818181818,36198.761999999995
CUST-001683,49.0,3,2173.7845,2024-11-12 16:30:50,2,2,1,221,At Risk / Lost,724.5948333333334,6521.353500000001
CUST-001684,537.0,5,3148.0474999999997,2023-07-13 16:56:56,2,3,2,232,Others,629.6094999999999,9444.142499999998
CUST-001685,110.0,3,3460.0975000000003,2024-09-12 03:04:29,2,2,2,222,At Risk / Lost,1153.3658333333335,10380.292500000003
CUST-001686,524.0,5,7060.438,2023-07-26 16:24:10,2,3,4,234,Loyal Customers,1412.0876,21181.314
CUST-001687,14.0,2,1726.57,2024-12-17 05:08:45,2,1,1,211,At Risk / Lost,863.285,5179.71
CUST-001688,21.0,3,3656.6124999999997,2024-12-10 05:15:53,2,2,3,223,At Risk / Lost,1218.8708333333332,10969.837499999998
CUST-001689,478.0,4,3107.6185,2023-09-10 18:30:11,2,2,2,222,At Risk / Lost,776.904625,9322.8555
CUST-001690,590.0,3,1946.922,2023-05-21 14:44:17,2,2,1,221,At Risk / Lost,648.974,5840.766
CUST-001691,6.0,3,1971.405,2024-12-25 08:36:57,2,2,1,221,At Risk / Lost,657.135,5914.215
CUST-001692,830.0,3,1077.6779999999999,2022-09-23 18:43:32,2,2,1,221,At Risk / Lost,359.22599999999994,3233.0339999999997
CUST-001693,52.0,5,6114.7215,2024-11-09 20:14:56,2,3,4,234,Loyal Customers,1222.9442999999999,18344.1645
CUST-001695,144.0,8,6327.4885,2024-08-09 01:06:41,2,4,4,244,Loyal Customers,790.9360625,18982.465500000002
CUST-001697,226.0,2,3248.4334999999996,2024-05-19 17:34:18,2,1,2,212,At Risk / Lost,1624.2167499999998,9745.3005
CUST-001698,4.0,8,9437.0085,2024-12-27 03:13:07,2,4,4,244,Loyal Customers,1179.6260625,28311.0255
CUST-001699,85.0,4,3543.3795,2024-10-07 20:37:12,2,2,2,222,At Risk / Lost,885.844875,10630.138500000001
CUST-001700,131.0,2,1161.968,2024-08-22 10:34:38,2,1,1,211,At Risk / Lost,580.984,3485.9040000000005
CUST-001701,950.0,2,2209.812,2022-05-26 08:20:31,2,1,1,211,At Risk / Lost,1104.906,6629.436
CUST-001702,897.0,1,1413.915,2022-07-18 08:03:11,2,1,1,211,At Risk / Lost,1413.915,4241.745
CUST-001703,911.0,2,1607.6000000000001,2022-07-04 03:01:49,2,1,1,211,At Risk / Lost,803.8000000000001,4822.8
CUST-001704,331.0,3,2321.1965,2024-02-04 14:02:33,2,2,2,222,At Risk / Lost,773.7321666666667,6963.5895
CUST-001705,206.0,6,7228.8375,2024-06-08 21:28:43,2,4,4,244,Loyal Customers,1204.8062499999999,21686.512499999997
CUST-001706,485.0,3,2700.1445,2023-09-03 03:25:04,2,2,2,222,At Risk / Lost,900.0481666666666,8100.433499999999
CUST-001707,3.0,3,4291.3785,2024-12-28 17:04:07,2,2,3,223,At Risk / Lost,1430.4595,12874.1355
CUST-001708,499.0,4,4946.4545,2023-08-20 01:50:21,2,2,3,223,At Risk / Lost,1236.613625,14839.3635
CUST-001709,489.0,3,1685.316,2023-08-30 08:29:05,2,2,1,221,At Risk / Lost,561.772,5055.948
CUST-001710,339.0,4,3146.016,2024-01-27 17:24:00,2,2,2,222,At Risk / Lost,786.504,9438.048
CUST-001711,269.0,4,6328.3205,2024-04-06 01:11:20,2,2,4,224,At Risk / Lost,1582.080125,18984.961499999998
CUST-001712,7.0,1,1823.768,2024-12-24 00:47:11,2,1,1,211,At Risk / Lost,1823.768,5471.304
CUST-001713,565.0,3,3976.0265000000004,2023-06-15 22:34:17,2,2,3,223,At Risk / Lost,1325.3421666666668,11928.079500000002
CUST-001714,142.0,4,4516.693499999999,2024-08-11 14:06:34,2,2,3,223,At Risk / Lost,1129.1733749999999,13550.080499999998
CUST-001715,25.0,5,3706.02,2024-12-06 20:06:53,2,3,3,233,Loyal Customers,741.204,11118.059999999998
CUST-001716,336.0,2,1181.2404999999999,2024-01-30 05:08:40,2,1,1,211,At Risk / Lost,590.6202499999999,3543.7214999999997
CUST-001717,82.0,2,978.6685,2024-10-10 09:25:33,2,1,1,211,At Risk / Lost,489.33425,2936.0055
CUST-001718,102.0,5,5159.674,2024-09-20 04:40:10,2,3,3,233,Loyal Customers,1031.9348,15479.022
CUST-001719,295.0,3,5304.352,2024-03-11 07:06:02,2,2,4,224,At Risk / Lost,1768.1173333333334,15913.056
CUST-001720,359.0,3,3028.421,2024-01-07 03:49:03,2,2,2,222,At Risk / Lost,1009.4736666666666,9085.262999999999
CUST-001721,78.0,5,6120.4065,2024-10-14 16:55:14,2,3,4,234,Loyal Customers,1224.0813,18361.2195
CUST-001722,131.0,3,1593.826,2024-08-22 16:27:58,2,2,1,221,At Risk / Lost,531.2753333333334,4781.478
CUST-001723,270.0,5,4187.609,2024-04-05 06:28:17,2,3,3,233,Loyal Customers,837.5218000000001,12562.827000000001
CUST-001724,518.0,3,3386.169,2023-08-01 20:22:12,2,2,2,222,At Risk / Lost,1128.723,10158.507
CUST-001725,216.0,5,8157.861,2024-05-29 22:19:23,2,3,4,234,Loyal Customers,1631.5722,24473.583000000002
CUST-001726,326.0,3,2797.0724999999998,2024-02-09 13:40:50,2,2,2,222,At Risk / Lost,932.3575,8391.217499999999
CUST-001727,291.0,6,3540.96,2024-03-15 07:50:17,2,4,2,242,Others,590.16,10622.880000000001
CUST-001728,99.0,6,3893.0595,2024-09-23 01:47:50,2,4,3,243,Loyal Customers,648.84325,11679.178500000002
CUST-001729,145.0,9,9745.776,2024-08-08 02:14:31,2,4,4,244,Loyal Customers,1082.864,29237.328
CUST-001730,144.0,2,2696.9370000000004,2024-08-09 13:17:35,2,1,2,212,At Risk / Lost,1348.4685000000002,8090.8110000000015
CUST-001731,134.0,6,8765.391000000001,2024-08-19 03:24:48,2,4,4,244,Loyal Customers,1460.8985000000002,26296.173000000003
CUST-001733,388.0,3,2455.2825000000003,2023-12-09 22:39:52,2,2,2,222,At Risk / Lost,818.4275000000001,7365.847500000001
CUST-001734,466.0,2,1288.6299999999999,2023-09-22 08:51:00,2,1,1,211,At Risk / Lost,644.3149999999999,3865.8899999999994
CUST-001735,154.0,7,7140.1669999999995,2024-07-29 23:26:12,2,4,4,244,Loyal Customers,1020.0238571428571,21420.500999999997
CUST-001736,255.0,5,4874.312000000001,2024-04-20 06:41:18,2,3,3,233,Loyal Customers,974.8624000000002,14622.936000000002
CUST-001737,162.0,4,3086.722,2024-07-22 00:37:06,2,2,2,222,At Risk / Lost,771.6805,9260.166000000001
CUST-001738,947.0,1,990.7289999999999,2022-05-29 18:08:20,2,1,1,211,At Risk / Lost,990.7289999999999,2972.187
CUST-001739,279.0,7,7945.073,2024-03-27 12:34:00,2,4,4,244,Loyal Customers,1135.0104285714285,23835.218999999997
CUST-001740,422.0,3,2130.9700000000003,2023-11-05 01:11:02,2,2,1,221,At Risk / Lost,710.3233333333334,6392.910000000001
CUST-001741,683.0,4,4306.4835,2023-02-17 11:31:22,2,2,3,223,At Risk / Lost,1076.620875,12919.4505
CUST-001742,15.0,5,3830.098,2024-12-16 07:26:37,2,3,3,233,Loyal Customers,766.0196,11490.294
CUST-001743,50.0,2,2302.794,2024-11-11 18:24:57,2,1,2,212,At Risk / Lost,1151.397,6908.382
CUST-001744,30.0,2,4876.818,2024-12-01 10:02:18,2,1,3,213,At Risk / Lost,2438.409,14630.454000000002
CUST-001745,96.0,7,11807.501,2024-09-26 01:20:35,2,4,4,244,Loyal Customers,1686.7858571428571,35422.503
CUST-001746,118.0,4,5314.803,2024-09-04 20:37:10,2,2,4,224,At Risk / Lost,1328.70075,15944.409
CUST-001747,572.0,3,2648.8089999999997,2023-06-08 20:50:48,2,2,2,222,At Risk / Lost,882.9363333333332,7946.427
CUST-001748,225.0,6,5838.2294999999995,2024-05-20 21:10:07,2,4,4,244,Loyal Customers,973.03825,17514.688499999997
CUST-001749,509.0,1,697.4074999999999,2023-08-10 01:48:22,2,1,1,211,At Risk / Lost,697.4074999999999,2092.2225
CUST-001750,396.0,6,5404.192,2023-12-01 07:07:58,2,4,4,244,Loyal Customers,900.6986666666667,16212.576000000001
CUST-001751,28.0,4,4236.928,2024-12-03 08:11:05,2,2,3,223,At Risk / Lost,1059.232,12710.784
CUST-001752,573.0,2,1201.177,2023-06-07 14:34:32,2,1,1,211,At Risk / Lost,600.5885,3603.531
CUST-001753,48.0,3,5158.521000000001,2024-11-13 05:57:47,2,2,3,223,At Risk / Lost,1719.5070000000003,15475.563000000002
CUST-001754,172.0,9,9979.0885,2024-07-12 12:40:34,2,4,4,244,Loyal Customers,1108.7876111111111,29937.2655
CUST-001755,766.0,1,414.06500000000005,2022-11-26 01:25:50,2,1,1,211,At Risk / Lost,414.06500000000005,1242.1950000000002
CUST-001756,74.0,5,4327.5045,2024-10-18 22:17:19,2,3,3,233,Loyal Customers,865.5009,12982.513500000001
CUST-001757,916.0,2,1174.5025,2022-06-29 01:30:28,2,1,1,211,At Risk / Lost,587.25125,3523.5075
CUST-001758,40.0,3,3810.985,2024-11-21 09:38:39,2,2,3,223,At Risk / Lost,1270.3283333333334,11432.955
CUST-001759,310.0,4,3062.4645,2024-02-25 11:54:24,2,2,2,222,At Risk / Lost,765.616125,9187.3935
CUST-001760,268.0,6,9052.319,2024-04-07 17:10:33,2,4,4,244,Loyal Customers,1508.7198333333333,27156.957
CUST-001761,75.0,6,6296.0585,2024-10-17 01:40:22,2,4,4,244,Loyal Customers,1049.3430833333334,18888.175500000005
CUST-001762,186.0,2,2682.5815000000002,2024-06-28 13:59:18,2,1,2,212,At Risk / Lost,1341.2907500000001,8047.744500000001
CUST-001763,4.0,5,5958.059499999999,2024-12-27 20:02:16,2,3,4,234,Loyal Customers,1191.6118999999999,17874.178499999998
CUST-001764,39.0,8,8370.05,2024-11-22 05:06:11,2,4,4,244,Loyal Customers,1046.25625,25110.149999999998
CUST-001765,62.0,2,4443.5825,2024-10-30 03:59:54,2,1,3,213,At Risk / Lost,2221.79125,13330.747500000001
CUST-001766,475.0,2,1725.2669999999998,2023-09-13 16:46:23,2,1,1,211,At Risk / Lost,862.6334999999999,5175.8009999999995
CUST-001767,902.0,3,2358.4815,2022-07-13 08:12:19,2,2,2,222,At Risk / Lost,786.1605,7075.4445
CUST-001768,948.0,2,1065.107,2022-05-28 01:11:21,2,1,1,211,At Risk / Lost,532.5535,3195.321
CUST-001769,87.0,8,5845.7635,2024-10-05 05:38:10,2,4,4,244,Loyal Customers,730.7204375,17537.2905
CUST-001771,212.0,5,5761.86,2024-06-02 00:38:24,2,3,4,234,Loyal Customers,1152.3719999999998,17285.579999999994
CUST-001772,8.0,5,3688.005,2024-12-23 09:56:57,2,3,3,233,Loyal Customers,737.601,11064.015
CUST-001773,113.0,3,3404.467,2024-09-09 17:59:15,2,2,2,222,At Risk / Lost,1134.8223333333333,10213.400999999998
CUST-001774,131.0,5,4298.76,2024-08-22 10:29:39,2,3,3,233,Loyal Customers,859.7520000000001,12896.28
CUST-001775,789.0,1,1004.2,2022-11-03 20:24:12,2,1,1,211,At Risk / Lost,1004.2,3012.6000000000004
CUST-001776,40.0,7,5235.7905,2024-11-21 05:27:26,2,4,3,243,Loyal Customers,747.9700714285715,15707.371500000001
CUST-001777,510.0,4,3644.0795,2023-08-09 06:05:39,2,2,2,222,At Risk / Lost,911.019875,10932.2385
CUST-001778,409.0,2,2059.727,2023-11-17 23:37:05,2,1,1,211,At Risk / Lost,1029.8635,6179.181
CUST-001779,155.0,2,2106.567,2024-07-29 08:25:33,2,1,1,211,At Risk / Lost,1053.2835,6319.701
CUST-001780,128.0,7,8270.9805,2024-08-25 03:11:23,2,4,4,244,Loyal Customers,1181.5686428571428,24812.9415
CUST-001781,96.0,3,1095.6889999999999,2024-09-26 10:08:30,2,2,1,221,At Risk / Lost,365.2296666666666,3287.0669999999996
CUST-001782,68.0,6,4467.7435000000005,2024-10-24 19:37:46,2,4,3,243,Loyal Customers,744.6239166666668,13403.230500000001
CUST-001783,199.0,5,6649.554,2024-06-15 13:01:10,2,3,4,234,Loyal Customers,1329.9108,19948.662
CUST-001784,86.0,7,8175.357,2024-10-06 04:07:49,2,4,4,244,Loyal Customers,1167.9081428571428,24526.071
CUST-001785,532.0,3,2949.3515,2023-07-18 01:16:50,2,2,2,222,At Risk / Lost,983.1171666666668,8848.0545
CUST-001786,173.0,4,4288.337,2024-07-11 09:36:24,2,2,3,223,At Risk / Lost,1072.08425,12865.011000000002
CUST-001787,376.0,7,3766.129,2023-12-21 21:39:55,2,4,3,243,Loyal Customers,538.0184285714286,11298.386999999999
CUST-001788,11.0,7,5594.973,2024-12-20 03:18:51,2,4,4,244,Loyal Customers,799.2818571428571,16784.919
CUST-001789,89.0,4,4160.1945,2024-10-03 09:12:49,2,2,3,223,At Risk / Lost,1040.048625,12480.583499999999
CUST-001790,71.0,6,6639.4745,2024-10-21 02:03:09,2,4,4,244,Loyal Customers,1106.5790833333333,19918.4235
CUST-001791,11.0,5,4419.042,2024-12-20 00:20:45,2,3,3,233,Loyal Customers,883.8084000000001,13257.126
CUST-001792,70.0,5,5236.379,2024-10-22 19:29:46,2,3,3,233,Loyal Customers,1047.2758,15709.136999999997
CUST-001793,207.0,7,5115.939,2024-06-07 07:57:48,2,4,3,243,Loyal Customers,730.8484285714286,15347.817000000001
CUST-001794,289.0,2,798.4555,2024-03-16 23:08:07,2,1,1,211,At Risk / Lost,399.22775,2395.3665
CUST-001795,127.0,4,3428.522,2024-08-26 19:13:30,2,2,2,222,At Risk / Lost,857.1305,10285.565999999999
CUST-001796,22.0,8,10440.106,2024-12-09 13:13:23,2,4,4,244,Loyal Customers,1305.01325,31320.318
CUST-001797,183.0,4,4870.709,2024-07-01 21:42:28,2,2,3,223,At Risk / Lost,1217.67725,14612.127
CUST-001798,44.0,4,3136.1565,2024-11-17 14:00:08,2,2,2,222,At Risk / Lost,784.039125,9408.4695
CUST-001799,570.0,6,4949.8935,2023-06-10 13:09:44,2,4,3,243,Loyal Customers,824.98225,14849.6805
CUST-001800,29.0,7,5688.949500000001,2024-12-02 08:23:13,2,4,4,244,Loyal Customers,812.7070714285716,17066.8485
CUST-001801,131.0,3,3793.531,2024-08-22 01:30:04,2,2,3,223,At Risk / Lost,1264.5103333333334,11380.593
CUST-001802,133.0,2,1602.4825,2024-08-20 06:06:36,2,1,1,211,At Risk / Lost,801.24125,4807.4475
CUST-001803,576.0,3,3763.278,2023-06-04 00:21:09,2,2,3,223,At Risk / Lost,1254.426,11289.833999999999
CUST-001804,74.0,5,4295.6005,2024-10-18 22:56:20,2,3,3,233,Loyal Customers,859.1200999999999,12886.801499999998
CUST-001805,1016.0,1,1154.6174999999998,2022-03-21 15:07:39,2,1,1,211,At Risk / Lost,1154.6174999999998,3463.8524999999995
CUST-001806,57.0,4,3048.326,2024-11-04 18:30:04,2,2,2,222,At Risk / Lost,762.0815,9144.978
CUST-001807,309.0,1,748.3715,2024-02-26 11:36:12,2,1,1,211,At Risk / Lost,748.3715,2245.1144999999997
CUST-001808,94.0,2,477.183,2024-09-28 10:13:41,2,1,1,211,At Risk / Lost,238.5915,1431.549
CUST-001809,712.0,2,2501.667,2023-01-19 11:49:11,2,1,2,212,At Risk / Lost,1250.8335,7505.001
CUST-001810,196.0,2,1951.9540000000002,2024-06-18 17:28:05,2,1,1,211,At Risk / Lost,975.9770000000001,5855.862000000001
CUST-001811,246.0,3,2898.326,2024-04-29 17:53:48,2,2,2,222,At Risk / Lost,966.1086666666666,8694.978
CUST-001812,128.0,10,10910.483,2024-08-25 10:05:55,2,4,4,244,Loyal Customers,1091.0483,32731.449
CUST-001813,169.0,6,6930.1385,2024-07-15 12:41:10,2,4,4,244,Loyal Customers,1155.0230833333333,20790.415499999996
CUST-001814,336.0,3,2417.1485,2024-01-30 13:43:11,2,2,2,222,At Risk / Lost,805.7161666666666,7251.4455
CUST-001815,760.0,1,58.768,2022-12-02 15:51:42,2,1,1,211,At Risk / Lost,58.768,176.304
CUST-001816,107.0,9,10697.896499999999,2024-09-15 13:58:33,2,4,4,244,Loyal Customers,1188.6551666666664,32093.689499999997
CUST-001817,12.0,4,4783.2135,2024-12-19 09:19:01,2,2,3,223,At Risk / Lost,1195.803375,14349.6405
CUST-001818,87.0,2,1656.3880000000001,2024-10-05 01:05:59,2,1,1,211,At Risk / Lost,828.1940000000001,4969.164000000001
CUST-001819,588.0,1,691.779,2023-05-23 03:06:46,2,1,1,211,At Risk / Lost,691.779,2075.337
CUST-001820,59.0,6,4464.2145,2024-11-02 07:48:26,2,4,3,243,Loyal Customers,744.03575,13392.6435
CUST-001821,278.0,2,1146.2109999999998,2024-03-28 11:13:59,2,1,1,211,At Risk / Lost,573.1054999999999,3438.6329999999994
CUST-001822,367.0,3,3113.0265,2023-12-30 09:41:48,2,2,2,222,At Risk / Lost,1037.6755,9339.0795
CUST-001823,52.0,6,5543.0285,2024-11-09 04:35:51,2,4,4,244,Loyal Customers,923.8380833333334,16629.0855
CUST-001824,383.0,4,3690.025,2023-12-14 04:28:08,2,2,3,223,At Risk / Lost,922.50625,11070.075
CUST-001825,55.0,5,4365.106,2024-11-06 14:09:11,2,3,3,233,Loyal Customers,873.0211999999999,13095.318
CUST-001826,163.0,2,2143.4475,2024-07-21 05:19:01,2,1,1,211,At Risk / Lost,1071.72375,6430.342500000001
CUST-001827,20.0,6,7070.4025,2024-12-11 17:15:13,2,4,4,244,Loyal Customers,1178.4004166666666,21211.2075
CUST-001828,247.0,3,2431.4225,2024-04-28 16:57:52,2,2,2,222,At Risk / Lost,810.4741666666667,7294.2675
CUST-001829,205.0,4,1406.7225,2024-06-09 20:09:34,2,2,1,221,At Risk / Lost,351.680625,4220.1675000000005
CUST-001830,79.0,4,4332.577,2024-10-13 02:07:30,2,2,3,223,At Risk / Lost,1083.14425,12997.731
CUST-001831,7.0,6,6556.665,2024-12-24 14:52:42,2,4,4,244,Loyal Customers,1092.7775,19669.994999999995
CUST-001832,539.0,2,1652.415,2023-07-10 23:58:21,2,1,1,211,At Risk / Lost,826.2075,4957.245
CUST-001833,256.0,6,6339.1725,2024-04-19 14:06:01,2,4,4,244,Loyal Customers,1056.52875,19017.517499999998
CUST-001834,93.0,3,3045.4535,2024-09-29 13:44:52,2,2,2,222,At Risk / Lost,1015.1511666666667,9136.3605
CUST-001835,428.0,1,472.169,2023-10-30 22:46:03,2,1,1,211,At Risk / Lost,472.169,1416.507
CUST-001836,104.0,5,5871.0199999999995,2024-09-18 18:06:42,2,3,4,234,Loyal Customers,1174.204,17613.059999999998
CUST-001837,206.0,4,3197.6375,2024-06-08 22:03:31,2,2,2,222,At Risk / Lost,799.409375,9592.912499999999
CUST-001838,35.0,4,3851.6215,2024-11-26 22:57:54,2,2,3,223,At Risk / Lost,962.905375,11554.8645
CUST-001839,123.0,4,3070.242,2024-08-29 23:23:05,2,2,2,222,At Risk / Lost,767.5605,9210.726
CUST-001840,52.0,5,2684.839,2024-11-09 08:48:16,2,3,2,232,Others,536.9678,8054.517
CUST-001841,260.0,2,1143.3700000000001,2024-04-15 18:09:49,2,1,1,211,At Risk / Lost,571.6850000000001,3430.1100000000006
CUST-001842,35.0,5,6320.8425,2024-11-26 00:29:36,2,3,4,234,Loyal Customers,1264.1685,18962.5275
CUST-001843,161.0,3,3860.1395,2024-07-23 09:34:15,2,2,3,223,At Risk / Lost,1286.7131666666667,11580.4185
CUST-001844,279.0,4,4225.495,2024-03-27 19:46:35,2,2,3,223,At Risk / Lost,1056.37375,12676.485
CUST-001845,196.0,6,6286.5605,2024-06-18 11:26:40,2,4,4,244,Loyal Customers,1047.7600833333333,18859.6815
CUST-001846,41.0,3,1932.218,2024-11-20 16:08:13,2,2,1,221,At Risk / Lost,644.0726666666667,5796.654
CUST-001847,647.0,3,3388.6085,2023-03-25 10:11:08,2,2,2,222,At Risk / Lost,1129.5361666666665,10165.825499999999
CUST-001848,163.0,2,710.64,2024-07-21 20:49:17,2,1,1,211,At Risk / Lost,355.32,2131.92
CUST-001849,497.0,2,624.918,2023-08-22 12:26:50,2,1,1,211,At Risk / Lost,312.459,1874.754
CUST-001850,496.0,4,6258.3045,2023-08-23 18:59:45,2,2,4,224,At Risk / Lost,1564.576125,18774.913500000002
CUST-001851,39.0,6,7181.325,2024-11-22 07:53:50,2,4,4,244,Loyal Customers,1196.8875,21543.975000000002
CUST-001852,347.0,3,1619.9165,2024-01-19 16:16:10,2,2,1,221,At Risk / Lost,539.9721666666667,4859.7495
CUST-001853,811.0,3,1742.342,2022-10-12 05:45:26,2,2,1,221,At Risk / Lost,580.7806666666667,5227.026
CUST-001854,267.0,4,4681.118,2024-04-08 18:56:01,2,2,3,223,At Risk / Lost,1170.2795,14043.354000000001
CUST-001855,47.0,6,5795.512,2024-11-14 20:12:07,2,4,4,244,Loyal Customers,965.9186666666666,17386.536
CUST-001856,736.0,2,1319.131,2022-12-26 03:41:58,2,1,1,211,At Risk / Lost,659.5655,3957.393
CUST-001857,52.0,2,1066.0610000000001,2024-11-09 06:26:37,2,1,1,211,At Risk / Lost,533.0305000000001,3198.1830000000004
CUST-001858,382.0,4,5035.73,2023-12-15 01:15:35,2,2,3,223,At Risk / Lost,1258.9325,15107.189999999999
CUST-001859,427.0,2,1611.702,2023-10-31 20:45:02,2,1,1,211,At Risk / Lost,805.851,4835.106
CUST-001860,307.0,2,745.532,2024-02-28 21:21:15,2,1,1,211,At Risk / Lost,372.766,2236.596
CUST-001861,155.0,6,6290.5065,2024-07-29 17:00:16,2,4,4,244,Loyal Customers,1048.41775,18871.519500000002
CUST-001862,112.0,4,4402.7995,2024-09-10 14:48:12,2,2,3,223,At Risk / Lost,1100.699875,13208.3985
CUST-001863,374.0,3,1268.095,2023-12-23 16:50:36,2,2,1,221,At Risk / Lost,422.6983333333333,3804.285
CUST-001864,110.0,8,9709.1975,2024-09-12 16:41:02,2,4,4,244,Loyal Customers,1213.6496875,29127.5925
CUST-001865,10.0,3,2810.3475,2024-12-21 10:27:37,2,2,2,222,At Risk / Lost,936.7824999999999,8431.0425
CUST-001866,377.0,4,4246.22,2023-12-20 03:28:13,2,2,3,223,At Risk / Lost,1061.555,12738.66
CUST-001867,326.0,4,3415.9150000000004,2024-02-09 18:05:31,2,2,2,222,At Risk / Lost,853.9787500000001,10247.745
CUST-001868,30.0,6,5280.191,2024-12-01 21:21:10,2,4,4,244,Loyal Customers,880.0318333333333,15840.573
CUST-001869,681.0,6,2812.7945,2023-02-19 05:35:29,2,4,2,242,Others,468.79908333333333,8438.3835
CUST-001870,343.0,1,1056.728,2024-01-23 11:51:51,2,1,1,211,At Risk / Lost,1056.728,3170.184
CUST-001871,393.0,2,2143.717,2023-12-04 16:45:53,2,1,1,211,At Risk / Lost,1071.8585,6431.151
CUST-001872,23.0,5,5274.4439999999995,2024-12-08 16:36:13,2,3,4,234,Loyal Customers,1054.8888,15823.331999999999
CUST-001874,223.0,8,8192.236499999999,2024-05-22 11:12:38,2,4,4,244,Loyal Customers,1024.0295624999999,24576.709499999997
CUST-001875,400.0,4,3166.681,2023-11-27 11:34:55,2,2,2,222,At Risk / Lost,791.67025,9500.043
CUST-001876,88.0,9,6587.0875,2024-10-04 07:13:58,2,4,4,244,Loyal Customers,731.8986111111111,19761.262499999997
CUST-001877,460.0,5,4117.156,2023-09-28 19:12:27,2,3,3,233,Loyal Customers,823.4312,12351.468
CUST-001878,33.0,5,6323.5785,2024-11-27 23:36:07,2,3,4,234,Loyal Customers,1264.7157,18970.7355
CUST-001879,324.0,1,1615.3235,2024-02-11 18:35:21,2,1,1,211,At Risk / Lost,1615.3235,4845.970499999999
CUST-001880,121.0,4,3359.4300000000003,2024-09-01 21:31:44,2,2,2,222,At Risk / Lost,839.8575000000001,10078.29
CUST-001881,848.0,1,2355.12,2022-09-05 03:52:46,2,1,2,212,At Risk / Lost,2355.12,7065.36
CUST-001882,351.0,3,4353.026,2024-01-15 13:44:54,2,2,3,223,At Risk / Lost,1451.0086666666666,13059.078
CUST-001883,39.0,7,7080.312,2024-11-22 18:51:31,2,4,4,244,Loyal Customers,1011.4731428571429,21240.936
CUST-001884,255.0,2,1505.507,2024-04-20 15:44:32,2,1,1,211,At Risk / Lost,752.7535,4516.521000000001
CUST-001885,10.0,3,1188.462,2024-12-21 01:21:27,2,2,1,221,At Risk / Lost,396.154,3565.386
CUST-001886,91.0,3,5306.992,2024-10-01 00:41:00,2,2,4,224,At Risk / Lost,1768.9973333333335,15920.976
CUST-001887,174.0,8,4731.5075,2024-07-10 04:45:57,2,4,3,243,Loyal Customers,591.4384375,14194.5225
CUST-001888,158.0,4,3249.663,2024-07-26 20:09:22,2,2,2,222,At Risk / Lost,812.41575,9748.989
CUST-001889,78.0,3,1635.1064999999999,2024-10-14 01:40:18,2,2,1,221,At Risk / Lost,545.0355,4905.3195
CUST-001890,1022.0,1,649.56,2022-03-15 12:45:51,2,1,1,211,At Risk / Lost,649.56,1948.6799999999998
CUST-001891,482.0,1,2374.9525000000003,2023-09-06 00:10:59,2,1,2,212,At Risk / Lost,2374.9525000000003,7124.857500000001
CUST-001892,49.0,3,7115.933999999999,2024-11-12 03:12:44,2,2,4,224,At Risk / Lost,2371.9779999999996,21347.801999999996
CUST-001893,77.0,6,5638.284,2024-10-15 16:50:29,2,4,4,244,Loyal Customers,939.7139999999999,16914.852
CUST-001894,289.0,4,5818.03,2024-03-17 06:26:39,2,2,4,224,At Risk / Lost,1454.5075,17454.09
CUST-001895,235.0,4,4366.907,2024-05-10 00:40:17,2,2,3,223,At Risk / Lost,1091.72675,13100.721000000001
CUST-001896,133.0,4,4699.9485,2024-08-20 21:31:30,2,2,3,223,At Risk / Lost,1174.987125,14099.845500000001
CUST-001897,363.0,3,1531.226,2024-01-03 22:50:28,2,2,1,221,At Risk / Lost,510.4086666666667,4593.678
CUST-001898,834.0,2,2224.5254999999997,2022-09-19 11:37:42,2,1,1,211,At Risk / Lost,1112.2627499999999,6673.576499999999
CUST-001899,353.0,4,5810.8845,2024-01-13 22:29:21,2,2,4,224,At Risk / Lost,1452.721125,17432.6535
CUST-001900,163.0,4,4582.5655,2024-07-21 00:18:01,2,2,3,223,At Risk / Lost,1145.641375,13747.696499999998
CUST-001901,97.0,7,6331.4555,2024-09-25 18:15:09,2,4,4,244,Loyal Customers,904.4936428571428,18994.3665
CUST-001902,481.0,1,966.116,2023-09-07 17:32:59,2,1,1,211,At Risk / Lost,966.116,2898.348
CUST-001903,39.0,4,2973.3295,2024-11-22 02:13:41,2,2,2,222,At Risk / Lost,743.332375,8919.9885
CUST-001904,283.0,1,314.3245,2024-03-23 18:33:04,2,1,1,211,At Risk / Lost,314.3245,942.9735000000001
CUST-001905,784.0,3,1264.402,2022-11-08 07:25:24,2,2,1,221,At Risk / Lost,421.46733333333333,3793.206
CUST-001906,118.0,2,2072.9205,2024-09-04 01:27:32,2,1,1,211,At Risk / Lost,1036.46025,6218.7615000000005
CUST-001907,45.0,6,6463.075,2024-11-16 17:01:49,2,4,4,244,Loyal Customers,1077.1791666666666,19389.225
CUST-001908,134.0,4,2607.976,2024-08-19 07:22:21,2,2,2,222,At Risk / Lost,651.994,7823.928
CUST-001909,192.0,5,4438.6635,2024-06-22 07:00:39,2,3,3,233,Loyal Customers,887.7326999999999,13315.9905
CUST-001910,702.0,3,3899.548,2023-01-29 11:53:36,2,2,3,223,At Risk / Lost,1299.8493333333333,11698.644
CUST-001911,851.0,3,979.9425,2022-09-02 01:49:27,2,2,1,221,At Risk / Lost,326.6475,2939.8274999999994
CUST-001912,301.0,3,2350.8894999999998,2024-03-05 05:46:21,2,2,2,222,At Risk / Lost,783.6298333333333,7052.6685
CUST-001913,973.0,1,409.374,2022-05-03 17:14:43,2,1,1,211,At Risk / Lost,409.374,1228.122
CUST-001914,301.0,4,4552.5885,2024-03-05 07:48:25,2,2,3,223,At Risk / Lost,1138.147125,13657.7655
CUST-001915,88.0,8,6077.5975,2024-10-04 08:48:02,2,4,4,244,Loyal Customers,759.6996875,18232.7925
CUST-001916,29.0,4,3658.7165,2024-12-02 13:14:05,2,2,3,223,At Risk / Lost,914.679125,10976.1495
CUST-001917,188.0,2,2006.6595,2024-06-26 11:45:37,2,1,1,211,At Risk / Lost,1003.32975,6019.9785
CUST-001918,39.0,5,5556.2164999999995,2024-11-22 02:04:06,2,3,4,234,Loyal Customers,1111.2432999999999,16668.6495
CUST-001919,279.0,5,3667.094,2024-03-27 11:47:56,2,3,3,233,Loyal Customers,733.4188,11001.282
CUST-001920,412.0,1,887.3,2023-11-15 00:51:19,2,1,1,211,At Risk / Lost,887.3,2661.8999999999996
CUST-001921,846.0,2,998.7395,2022-09-07 22:35:30,2,1,1,211,At Risk / Lost,499.36975,2996.2185
CUST-001923,590.0,3,1237.4225,2023-05-21 03:12:17,2,2,1,221,At Risk / Lost,412.47416666666663,3712.2675
CUST-001924,246.0,2,2210.8075,2024-04-29 14:20:38,2,1,1,211,At Risk / Lost,1105.40375,6632.4225
CUST-001925,23.0,5,4416.9565,2024-12-08 04:14:31,2,3,3,233,Loyal Customers,883.3913,13250.8695
CUST-001926,107.0,3,4247.0645,2024-09-15 13:01:16,2,2,3,223,At Risk / Lost,1415.6881666666668,12741.193500000001
CUST-001927,425.0,4,5821.065,2023-11-02 19:48:54,2,2,4,224,At Risk / Lost,1455.26625,17463.195
CUST-001928,764.0,3,2867.0595000000003,2022-11-28 22:20:25,2,2,2,222,At Risk / Lost,955.6865000000001,8601.178500000002
CUST-001929,54.0,4,4212.425,2024-11-07 02:23:16,2,2,3,223,At Risk / Lost,1053.10625,12637.275000000001
CUST-001930,163.0,5,6391.758,2024-07-20 23:22:33,2,3,4,234,Loyal Customers,1278.3516,19175.273999999998
CUST-001931,162.0,2,934.006,2024-07-22 01:02:28,2,1,1,211,At Risk / Lost,467.003,2802.018
CUST-001932,64.0,4,5921.264,2024-10-28 04:07:25,2,2,4,224,At Risk / Lost,1480.316,17763.792
CUST-001933,279.0,4,5078.4375,2024-03-27 03:42:47,2,2,3,223,At Risk / Lost,1269.609375,15235.3125
CUST-001934,220.0,6,5894.289500000001,2024-05-25 17:22:09,2,4,4,244,Loyal Customers,982.3815833333334,17682.868500000004
CUST-001935,43.0,3,3476.173,2024-11-18 20:39:35,2,2,2,222,At Risk / Lost,1158.7243333333333,10428.519
CUST-001936,73.0,7,9075.9145,2024-10-19 07:22:17,2,4,4,244,Loyal Customers,1296.5592142857145,27227.743500000004
CUST-001937,173.0,3,1436.739,2024-07-11 01:37:03,2,2,1,221,At Risk / Lost,478.913,4310.217000000001
CUST-001938,456.0,5,6520.0345,2023-10-02 06:57:43,2,3,4,234,Loyal Customers,1304.0068999999999,19560.103499999997
CUST-001939,89.0,4,2914.7580000000003,2024-10-03 04:51:28,2,2,2,222,At Risk / Lost,728.6895000000001,8744.274000000001
CUST-001940,310.0,2,3221.927,2024-02-25 04:51:19,2,1,2,212,At Risk / Lost,1610.9635,9665.781
CUST-001941,24.0,5,4423.379,2024-12-07 04:46:59,2,3,3,233,Loyal Customers,884.6758,13270.136999999999
CUST-001942,21.0,9,6390.507,2024-12-10 19:23:23,2,4,4,244,Loyal Customers,710.0563333333333,19171.521
CUST-001943,34.0,5,5417.3115,2024-11-27 22:05:22,2,3,4,234,Loyal Customers,1083.4623,16251.9345
CUST-001944,84.0,1,1051.4920000000002,2024-10-08 15:45:13,2,1,1,211,At Risk / Lost,1051.4920000000002,3154.4760000000006
CUST-001945,168.0,3,2256.559,2024-07-16 10:09:34,2,2,2,222,At Risk / Lost,752.1863333333334,6769.677000000001
CUST-001946,219.0,4,4763.8195,2024-05-26 10:14:18,2,2,3,223,At Risk / Lost,1190.954875,14291.458499999999
CUST-001947,238.0,7,7918.603,2024-05-07 16:04:38,2,4,4,244,Loyal Customers,1131.229,23755.809
CUST-001948,360.0,4,3674.346,2024-01-06 15:02:00,2,3,3,233,Loyal Customers,918.5865,11023.038
CUST-001949,14.0,8,5655.336499999999,2024-12-17 06:25:32,2,4,4,244,Loyal Customers,706.9170624999999,16966.0095
CUST-001950,19.0,6,8748.4505,2024-12-12 10:13:50,2,4,4,244,Loyal Customers,1458.0750833333334,26245.351500000004
CUST-001951,4.0,11,6569.17,2024-12-27 07:53:05,2,4,4,244,Loyal Customers,597.1972727272728,19707.510000000002
CUST-001952,45.0,9,11557.1915,2024-11-16 01:46:52,2,4,4,244,Loyal Customers,1284.132388888889,34671.5745
CUST-001953,184.0,3,1673.036,2024-06-30 06:05:31,2,2,1,221,At Risk / Lost,557.6786666666667,5019.108
CUST-001954,470.0,4,3303.8349999999996,2023-09-18 16:20:32,2,3,2,232,Others,825.9587499999999,9911.505
CUST-001955,400.0,1,449.32499999999993,2023-11-27 03:49:27,2,1,1,211,At Risk / Lost,449.32499999999993,1347.975
CUST-001956,227.0,4,4941.7465,2024-05-18 14:52:57,2,3,3,233,Loyal Customers,1235.436625,14825.2395
CUST-001957,35.0,5,5069.6535,2024-11-26 09:50:35,2,3,3,233,Loyal Customers,1013.9307000000001,15208.960500000001
CUST-001958,6.0,4,2518.33,2024-12-25 17:03:17,2,3,2,232,Others,629.5825,7554.99
CUST-001959,161.0,4,3203.0265,2024-07-23 11:23:53,2,3,2,232,Others,800.756625,9609.0795
CUST-001961,299.0,6,6993.9775,2024-03-07 22:18:15,2,4,4,244,Loyal Customers,1165.6629166666667,20981.9325
CUST-001962,147.0,5,4608.34,2024-08-06 05:25:58,2,3,3,233,Loyal Customers,921.668,13825.02
CUST-001963,476.0,1,1299.6100000000001,2023-09-12 05:03:45,2,1,1,211,At Risk / Lost,1299.6100000000001,3898.8300000000004
CUST-001964,476.0,2,1547.282,2023-09-12 14:23:58,2,1,1,211,At Risk / Lost,773.641,4641.846
CUST-001965,105.0,4,5717.972,2024-09-17 10:42:32,2,3,4,234,Loyal Customers,1429.493,17153.915999999997
CUST-001966,42.0,4,2065.437,2024-11-19 02:26:55,2,3,1,231,Others,516.35925,6196.311
CUST-001967,635.0,3,2868.8514999999998,2023-04-06 16:49:55,2,2,2,222,At Risk / Lost,956.2838333333333,8606.554499999998
CUST-001968,246.0,5,3715.1679999999997,2024-04-29 01:10:42,2,3,3,233,Loyal Customers,743.0336,11145.503999999999
CUST-001969,68.0,4,4053.359,2024-10-24 03:02:34,2,3,3,233,Loyal Customers,1013.33975,12160.077
CUST-001970,40.0,4,6264.433,2024-11-21 15:56:21,2,3,4,234,Loyal Customers,1566.10825,18793.299
CUST-001971,160.0,4,3663.4795000000004,2024-07-24 11:47:01,2,3,3,233,Loyal Customers,915.8698750000001,10990.4385
CUST-001972,441.0,3,3793.7405,2023-10-17 21:27:21,2,2,3,223,At Risk / Lost,1264.5801666666666,11381.2215
CUST-001973,60.0,9,10319.9275,2024-11-01 04:07:25,2,4,4,244,Loyal Customers,1146.658611111111,30959.782499999994
CUST-001974,250.0,3,1167.0185,2024-04-25 14:48:55,2,2,1,221,At Risk / Lost,389.0061666666666,3501.0554999999995
CUST-001975,1012.0,1,590.496,2022-03-25 18:53:18,2,1,1,211,At Risk / Lost,590.496,1771.4879999999998
CUST-001976,143.0,5,4006.8185,2024-08-10 11:23:31,2,3,3,233,Loyal Customers,801.3637,12020.4555
CUST-001977,118.0,4,4464.8885,2024-09-04 02:12:40,2,3,3,233,Loyal Customers,1116.222125,13394.6655
CUST-001978,537.0,4,2332.6725,2023-07-13 16:49:55,2,3,2,232,Others,583.168125,6998.0175
CUST-001979,221.0,3,1025.883,2024-05-24 06:44:32,2,2,1,221,At Risk / Lost,341.961,3077.6490000000003
CUST-001980,310.0,1,3047.233,2024-02-25 02:23:50,2,1,2,212,At Risk / Lost,3047.233,9141.699
CUST-001981,219.0,4,3208.1605,2024-05-26 12:51:35,2,3,2,232,Others,802.040125,9624.4815
CUST-001982,62.0,7,6910.2,2024-10-30 15:52:05,2,4,4,244,Loyal Customers,987.1714285714286,20730.6
CUST-001983,114.0,4,3360.3385,2024-09-08 16:25:04,2,3,2,232,Others,840.084625,10081.0155
CUST-001984,330.0,2,1438.8000000000002,2024-02-05 22:17:41,2,1,1,211,At Risk / Lost,719.4000000000001,4316.400000000001
CUST-001985,201.0,4,4735.6665,2024-06-13 06:05:25,2,3,3,233,Loyal Customers,1183.916625,14206.999500000002
CUST-001986,652.0,4,4276.7075,2023-03-20 01:09:45,2,3,3,233,Loyal Customers,1069.176875,12830.122500000001
CUST-001987,251.0,9,6404.699,2024-04-24 22:16:18,2,4,4,244,Loyal Customers,711.6332222222222,19214.097
CUST-001988,282.0,3,891.139,2024-03-24 03:52:09,2,2,1,221,At Risk / Lost,297.04633333333334,2673.417
CUST-001989,41.0,3,2813.453,2024-11-19 23:55:16,2,2,2,222,At Risk / Lost,937.8176666666667,8440.359
CUST-001990,203.0,1,422.797,2024-06-11 16:33:48,2,1,1,211,At Risk / Lost,422.797,1268.391
CUST-001991,153.0,2,3785.0795,2024-07-31 07:44:37,2,1,3,213,At Risk / Lost,1892.53975,11355.2385
CUST-001992,518.0,2,2352.743,2023-08-01 02:57:30,2,1,2,212,At Risk / Lost,1176.3715,7058.228999999999
CUST-001993,91.0,4,3763.4905,2024-10-01 00:20:56,2,3,3,233,Loyal Customers,940.872625,11290.4715
CUST-001994,30.0,4,3674.724,2024-12-01 02:33:38,2,3,3,233,Loyal Customers,918.681,11024.172
CUST-001995,83.0,5,5443.2165,2024-10-08 23:24:00,2,3,4,234,Loyal Customers,1088.6433000000002,16329.649500000001
CUST-001996,90.0,3,3930.4495,2024-10-02 09:02:18,2,2,3,223,At Risk / Lost,1310.1498333333334,11791.3485
CUST-001997,75.0,3,2830.082,2024-10-17 02:34:50,2,2,2,222,At Risk / Lost,943.3606666666666,8490.246
CUST-001998,324.0,8,9556.821,2024-02-11 14:17:25,2,4,4,244,Loyal Customers,1194.602625,28670.463
CUST-001999,23.0,5,5912.265,2024-12-08 00:48:40,2,3,4,234,Loyal Customers,1182.453,17736.795
CUST-002000,889.0,1,1266.008,2022-07-26 14:09:52,2,1,1,211,At Risk / Lost,1266.008,3798.0240000000003
CUST-002001,126.0,7,6880.2845,2024-08-27 22:25:16,2,4,4,244,Loyal Customers,982.8977857142856,20640.853499999997
CUST-002002,1058.0,1,651.264,2022-02-07 19:34:12,2,1,1,211,At Risk / Lost,651.264,1953.792
CUST-002003,231.0,4,3955.7219999999998,2024-05-14 14:06:07,2,3,3,233,Loyal Customers,988.9304999999999,11867.166
CUST-002004,51.0,5,4698.972,2024-11-10 21:28:06,2,3,3,233,Loyal Customers,939.7944,14096.916
CUST-002005,316.0,4,3622.7785,2024-02-19 19:48:14,2,3,2,232,Others,905.694625,10868.3355
CUST-002006,330.0,2,2279.7945,2024-02-05 01:15:45,2,1,2,212,At Risk / Lost,1139.89725,6839.3835
CUST-002007,310.0,8,5884.1025,2024-02-25 15:26:31,2,4,4,244,Loyal Customers,735.5128125,17652.3075
CUST-002008,282.0,5,6650.4800000000005,2024-03-24 11:11:17,2,3,4,234,Loyal Customers,1330.096,19951.44
CUST-002009,644.0,1,582.6580000000001,2023-03-28 20:06:10,2,1,1,211,At Risk / Lost,582.6580000000001,1747.9740000000004
CUST-002010,271.0,4,3810.0615,2024-04-04 00:04:28,2,3,3,233,Loyal Customers,952.515375,11430.1845
CUST-002011,294.0,5,3162.1225,2024-03-12 05:44:30,2,3,2,232,Others,632.4245,9486.3675
CUST-002012,42.0,4,4595.1145,2024-11-19 08:41:46,2,3,3,233,Loyal Customers,1148.778625,13785.343499999999
CUST-002013,469.0,5,6091.4580000000005,2023-09-19 04:07:42,2,3,4,234,Loyal Customers,1218.2916,18274.374000000003
CUST-002014,502.0,4,4721.7905,2023-08-17 04:58:57,2,3,3,233,Loyal Customers,1180.447625,14165.371500000001
CUST-002015,428.0,3,1313.584,2023-10-29 23:10:37,2,2,1,221,At Risk / Lost,437.86133333333333,3940.7520000000004
CUST-002016,112.0,3,2028.026,2024-09-10 11:32:05,2,2,1,221,At Risk / Lost,676.0086666666667,6084.078000000001
CUST-002017,558.0,4,4191.057,2023-06-22 18:03:15,2,3,3,233,Loyal Customers,1047.76425,12573.170999999998
CUST-002018,194.0,6,5607.611,2024-06-20 06:32:09,2,4,4,244,Loyal Customers,934.6018333333333,16822.833
CUST-002019,322.0,3,1319.869,2024-02-13 18:02:34,2,2,1,221,At Risk / Lost,439.9563333333333,3959.607
CUST-002020,201.0,1,2370.193,2024-06-13 12:25:09,2,1,2,212,At Risk / Lost,2370.193,7110.579000000001
CUST-002021,106.0,1,725.9100000000001,2024-09-16 09:20:49,2,1,1,211,At Risk / Lost,725.9100000000001,2177.7300000000005
CUST-002022,569.0,3,3624.8084999999996,2023-06-11 02:34:25,2,2,2,222,At Risk / Lost,1208.2694999999999,10874.4255
CUST-002023,140.0,3,1869.4699999999998,2024-08-13 15:41:20,2,2,1,221,At Risk / Lost,623.1566666666666,5608.41
CUST-002024,69.0,2,3733.296,2024-10-23 20:17:52,2,1,3,213,At Risk / Lost,1866.648,11199.887999999999
CUST-002025,109.0,4,5591.8515,2024-09-13 14:57:50,2,3,4,234,Loyal Customers,1397.962875,16775.5545
CUST-002026,375.0,5,3703.9125,2023-12-22 18:49:36,2,3,3,233,Loyal Customers,740.7825,11111.737500000001
CUST-002027,34.0,8,6594.0705,2024-11-26 23:53:56,2,4,4,244,Loyal Customers,824.2588125,19782.211499999998
CUST-002028,174.0,3,2293.6695,2024-07-10 09:22:02,2,2,2,222,At Risk / Lost,764.5565,6881.0085
CUST-002029,279.0,5,3012.6465000000003,2024-03-27 13:00:20,2,3,2,232,Others,602.5293,9037.9395
CUST-002030,59.0,6,7196.246,2024-11-02 09:50:26,2,4,4,244,Loyal Customers,1199.3743333333334,21588.738000000005
CUST-002031,663.0,2,1513.328,2023-03-09 13:58:50,2,1,1,211,At Risk / Lost,756.664,4539.984
CUST-002032,218.0,8,5212.291499999999,2024-05-27 14:50:27,2,4,3,243,Loyal Customers,651.5364374999999,15636.874499999998
CUST-002033,130.0,3,2931.4545,2024-08-23 04:34:53,2,2,2,222,At Risk / Lost,977.1514999999999,8794.3635
CUST-002034,123.0,8,9687.365,2024-08-30 08:33:22,2,4,4,244,Loyal Customers,1210.920625,29062.095
CUST-002035,52.0,6,7818.8255,2024-11-09 06:13:14,2,4,4,244,Loyal Customers,1303.1375833333334,23456.476500000004
CUST-002036,13.0,3,1945.9260000000002,2024-12-18 17:27:36,2,2,1,221,At Risk / Lost,648.642,5837.778
CUST-002037,142.0,5,5486.0195,2024-08-11 03:58:12,2,3,4,234,Loyal Customers,1097.2039,16458.0585
CUST-002038,506.0,4,3496.1145,2023-08-13 00:56:42,2,3,2,232,Others,874.028625,10488.3435
CUST-002039,400.0,1,1342.083,2023-11-27 06:17:39,2,1,1,211,At Risk / Lost,1342.083,4026.2490000000003
CUST-002040,123.0,6,4175.6525,2024-08-30 17:29:01,2,4,3,243,Loyal Customers,695.9420833333334,12526.9575
CUST-002041,53.0,3,1542.8045,2024-11-08 20:20:13,2,2,1,221,At Risk / Lost,514.2681666666666,4628.413499999999
CUST-002042,914.0,1,827.067,2022-07-01 08:06:32,2,1,1,211,At Risk / Lost,827.067,2481.201
CUST-002043,192.0,5,7500.9145,2024-06-22 08:00:41,2,3,4,234,Loyal Customers,1500.1829,22502.7435
CUST-002044,7.0,5,6544.4925,2024-12-24 22:47:14,2,3,4,234,Loyal Customers,1308.8985,19633.4775
CUST-002045,134.0,4,4389.9875,2024-08-19 04:48:19,2,3,3,233,Loyal Customers,1097.496875,13169.962500000001
CUST-002046,184.0,3,4069.814,2024-06-30 08:51:57,2,2,3,223,At Risk / Lost,1356.6046666666666,12209.442
CUST-002047,217.0,5,5002.7845,2024-05-28 06:16:59,2,3,3,233,Loyal Customers,1000.5568999999999,15008.3535
CUST-002048,215.0,5,5754.745,2024-05-30 11:12:44,2,3,4,234,Loyal Customers,1150.949,17264.235
CUST-002049,369.0,4,2616.9225,2023-12-28 06:54:32,2,3,2,232,Others,654.230625,7850.7675
CUST-002050,250.0,4,4226.8075,2024-04-25 12:30:46,2,3,3,233,Loyal Customers,1056.701875,12680.4225
CUST-002051,91.0,7,9019.5395,2024-10-01 16:35:40,2,4,4,244,Loyal Customers,1288.505642857143,27058.618500000004
CUST-002052,295.0,2,1976.0330000000001,2024-03-11 20:35:58,2,1,1,211,At Risk / Lost,988.0165000000001,5928.099
CUST-002053,357.0,2,887.635,2024-01-09 11:32:35,2,1,1,211,At Risk / Lost,443.8175,2662.9049999999997
CUST-002054,159.0,5,3839.9975,2024-07-25 20:22:52,2,3,3,233,Loyal Customers,767.9995,11519.9925
CUST-002055,256.0,3,2773.035,2024-04-19 09:49:46,2,2,2,222,At Risk / Lost,924.3449999999999,8319.105
CUST-002056,278.0,4,2396.4505,2024-03-28 21:33:51,2,3,2,232,Others,599.112625,7189.3515
CUST-002057,295.0,1,503.78950000000003,2024-03-11 13:25:26,2,1,1,211,At Risk / Lost,503.78950000000003,1511.3685
CUST-002058,49.0,2,517.8765,2024-11-12 22:27:46,2,1,1,211,At Risk / Lost,258.93825,1553.6295
CUST-002059,148.0,4,2046.5635000000002,2024-08-05 03:54:12,2,3,1,231,Others,511.64087500000005,6139.690500000001
CUST-002060,128.0,6,4058.6195,2024-08-25 06:34:12,2,4,3,243,Loyal Customers,676.4365833333333,12175.858499999998
CUST-002061,66.0,5,4651.111,2024-10-26 17:50:04,2,3,3,233,Loyal Customers,930.2221999999999,13953.332999999999
CUST-002062,468.0,2,745.598,2023-09-20 14:59:01,2,1,1,211,At Risk / Lost,372.799,2236.794
CUST-002063,397.0,4,4590.072,2023-11-30 09:24:36,2,3,3,233,Loyal Customers,1147.518,13770.216
CUST-002064,561.0,2,1957.333,2023-06-19 00:15:55,2,1,1,211,At Risk / Lost,978.6665,5871.999
CUST-002065,12.0,7,3964.554,2024-12-18 23:20:39,2,4,3,243,Loyal Customers,566.3648571428572,11893.662000000002
CUST-002066,250.0,4,3190.0855,2024-04-25 12:07:56,2,3,2,232,Others,797.521375,9570.2565
CUST-002067,59.0,4,323.826,2024-11-02 10:27:47,2,3,1,231,Others,80.9565,971.4780000000001
CUST-002068,304.0,4,1864.8945,2024-03-02 01:57:53,2,3,1,231,Others,466.223625,5594.6835
CUST-002069,131.0,6,3961.003,2024-08-22 14:59:09,2,4,3,243,Loyal Customers,660.1671666666667,11883.009000000002
CUST-002070,160.0,3,4163.4839999999995,2024-07-24 12:01:06,2,2,3,223,At Risk / Lost,1387.8279999999997,12490.451999999997
CUST-002071,660.0,3,3525.1355,2023-03-12 19:47:15,2,2,2,222,At Risk / Lost,1175.0451666666665,10575.406499999997
CUST-002072,146.0,8,7154.595,2024-08-07 10:00:25,2,4,4,244,Loyal Customers,894.324375,21463.785
CUST-002073,785.0,3,2360.377,2022-11-07 14:25:47,2,2,2,222,At Risk / Lost,786.7923333333333,7081.130999999999
CUST-002074,369.0,3,1352.463,2023-12-28 19:05:47,2,2,1,221,At Risk / Lost,450.82099999999997,4057.389
CUST-002075,163.0,9,7753.888,2024-07-21 06:00:29,2,4,4,244,Loyal Customers,861.5431111111111,23261.664
CUST-002076,364.0,1,326.43,2024-01-02 21:27:08,2,1,1,211,At Risk / Lost,326.43,979.29
CUST-002077,418.0,4,3945.604,2023-11-09 18:34:44,2,3,3,233,Loyal Customers,986.401,11836.812
CUST-002078,37.0,5,5569.859,2024-11-24 18:23:57,2,3,4,234,Loyal Customers,1113.9718,16709.577
CUST-002079,104.0,3,3057.3175,2024-09-18 21:30:29,2,2,2,222,At Risk / Lost,1019.1058333333334,9171.9525
CUST-002080,228.0,3,3051.462,2024-05-17 14:14:11,2,2,2,222,At Risk / Lost,1017.154,9154.386
CUST-002081,231.0,5,6775.5265,2024-05-14 03:40:06,2,3,4,234,Loyal Customers,1355.1053,20326.5795
CUST-002082,31.0,5,7195.5255,2024-11-30 04:16:18,2,3,4,234,Loyal Customers,1439.1051,21586.5765
CUST-002083,67.0,7,4476.3475,2024-10-25 22:01:35,2,4,3,243,Loyal Customers,639.4782142857142,13429.0425
CUST-002085,320.0,6,7198.317499999999,2024-02-15 12:57:36,2,4,4,244,Loyal Customers,1199.7195833333333,21594.9525
CUST-002086,134.0,9,11120.114,2024-08-19 16:24:22,2,4,4,244,Loyal Customers,1235.5682222222222,33360.342
CUST-002087,514.0,4,4490.5095,2023-08-05 07:24:53,2,3,3,233,Loyal Customers,1122.627375,13471.5285
CUST-002088,208.0,4,2373.9665,2024-06-06 09:08:44,2,3,2,232,Others,593.491625,7121.8994999999995
CUST-002089,58.0,2,1070.6599999999999,2024-11-03 10:27:09,2,1,1,211,At Risk / Lost,535.3299999999999,3211.9799999999996
CUST-002090,7.0,3,2412.2090000000003,2024-12-24 13:00:01,2,2,2,222,At Risk / Lost,804.0696666666668,7236.627
CUST-002091,164.0,4,2185.913,2024-07-20 20:36:35,2,3,1,231,Others,546.47825,6557.739
CUST-002092,326.0,2,1037.39,2024-02-09 07:41:16,2,1,1,211,At Risk / Lost,518.695,3112.17
CUST-002093,126.0,4,1176.245,2024-08-27 01:24:25,2,3,1,231,Others,294.06125,3528.7349999999997
CUST-002094,156.0,3,4711.487,2024-07-28 20:59:48,2,2,3,223,At Risk / Lost,1570.4956666666667,14134.461
CUST-002095,129.0,3,2888.147,2024-08-24 04:40:06,2,2,2,222,At Risk / Lost,962.7156666666666,8664.440999999999
CUST-002096,314.0,1,859.6075000000001,2024-02-21 19:35:26,2,1,1,211,At Risk / Lost,859.6075000000001,2578.8225
CUST-002097,374.0,5,3966.0505000000003,2023-12-23 02:04:59,2,3,3,233,Loyal Customers,793.2101,11898.1515
CUST-002098,356.0,5,5838.9545,2024-01-10 10:32:33,2,3,4,234,Loyal Customers,1167.7909,17516.8635
CUST-002099,301.0,3,2283.1205,2024-03-05 19:30:53,2,2,2,222,At Risk / Lost,761.0401666666667,6849.3615
CUST-002100,14.0,4,1674.4415,2024-12-17 11:58:57,2,3,1,231,Others,418.610375,5023.3245
CUST-002101,111.0,5,6046.0445,2024-09-11 20:48:36,2,3,4,234,Loyal Customers,1209.2089,18138.1335
CUST-002102,1037.0,1,784.3755,2022-02-28 04:09:53,2,1,1,211,At Risk / Lost,784.3755,2353.1265
CUST-002103,19.0,6,5651.257,2024-12-12 07:47:46,2,4,4,244,Loyal Customers,941.8761666666666,16953.771
CUST-002104,148.0,3,4916.7525000000005,2024-08-05 17:46:00,2,2,3,223,At Risk / Lost,1638.9175000000002,14750.257500000002
CUST-002105,166.0,3,3164.311,2024-07-18 20:10:42,2,2,2,222,At Risk / Lost,1054.7703333333334,9492.933
CUST-002106,295.0,3,2013.2150000000001,2024-03-11 21:55:01,2,2,1,221,At Risk / Lost,671.0716666666667,6039.645
CUST-002107,16.0,5,5300.1165,2024-12-15 15:05:35,2,3,4,234,Loyal Customers,1060.0233,15900.3495
CUST-002108,314.0,3,3217.0840000000003,2024-02-21 04:04:42,2,2,2,222,At Risk / Lost,1072.3613333333335,9651.252000000002
CUST-002109,181.0,6,8497.559,2024-07-03 04:46:40,2,4,4,244,Loyal Customers,1416.2598333333333,25492.676999999996
CUST-002110,321.0,4,4086.182,2024-02-14 22:15:46,2,3,3,233,Loyal Customers,1021.5455,12258.545999999998
CUST-002111,96.0,5,4282.331999999999,2024-09-26 21:26:37,2,3,3,233,Loyal Customers,856.4663999999999,12846.996
CUST-002112,518.0,3,1532.2885,2023-08-01 10:03:11,2,2,1,221,At Risk / Lost,510.7628333333334,4596.8655
CUST-002113,13.0,6,5959.0095,2024-12-18 15:07:52,2,4,4,244,Loyal Customers,993.1682500000001,17877.0285
CUST-002114,154.0,4,2049.592,2024-07-30 02:30:40,2,3,1,231,Others,512.398,6148.776
CUST-002115,161.0,8,6615.8515,2024-07-23 04:34:16,2,4,4,244,Loyal Customers,826.9814375,19847.5545
CUST-002117,588.0,1,1001.2900000000001,2023-05-23 20:51:01,2,1,1,211,At Risk / Lost,1001.2900000000001,3003.8700000000003
CUST-002118,124.0,7,3906.9705,2024-08-29 21:04:55,2,4,3,243,Loyal Customers,558.1386428571428,11720.9115
CUST-002119,524.0,4,3352.0355,2023-07-26 21:05:14,2,3,2,232,Others,838.008875,10056.1065
CUST-002120,633.0,2,998.9735000000001,2023-04-08 04:03:09,2,1,1,211,At Risk / Lost,499.48675000000003,2996.9205
CUST-002121,347.0,4,4479.492,2024-01-19 21:20:54,2,3,3,233,Loyal Customers,1119.873,13438.476
CUST-002122,106.0,3,4682.2535,2024-09-16 08:50:06,2,2,3,223,At Risk / Lost,1560.7511666666667,14046.7605
CUST-002123,309.0,3,3191.6059999999998,2024-02-26 12:14:42,2,2,2,222,At Risk / Lost,1063.8686666666665,9574.818
CUST-002124,265.0,5,2940.9615,2024-04-10 21:53:52,2,3,2,232,Others,588.1922999999999,8822.884499999998
CUST-002125,292.0,6,5587.0705,2024-03-14 00:51:50,2,4,4,244,Loyal Customers,931.1784166666666,16761.211499999998
CUST-002126,483.0,1,245.25900000000001,2023-09-05 14:17:09,2,1,1,211,At Risk / Lost,245.25900000000001,735.777
CUST-002127,158.0,7,4005.2045,2024-07-26 06:30:21,2,4,3,243,Loyal Customers,572.1720714285714,12015.6135
CUST-002128,115.0,6,6966.9135,2024-09-07 08:00:56,2,4,4,244,Loyal Customers,1161.1522499999999,20900.740499999996
CUST-002129,163.0,3,4923.521,2024-07-21 22:56:10,2,2,3,223,At Risk / Lost,1641.1736666666666,14770.562999999998
CUST-002130,257.0,3,1729.1635,2024-04-18 15:24:24,2,2,1,221,At Risk / Lost,576.3878333333333,5187.4905
CUST-002131,216.0,3,2330.13,2024-05-29 06:48:48,2,2,2,222,At Risk / Lost,776.71,6990.39
CUST-002133,25.0,4,4577.31,2024-12-05 23:34:49,2,3,3,233,Loyal Customers,1144.3275,13731.93
CUST-002134,274.0,6,8829.6655,2024-04-01 16:55:34,2,4,4,244,Loyal Customers,1471.6109166666665,26488.996499999997
CUST-002135,218.0,3,1354.1705,2024-05-27 01:30:45,2,2,1,221,At Risk / Lost,451.39016666666663,4062.5114999999996
CUST-002136,271.0,3,3523.6585000000005,2024-04-04 07:16:44,2,2,2,222,At Risk / Lost,1174.5528333333334,10570.9755
CUST-002137,1013.0,3,980.3285,2022-03-24 08:31:07,2,2,1,221,At Risk / Lost,326.77616666666665,2940.9855
CUST-002138,181.0,4,5060.0005,2024-07-03 06:45:32,2,3,3,233,Loyal Customers,1265.000125,15180.0015
CUST-002139,22.0,2,909.7560000000001,2024-12-09 05:57:52,2,1,1,211,At Risk / Lost,454.87800000000004,2729.268
CUST-002140,5.0,5,4415.6175,2024-12-26 02:42:36,2,3,3,233,Loyal Customers,883.1235,13246.8525
CUST-002141,145.0,2,2194.4095,2024-08-08 13:30:19,2,1,1,211,At Risk / Lost,1097.20475,6583.228500000001
CUST-002142,262.0,3,3224.5825,2024-04-13 02:53:56,2,2,2,222,At Risk / Lost,1074.8608333333334,9673.747500000001
CUST-002143,278.0,6,5773.383,2024-03-28 06:03:15,2,4,4,244,Loyal Customers,962.2305,17320.148999999998
CUST-002144,92.0,7,5282.62,2024-09-30 21:56:48,2,4,4,244,Loyal Customers,754.66,15847.86
CUST-002145,142.0,6,6979.0955,2024-08-11 01:06:55,2,4,4,244,Loyal Customers,1163.1825833333335,20937.286500000002
CUST-002146,157.0,5,5920.278499999999,2024-07-27 14:36:33,2,3,4,234,Loyal Customers,1184.0557,17760.835499999997
CUST-002147,4.0,5,3192.4445,2024-12-27 00:00:00,2,3,2,232,Others,638.4889000000001,9577.3335
CUST-002148,329.0,3,1755.2215,2024-02-06 13:38:51,2,2,1,221,At Risk / Lost,585.0738333333334,5265.664500000001
CUST-002149,56.0,3,4612.0955,2024-11-05 16:35:10,2,2,3,223,At Risk / Lost,1537.3651666666667,13836.286500000002
CUST-002150,14.0,10,5931.1165,2024-12-17 19:52:22,2,4,4,244,Loyal Customers,593.11165,17793.3495
CUST-002151,236.0,10,9950.0465,2024-05-09 03:05:50,2,4,4,244,Loyal Customers,995.0046500000001,29850.1395
CUST-002152,36.0,6,3909.896,2024-11-25 09:03:52,2,4,3,243,Loyal Customers,651.6493333333334,11729.688000000002
CUST-002153,72.0,5,3435.561,2024-10-20 20:03:18,2,3,2,232,Others,687.1122,10306.683
CUST-002154,281.0,6,4760.9115,2024-03-25 02:31:15,2,4,3,243,Loyal Customers,793.4852500000001,14282.7345
CUST-002155,218.0,5,4571.133,2024-05-27 19:49:08,2,3,3,233,Loyal Customers,914.2266,13713.399
CUST-002156,210.0,6,7095.0289999999995,2024-06-04 08:29:01,2,4,4,244,Loyal Customers,1182.5048333333332,21285.086999999996
CUST-002157,56.0,7,5207.541,2024-11-05 06:34:11,2,4,3,243,Loyal Customers,743.9344285714286,15622.623
CUST-002158,505.0,5,6710.3735,2023-08-14 08:02:34,2,3,4,234,Loyal Customers,1342.0747,20131.120499999997
CUST-002159,583.0,2,750.148,2023-05-28 17:48:19,2,1,1,211,At Risk / Lost,375.074,2250.444
CUST-002160,336.0,5,7531.854,2024-01-30 11:25:30,2,3,4,234,Loyal Customers,1506.3708000000001,22595.562000000005
CUST-002161,62.0,4,3993.0919999999996,2024-10-30 18:53:15,2,3,3,233,Loyal Customers,998.2729999999999,11979.275999999998
CUST-002162,393.0,3,1194.2830000000001,2023-12-04 09:54:13,2,2,1,221,At Risk / Lost,398.0943333333334,3582.849
CUST-002163,31.0,6,8263.3665,2024-11-30 05:22:51,2,4,4,244,Loyal Customers,1377.22775,24790.0995
CUST-002164,39.0,3,3164.985,2024-11-22 22:13:30,2,2,2,222,At Risk / Lost,1054.9950000000001,9494.955000000002
CUST-002165,511.0,5,4994.3585,2023-08-08 08:41:47,2,3,3,233,Loyal Customers,998.8717,14983.0755
CUST-002166,730.0,2,1811.3190000000002,2023-01-01 12:44:47,2,1,1,211,At Risk / Lost,905.6595000000001,5433.957
CUST-002167,314.0,5,4449.5325,2024-02-21 06:32:53,2,3,3,233,Loyal Customers,889.9065,13348.5975
CUST-002168,173.0,1,1039.3799999999999,2024-07-11 17:48:03,2,1,1,211,At Risk / Lost,1039.3799999999999,3118.1399999999994
CUST-002169,35.0,3,1188.5765000000001,2024-11-25 23:35:45,2,2,1,221,At Risk / Lost,396.1921666666667,3565.7295000000004
CUST-002170,31.0,7,8311.4825,2024-11-30 10:08:04,2,4,4,244,Loyal Customers,1187.3546428571428,24934.447500000002
CUST-002171,853.0,1,1837.278,2022-08-31 03:07:19,2,1,1,211,At Risk / Lost,1837.278,5511.834
CUST-002172,5.0,2,1401.3780000000002,2024-12-26 11:45:18,2,1,1,211,At Risk / Lost,700.6890000000001,4204.134
CUST-002173,115.0,3,1165.829,2024-09-06 23:53:57,2,2,1,221,At Risk / Lost,388.60966666666667,3497.487
CUST-002174,185.0,8,9175.486,2024-06-29 22:16:02,2,4,4,244,Loyal Customers,1146.93575,27526.458000000002
CUST-002175,126.0,3,4244.795,2024-08-27 18:28:39,2,2,3,223,At Risk / Lost,1414.9316666666666,12734.385
CUST-002176,8.0,12,12062.497,2024-12-23 20:37:07,2,4,4,244,Loyal Customers,1005.2080833333333,36187.490999999995
CUST-002177,96.0,6,6830.0185,2024-09-26 03:38:02,2,4,4,244,Loyal Customers,1138.3364166666668,20490.055500000002
CUST-002178,172.0,2,1498.2450000000001,2024-07-12 00:51:28,2,1,1,211,At Risk / Lost,749.1225000000001,4494.735000000001
CUST-002179,100.0,10,5387.7335,2024-09-22 09:17:05,2,4,4,244,Loyal Customers,538.77335,16163.2005
CUST-002180,164.0,1,33.652499999999996,2024-07-20 11:23:52,2,1,1,211,At Risk / Lost,33.652499999999996,100.95749999999998
CUST-002181,141.0,3,1956.162,2024-08-12 18:31:27,2,2,1,221,At Risk / Lost,652.054,5868.485999999999
CUST-002182,84.0,6,4208.822,2024-10-08 19:34:54,2,4,3,243,Loyal Customers,701.4703333333333,12626.466
CUST-002183,14.0,3,2466.159,2024-12-17 01:41:47,2,2,2,222,At Risk / Lost,822.053,7398.477000000001
CUST-002184,120.0,6,6371.42,2024-09-02 19:16:36,2,4,4,244,Loyal Customers,1061.9033333333334,19114.260000000002
CUST-002185,140.0,6,4979.888,2024-08-13 10:54:19,2,4,3,243,Loyal Customers,829.9813333333333,14939.664
CUST-002186,181.0,6,4828.1539999999995,2024-07-03 16:29:12,2,4,3,243,Loyal Customers,804.6923333333333,14484.462
CUST-002187,166.0,3,987.1455000000001,2024-07-18 03:00:39,2,2,1,221,At Risk / Lost,329.04850000000005,2961.4365000000003
CUST-002188,186.0,3,2169.3,2024-06-28 12:04:31,2,2,1,221,At Risk / Lost,723.1,6507.900000000001
CUST-002189,2.0,6,6778.613,2024-12-29 08:40:47,2,4,4,244,Loyal Customers,1129.7688333333333,20335.839
CUST-002190,13.0,7,7585.8375,2024-12-17 23:06:39,2,4,4,244,Loyal Customers,1083.6910714285714,22757.512499999997
CUST-002191,54.0,2,1279.444,2024-11-07 20:50:32,2,1,1,211,At Risk / Lost,639.722,3838.332
CUST-002192,185.0,5,5125.427,2024-06-29 13:00:30,2,3,3,233,Loyal Customers,1025.0854,15376.280999999999
CUST-002193,585.0,3,2478.9425,2023-05-26 21:52:50,2,2,2,222,At Risk / Lost,826.3141666666667,7436.8275
CUST-002194,106.0,8,10024.002,2024-09-16 02:05:07,2,4,4,244,Loyal Customers,1253.00025,30072.006
CUST-002195,52.0,6,8581.2285,2024-11-09 22:16:43,2,4,4,244,Loyal Customers,1430.2047499999999,25743.6855
CUST-002196,301.0,3,4810.0585,2024-03-05 20:00:38,2,2,3,223,At Risk / Lost,1603.3528333333334,14430.175500000001
CUST-002198,371.0,2,2535.0905,2023-12-26 14:39:49,2,1,2,212,At Risk / Lost,1267.54525,7605.271499999999
CUST-002199,409.0,1,1194.603,2023-11-18 11:57:08,2,1,1,211,At Risk / Lost,1194.603,3583.809
CUST-002200,10.0,8,11914.082,2024-12-21 09:33:31,2,4,4,244,Loyal Customers,1489.26025,35742.246
CUST-002201,655.0,4,5813.3955000000005,2023-03-17 17:38:06,2,3,4,234,Loyal Customers,1453.3488750000001,17440.186500000003
CUST-002202,81.0,4,4496.952,2024-10-11 07:28:23,2,3,3,233,Loyal Customers,1124.238,13490.856
CUST-002203,39.0,4,2661.378,2024-11-22 12:09:57,2,3,2,232,Others,665.3445,7984.134
CUST-002204,426.0,4,4450.34,2023-11-01 12:37:50,2,3,3,233,Loyal Customers,1112.585,13351.02
CUST-002205,104.0,4,2012.153,2024-09-18 00:29:04,2,3,1,231,Others,503.03825,6036.459
CUST-002206,806.0,3,3550.8835,2022-10-17 17:04:15,2,2,2,222,At Risk / Lost,1183.6278333333332,10652.6505
CUST-002207,148.0,6,5816.1375,2024-08-05 06:52:46,2,4,4,244,Loyal Customers,969.3562499999999,17448.4125
CUST-002209,98.0,5,5840.724,2024-09-24 15:27:25,2,3,4,234,Loyal Customers,1168.1448,17522.172
CUST-002210,438.0,2,1175.775,2023-10-20 15:58:25,2,1,1,211,At Risk / Lost,587.8875,3527.3250000000003
CUST-002211,241.0,4,4197.5075,2024-05-04 00:46:24,2,3,3,233,Loyal Customers,1049.376875,12592.5225
CUST-002212,255.0,6,6804.612,2024-04-20 05:00:14,2,4,4,244,Loyal Customers,1134.102,20413.836000000003
CUST-002213,174.0,5,5612.202,2024-07-10 16:42:58,2,3,4,234,Loyal Customers,1122.4404,16836.606
CUST-002214,95.0,3,3082.2175,2024-09-27 04:30:10,2,2,2,222,At Risk / Lost,1027.4058333333335,9246.652500000002
CUST-002215,91.0,12,10701.8695,2024-10-01 04:00:17,2,4,4,244,Loyal Customers,891.8224583333334,32105.608500000002
CUST-002216,860.0,2,2017.174,2022-08-24 02:34:38,2,1,1,211,At Risk / Lost,1008.587,6051.522
CUST-002217,49.0,4,6721.3205,2024-11-12 09:06:06,2,3,4,234,Loyal Customers,1680.330125,20163.961499999998
CUST-002218,163.0,7,11576.033,2024-07-21 07:29:51,2,4,4,244,Loyal Customers,1653.7189999999998,34728.099
CUST-002219,785.0,1,713.4110000000001,2022-11-07 10:25:29,2,1,1,211,At Risk / Lost,713.4110000000001,2140.233
CUST-002220,2.0,3,4527.7255,2024-12-29 16:42:28,2,2,3,223,At Risk / Lost,1509.2418333333333,13583.176499999998
CUST-002221,340.0,4,3163.1800000000003,2024-01-26 22:10:38,2,3,2,232,Others,790.7950000000001,9489.54
CUST-002222,94.0,2,1120.456,2024-09-28 03:33:15,2,1,1,211,At Risk / Lost,560.228,3361.3679999999995
CUST-002223,574.0,4,2843.3745,2023-06-06 09:35:58,2,3,2,232,Others,710.843625,8530.1235
CUST-002224,156.0,3,4005.0825,2024-07-28 03:11:05,2,2,3,223,At Risk / Lost,1335.0275,12015.247499999998
CUST-002225,216.0,2,1455.3015,2024-05-29 07:33:43,2,1,1,211,At Risk / Lost,727.65075,4365.904500000001
CUST-002226,37.0,6,6891.424,2024-11-24 18:09:19,2,4,4,244,Loyal Customers,1148.5706666666667,20674.272000000004
CUST-002227,151.0,8,8199.0405,2024-08-02 01:19:55,2,4,4,244,Loyal Customers,1024.8800625,24597.121499999997
CUST-002228,124.0,2,1730.4095,2024-08-29 17:55:38,2,1,1,211,At Risk / Lost,865.20475,5191.2285
CUST-002229,143.0,5,4341.5395,2024-08-10 05:42:24,2,3,3,233,Loyal Customers,868.3079,13024.6185
CUST-002230,752.0,3,3624.631,2022-12-10 20:54:49,2,2,2,222,At Risk / Lost,1208.2103333333332,10873.892999999998
CUST-002231,11.0,5,6441.415,2024-12-20 01:51:09,2,3,4,234,Loyal Customers,1288.283,19324.244999999995
CUST-002232,6.0,5,6347.085,2024-12-25 21:56:20,2,3,4,234,Loyal Customers,1269.417,19041.254999999997
CUST-002233,269.0,2,1567.101,2024-04-06 20:26:44,2,1,1,211,At Risk / Lost,783.5505,4701.303
CUST-002234,777.0,3,3728.6620000000003,2022-11-15 13:31:58,2,2,3,223,At Risk / Lost,1242.8873333333333,11185.986
CUST-002235,26.0,4,1596.489,2024-12-05 14:43:04,2,3,1,231,Others,399.12225,4789.467000000001
CUST-002236,298.0,3,2356.321,2024-03-08 16:03:15,2,2,2,222,At Risk / Lost,785.4403333333333,7068.963
CUST-002237,772.0,2,3206.934,2022-11-20 04:29:05,2,1,2,212,At Risk / Lost,1603.467,9620.802
CUST-002238,335.0,4,4156.8695,2024-01-31 04:46:54,2,3,3,233,Loyal Customers,1039.217375,12470.608499999998
CUST-002239,233.0,4,4219.722,2024-05-12 12:14:15,2,3,3,233,Loyal Customers,1054.9305,12659.166
CUST-002240,25.0,3,1613.415,2024-12-06 15:44:53,2,2,1,221,At Risk / Lost,537.805,4840.245
CUST-002241,115.0,4,5830.418,2024-09-07 04:51:00,2,3,4,234,Loyal Customers,1457.6045,17491.254
CUST-002242,208.0,7,3981.5565,2024-06-06 05:21:31,2,4,3,243,Loyal Customers,568.7937857142857,11944.6695
CUST-002243,87.0,3,2513.026,2024-10-05 20:05:29,2,2,2,222,At Risk / Lost,837.6753333333332,7539.0779999999995
CUST-002244,321.0,4,3124.8195,2024-02-14 10:29:25,2,3,2,232,Others,781.204875,9374.4585
CUST-002246,421.0,4,3659.572,2023-11-06 10:08:08,2,3,3,233,Loyal Customers,914.893,10978.716
CUST-002247,663.0,2,1969.592,2023-03-09 08:44:49,2,1,1,211,At Risk / Lost,984.796,5908.776
CUST-002248,79.0,6,7281.352,2024-10-13 11:43:59,2,4,4,244,Loyal Customers,1213.5586666666666,21844.055999999997
CUST-002249,19.0,4,4468.0015,2024-12-12 11:15:18,2,3,3,233,Loyal Customers,1117.000375,13404.004500000001
CUST-002250,64.0,3,6061.464,2024-10-28 15:48:05,2,2,4,224,At Risk / Lost,2020.488,18184.392
CUST-002251,382.0,3,4284.324,2023-12-15 11:47:31,2,2,3,223,At Risk / Lost,1428.108,12852.971999999998
CUST-002252,153.0,3,3472.2555,2024-07-31 21:28:22,2,2,2,222,At Risk / Lost,1157.4185,10416.766500000002
CUST-002253,65.0,6,6831.774,2024-10-27 01:19:37,2,4,4,244,Loyal Customers,1138.6290000000001,20495.322000000004
CUST-002254,125.0,5,4808.996,2024-08-28 22:18:46,2,3,3,233,Loyal Customers,961.7992,14426.988000000001
CUST-002255,826.0,1,2260.973,2022-09-27 03:23:17,2,1,2,212,At Risk / Lost,2260.973,6782.919
CUST-002256,358.0,3,1938.4370000000001,2024-01-08 20:17:57,2,2,1,221,At Risk / Lost,646.1456666666667,5815.311
CUST-002257,86.0,7,10165.6335,2024-10-06 10:36:44,2,4,4,244,Loyal Customers,1452.2333571428571,30496.9005
CUST-002258,138.0,4,2637.581,2024-08-15 18:48:00,2,3,2,232,Others,659.39525,7912.743
CUST-002259,65.0,3,4365.0425,2024-10-27 12:20:22,2,2,3,223,At Risk / Lost,1455.0141666666666,13095.127499999999
CUST-002260,338.0,3,2216.322,2024-01-28 20:24:00,2,2,1,221,At Risk / Lost,738.774,6648.966
CUST-002261,208.0,4,2179.951,2024-06-06 13:32:35,2,3,1,231,Others,544.98775,6539.853
CUST-002262,3.0,4,4684.9515,2024-12-27 23:25:54,2,3,3,233,Loyal Customers,1171.237875,14054.854500000001
CUST-002263,10.0,4,5008.219,2024-12-21 01:08:14,2,3,3,233,Loyal Customers,1252.05475,15024.657
CUST-002264,326.0,3,1935.654,2024-02-09 17:31:24,2,2,1,221,At Risk / Lost,645.218,5806.9619999999995
CUST-002265,1.0,4,3221.5205,2024-12-30 18:36:22,2,3,2,232,Others,805.380125,9664.5615
CUST-002266,976.0,1,1780.3864999999998,2022-04-30 22:07:10,2,1,1,211,At Risk / Lost,1780.3864999999998,5341.1595
CUST-002267,93.0,5,3027.0635,2024-09-29 11:03:04,2,3,2,232,Others,605.4127000000001,9081.1905
CUST-002268,265.0,3,1549.1275,2024-04-10 12:49:57,2,2,1,221,At Risk / Lost,516.3758333333334,4647.3825
CUST-002269,125.0,4,4446.8425,2024-08-28 03:08:18,2,3,3,233,Loyal Customers,1111.710625,13340.5275
CUST-002270,76.0,2,1230.2669999999998,2024-10-16 00:52:15,2,1,1,211,At Risk / Lost,615.1334999999999,3690.8009999999995
CUST-002271,107.0,5,5735.2825,2024-09-15 07:02:27,2,3,4,234,Loyal Customers,1147.0565000000001,17205.847500000003
CUST-002272,249.0,4,3681.1675,2024-04-26 21:05:32,2,3,3,233,Loyal Customers,920.291875,11043.5025
CUST-002273,560.0,4,2522.985,2023-06-20 09:54:58,2,3,2,232,Others,630.74625,7568.955
CUST-002274,937.0,1,37.149,2022-06-08 01:12:34,2,1,1,211,At Risk / Lost,37.149,111.447
CUST-002275,133.0,1,373.4415,2024-08-20 07:13:25,2,1,1,211,At Risk / Lost,373.4415,1120.3245000000002
CUST-002276,19.0,5,7482.0425000000005,2024-12-12 20:34:29,2,3,4,234,Loyal Customers,1496.4085,22446.1275
CUST-002277,64.0,6,4917.214,2024-10-28 22:25:10,2,4,3,243,Loyal Customers,819.5356666666667,14751.642
CUST-002278,151.0,7,7081.887000000001,2024-08-02 09:04:44,2,4,4,244,Loyal Customers,1011.6981428571429,21245.661
CUST-002279,133.0,2,2955.487,2024-08-20 01:57:38,2,1,2,212,At Risk / Lost,1477.7435,8866.461
CUST-002280,322.0,4,3468.117,2024-02-13 03:35:27,2,3,2,232,Others,867.02925,10404.351
CUST-002281,331.0,4,3427.5165,2024-02-04 04:16:59,2,3,2,232,Others,856.879125,10282.549500000001
CUST-002282,38.0,7,6331.4095,2024-11-23 13:04:22,2,4,4,244,Loyal Customers,904.4870714285714,18994.228499999997
CUST-002283,324.0,5,8193.1545,2024-02-11 14:35:07,2,3,4,234,Loyal Customers,1638.6309,24579.4635
CUST-002284,256.0,4,5488.4800000000005,2024-04-19 21:33:54,2,3,4,234,Loyal Customers,1372.1200000000001,16465.440000000002
CUST-002285,283.0,4,2292.6555,2024-03-23 16:14:07,2,3,2,232,Others,573.163875,6877.9664999999995
CUST-002286,237.0,3,2614.7985,2024-05-08 21:51:48,2,2,2,222,At Risk / Lost,871.5994999999999,7844.3955
CUST-002287,125.0,9,11613.656,2024-08-28 22:06:11,2,4,4,244,Loyal Customers,1290.4062222222224,34840.968
CUST-002288,20.0,2,2840.34,2024-12-11 03:27:33,2,1,2,212,At Risk / Lost,1420.17,8521.02
CUST-002290,144.0,2,1439.992,2024-08-09 04:35:30,2,1,1,211,At Risk / Lost,719.996,4319.976
CUST-002291,750.0,1,1156.217,2022-12-12 10:28:48,2,1,1,211,At Risk / Lost,1156.217,3468.6510000000003
CUST-002292,2.0,8,7315.322,2024-12-29 14:32:35,2,4,4,244,Loyal Customers,914.41525,21945.966
CUST-002293,286.0,1,2013.4759999999999,2024-03-20 07:37:43,2,1,1,211,At Risk / Lost,2013.4759999999999,6040.428
CUST-002295,59.0,7,6836.7919999999995,2024-11-02 20:05:03,2,4,4,244,Loyal Customers,976.6845714285713,20510.375999999997
CUST-002296,159.0,4,4336.8665,2024-07-25 21:50:27,2,3,3,233,Loyal Customers,1084.216625,13010.5995
CUST-002297,386.0,3,2327.2025,2023-12-11 07:23:25,2,2,2,222,At Risk / Lost,775.7341666666666,6981.6075
CUST-002298,19.0,5,4689.302,2024-12-12 07:53:04,2,3,3,233,Loyal Customers,937.8603999999999,14067.905999999999
CUST-002299,133.0,5,3731.752,2024-08-20 04:56:19,2,3,3,233,Loyal Customers,746.3504,11195.256000000001
CUST-002300,318.0,6,6349.011,2024-02-17 11:58:35,2,4,4,244,Loyal Customers,1058.1685,19047.033000000003
CUST-002301,90.0,9,9529.116,2024-10-02 22:20:56,2,4,4,244,Loyal Customers,1058.7906666666668,28587.348000000005
CUST-002302,135.0,3,3431.3365,2024-08-18 11:17:48,2,2,2,222,At Risk / Lost,1143.7788333333333,10294.0095
CUST-002303,26.0,5,3213.2045,2024-12-05 07:15:28,2,3,2,232,Others,642.6409,9639.6135
CUST-002304,197.0,6,5180.396,2024-06-17 13:31:06,2,4,3,243,Loyal Customers,863.3993333333333,15541.187999999998
CUST-002305,171.0,6,4679.359,2024-07-13 11:56:40,2,4,3,243,Loyal Customers,779.8931666666667,14038.077000000001
CUST-002306,267.0,4,4529.219,2024-04-08 19:22:09,2,3,3,233,Loyal Customers,1132.30475,13587.657
CUST-002307,14.0,5,6366.692,2024-12-17 23:02:51,2,3,4,234,Loyal Customers,1273.3384,19100.076
CUST-002308,113.0,6,5230.580999999999,2024-09-09 03:24:05,2,4,3,243,Loyal Customers,871.7634999999999,15691.742999999999
CUST-002310,651.0,5,3752.486,2023-03-21 00:02:04,2,3,3,233,Loyal Customers,750.4972,11257.457999999999
CUST-002311,41.0,4,4490.7635,2024-11-20 00:14:39,2,3,3,233,Loyal Customers,1122.690875,13472.2905
CUST-002312,771.0,3,2409.447,2022-11-21 07:25:41,2,2,2,222,At Risk / Lost,803.149,7228.341
CUST-002313,33.0,6,4650.2445,2024-11-28 04:08:30,2,4,3,243,Loyal Customers,775.04075,13950.733499999998
CUST-002314,9.0,4,3976.2195,2024-12-22 14:19:28,2,3,3,233,Loyal Customers,994.054875,11928.658500000001
CUST-002315,744.0,4,2907.5735,2022-12-18 16:11:16,2,3,2,232,Others,726.893375,8722.7205
CUST-002316,89.0,4,6411.255,2024-10-03 01:51:12,2,3,4,234,Loyal Customers,1602.81375,19233.765
CUST-002317,45.0,7,5096.2875,2024-11-16 20:01:01,2,4,3,243,Loyal Customers,728.0410714285715,15288.862500000001
CUST-002318,1.0,7,7852.92,2024-12-30 18:45:50,2,4,4,244,Loyal Customers,1121.8457142857144,23558.760000000002
CUST-002319,565.0,3,2167.0434999999998,2023-06-15 01:31:05,2,2,1,221,At Risk / Lost,722.3478333333333,6501.130499999999
CUST-002320,35.0,7,8588.6465,2024-11-26 21:52:55,2,4,4,244,Loyal Customers,1226.9495000000002,25765.9395
CUST-002321,97.0,5,1622.7235,2024-09-25 10:51:51,2,3,1,231,Others,324.54470000000003,4868.1705
CUST-002322,44.0,7,6488.7825,2024-11-17 19:11:51,2,4,4,244,Loyal Customers,926.9689285714286,19466.3475
CUST-002323,24.0,6,4648.2005,2024-12-07 11:56:40,2,4,3,243,Loyal Customers,774.7000833333333,13944.6015
CUST-002324,41.0,8,6228.237,2024-11-20 20:09:08,2,4,4,244,Loyal Customers,778.529625,18684.711
CUST-002325,183.0,6,7994.4035,2024-07-01 19:35:26,2,4,4,244,Loyal Customers,1332.4005833333333,23983.2105
CUST-002326,301.0,2,634.0995,2024-03-05 10:55:21,2,1,1,211,At Risk / Lost,317.04975,1902.2985
CUST-002327,788.0,1,1891.6525,2022-11-04 18:51:14,2,1,1,211,At Risk / Lost,1891.6525,5674.9574999999995
CUST-002328,55.0,4,3365.417,2024-11-06 02:21:58,2,3,2,232,Others,841.35425,10096.251
CUST-002329,198.0,3,1784.303,2024-06-16 10:30:41,2,2,1,221,At Risk / Lost,594.7676666666667,5352.9090000000015
CUST-002330,124.0,2,931.596,2024-08-29 22:12:28,2,1,1,211,At Risk / Lost,465.798,2794.788
CUST-002331,400.0,6,5049.9675,2023-11-26 23:49:42,2,4,3,243,Loyal Customers,841.66125,15149.9025
CUST-002332,631.0,4,5438.0435,2023-04-10 19:50:40,2,3,4,234,Loyal Customers,1359.510875,16314.1305
CUST-002333,38.0,7,9939.652,2024-11-23 02:29:08,2,4,4,244,Loyal Customers,1419.9502857142857,29818.956
CUST-002334,208.0,4,2931.7905000000005,2024-06-06 06:38:37,2,3,2,232,Others,732.9476250000001,8795.371500000001
CUST-002335,324.0,2,1187.9445,2024-02-11 09:20:28,2,1,1,211,At Risk / Lost,593.97225,3563.8335
CUST-002336,383.0,2,1380.4165,2023-12-14 02:04:10,2,1,1,211,At Risk / Lost,690.20825,4141.2495
CUST-002337,64.0,3,2594.2815,2024-10-28 22:50:39,2,2,2,222,At Risk / Lost,864.7605,7782.8445
CUST-002338,353.0,5,2747.2994999999996,2024-01-13 22:13:27,2,3,2,232,Others,549.4599,8241.8985
CUST-002339,364.0,4,2964.2345,2024-01-02 16:15:13,2,3,2,232,Others,741.058625,8892.7035
CUST-002340,49.0,5,3621.9390000000003,2024-11-12 11:49:18,2,3,2,232,Others,724.3878000000001,10865.817000000001
CUST-002341,242.0,6,7640.5875,2024-05-03 22:46:46,2,4,4,244,Loyal Customers,1273.4312499999999,22921.762499999997
CUST-002342,200.0,5,3900.675,2024-06-14 12:32:36,2,3,3,233,Loyal Customers,780.135,11702.025000000001
CUST-002343,240.0,7,6829.6355,2024-05-05 13:50:34,2,4,4,244,Loyal Customers,975.6622142857143,20488.9065
CUST-002344,310.0,3,4951.696,2024-02-25 02:19:40,2,2,3,223,At Risk / Lost,1650.5653333333332,14855.088
CUST-002345,12.0,6,4531.783,2024-12-19 22:45:59,2,4,3,243,Loyal Customers,755.2971666666667,13595.349000000002
CUST-002346,1000.0,1,810.102,2022-04-05 23:57:00,2,1,1,211,At Risk / Lost,810.102,2430.306
CUST-002347,177.0,9,8275.974,2024-07-07 20:57:04,2,4,4,244,Loyal Customers,919.5526666666667,24827.922
CUST-002348,22.0,8,6831.6695,2024-12-09 01:05:28,2,4,4,244,Loyal Customers,853.9586875,20495.0085
CUST-002349,863.0,1,1968.2404999999999,2022-08-21 17:50:00,2,1,1,211,At Risk / Lost,1968.2404999999999,5904.7215
CUST-002350,398.0,3,2962.0645,2023-11-29 03:07:22,2,2,2,222,At Risk / Lost,987.3548333333333,8886.1935
CUST-002351,146.0,4,3244.697,2024-08-07 19:00:57,2,3,2,232,Others,811.17425,9734.091
CUST-002352,1009.0,2,1440.5885,2022-03-28 03:42:08,2,1,1,211,At Risk / Lost,720.29425,4321.7655
CUST-002353,164.0,4,3430.6545,2024-07-20 00:01:02,2,3,2,232,Others,857.663625,10291.9635
CUST-002354,127.0,8,5991.5045,2024-08-26 20:16:50,2,4,4,244,Loyal Customers,748.9380625,17974.5135
CUST-002355,48.0,6,5535.1939999999995,2024-11-13 05:36:01,2,4,4,244,Loyal Customers,922.5323333333332,16605.582
CUST-002356,65.0,7,6420.3965,2024-10-27 16:06:56,2,4,4,244,Loyal Customers,917.1995,19261.1895
CUST-002357,329.0,3,3216.0125,2024-02-06 12:37:12,2,2,2,222,At Risk / Lost,1072.0041666666666,9648.037499999999
CUST-002358,399.0,3,2322.2435,2023-11-28 12:33:16,2,2,2,222,At Risk / Lost,774.0811666666667,6966.7305
CUST-002359,260.0,4,4215.492,2024-04-15 15:54:37,2,3,3,233,Loyal Customers,1053.873,12646.476
CUST-002360,258.0,1,1200.2060000000001,2024-04-17 11:14:47,2,1,1,211,At Risk / Lost,1200.2060000000001,3600.6180000000004
CUST-002361,280.0,5,3289.067,2024-03-26 13:42:53,2,3,2,232,Others,657.8134,9867.201000000001
CUST-002362,20.0,5,5040.992,2024-12-11 11:38:45,2,3,3,233,Loyal Customers,1008.1984,15122.976
CUST-002363,1058.0,2,1404.3020000000001,2022-02-07 02:10:54,2,1,1,211,At Risk / Lost,702.1510000000001,4212.906000000001
CUST-002364,548.0,6,11077.0765,2023-07-02 12:08:06,2,4,4,244,Loyal Customers,1846.1794166666666,33231.2295
CUST-002365,17.0,4,4096.2885,2024-12-14 00:11:05,2,3,3,233,Loyal Customers,1024.072125,12288.8655
CUST-002366,27.0,4,2258.2284999999997,2024-12-04 04:18:50,2,3,2,232,Others,564.5571249999999,6774.6855
CUST-002367,275.0,4,2693.9314999999997,2024-03-31 11:44:42,2,3,2,232,Others,673.4828749999999,8081.794499999999
CUST-002368,117.0,4,3913.085,2024-09-05 09:45:41,2,3,3,233,Loyal Customers,978.27125,11739.255000000001
CUST-002369,422.0,3,2887.3945000000003,2023-11-05 02:32:07,2,2,2,222,At Risk / Lost,962.4648333333334,8662.183500000001
CUST-002370,9.0,4,1791.948,2024-12-22 12:18:50,2,3,1,231,Others,447.987,5375.844
CUST-002371,44.0,6,5182.5955,2024-11-17 18:25:37,2,4,3,243,Loyal Customers,863.7659166666667,15547.786500000002
CUST-002372,74.0,4,2222.8575,2024-10-18 02:15:41,2,3,1,231,Others,555.714375,6668.5725
CUST-002373,218.0,6,6990.713,2024-05-27 11:07:03,2,4,4,244,Loyal Customers,1165.1188333333332,20972.139
CUST-002374,213.0,3,2627.357,2024-06-01 01:51:22,2,2,2,222,At Risk / Lost,875.7856666666667,7882.071
CUST-002375,159.0,4,3160.9784999999997,2024-07-25 02:30:31,2,3,2,232,Others,790.2446249999999,9482.9355
CUST-002376,23.0,5,5411.7395,2024-12-08 00:20:14,2,3,4,234,Loyal Customers,1082.3479,16235.218499999999
CUST-002377,292.0,4,6838.6314999999995,2024-03-14 15:01:22,2,3,4,234,Loyal Customers,1709.6578749999999,20515.8945
CUST-002378,37.0,3,5057.468,2024-11-24 02:35:02,2,2,3,223,At Risk / Lost,1685.8226666666667,15172.403999999999
CUST-002379,275.0,4,2148.929,2024-03-31 05:45:47,2,3,1,231,Others,537.23225,6446.787
CUST-002380,39.0,6,5303.612,2024-11-22 18:56:22,2,4,4,244,Loyal Customers,883.9353333333333,15910.836
CUST-002381,303.0,2,1186.6895,2024-03-03 02:23:48,2,1,1,211,At Risk / Lost,593.34475,3560.0685
CUST-002382,559.0,3,3030.2464999999997,2023-06-21 08:25:04,2,2,2,222,At Risk / Lost,1010.0821666666666,9090.7395
CUST-002383,312.0,2,1951.7849999999999,2024-02-23 02:42:54,2,1,1,211,At Risk / Lost,975.8924999999999,5855.355
CUST-002384,178.0,5,4098.502,2024-07-06 14:15:51,2,3,3,233,Loyal Customers,819.7004000000001,12295.506000000001
CUST-002385,212.0,3,2904.598,2024-06-02 12:13:11,2,2,2,222,At Risk / Lost,968.1993333333334,8713.794
CUST-002386,55.0,4,2897.6434999999997,2024-11-06 11:04:03,2,3,2,232,Others,724.4108749999999,8692.930499999999
CUST-002387,48.0,4,4986.564,2024-11-13 16:24:25,2,3,3,233,Loyal Customers,1246.641,14959.692000000001
CUST-002389,812.0,3,2775.016,2022-10-11 09:42:39,2,2,2,222,At Risk / Lost,925.0053333333334,8325.048
CUST-002390,524.0,3,3892.496,2023-07-26 18:53:31,2,2,3,223,At Risk / Lost,1297.4986666666666,11677.488000000001
CUST-002391,27.0,5,4869.1835,2024-12-04 20:56:39,2,3,3,233,Loyal Customers,973.8367000000001,14607.550500000001
CUST-002393,393.0,5,6593.847,2023-12-04 09:16:45,2,3,4,234,Loyal Customers,1318.7694,19781.540999999997
CUST-002394,227.0,3,3271.9939999999997,2024-05-18 06:35:19,2,2,2,222,At Risk / Lost,1090.6646666666666,9815.982
CUST-002395,188.0,3,1801.8455000000001,2024-06-26 00:07:46,2,2,1,221,At Risk / Lost,600.6151666666667,5405.5365
CUST-002396,160.0,3,2923.788,2024-07-24 16:44:11,2,2,2,222,At Risk / Lost,974.596,8771.364
CUST-002397,445.0,4,5982.322,2023-10-13 22:21:15,2,3,4,234,Loyal Customers,1495.5805,17946.966
CUST-002398,184.0,1,611.13,2024-06-30 16:20:24,2,1,1,211,At Risk / Lost,611.13,1833.3899999999999
CUST-002399,124.0,2,2459.047,2024-08-29 05:35:11,2,1,2,212,At Risk / Lost,1229.5235,7377.141
CUST-002400,256.0,3,2774.598,2024-04-19 02:32:22,2,2,2,222,At Risk / Lost,924.866,8323.794
CUST-002401,147.0,5,5683.526,2024-08-06 01:23:21,2,3,4,234,Loyal Customers,1136.7051999999999,17050.578
CUST-002402,282.0,3,4512.7415,2024-03-24 19:59:06,2,2,3,223,At Risk / Lost,1504.2471666666668,13538.2245
CUST-002403,18.0,5,6912.7795,2024-12-13 00:00:00,2,3,4,234,Loyal Customers,1382.5558999999998,20738.338499999998
CUST-002404,502.0,4,5570.7155,2023-08-17 19:14:53,2,3,4,234,Loyal Customers,1392.678875,16712.146500000003
CUST-002405,61.0,7,6399.083,2024-10-31 10:18:02,2,4,4,244,Loyal Customers,914.1547142857142,19197.249
CUST-002406,257.0,4,3856.098,2024-04-18 06:44:45,2,3,3,233,Loyal Customers,964.0245,11568.294
CUST-002407,541.0,3,1070.4365,2023-07-09 17:47:08,2,2,1,221,At Risk / Lost,356.81216666666666,3211.3095000000003
CUST-002408,224.0,7,5609.567,2024-05-21 19:53:19,2,4,4,244,Loyal Customers,801.3667142857142,16828.701
CUST-002409,9.0,6,6235.8105000000005,2024-12-22 07:08:50,2,4,4,244,Loyal Customers,1039.30175,18707.431500000002
CUST-002410,123.0,8,7845.3405,2024-08-30 00:32:29,2,4,4,244,Loyal Customers,980.6675625,23536.021500000003
CUST-002411,231.0,3,3136.3775,2024-05-14 07:12:53,2,2,2,222,At Risk / Lost,1045.4591666666668,9409.132500000002
CUST-002412,15.0,6,7112.8315,2024-12-16 20:05:28,2,4,4,244,Loyal Customers,1185.4719166666666,21338.4945
CUST-002413,265.0,5,5123.166,2024-04-10 11:44:11,2,3,3,233,Loyal Customers,1024.6332,15369.498
CUST-002414,64.0,9,16434.057,2024-10-28 22:53:00,2,4,4,244,Loyal Customers,1826.0063333333335,49302.171
CUST-002415,96.0,4,2996.676,2024-09-26 19:52:22,2,3,2,232,Others,749.169,8990.028
CUST-002416,120.0,6,6432.791,2024-09-01 23:53:45,2,4,4,244,Loyal Customers,1072.1318333333334,19298.373
CUST-002417,518.0,4,3471.482,2023-08-01 19:37:36,2,3,2,232,Others,867.8705,10414.446
CUST-002419,21.0,4,3179.818,2024-12-10 11:38:04,2,3,2,232,Others,794.9545,9539.454000000002
CUST-002420,493.0,2,1456.629,2023-08-26 19:52:42,2,1,1,211,At Risk / Lost,728.3145,4369.887
CUST-002421,330.0,3,2697.573,2024-02-05 15:52:03,2,2,2,222,At Risk / Lost,899.1909999999999,8092.718999999999
CUST-002422,49.0,4,7609.5105,2024-11-12 22:21:41,2,3,4,234,Loyal Customers,1902.377625,22828.5315
CUST-002423,80.0,8,12233.865,2024-10-12 09:04:32,2,4,4,244,Loyal Customers,1529.233125,36701.595
CUST-002424,183.0,3,3791.1745,2024-07-01 16:52:51,2,2,3,223,At Risk / Lost,1263.7248333333334,11373.5235
CUST-002425,726.0,1,1824.4365,2023-01-05 05:44:25,2,1,1,211,At Risk / Lost,1824.4365,5473.3095
CUST-002426,768.0,4,4518.761,2022-11-24 06:28:13,2,3,3,233,Loyal Customers,1129.69025,13556.283000000001
CUST-002427,326.0,6,5300.1015,2024-02-09 07:17:10,2,4,4,244,Loyal Customers,883.35025,15900.304499999998
CUST-002428,81.0,7,8794.878,2024-10-11 07:38:33,2,4,4,244,Loyal Customers,1256.411142857143,26384.634000000002
CUST-002429,97.0,6,4635.6630000000005,2024-09-25 07:14:13,2,4,3,243,Loyal Customers,772.6105000000001,13906.989000000001
CUST-002430,18.0,3,2761.4255000000003,2024-12-13 10:14:20,2,2,2,222,At Risk / Lost,920.4751666666667,8284.2765
CUST-002431,19.0,5,4290.9335,2024-12-12 06:57:46,2,3,3,233,Loyal Customers,858.1867,12872.800500000001
CUST-002432,156.0,6,5472.735,2024-07-28 12:04:26,2,4,4,244,Loyal Customers,912.1225,16418.204999999998
CUST-002433,310.0,6,5168.6635,2024-02-25 11:31:03,2,4,3,243,Loyal Customers,861.4439166666666,15505.9905
CUST-002434,643.0,4,2091.6465,2023-03-29 06:34:10,2,3,1,231,Others,522.911625,6274.9394999999995
CUST-002435,23.0,4,4481.942,2024-12-08 17:45:11,2,3,3,233,Loyal Customers,1120.4855,13445.826000000001
CUST-002436,101.0,5,3943.8355,2024-09-21 05:29:36,2,3,3,233,Loyal Customers,788.7671,11831.5065
CUST-002437,427.0,3,2685.3959999999997,2023-10-31 21:22:32,2,2,2,222,At Risk / Lost,895.132,8056.187999999999
CUST-002438,77.0,3,3234.562,2024-10-15 04:50:16,2,2,2,222,At Risk / Lost,1078.1873333333333,9703.686
CUST-002439,361.0,3,2939.7035,2024-01-05 07:08:16,2,2,2,222,At Risk / Lost,979.9011666666667,8819.1105
CUST-002440,192.0,4,3847.867,2024-06-22 01:43:40,2,3,3,233,Loyal Customers,961.96675,11543.601
CUST-002441,133.0,5,6869.985,2024-08-20 02:30:28,2,3,4,234,Loyal Customers,1373.9969999999998,20609.954999999994
CUST-002442,225.0,6,5468.255,2024-05-20 07:25:46,2,4,4,244,Loyal Customers,911.3758333333334,16404.765
CUST-002443,138.0,8,5560.467,2024-08-15 00:22:13,2,4,4,244,Loyal Customers,695.058375,16681.400999999998
CUST-002444,14.0,3,1207.9270000000001,2024-12-17 08:45:13,2,2,1,221,At Risk / Lost,402.6423333333334,3623.7810000000004
CUST-002445,376.0,6,2616.086,2023-12-21 12:08:20,2,4,2,242,Others,436.0143333333333,7848.258
CUST-002446,133.0,4,3298.9365,2024-08-20 00:56:00,2,3,2,232,Others,824.734125,9896.8095
CUST-002447,531.0,3,4283.6925,2023-07-19 16:38:11,2,2,3,223,At Risk / Lost,1427.8975,12851.0775
CUST-002448,285.0,5,7987.3234999999995,2024-03-21 03:59:45,2,3,4,234,Loyal Customers,1597.4647,23961.970500000003
CUST-002449,42.0,5,5470.626,2024-11-19 19:08:01,2,3,4,234,Loyal Customers,1094.1252,16411.878
CUST-002450,600.0,4,3125.308,2023-05-11 20:33:47,2,3,2,232,Others,781.327,9375.923999999999
CUST-002451,24.0,4,2872.661,2024-12-07 02:07:09,2,3,2,232,Others,718.16525,8617.983
CUST-002452,50.0,5,3005.2995,2024-11-11 01:47:40,2,3,2,232,Others,601.0599,9015.8985
CUST-002453,143.0,4,3909.9915,2024-08-10 01:33:51,2,3,3,233,Loyal Customers,977.497875,11729.9745
CUST-002454,209.0,1,698.8679999999999,2024-06-05 13:32:52,2,1,1,211,At Risk / Lost,698.8679999999999,2096.604
CUST-002455,6.0,5,4723.572,2024-12-25 12:36:32,2,3,3,233,Loyal Customers,944.7144000000001,14170.716
CUST-002456,143.0,11,10934.1445,2024-08-10 07:23:53,2,4,4,244,Loyal Customers,994.0131363636364,32802.4335
CUST-002457,64.0,6,4892.234,2024-10-28 17:47:49,2,4,3,243,Loyal Customers,815.3723333333334,14676.702000000001
CUST-002458,166.0,4,3314.282,2024-07-18 01:52:41,2,3,2,232,Others,828.5705,9942.846000000001
CUST-002459,434.0,5,5677.5355,2023-10-24 07:20:27,2,3,4,234,Loyal Customers,1135.5071,17032.6065
CUST-002460,474.0,3,1022.4114999999999,2023-09-14 00:42:56,2,2,1,221,At Risk / Lost,340.80383333333333,3067.2344999999996
CUST-002461,259.0,5,4051.0155,2024-04-16 18:21:29,2,3,3,233,Loyal Customers,810.2031,12153.046499999999
CUST-002462,694.0,1,41.752500000000005,2023-02-06 20:15:03,2,1,1,211,At Risk / Lost,41.752500000000005,125.25750000000002
CUST-002463,283.0,2,845.0485,2024-03-23 11:31:58,2,1,1,211,At Risk / Lost,422.52425,2535.1455
CUST-002464,258.0,4,4758.435,2024-04-17 03:00:13,2,3,3,233,Loyal Customers,1189.60875,14275.305
CUST-002465,616.0,5,3524.6785,2023-04-25 00:45:40,2,3,2,232,Others,704.9357,10574.0355
CUST-002466,122.0,6,3369.9335,2024-08-31 13:19:27,2,4,2,242,Others,561.6555833333333,10109.800500000001
CUST-002467,225.0,3,2697.589,2024-05-20 14:23:18,2,2,2,222,At Risk / Lost,899.1963333333333,8092.767
CUST-002468,19.0,3,3873.8905000000004,2024-12-11 23:10:04,2,2,3,223,At Risk / Lost,1291.2968333333336,11621.6715
CUST-002469,147.0,2,2936.6845000000003,2024-08-06 02:20:24,2,1,2,212,At Risk / Lost,1468.3422500000001,8810.053500000002
CUST-002470,230.0,5,6011.365,2024-05-14 23:12:57,2,3,4,234,Loyal Customers,1202.273,18034.095
CUST-002471,204.0,4,4404.8865,2024-06-10 09:50:46,2,3,3,233,Loyal Customers,1101.221625,13214.659499999998
CUST-002472,27.0,3,2416.58,2024-12-04 04:59:39,2,2,2,222,At Risk / Lost,805.5266666666666,7249.74
CUST-002473,399.0,4,2968.969,2023-11-28 20:02:10,2,3,2,232,Others,742.24225,8906.907
CUST-002474,213.0,7,8392.7445,2024-06-01 06:42:26,2,4,4,244,Loyal Customers,1198.9635,25178.233500000002
CUST-002475,473.0,4,4728.711,2023-09-15 19:07:26,2,3,3,233,Loyal Customers,1182.17775,14186.133000000002
CUST-002476,130.0,3,1271.3565,2024-08-23 15:53:14,2,2,1,221,At Risk / Lost,423.7855,3814.0695000000005
CUST-002477,2.0,5,3320.328,2024-12-29 15:10:37,2,3,2,232,Others,664.0656,9960.984
CUST-002478,63.0,5,4907.1875,2024-10-29 05:03:39,2,3,3,233,Loyal Customers,981.4375,14721.5625
CUST-002479,229.0,2,1689.4515000000001,2024-05-16 07:28:23,2,1,1,211,At Risk / Lost,844.7257500000001,5068.3545
CUST-002480,207.0,5,5793.5235,2024-06-07 20:57:33,2,3,4,234,Loyal Customers,1158.7047,17380.5705
CUST-002481,224.0,4,3516.0545,2024-05-21 11:40:43,2,3,2,232,Others,879.013625,10548.1635
CUST-002482,251.0,7,4126.631,2024-04-24 00:18:57,2,4,3,243,Loyal Customers,589.5187142857143,12379.893
CUST-002483,915.0,2,1731.982,2022-06-30 01:16:16,2,1,1,211,At Risk / Lost,865.991,5195.946
CUST-002484,63.0,5,2252.572,2024-10-29 14:20:40,2,3,2,232,Others,450.5144,6757.716
CUST-002485,255.0,4,1976.482,2024-04-20 13:49:35,2,3,1,231,Others,494.1205,5929.446
CUST-002486,5.0,6,6715.685,2024-12-25 23:14:57,2,4,4,244,Loyal Customers,1119.2808333333335,20147.055000000004
CUST-002487,65.0,2,1703.336,2024-10-27 10:50:56,2,1,1,211,At Risk / Lost,851.668,5110.008
CUST-002488,535.0,3,1624.2620000000002,2023-07-15 20:56:25,2,2,1,221,At Risk / Lost,541.4206666666668,4872.786
CUST-002489,483.0,8,6631.7865,2023-09-05 18:37:02,2,4,4,244,Loyal Customers,828.9733125,19895.3595
CUST-002490,320.0,3,2592.1205,2024-02-15 00:29:06,2,2,2,222,At Risk / Lost,864.0401666666667,7776.3615
CUST-002491,49.0,3,2470.03,2024-11-12 17:42:55,2,2,2,222,At Risk / Lost,823.3433333333334,7410.09
CUST-002492,249.0,3,2767.713,2024-04-26 03:59:33,2,2,2,222,At Risk / Lost,922.571,8303.139000000001
CUST-002493,469.0,5,5233.1255,2023-09-19 11:50:54,2,3,3,233,Loyal Customers,1046.6251,15699.3765
CUST-002494,239.0,2,1948.22,2024-05-06 14:46:24,2,1,1,211,At Risk / Lost,974.11,5844.66
CUST-002495,212.0,4,4446.384,2024-06-02 11:41:06,2,3,3,233,Loyal Customers,1111.596,13339.152
CUST-002496,118.0,5,4675.447,2024-09-04 14:32:12,2,3,3,233,Loyal Customers,935.0894000000001,14026.341
CUST-002497,62.0,9,5951.0599999999995,2024-10-30 11:53:04,2,4,4,244,Loyal Customers,661.2288888888888,17853.18
CUST-002498,143.0,3,4031.6945000000005,2024-08-10 21:08:12,2,2,3,223,At Risk / Lost,1343.8981666666668,12095.0835
CUST-002499,114.0,5,5325.431,2024-09-08 07:24:12,2,3,4,234,Loyal Customers,1065.0862,15976.292999999998
CUST-002500,70.0,12,11294.4385,2024-10-22 10:39:48,2,4,4,244,Loyal Customers,941.2032083333334,33883.3155
CUST-002501,524.0,4,3896.755,2023-07-25 23:09:55,2,3,3,233,Loyal Customers,974.18875,11690.265
CUST-002502,399.0,3,1813.4620000000002,2023-11-28 00:34:06,2,2,1,221,At Risk / Lost,604.4873333333334,5440.386
CUST-002503,219.0,3,2841.3165,2024-05-26 17:00:37,2,2,2,222,At Risk / Lost,947.1055,8523.949499999999
CUST-002504,486.0,2,2772.6075,2023-09-02 15:51:01,2,1,2,212,At Risk / Lost,1386.30375,8317.8225
CUST-002505,140.0,10,13538.528,2024-08-13 14:32:43,2,4,4,244,Loyal Customers,1353.8528000000001,40615.584
CUST-002506,596.0,5,5767.031,2023-05-15 09:34:40,2,3,4,234,Loyal Customers,1153.4062,17301.092999999997
CUST-002507,149.0,6,4400.5175,2024-08-04 11:39:10,2,4,3,243,Loyal Customers,733.4195833333333,13201.5525
CUST-002508,184.0,9,10053.387,2024-06-30 01:31:02,2,4,4,244,Loyal Customers,1117.0430000000001,30160.161
CUST-002509,10.0,4,3323.4185,2024-12-21 21:22:01,2,3,2,232,Others,830.854625,9970.255500000001
CUST-002510,552.0,2,2591.019,2023-06-28 16:23:47,2,1,2,212,At Risk / Lost,1295.5095,7773.056999999999
CUST-002511,285.0,3,4752.136,2024-03-21 11:21:31,2,2,3,223,At Risk / Lost,1584.0453333333335,14256.408000000001
CUST-002512,64.0,5,5195.887,2024-10-28 11:37:24,2,3,3,233,Loyal Customers,1039.1774,15587.661000000002
CUST-002513,179.0,5,4434.139,2024-07-05 20:31:46,2,3,3,233,Loyal Customers,886.8278,13302.417000000001
CUST-002514,210.0,4,3662.875,2024-06-04 18:31:46,2,3,3,233,Loyal Customers,915.71875,10988.625
CUST-002515,469.0,4,2348.835,2023-09-19 04:08:53,2,3,2,232,Others,587.20875,7046.505
CUST-002516,297.0,5,2505.3985,2024-03-09 19:49:17,2,3,2,232,Others,501.07969999999995,7516.1955
CUST-002517,75.0,5,1906.509,2024-10-17 00:07:02,2,3,1,231,Others,381.3018,5719.527
CUST-002519,73.0,4,4580.72,2024-10-19 13:45:11,2,3,3,233,Loyal Customers,1145.18,13742.16
CUST-002520,27.0,10,12099.8255,2024-12-04 15:48:38,2,4,4,244,Loyal Customers,1209.9825500000002,36299.476500000004
CUST-002521,304.0,4,4040.0640000000003,2024-03-02 19:11:41,2,3,3,233,Loyal Customers,1010.0160000000001,12120.192000000001
CUST-002522,93.0,3,2288.103,2024-09-29 00:50:28,2,2,2,222,At Risk / Lost,762.701,6864.309
CUST-002523,41.0,11,11988.815,2024-11-20 08:31:34,2,4,4,244,Loyal Customers,1089.8922727272727,35966.445
CUST-002524,78.0,6,3818.1285,2024-10-14 01:47:26,2,4,3,243,Loyal Customers,636.35475,11454.3855
CUST-002525,927.0,1,550.371,2022-06-18 02:34:57,2,1,1,211,At Risk / Lost,550.371,1651.1129999999998
CUST-002526,592.0,3,4895.229,2023-05-19 01:30:35,2,2,3,223,At Risk / Lost,1631.7430000000002,14685.687000000002
CUST-002527,233.0,3,1355.964,2024-05-12 05:16:59,2,2,1,221,At Risk / Lost,451.988,4067.892
CUST-002528,106.0,2,1574.488,2024-09-16 19:48:59,2,1,1,211,At Risk / Lost,787.244,4723.464
CUST-002529,276.0,7,7104.3385,2024-03-30 22:04:32,2,4,4,244,Loyal Customers,1014.9055,21313.0155
CUST-002530,562.0,3,2440.762,2023-06-18 15:05:59,2,2,2,222,At Risk / Lost,813.5873333333334,7322.286
CUST-002531,880.0,2,3143.7214999999997,2022-08-04 16:02:02,2,1,2,212,At Risk / Lost,1571.8607499999998,9431.164499999999
CUST-002532,67.0,6,3094.449,2024-10-25 22:34:02,2,4,2,242,Others,515.7415,9283.346999999998
CUST-002533,75.0,6,6130.5425,2024-10-17 16:47:31,2,4,4,244,Loyal Customers,1021.7570833333333,18391.6275
CUST-002534,347.0,5,5010.8315,2024-01-18 23:22:50,2,3,3,233,Loyal Customers,1002.1663000000001,15032.4945
CUST-002535,683.0,3,2815.7125,2023-02-17 14:03:37,2,2,2,222,At Risk / Lost,938.5708333333333,8447.1375
CUST-002536,97.0,2,1517.152,2024-09-25 01:37:12,2,1,1,211,At Risk / Lost,758.576,4551.456
CUST-002537,108.0,8,9391.277,2024-09-14 10:47:50,2,4,4,244,Loyal Customers,1173.909625,28173.831
CUST-002538,97.0,4,3477.4705000000004,2024-09-25 14:18:50,2,3,2,232,Others,869.3676250000001,10432.411500000002
CUST-002539,281.0,4,5423.2495,2024-03-25 09:33:13,2,3,4,234,Loyal Customers,1355.812375,16269.7485
CUST-002540,268.0,2,2155.687,2024-04-07 06:24:18,2,1,1,211,At Risk / Lost,1077.8435,6467.061
CUST-002541,259.0,5,3961.969,2024-04-16 18:43:01,2,3,3,233,Loyal Customers,792.3938,11885.907
CUST-002542,146.0,3,1965.971,2024-08-07 22:09:16,2,2,1,221,At Risk / Lost,655.3236666666667,5897.9130000000005
CUST-002543,67.0,6,4790.5425000000005,2024-10-25 12:26:29,2,4,3,243,Loyal Customers,798.42375,14371.627500000002
CUST-002544,65.0,4,5451.466,2024-10-27 17:00:32,2,3,4,234,Loyal Customers,1362.8665,16354.398000000001
CUST-002545,87.0,6,5450.799,2024-10-05 09:40:53,2,4,4,244,Loyal Customers,908.4665,16352.397
CUST-002546,89.0,4,3928.4205,2024-10-03 22:00:16,2,3,3,233,Loyal Customers,982.105125,11785.2615
CUST-002547,78.0,8,9438.452,2024-10-14 03:03:02,2,4,4,244,Loyal Customers,1179.8065,28315.356
CUST-002548,420.0,2,3839.5159999999996,2023-11-07 15:21:14,2,1,3,213,At Risk / Lost,1919.7579999999998,11518.547999999999
CUST-002550,738.0,3,2191.3325,2022-12-24 19:46:33,2,2,1,221,At Risk / Lost,730.4441666666667,6573.9974999999995
CUST-002551,140.0,3,3430.6055,2024-08-13 20:39:23,2,2,2,222,At Risk / Lost,1143.5351666666668,10291.8165
CUST-002552,402.0,3,3924.643,2023-11-25 05:50:24,2,2,3,223,At Risk / Lost,1308.2143333333333,11773.929
CUST-002553,615.0,3,4411.114,2023-04-26 02:05:34,2,2,3,223,At Risk / Lost,1470.3713333333333,13233.341999999999
CUST-002554,283.0,3,4323.08,2024-03-23 15:29:32,2,2,3,223,At Risk / Lost,1441.0266666666666,12969.24
CUST-002555,732.0,2,948.4060000000002,2022-12-30 02:52:19,2,1,1,211,At Risk / Lost,474.2030000000001,2845.2180000000008
CUST-002556,626.0,2,1469.47,2023-04-15 18:43:32,2,1,1,211,At Risk / Lost,734.735,4408.41
CUST-002557,398.0,6,8344.9415,2023-11-29 06:33:33,2,4,4,244,Loyal Customers,1390.8235833333335,25034.824500000002
CUST-002558,260.0,4,4617.0015,2024-04-15 16:40:40,2,3,3,233,Loyal Customers,1154.250375,13851.004500000001
CUST-002559,99.0,5,3638.7005,2024-09-23 09:07:38,2,3,2,232,Others,727.7401,10916.1015
CUST-002561,571.0,3,2774.023,2023-06-09 15:04:56,2,2,2,222,At Risk / Lost,924.6743333333334,8322.069
CUST-002562,166.0,4,6764.4220000000005,2024-07-18 04:11:27,2,3,4,234,Loyal Customers,1691.1055000000001,20293.266000000003
CUST-002563,52.0,3,2409.1639999999998,2024-11-09 02:54:06,2,2,2,222,At Risk / Lost,803.0546666666665,7227.491999999999
CUST-002564,332.0,3,4662.986,2024-02-03 04:42:13,2,2,3,223,At Risk / Lost,1554.3286666666665,13988.957999999999
CUST-002565,507.0,5,4939.749,2023-08-12 04:02:59,2,3,3,233,Loyal Customers,987.9498,14819.247
CUST-002566,816.0,1,367.84800000000007,2022-10-07 06:46:34,2,1,1,211,At Risk / Lost,367.84800000000007,1103.5440000000003
CUST-002567,228.0,5,4614.102,2024-05-17 12:33:18,2,3,3,233,Loyal Customers,922.8204,13842.306
CUST-002568,21.0,3,2778.2875,2024-12-10 18:52:28,2,2,2,222,At Risk / Lost,926.0958333333333,8334.8625
CUST-002569,319.0,3,2501.0029999999997,2024-02-16 20:37:48,2,2,2,222,At Risk / Lost,833.6676666666666,7503.008999999999
CUST-002570,110.0,6,4828.1245,2024-09-12 08:44:59,2,4,3,243,Loyal Customers,804.6874166666666,14484.3735
CUST-002571,530.0,3,3592.993,2023-07-20 10:57:12,2,2,2,222,At Risk / Lost,1197.6643333333334,10778.979000000001
CUST-002572,268.0,4,4948.9175,2024-04-07 18:32:21,2,3,3,233,Loyal Customers,1237.229375,14846.752499999999
CUST-002573,165.0,6,7117.3945,2024-07-18 23:25:20,2,4,4,244,Loyal Customers,1186.2324166666667,21352.1835
CUST-002574,48.0,1,1698.134,2024-11-13 19:25:11,2,1,1,211,At Risk / Lost,1698.134,5094.402
CUST-002575,352.0,5,7249.1645,2024-01-14 01:25:51,2,3,4,234,Loyal Customers,1449.8328999999999,21747.493499999997
CUST-002576,161.0,5,2120.41,2024-07-23 19:20:42,2,3,1,231,Others,424.082,6361.23
CUST-002577,437.0,2,1392.9699999999998,2023-10-21 06:40:00,2,1,1,211,At Risk / Lost,696.4849999999999,4178.91
CUST-002578,80.0,7,6169.662499999999,2024-10-12 02:02:54,2,4,4,244,Loyal Customers,881.3803571428571,18508.9875
CUST-002579,457.0,2,2106.2355000000002,2023-10-01 06:21:38,2,1,1,211,At Risk / Lost,1053.1177500000001,6318.7065
CUST-002580,235.0,2,2766.786,2024-05-10 14:25:23,2,1,2,212,At Risk / Lost,1383.393,8300.358
CUST-002581,10.0,7,8271.2625,2024-12-21 10:12:36,2,4,4,244,Loyal Customers,1181.6089285714286,24813.787500000002
CUST-002582,559.0,2,1774.6775,2023-06-21 02:00:45,2,1,1,211,At Risk / Lost,887.33875,5324.0325
CUST-002583,127.0,5,6778.2465,2024-08-26 12:28:29,2,3,4,234,Loyal Customers,1355.6493,20334.7395
CUST-002584,302.0,2,2873.1995,2024-03-04 05:03:59,2,1,2,212,At Risk / Lost,1436.59975,8619.5985
CUST-002585,249.0,4,4757.4345,2024-04-26 06:57:59,2,3,3,233,Loyal Customers,1189.358625,14272.303500000002
CUST-002586,177.0,2,873.98,2024-07-07 12:57:29,2,1,1,211,At Risk / Lost,436.99,2621.94
CUST-002587,309.0,3,4914.541,2024-02-25 23:50:54,2,2,3,223,At Risk / Lost,1638.1803333333335,14743.623
CUST-002588,836.0,3,3103.692,2022-09-17 14:39:39,2,2,2,222,At Risk / Lost,1034.564,9311.076000000001
CUST-002589,21.0,9,8019.6320000000005,2024-12-10 09:40:16,2,4,4,244,Loyal Customers,891.0702222222222,24058.896
CUST-002590,160.0,6,6155.219,2024-07-24 20:15:30,2,4,4,244,Loyal Customers,1025.8698333333334,18465.657000000003
CUST-002591,68.0,7,5353.354,2024-10-24 16:29:17,2,4,4,244,Loyal Customers,764.7648571428572,16060.062000000002
CUST-002592,472.0,2,1095.891,2023-09-16 12:16:28,2,1,1,211,At Risk / Lost,547.9455,3287.6730000000002
CUST-002593,3.0,5,4449.6995,2024-12-28 22:24:32,2,3,3,233,Loyal Customers,889.9399,13349.0985
CUST-002594,157.0,6,6824.4065,2024-07-27 22:34:36,2,4,4,244,Loyal Customers,1137.4010833333334,20473.219500000003
CUST-002595,216.0,3,2341.383,2024-05-29 21:44:07,2,2,2,222,At Risk / Lost,780.4609999999999,7024.148999999999
CUST-002596,70.0,4,4055.3335,2024-10-22 19:25:30,2,3,3,233,Loyal Customers,1013.833375,12166.0005
CUST-002597,583.0,5,3741.498,2023-05-28 05:16:31,2,3,3,233,Loyal Customers,748.2996,11224.494000000002
CUST-002598,87.0,4,1829.255,2024-10-05 18:07:38,2,3,1,231,Others,457.31375,5487.765
CUST-002600,245.0,4,3272.599,2024-04-30 16:40:53,2,3,2,232,Others,818.14975,9817.797
CUST-002601,992.0,2,2637.227,2022-04-14 03:19:30,2,1,2,212,At Risk / Lost,1318.6135,7911.681
CUST-002602,42.0,3,2140.8545000000004,2024-11-19 17:52:33,2,2,1,221,At Risk / Lost,713.6181666666668,6422.563500000001
CUST-002604,70.0,4,4390.4310000000005,2024-10-22 22:26:22,2,3,3,233,Loyal Customers,1097.6077500000001,13171.293000000001
CUST-002605,128.0,4,4026.473,2024-08-25 15:29:43,2,3,3,233,Loyal Customers,1006.61825,12079.419
CUST-002606,176.0,5,4427.369,2024-07-08 07:20:06,2,3,3,233,Loyal Customers,885.4738,13282.107
CUST-002607,479.0,4,3893.5080000000003,2023-09-09 02:14:00,2,3,3,233,Loyal Customers,973.3770000000001,11680.524000000001
CUST-002608,328.0,2,2682.972,2024-02-07 14:10:17,2,1,2,212,At Risk / Lost,1341.486,8048.916000000001
CUST-002609,646.0,2,1376.563,2023-03-26 07:35:18,2,1,1,211,At Risk / Lost,688.2815,4129.689
CUST-002610,12.0,2,3418.38,2024-12-19 01:18:06,2,1,2,212,At Risk / Lost,1709.19,10255.14
CUST-002611,252.0,5,3520.8070000000002,2024-04-23 18:16:43,2,3,2,232,Others,704.1614000000001,10562.421
CUST-002612,769.0,1,1616.085,2022-11-23 04:21:11,2,1,1,211,At Risk / Lost,1616.085,4848.255
CUST-002613,13.0,4,2701.2535000000003,2024-12-18 21:50:20,2,3,2,232,Others,675.3133750000001,8103.7605
CUST-002614,842.0,5,3281.539,2022-09-11 14:43:05,2,3,2,232,Others,656.3078,9844.617
CUST-002615,409.0,3,1304.305,2023-11-18 14:30:38,2,2,1,221,At Risk / Lost,434.7683333333334,3912.915
CUST-002616,479.0,1,1441.444,2023-09-09 07:54:02,2,1,1,211,At Risk / Lost,1441.444,4324.332
CUST-002617,28.0,7,5106.4965,2024-12-03 14:21:38,2,4,3,243,Loyal Customers,729.4995,15319.4895
CUST-002618,73.0,7,4058.8605000000002,2024-10-18 23:39:21,2,4,3,243,Loyal Customers,579.8372142857144,12176.581500000002
CUST-002619,553.0,4,2198.8445,2023-06-27 11:48:18,2,3,1,231,Others,549.711125,6596.5335000000005
CUST-002620,4.0,3,2870.0425,2024-12-27 15:16:47,2,2,2,222,At Risk / Lost,956.6808333333333,8610.1275
CUST-002621,286.0,4,3452.5115,2024-03-19 23:56:37,2,3,2,232,Others,863.127875,10357.5345
CUST-002622,20.0,5,6416.093,2024-12-11 05:55:08,2,3,4,234,Loyal Customers,1283.2186,19248.279
CUST-002623,142.0,5,4270.731,2024-08-11 19:23:38,2,3,3,233,Loyal Customers,854.1461999999999,12812.193
CUST-002624,38.0,5,3752.1015,2024-11-23 13:11:42,2,3,3,233,Loyal Customers,750.4203,11256.304499999998
CUST-002625,216.0,4,4633.628,2024-05-29 09:00:07,2,3,3,233,Loyal Customers,1158.407,13900.883999999998
CUST-002626,200.0,6,5378.148499999999,2024-06-14 15:25:56,2,4,4,244,Loyal Customers,896.3580833333332,16134.445499999998
CUST-002627,292.0,1,1285.4715,2024-03-14 06:48:02,2,1,1,211,At Risk / Lost,1285.4715,3856.4145000000003
CUST-002628,366.0,4,3268.0755000000004,2023-12-31 19:30:02,2,3,2,232,Others,817.0188750000001,9804.2265
CUST-002629,551.0,2,1871.6399999999999,2023-06-28 23:57:30,2,1,1,211,At Risk / Lost,935.8199999999999,5614.92
CUST-002630,927.0,1,795.8300000000002,2022-06-18 14:14:51,2,1,1,211,At Risk / Lost,795.8300000000002,2387.4900000000007
CUST-002631,218.0,4,2948.846,2024-05-27 05:34:59,2,3,2,232,Others,737.2115,8846.538
CUST-002632,676.0,2,2426.112,2023-02-24 18:30:07,2,1,2,212,At Risk / Lost,1213.056,7278.336
CUST-002633,119.0,4,2217.1055,2024-09-03 21:43:34,2,3,1,231,Others,554.276375,6651.316500000001
CUST-002634,74.0,1,2409.109,2024-10-18 04:30:01,2,1,2,212,At Risk / Lost,2409.109,7227.326999999999
CUST-002635,211.0,4,2343.25,2024-06-03 18:40:13,2,3,2,232,Others,585.8125,7029.75
CUST-002636,419.0,4,1970.854,2023-11-08 18:09:16,2,3,1,231,Others,492.7135,5912.562
CUST-002637,188.0,4,3010.9359999999997,2024-06-26 09:36:26,2,3,2,232,Others,752.7339999999999,9032.807999999999
CUST-002638,703.0,1,360.683,2023-01-28 15:19:59,2,1,1,211,At Risk / Lost,360.683,1082.049
CUST-002639,415.0,3,3612.983,2023-11-12 19:04:35,2,2,2,222,At Risk / Lost,1204.3276666666668,10838.949
CUST-002640,173.0,4,6695.550499999999,2024-07-11 01:00:16,2,3,4,234,Loyal Customers,1673.8876249999998,20086.6515
CUST-002641,825.0,2,1510.724,2022-09-28 14:24:39,2,1,1,211,At Risk / Lost,755.362,4532.172
CUST-002642,12.0,3,7588.6275000000005,2024-12-18 23:46:41,2,2,4,224,At Risk / Lost,2529.5425,22765.8825
CUST-002643,540.0,6,6460.3125,2023-07-10 20:56:48,2,4,4,244,Loyal Customers,1076.71875,19380.9375
CUST-002644,67.0,4,5420.9,2024-10-25 18:57:31,2,3,4,234,Loyal Customers,1355.225,16262.699999999999
CUST-002645,1.0,4,4846.281,2024-12-30 21:24:11,2,3,3,233,Loyal Customers,1211.57025,14538.843
CUST-002646,433.0,4,3683.9525,2023-10-25 21:24:09,2,3,3,233,Loyal Customers,920.988125,11051.8575
CUST-002647,120.0,3,4658.21,2024-09-02 20:07:40,2,2,3,223,At Risk / Lost,1552.7366666666667,13974.630000000001
CUST-002648,39.0,5,3222.9159999999997,2024-11-22 21:40:21,2,3,2,232,Others,644.5831999999999,9668.748
CUST-002649,105.0,4,3728.2205,2024-09-17 22:08:29,2,3,3,233,Loyal Customers,932.055125,11184.6615
CUST-002650,642.0,1,1245.1309999999999,2023-03-30 16:29:02,2,1,1,211,At Risk / Lost,1245.1309999999999,3735.3929999999996
CUST-002651,41.0,2,1822.1280000000002,2024-11-19 23:57:34,2,1,1,211,At Risk / Lost,911.0640000000001,5466.384
CUST-002652,331.0,4,4354.4439999999995,2024-02-04 10:48:56,2,3,3,233,Loyal Customers,1088.6109999999999,13063.331999999999
CUST-002653,314.0,2,2790.684,2024-02-21 05:03:52,2,1,2,212,At Risk / Lost,1395.342,8372.052
CUST-002654,402.0,4,5841.3035,2023-11-25 12:59:13,2,3,4,234,Loyal Customers,1460.325875,17523.910499999998
CUST-002655,269.0,2,1774.936,2024-04-06 21:47:42,2,1,1,211,At Risk / Lost,887.468,5324.808
CUST-002656,283.0,5,1622.3360000000002,2024-03-23 09:15:01,2,3,1,231,Others,324.46720000000005,4867.008000000001
CUST-002658,132.0,2,1632.6444999999999,2024-08-21 19:28:41,2,1,1,211,At Risk / Lost,816.3222499999999,4897.933499999999
CUST-002659,69.0,7,9257.755,2024-10-23 03:46:13,2,4,4,244,Loyal Customers,1322.5364285714284,27773.265
CUST-002660,718.0,2,1638.574,2023-01-13 05:51:23,2,1,1,211,At Risk / Lost,819.287,4915.722
CUST-002661,454.0,5,5625.341,2023-10-04 00:59:09,2,3,4,234,Loyal Customers,1125.0682000000002,16876.023
CUST-002662,103.0,5,5746.1089999999995,2024-09-19 05:23:46,2,3,4,234,Loyal Customers,1149.2217999999998,17238.326999999997
CUST-002663,75.0,6,9120.418,2024-10-17 00:11:09,2,4,4,244,Loyal Customers,1520.0696666666665,27361.254
CUST-002664,146.0,3,1926.383,2024-08-07 16:34:50,2,2,1,221,At Risk / Lost,642.1276666666666,5779.148999999999
CUST-002665,201.0,3,4273.6635,2024-06-13 09:06:56,2,2,3,223,At Risk / Lost,1424.5545,12820.9905
CUST-002666,138.0,4,6586.602,2024-08-15 20:16:46,2,3,4,234,Loyal Customers,1646.6505,19759.806
CUST-002667,59.0,5,2731.0085,2024-11-02 10:32:09,2,3,2,232,Others,546.2017,8193.0255
CUST-002668,498.0,5,3677.098,2023-08-21 21:19:49,2,3,3,233,Loyal Customers,735.4196,11031.294
CUST-002669,499.0,5,5867.5445,2023-08-20 04:34:47,2,3,4,234,Loyal Customers,1173.5089,17602.6335
CUST-002670,16.0,4,5130.2285,2024-12-15 12:24:41,2,3,3,233,Loyal Customers,1282.557125,15390.6855
CUST-002671,212.0,7,4357.843,2024-06-02 16:34:20,2,4,3,243,Loyal Customers,622.549,13073.528999999999
CUST-002672,135.0,6,6334.318,2024-08-18 05:38:20,2,4,4,244,Loyal Customers,1055.7196666666666,19002.953999999998
CUST-002673,278.0,5,5392.9695,2024-03-28 12:29:25,2,3,4,234,Loyal Customers,1078.5939,16178.908500000001
CUST-002674,556.0,4,3026.565,2023-06-24 01:45:02,2,3,2,232,Others,756.64125,9079.695
CUST-002675,21.0,4,3251.636,2024-12-10 00:46:26,2,3,2,232,Others,812.909,9754.908
CUST-002676,326.0,4,4225.0865,2024-02-09 14:16:56,2,3,3,233,Loyal Customers,1056.271625,12675.2595
CUST-002677,828.0,1,2360.6349999999998,2022-09-25 12:42:17,2,1,2,212,At Risk / Lost,2360.6349999999998,7081.904999999999
CUST-002679,117.0,4,5012.436,2024-09-05 05:04:26,2,3,3,233,Loyal Customers,1253.109,15037.307999999999
CUST-002680,30.0,3,3688.3605000000002,2024-12-01 13:48:36,2,2,3,223,At Risk / Lost,1229.4535,11065.0815
CUST-002681,19.0,7,6850.4985,2024-12-12 10:27:08,2,4,4,244,Loyal Customers,978.6426428571428,20551.495499999997
CUST-002682,28.0,2,3144.181,2024-12-03 18:33:08,2,1,2,212,At Risk / Lost,1572.0905,9432.543
CUST-002683,667.0,3,5534.5815,2023-03-05 12:42:11,2,2,4,224,At Risk / Lost,1844.8605,16603.7445
CUST-002684,100.0,5,6286.8189999999995,2024-09-22 16:34:27,2,3,4,234,Loyal Customers,1257.3637999999999,18860.457
CUST-002685,426.0,4,2892.3455,2023-11-01 08:53:06,2,3,2,232,Others,723.086375,8677.0365
CUST-002686,5.0,6,6283.996,2024-12-26 01:51:55,2,4,4,244,Loyal Customers,1047.3326666666667,18851.988
CUST-002687,180.0,2,1537.9775,2024-07-04 03:23:41,2,1,1,211,At Risk / Lost,768.98875,4613.9325
CUST-002688,406.0,3,2580.6330000000003,2023-11-21 16:11:19,2,2,2,222,At Risk / Lost,860.2110000000001,7741.899000000001
CUST-002689,253.0,4,4117.606,2024-04-22 13:45:54,2,3,3,233,Loyal Customers,1029.4015,12352.818
CUST-002690,60.0,4,1936.9740000000002,2024-11-01 20:32:43,2,3,1,231,Others,484.24350000000004,5810.9220000000005
CUST-002691,26.0,5,4030.8284999999996,2024-12-05 17:44:28,2,3,3,233,Loyal Customers,806.1656999999999,12092.485499999999
CUST-002692,71.0,4,5934.9405,2024-10-21 14:25:22,2,3,4,234,Loyal Customers,1483.735125,17804.8215
CUST-002693,9.0,4,3787.854,2024-12-22 07:30:17,2,3,3,233,Loyal Customers,946.9635,11363.562
CUST-002694,237.0,4,3512.922,2024-05-08 03:58:55,2,3,2,232,Others,878.2305,10538.766
CUST-002695,208.0,12,18474.8575,2024-06-06 19:18:47,2,4,4,244,Loyal Customers,1539.571458333333,55424.572499999995
CUST-002696,862.0,1,652.7270000000001,2022-08-22 18:55:31,2,1,1,211,At Risk / Lost,652.7270000000001,1958.1810000000003
CUST-002697,314.0,5,4860.161,2024-02-21 18:51:44,2,3,3,233,Loyal Customers,972.0322,14580.483
CUST-002698,515.0,5,3282.466,2023-08-04 05:36:56,2,3,2,232,Others,656.4932,9847.398
CUST-002699,682.0,4,4705.66,2023-02-18 13:19:27,2,3,3,233,Loyal Customers,1176.415,14116.98
CUST-002700,22.0,2,2577.059,2024-12-09 06:31:46,2,1,2,212,At Risk / Lost,1288.5295,7731.177000000001
CUST-002701,329.0,4,3023.852,2024-02-06 22:48:12,2,3,2,232,Others,755.963,9071.556
CUST-002702,58.0,6,6450.8785,2024-11-03 16:38:23,2,4,4,244,Loyal Customers,1075.1464166666667,19352.635500000004
CUST-002703,534.0,2,2026.8639999999998,2023-07-16 12:24:56,2,1,1,211,At Risk / Lost,1013.4319999999999,6080.592
CUST-002704,156.0,4,2403.1504999999997,2024-07-28 02:34:57,2,3,2,232,Others,600.7876249999999,7209.451499999999
CUST-002705,128.0,3,6904.052,2024-08-25 00:20:03,2,2,4,224,At Risk / Lost,2301.3506666666667,20712.156
CUST-002706,326.0,3,3067.349,2024-02-09 19:12:26,2,2,2,222,At Risk / Lost,1022.4496666666668,9202.047
CUST-002707,365.0,1,911.8554999999999,2024-01-01 08:46:56,2,1,1,211,At Risk / Lost,911.8554999999999,2735.5665
CUST-002708,300.0,5,4926.267,2024-03-06 16:11:05,2,3,3,233,Loyal Customers,985.2533999999999,14778.801
CUST-002709,131.0,4,3693.84,2024-08-22 09:39:35,2,3,3,233,Loyal Customers,923.46,11081.52
CUST-002710,96.0,3,1891.019,2024-09-26 14:36:42,2,2,1,221,At Risk / Lost,630.3396666666666,5673.056999999999
CUST-002711,651.0,2,335.13149999999996,2023-03-21 21:45:02,2,1,1,211,At Risk / Lost,167.56574999999998,1005.3944999999999
CUST-002712,397.0,3,3479.703,2023-11-30 01:30:40,2,2,2,222,At Risk / Lost,1159.901,10439.109
CUST-002713,208.0,1,118.96000000000001,2024-06-06 18:49:52,2,1,1,211,At Risk / Lost,118.96000000000001,356.88
CUST-002714,25.0,3,2158.2485,2024-12-06 08:16:44,2,2,1,221,At Risk / Lost,719.4161666666668,6474.745500000001
CUST-002715,448.0,3,4872.7945,2023-10-10 22:33:15,2,2,3,223,At Risk / Lost,1624.2648333333334,14618.3835
CUST-002716,973.0,1,1010.8625,2022-05-03 18:58:47,2,1,1,211,At Risk / Lost,1010.8625,3032.5874999999996
CUST-002717,166.0,3,2844.7394999999997,2024-07-18 10:30:19,2,2,2,222,At Risk / Lost,948.2464999999999,8534.218499999999
CUST-002718,45.0,5,4266.4305,2024-11-16 01:14:04,2,3,3,233,Loyal Customers,853.2861,12799.291500000001
CUST-002719,843.0,1,2217.1675,2022-09-10 01:21:56,2,1,1,211,At Risk / Lost,2217.1675,6651.5025000000005
CUST-002720,30.0,3,3482.2705,2024-12-01 11:57:16,2,2,2,222,At Risk / Lost,1160.7568333333334,10446.8115
CUST-002721,965.0,1,901.9649999999999,2022-05-11 05:59:29,2,1,1,211,At Risk / Lost,901.9649999999999,2705.8949999999995
CUST-002722,43.0,4,2695.3355,2024-11-18 15:58:36,2,3,2,232,Others,673.833875,8086.0065
CUST-002723,64.0,6,5085.869000000001,2024-10-28 06:50:23,2,4,3,243,Loyal Customers,847.6448333333334,15257.607000000002
CUST-002724,340.0,3,1887.989,2024-01-26 03:40:44,2,2,1,221,At Risk / Lost,629.3296666666666,5663.967000000001
CUST-002725,219.0,3,3106.26,2024-05-25 23:28:41,2,2,2,222,At Risk / Lost,1035.42,9318.78
CUST-002726,1092.0,1,53.27000000000001,2022-01-04 05:52:02,2,1,1,211,At Risk / Lost,53.27000000000001,159.81000000000003
CUST-002727,358.0,9,9476.5625,2024-01-08 16:15:43,2,4,4,244,Loyal Customers,1052.951388888889,28429.6875
CUST-002728,126.0,5,2395.861,2024-08-27 10:28:12,2,3,2,232,Others,479.1722,7187.583
CUST-002729,138.0,7,7484.4305,2024-08-15 18:13:05,2,4,4,244,Loyal Customers,1069.2043571428571,22453.2915
CUST-002730,575.0,4,4692.204,2023-06-05 14:19:56,2,3,3,233,Loyal Customers,1173.051,14076.612
CUST-002731,550.0,4,2828.4845,2023-06-30 09:03:28,2,3,2,232,Others,707.121125,8485.4535
CUST-002732,179.0,3,3109.1995,2024-07-05 09:29:59,2,2,2,222,At Risk / Lost,1036.3998333333334,9327.5985
CUST-002733,258.0,2,1788.9085,2024-04-17 12:25:31,2,1,1,211,At Risk / Lost,894.45425,5366.7255000000005
CUST-002734,157.0,4,2488.393,2024-07-27 20:31:54,2,3,2,232,Others,622.09825,7465.179
CUST-002735,745.0,1,937.7850000000002,2022-12-17 16:47:25,2,1,1,211,At Risk / Lost,937.7850000000002,2813.3550000000005
CUST-002736,578.0,3,2860.483,2023-06-02 11:12:44,2,2,2,222,At Risk / Lost,953.4943333333334,8581.449
CUST-002737,498.0,4,5916.0160000000005,2023-08-21 16:39:48,2,3,4,234,Loyal Customers,1479.0040000000001,17748.048000000003
CUST-002738,258.0,4,5301.902,2024-04-17 07:28:05,2,3,4,234,Loyal Customers,1325.4755,15905.706
CUST-002739,219.0,5,3663.624,2024-05-26 08:26:18,2,3,3,233,Loyal Customers,732.7248,10990.872
CUST-002740,229.0,3,2041.0049999999997,2024-05-16 17:06:28,2,2,1,221,At Risk / Lost,680.3349999999999,6123.014999999999
CUST-002741,580.0,3,3567.7975,2023-05-31 02:11:13,2,2,2,222,At Risk / Lost,1189.2658333333334,10703.3925
CUST-002742,228.0,1,1136.6605,2024-05-17 01:08:02,2,1,1,211,At Risk / Lost,1136.6605,3409.9815
CUST-002743,339.0,4,3479.9155,2024-01-27 06:00:21,2,3,2,232,Others,869.978875,10439.746500000001
CUST-002744,58.0,8,9691.966,2024-11-03 17:30:27,2,4,4,244,Loyal Customers,1211.49575,29075.898
CUST-002745,494.0,3,3330.986,2023-08-24 23:46:21,2,2,2,222,At Risk / Lost,1110.3286666666665,9992.957999999999
CUST-002746,655.0,2,2927.813,2023-03-17 02:21:28,2,1,2,212,At Risk / Lost,1463.9065,8783.439
CUST-002747,297.0,2,2067.2485,2024-03-09 05:38:37,2,1,1,211,At Risk / Lost,1033.62425,6201.745500000001
CUST-002748,111.0,1,1430.7910000000002,2024-09-11 09:52:54,2,1,1,211,At Risk / Lost,1430.7910000000002,4292.3730000000005
CUST-002749,40.0,3,1760.7290000000003,2024-11-21 04:44:46,2,2,1,221,At Risk / Lost,586.9096666666668,5282.187000000001
CUST-002750,4.0,4,2182.206,2024-12-27 03:28:30,2,3,1,231,Others,545.5515,6546.618
CUST-002751,645.0,1,1119.3695,2023-03-27 13:19:33,2,1,1,211,At Risk / Lost,1119.3695,3358.1085000000003
CUST-002752,293.0,1,1691.3700000000001,2024-03-13 13:00:03,2,1,1,211,At Risk / Lost,1691.3700000000001,5074.110000000001
CUST-002753,267.0,3,3467.02,2024-04-08 18:04:15,2,2,2,222,At Risk / Lost,1155.6733333333334,10401.060000000001
CUST-002754,143.0,1,779.6295,2024-08-10 21:43:52,2,1,1,211,At Risk / Lost,779.6295,2338.8885
CUST-002755,177.0,6,7750.673000000001,2024-07-07 18:44:29,2,4,4,244,Loyal Customers,1291.7788333333335,23252.019
CUST-002756,2.0,4,3313.124,2024-12-29 14:37:10,2,3,2,232,Others,828.281,9939.372
CUST-002757,65.0,5,5042.2895,2024-10-27 20:51:30,2,3,3,233,Loyal Customers,1008.4579,15126.8685
CUST-002758,396.0,5,5506.177,2023-12-01 13:55:44,2,3,4,234,Loyal Customers,1101.2354,16518.531
CUST-002759,561.0,6,6546.6375,2023-06-19 08:14:46,2,4,4,244,Loyal Customers,1091.10625,19639.912500000002
CUST-002760,199.0,3,5108.4695,2024-06-15 04:22:26,2,2,3,223,At Risk / Lost,1702.8231666666668,15325.408500000001
CUST-002761,45.0,3,3238.0045,2024-11-16 19:41:35,2,2,2,222,At Risk / Lost,1079.3348333333333,9714.013500000001
CUST-002762,442.0,5,3304.3100000000004,2023-10-15 23:37:53,2,3,2,232,Others,660.8620000000001,9912.93
CUST-002763,461.0,2,1328.3890000000001,2023-09-27 22:51:01,2,1,1,211,At Risk / Lost,664.1945000000001,3985.1670000000004
CUST-002764,135.0,3,2042.8365000000001,2024-08-18 19:20:08,2,2,1,221,At Risk / Lost,680.9455,6128.5095
CUST-002765,420.0,4,4724.775000000001,2023-11-07 20:00:08,2,3,3,233,Loyal Customers,1181.1937500000001,14174.325
CUST-002766,252.0,7,9026.3945,2024-04-23 18:24:58,2,4,4,244,Loyal Customers,1289.4849285714286,27079.1835
CUST-002767,578.0,1,581.031,2023-06-02 00:49:22,2,1,1,211,At Risk / Lost,581.031,1743.0929999999998
CUST-002768,360.0,7,7941.296,2024-01-06 05:26:54,2,4,4,244,Loyal Customers,1134.470857142857,23823.888
CUST-002769,429.0,4,2207.553,2023-10-29 06:01:07,2,3,1,231,Others,551.88825,6622.659
CUST-002770,23.0,6,6402.613,2024-12-08 00:21:18,2,4,4,244,Loyal Customers,1067.1021666666668,19207.839000000004
CUST-002771,88.0,6,6148.9095,2024-10-04 02:27:15,2,4,4,244,Loyal Customers,1024.81825,18446.728499999997
CUST-002772,23.0,7,6148.333500000001,2024-12-08 19:41:46,2,4,4,244,Loyal Customers,878.3333571428573,18445.000500000002
CUST-002773,325.0,4,1520.637,2024-02-10 00:50:48,2,3,1,231,Others,380.15925,4561.911
CUST-002774,339.0,3,2753.431,2024-01-27 22:42:45,2,2,2,222,At Risk / Lost,917.8103333333333,8260.293
CUST-002775,17.0,8,9094.658,2024-12-14 05:38:08,2,4,4,244,Loyal Customers,1136.83225,27283.974
CUST-002776,41.0,7,5758.256,2024-11-20 02:13:15,2,4,4,244,Loyal Customers,822.6080000000001,17274.768
CUST-002777,803.0,3,2812.312,2022-10-20 11:05:09,2,2,2,222,At Risk / Lost,937.4373333333333,8436.936
CUST-002778,207.0,3,3768.094,2024-06-07 16:42:32,2,2,3,223,At Risk / Lost,1256.0313333333334,11304.282
CUST-002779,63.0,3,3048.4900000000002,2024-10-28 23:26:54,2,2,2,222,At Risk / Lost,1016.1633333333334,9145.470000000001
CUST-002780,177.0,3,3110.3125,2024-07-07 06:20:45,2,2,2,222,At Risk / Lost,1036.7708333333333,9330.9375
CUST-002781,37.0,5,6513.236,2024-11-24 21:15:45,2,3,4,234,Loyal Customers,1302.6471999999999,19539.708
CUST-002782,26.0,5,3906.9835,2024-12-05 19:10:10,2,3,3,233,Loyal Customers,781.3967,11720.9505
CUST-002783,164.0,7,8877.8205,2024-07-20 02:59:17,2,4,4,244,Loyal Customers,1268.2600714285713,26633.461499999998
CUST-002784,64.0,4,1816.548,2024-10-28 21:26:25,2,3,1,231,Others,454.137,5449.644
CUST-002785,258.0,3,3754.6879999999996,2024-04-17 19:12:13,2,2,3,223,At Risk / Lost,1251.5626666666665,11264.063999999998
CUST-002786,344.0,3,2051.0745,2024-01-22 15:07:58,2,2,1,221,At Risk / Lost,683.6915,6153.2235
CUST-002787,15.0,7,6709.0599999999995,2024-12-16 00:54:55,2,4,4,244,Loyal Customers,958.4371428571428,20127.18
CUST-002788,52.0,5,4169.3715,2024-11-09 11:08:59,2,3,3,233,Loyal Customers,833.8743000000001,12508.1145
CUST-002789,528.0,5,3658.273,2023-07-22 11:48:34,2,3,3,233,Loyal Customers,731.6546000000001,10974.819
CUST-002790,337.0,9,9228.303,2024-01-29 00:35:15,2,4,4,244,Loyal Customers,1025.367,27684.909
CUST-002791,10.0,6,5738.9345,2024-12-21 11:28:30,2,4,4,244,Loyal Customers,956.4890833333334,17216.8035
CUST-002792,166.0,4,7922.534,2024-07-18 03:07:49,2,3,4,234,Loyal Customers,1980.6335,23767.602
CUST-002793,87.0,2,1441.0935,2024-10-05 16:20:26,2,1,1,211,At Risk / Lost,720.54675,4323.2805
CUST-002794,333.0,4,3094.9715,2024-02-02 02:57:48,2,3,2,232,Others,773.742875,9284.9145
CUST-002795,467.0,7,7596.6885,2023-09-21 00:12:32,2,4,4,244,Loyal Customers,1085.2412142857142,22790.0655
CUST-002796,982.0,1,128.7525,2022-04-24 16:24:40,2,1,1,211,At Risk / Lost,128.7525,386.2575
CUST-002797,4.0,4,4824.795999999999,2024-12-27 13:10:56,2,3,3,233,Loyal Customers,1206.1989999999998,14474.387999999999
CUST-002798,174.0,3,4081.347,2024-07-10 22:44:36,2,2,3,223,At Risk / Lost,1360.449,12244.041000000001
CUST-002799,117.0,4,1541.34,2024-09-05 11:10:38,2,3,1,231,Others,385.335,4624.0199999999995
CUST-002800,145.0,2,2457.6875,2024-08-08 00:59:00,2,1,2,212,At Risk / Lost,1228.84375,7373.0625
CUST-002801,401.0,3,5203.752,2023-11-26 20:06:06,2,2,3,223,At Risk / Lost,1734.584,15611.256000000001
CUST-002802,698.0,1,300.836,2023-02-02 15:51:17,2,1,1,211,At Risk / Lost,300.836,902.508
CUST-002803,391.0,5,6752.666,2023-12-06 21:16:20,2,3,4,234,Loyal Customers,1350.5332,20257.998
CUST-002804,135.0,7,8770.3115,2024-08-18 03:24:38,2,4,4,244,Loyal Customers,1252.9016428571429,26310.9345
CUST-002805,227.0,3,2148.1229999999996,2024-05-18 16:27:23,2,2,1,221,At Risk / Lost,716.0409999999998,6444.368999999999
CUST-002806,265.0,1,1348.611,2024-04-10 11:31:09,2,1,1,211,At Risk / Lost,1348.611,4045.8330000000005
CUST-002807,125.0,3,2950.6105,2024-08-28 22:01:38,2,2,2,222,At Risk / Lost,983.5368333333332,8851.8315
CUST-002808,60.0,7,8082.399,2024-11-01 16:39:23,2,4,4,244,Loyal Customers,1154.6284285714287,24247.197000000004
CUST-002809,628.0,4,2186.1845000000003,2023-04-13 20:48:26,2,3,1,231,Others,546.5461250000001,6558.553500000001
CUST-002810,56.0,7,3996.391,2024-11-05 08:13:37,2,4,3,243,Loyal Customers,570.913,11989.173
CUST-002811,319.0,5,4659.2435000000005,2024-02-16 22:50:09,2,3,3,233,Loyal Customers,931.8487000000001,13977.730500000001
CUST-002812,273.0,2,1911.4769999999999,2024-04-02 11:49:33,2,1,1,211,At Risk / Lost,955.7384999999999,5734.431
CUST-002813,878.0,2,1402.9475,2022-08-06 00:04:07,2,1,1,211,At Risk / Lost,701.47375,4208.8425
CUST-002814,365.0,5,4274.146,2024-01-01 09:34:52,2,3,3,233,Loyal Customers,854.8291999999999,12822.437999999998
CUST-002815,164.0,7,4652.3705,2024-07-20 20:24:00,2,4,3,243,Loyal Customers,664.6243571428571,13957.111499999999
CUST-002816,357.0,2,2908.589,2024-01-09 10:16:35,2,1,2,212,At Risk / Lost,1454.2945,8725.767
CUST-002817,696.0,7,5800.2985,2023-02-04 21:17:34,2,4,4,244,Loyal Customers,828.6140714285714,17400.8955
CUST-002818,258.0,3,2581.2365,2024-04-17 17:40:12,2,2,2,222,At Risk / Lost,860.4121666666666,7743.7095
CUST-002819,28.0,8,5874.491,2024-12-03 11:44:35,2,4,4,244,Loyal Customers,734.311375,17623.472999999998
CUST-002821,553.0,3,3405.8525000000004,2023-06-27 01:09:26,2,2,2,222,At Risk / Lost,1135.2841666666668,10217.5575
CUST-002822,104.0,4,4441.934,2024-09-18 18:20:30,2,3,3,233,Loyal Customers,1110.4835,13325.802
CUST-002823,310.0,4,4624.777,2024-02-25 05:25:35,2,3,3,233,Loyal Customers,1156.19425,13874.331
CUST-002824,313.0,2,828.2505,2024-02-22 09:39:58,2,1,1,211,At Risk / Lost,414.12525,2484.7515
CUST-002825,45.0,5,5778.715,2024-11-16 02:18:00,2,3,4,234,Loyal Customers,1155.743,17336.145
CUST-002826,575.0,5,5464.3205,2023-06-05 08:08:02,2,3,4,234,Loyal Customers,1092.8641,16392.961499999998
CUST-002827,272.0,2,1224.1025,2024-04-03 03:17:38,2,1,1,211,At Risk / Lost,612.05125,3672.3075
CUST-002828,370.0,4,3182.7470000000003,2023-12-27 11:02:32,2,3,2,232,Others,795.6867500000001,9548.241000000002
CUST-002829,177.0,3,2732.8305,2024-07-07 13:25:34,2,2,2,222,At Risk / Lost,910.9435,8198.4915
CUST-002830,190.0,3,3669.2835,2024-06-24 19:49:19,2,2,3,223,At Risk / Lost,1223.0945,11007.850499999999
CUST-002831,531.0,3,1402.7375,2023-07-19 12:29:05,2,2,1,221,At Risk / Lost,467.57916666666665,4208.2125
CUST-002832,109.0,7,8445.705,2024-09-13 20:46:53,2,4,4,244,Loyal Customers,1206.5292857142856,25337.114999999998
CUST-002833,598.0,3,2658.7605,2023-05-12 23:53:31,2,2,2,222,At Risk / Lost,886.2534999999999,7976.281499999999
CUST-002834,72.0,10,7682.8045,2024-10-20 05:35:30,2,4,4,244,Loyal Customers,768.28045,23048.413500000002
CUST-002835,93.0,5,5697.0865,2024-09-29 00:33:36,2,3,4,234,Loyal Customers,1139.4173,17091.2595
CUST-002836,463.0,6,5717.4565,2023-09-25 09:12:50,2,4,4,244,Loyal Customers,952.9094166666667,17152.3695
CUST-002837,132.0,2,2974.6195000000002,2024-08-21 02:21:24,2,1,2,212,At Risk / Lost,1487.3097500000001,8923.8585
CUST-002838,40.0,2,2360.8540000000003,2024-11-21 10:34:47,2,1,2,212,At Risk / Lost,1180.4270000000001,7082.562000000001
CUST-002839,64.0,5,3738.684,2024-10-28 12:31:38,2,3,3,233,Loyal Customers,747.7368,11216.052
CUST-002840,63.0,2,1996.134,2024-10-29 09:24:06,2,1,1,211,At Risk / Lost,998.067,5988.402
CUST-002841,206.0,2,942.237,2024-06-08 10:46:34,2,1,1,211,At Risk / Lost,471.1185,2826.711
CUST-002842,266.0,2,1393.2199999999998,2024-04-09 22:24:19,2,1,1,211,At Risk / Lost,696.6099999999999,4179.66
CUST-002843,91.0,5,3111.0805,2024-10-01 18:53:32,2,3,2,232,Others,622.2161,9333.2415
CUST-002844,314.0,4,6030.4310000000005,2024-02-21 06:20:23,2,3,4,234,Loyal Customers,1507.6077500000001,18091.293
CUST-002845,277.0,4,5069.7435,2024-03-29 22:21:27,2,3,3,233,Loyal Customers,1267.435875,15209.230499999998
CUST-002846,185.0,1,759.31,2024-06-29 03:55:00,2,1,1,211,At Risk / Lost,759.31,2277.93
CUST-002847,113.0,5,14403.89,2024-09-09 11:20:55,2,3,4,234,Loyal Customers,2880.778,43211.67
CUST-002848,38.0,4,4713.1775,2024-11-23 16:37:53,2,3,3,233,Loyal Customers,1178.294375,14139.5325
CUST-002849,953.0,1,571.5735,2022-05-23 22:25:10,2,1,1,211,At Risk / Lost,571.5735,1714.7205
CUST-002850,30.0,3,2245.2505,2024-12-01 00:46:27,2,2,2,222,At Risk / Lost,748.4168333333333,6735.7515
CUST-002851,6.0,6,6941.2285,2024-12-25 10:37:23,2,4,4,244,Loyal Customers,1156.8714166666666,20823.6855
CUST-002852,735.0,3,4127.521,2022-12-27 17:14:46,2,2,3,223,At Risk / Lost,1375.8403333333333,12382.562999999998
CUST-002854,153.0,3,830.836,2024-07-31 22:24:09,2,2,1,221,At Risk / Lost,276.94533333333334,2492.508
CUST-002855,179.0,5,4143.9835,2024-07-05 16:07:06,2,3,3,233,Loyal Customers,828.7967000000001,12431.9505
CUST-002856,15.0,2,2809.415,2024-12-16 16:05:32,2,1,2,212,At Risk / Lost,1404.7075,8428.244999999999
CUST-002857,731.0,1,1183.31,2022-12-31 10:55:47,2,1,1,211,At Risk / Lost,1183.31,3549.93
CUST-002858,3.0,6,3881.1805,2024-12-28 16:46:21,2,4,3,243,Loyal Customers,646.8634166666667,11643.541500000001
CUST-002859,628.0,3,3810.588,2023-04-13 11:59:52,2,2,3,223,At Risk / Lost,1270.1960000000001,11431.764000000003
CUST-002860,390.0,2,3448.1065000000003,2023-12-07 17:54:09,2,1,2,212,At Risk / Lost,1724.0532500000002,10344.319500000001
CUST-002861,450.0,1,1609.1555,2023-10-08 04:33:19,2,1,1,211,At Risk / Lost,1609.1555,4827.4665
CUST-002862,357.0,2,4217.148,2024-01-09 11:58:02,2,1,3,213,At Risk / Lost,2108.574,12651.444
CUST-002863,162.0,5,5127.9235,2024-07-22 08:36:18,2,3,3,233,Loyal Customers,1025.5846999999999,15383.770499999997
CUST-002864,109.0,3,4661.9105,2024-09-13 16:12:28,2,2,3,223,At Risk / Lost,1553.9701666666667,13985.7315
CUST-002865,,1,1488.0230000000001,,2,1,1,211,At Risk / Lost,1488.0230000000001,4464.069
CUST-002866,651.0,3,3616.0029999999997,2023-03-21 06:25:46,2,2,2,222,At Risk / Lost,1205.3343333333332,10848.008999999998
CUST-002867,354.0,4,6166.385499999999,2024-01-12 13:26:37,2,3,4,234,Loyal Customers,1541.5963749999999,18499.156499999997
CUST-002868,322.0,6,6598.1745,2024-02-13 02:12:24,2,4,4,244,Loyal Customers,1099.69575,19794.523500000003
CUST-002869,212.0,2,801.659,2024-06-02 01:42:04,2,1,1,211,At Risk / Lost,400.8295,2404.977
CUST-002870,254.0,5,4310.2119999999995,2024-04-21 09:11:27,2,3,3,233,Loyal Customers,862.0423999999999,12930.635999999999
CUST-002871,73.0,2,720.3820000000001,2024-10-19 16:24:00,2,1,1,211,At Risk / Lost,360.19100000000003,2161.146
CUST-002872,88.0,8,9738.316,2024-10-04 02:30:18,2,4,4,244,Loyal Customers,1217.2895,29214.948000000004
CUST-002873,669.0,2,2359.6455,2023-03-03 01:03:12,2,1,2,212,At Risk / Lost,1179.82275,7078.9365
CUST-002874,289.0,3,2510.0665,2024-03-17 15:12:32,2,2,2,222,At Risk / Lost,836.6888333333333,7530.1995
CUST-002875,254.0,7,3878.6845,2024-04-21 15:24:13,2,4,3,243,Loyal Customers,554.0977857142857,11636.0535
CUST-002876,404.0,4,3079.1929999999998,2023-11-23 13:01:16,2,3,2,232,Others,769.7982499999999,9237.579
CUST-002877,48.0,8,8511.7055,2024-11-13 20:06:43,2,4,4,244,Loyal Customers,1063.9631875,25535.1165
CUST-002878,437.0,2,1578.9869999999999,2023-10-21 05:02:45,2,1,1,211,At Risk / Lost,789.4934999999999,4736.960999999999
CUST-002879,392.0,4,3334.247,2023-12-05 05:15:56,2,3,2,232,Others,833.56175,10002.741
CUST-002880,29.0,4,1827.1370000000002,2024-12-02 05:23:43,2,3,1,231,Others,456.78425000000004,5481.411
CUST-002881,67.0,1,462.41099999999994,2024-10-25 18:36:55,2,1,1,211,At Risk / Lost,462.41099999999994,1387.2329999999997
CUST-002882,338.0,4,5354.1105,2024-01-28 01:43:01,2,3,4,234,Loyal Customers,1338.527625,16062.3315
CUST-002883,392.0,3,2101.9355,2023-12-05 15:57:13,2,2,1,221,At Risk / Lost,700.6451666666667,6305.806500000001
CUST-002884,188.0,3,4841.576,2024-06-26 01:16:17,2,2,3,223,At Risk / Lost,1613.8586666666667,14524.728
CUST-002885,29.0,3,1714.7945,2024-12-02 19:35:20,2,2,1,221,At Risk / Lost,571.5981666666667,5144.3835
CUST-002886,150.0,2,2798.276,2024-08-03 00:49:44,2,1,2,212,At Risk / Lost,1399.138,8394.828
CUST-002887,820.0,1,1823.665,2022-10-03 00:18:32,2,1,1,211,At Risk / Lost,1823.665,5470.995
CUST-002888,655.0,4,3484.498,2023-03-17 07:33:04,2,3,2,232,Others,871.1245,10453.494
CUST-002889,107.0,7,3719.8815,2024-09-15 01:29:17,2,4,3,243,Loyal Customers,531.4116428571429,11159.6445
CUST-002890,86.0,2,2493.339,2024-10-06 01:27:29,2,1,2,212,At Risk / Lost,1246.6695,7480.017
CUST-002891,623.0,3,1612.866,2023-04-18 02:21:52,2,2,1,221,At Risk / Lost,537.622,4838.598
CUST-002892,123.0,4,1951.212,2024-08-30 19:26:51,2,3,1,231,Others,487.803,5853.636
CUST-002893,15.0,5,5696.774,2024-12-15 23:11:59,2,3,4,234,Loyal Customers,1139.3548,17090.322
CUST-002894,312.0,2,744.249,2024-02-23 10:42:30,2,1,1,211,At Risk / Lost,372.1245,2232.7470000000003
CUST-002895,126.0,3,2446.85,2024-08-27 14:12:15,2,2,2,222,At Risk / Lost,815.6166666666667,7340.549999999999
CUST-002896,416.0,4,2833.4995,2023-11-11 00:21:13,2,3,2,232,Others,708.374875,8500.4985
CUST-002897,95.0,6,6079.1314999999995,2024-09-27 19:36:09,2,4,4,244,Loyal Customers,1013.1885833333332,18237.3945
CUST-002898,91.0,10,7883.8060000000005,2024-10-01 06:43:39,2,4,4,244,Loyal Customers,788.3806000000001,23651.418
CUST-002899,83.0,5,9159.8695,2024-10-09 06:08:38,2,3,4,234,Loyal Customers,1831.9739000000002,27479.608500000002
CUST-002900,66.0,3,2409.535,2024-10-25 23:31:48,2,2,2,222,At Risk / Lost,803.1783333333333,7228.605
CUST-002901,278.0,3,3844.405,2024-03-28 03:23:45,2,2,3,223,At Risk / Lost,1281.4683333333335,11533.215000000002
CUST-002902,294.0,1,587.941,2024-03-12 11:32:39,2,1,1,211,At Risk / Lost,587.941,1763.823
CUST-002903,230.0,6,4050.606,2024-05-15 20:45:06,2,4,3,243,Loyal Customers,675.101,12151.818
CUST-002904,35.0,4,4775.759,2024-11-26 19:19:37,2,3,3,233,Loyal Customers,1193.93975,14327.277
CUST-002905,233.0,5,5584.63,2024-05-12 03:25:58,2,3,4,234,Loyal Customers,1116.926,16753.89
CUST-002906,260.0,5,4589.5145,2024-04-15 14:53:20,2,3,3,233,Loyal Customers,917.9029,13768.5435
CUST-002907,760.0,1,1292.193,2022-12-02 17:31:09,2,1,1,211,At Risk / Lost,1292.193,3876.5789999999997
CUST-002908,769.0,3,1777.259,2022-11-23 19:00:33,2,2,1,221,At Risk / Lost,592.4196666666667,5331.777
CUST-002909,256.0,5,4391.5005,2024-04-19 19:45:18,2,3,3,233,Loyal Customers,878.3001,13174.5015
CUST-002910,213.0,4,2836.8165,2024-06-01 11:40:37,2,3,2,232,Others,709.204125,8510.449499999999
CUST-002911,472.0,3,2938.1215,2023-09-16 04:10:26,2,2,2,222,At Risk / Lost,979.3738333333334,8814.3645
CUST-002912,18.0,6,5267.559499999999,2024-12-13 02:32:19,2,4,3,243,Loyal Customers,877.9265833333333,15802.678499999998
CUST-002913,143.0,2,1466.6235,2024-08-10 21:09:09,2,1,1,211,At Risk / Lost,733.31175,4399.8705
CUST-002914,340.0,4,4198.142,2024-01-26 14:04:36,2,3,3,233,Loyal Customers,1049.5355,12594.426
CUST-002915,109.0,3,3764.949,2024-09-13 08:51:24,2,2,3,223,At Risk / Lost,1254.983,11294.846999999998
CUST-002916,1.0,5,4088.144,2024-12-30 03:56:17,2,3,3,233,Loyal Customers,817.6288,12264.431999999999
CUST-002917,57.0,5,3922.609,2024-11-04 01:40:54,2,3,3,233,Loyal Customers,784.5218,11767.827
CUST-002918,313.0,3,1069.693,2024-02-22 19:47:42,2,2,1,221,At Risk / Lost,356.5643333333333,3209.0789999999997
CUST-002919,49.0,3,2208.4395,2024-11-12 11:00:41,2,2,1,221,At Risk / Lost,736.1465,6625.318499999999
CUST-002920,892.0,3,2314.293,2022-07-23 01:32:50,2,2,2,222,At Risk / Lost,771.431,6942.879000000001
CUST-002921,27.0,3,2693.6760000000004,2024-12-04 12:55:00,2,2,2,222,At Risk / Lost,897.8920000000002,8081.028000000001
CUST-002922,23.0,7,7195.9055,2024-12-08 09:36:55,2,4,4,244,Loyal Customers,1027.9865,21587.7165
CUST-002923,876.0,3,3051.55,2022-08-08 09:29:46,2,2,2,222,At Risk / Lost,1017.1833333333334,9154.650000000001
CUST-002924,1085.0,1,328.32000000000005,2022-01-11 02:05:55,2,1,1,211,At Risk / Lost,328.32000000000005,984.9600000000002
CUST-002925,670.0,1,499.6809999999999,2023-03-02 22:54:01,2,1,1,211,At Risk / Lost,499.6809999999999,1499.0429999999997
CUST-002926,582.0,2,714.962,2023-05-29 04:41:27,2,1,1,211,At Risk / Lost,357.481,2144.886
CUST-002927,81.0,8,8619.736499999999,2024-10-11 04:38:28,2,4,4,244,Loyal Customers,1077.4670624999999,25859.209499999997
CUST-002928,4.0,6,9173.6055,2024-12-27 07:07:30,2,4,4,244,Loyal Customers,1528.93425,27520.8165
CUST-002929,433.0,4,4127.4155,2023-10-25 03:38:54,2,3,3,233,Loyal Customers,1031.853875,12382.246500000001
CUST-002930,185.0,6,3769.8415,2024-06-28 23:37:54,2,4,3,243,Loyal Customers,628.3069166666667,11309.5245
CUST-002931,144.0,5,2230.864,2024-08-08 23:15:15,2,3,2,232,Others,446.1728,6692.592000000001
CUST-002932,209.0,3,3062.5840000000003,2024-06-05 01:05:20,2,2,2,222,At Risk / Lost,1020.8613333333334,9187.752
CUST-002933,186.0,2,2935.85,2024-06-28 16:14:37,2,1,2,212,At Risk / Lost,1467.925,8807.55
CUST-002934,85.0,6,3907.9215,2024-10-07 16:58:02,2,4,3,243,Loyal Customers,651.32025,11723.7645
CUST-002935,28.0,6,6369.6795,2024-12-03 15:11:14,2,4,4,244,Loyal Customers,1061.61325,19109.038500000002
CUST-002936,398.0,4,4946.3485,2023-11-29 11:22:02,2,3,3,233,Loyal Customers,1236.587125,14839.0455
CUST-002937,9.0,6,5981.7545,2024-12-22 04:55:07,2,4,4,244,Loyal Customers,996.9590833333333,17945.2635
CUST-002938,170.0,2,1941.7055,2024-07-14 01:23:25,2,1,1,211,At Risk / Lost,970.85275,5825.1165
CUST-002939,151.0,4,2016.474,2024-08-02 08:16:17,2,3,1,231,Others,504.1185,6049.422
CUST-002940,809.0,1,379.1785,2022-10-14 03:00:27,2,1,1,211,At Risk / Lost,379.1785,1137.5355
CUST-002941,21.0,7,4849.031,2024-12-10 00:00:00,2,4,3,243,Loyal Customers,692.7187142857143,14547.093
CUST-002942,92.0,5,5107.6645,2024-09-30 07:46:56,2,3,3,233,Loyal Customers,1021.5328999999999,15322.9935
CUST-002943,415.0,4,3401.819,2023-11-12 16:48:21,2,3,2,232,Others,850.45475,10205.457
CUST-002944,673.0,4,5414.284,2023-02-27 09:58:04,2,3,4,234,Loyal Customers,1353.571,16242.851999999999
CUST-002945,147.0,2,1423.2314999999999,2024-08-06 16:35:11,2,1,1,211,At Risk / Lost,711.6157499999999,4269.6945
CUST-002946,398.0,4,2194.135,2023-11-29 18:17:16,2,3,1,231,Others,548.53375,6582.405000000001
CUST-002947,81.0,3,1486.974,2024-10-11 21:05:33,2,2,1,221,At Risk / Lost,495.65799999999996,4460.922
CUST-002948,764.0,3,1437.958,2022-11-28 01:29:36,2,2,1,221,At Risk / Lost,479.31933333333336,4313.874
CUST-002949,40.0,3,893.367,2024-11-21 09:06:21,2,2,1,221,At Risk / Lost,297.789,2680.1009999999997
CUST-002950,27.0,7,5626.0025,2024-12-04 00:59:24,2,4,4,244,Loyal Customers,803.7146428571428,16878.0075
CUST-002951,339.0,7,9205.1405,2024-01-27 03:09:24,2,4,4,244,Loyal Customers,1315.0200714285713,27615.421499999997
CUST-002952,348.0,2,1686.1125,2024-01-18 00:56:39,2,1,1,211,At Risk / Lost,843.05625,5058.3375
CUST-002953,120.0,3,3344.5135,2024-09-02 06:04:56,2,2,2,222,At Risk / Lost,1114.8378333333333,10033.5405
CUST-002954,45.0,4,3546.411,2024-11-16 16:08:10,2,3,2,232,Others,886.60275,10639.233
CUST-002955,111.0,1,2201.558,2024-09-11 01:51:21,2,1,1,211,At Risk / Lost,2201.558,6604.674
CUST-002956,169.0,2,1052.852,2024-07-15 08:21:09,2,1,1,211,At Risk / Lost,526.426,3158.5560000000005
CUST-002957,101.0,6,5445.4665,2024-09-21 21:36:27,2,4,4,244,Loyal Customers,907.57775,16336.399500000001
CUST-002958,233.0,4,5222.26,2024-05-12 11:09:37,2,3,3,233,Loyal Customers,1305.565,15666.78
CUST-002959,28.0,4,6152.5945,2024-12-03 17:50:54,2,3,4,234,Loyal Customers,1538.148625,18457.7835
CUST-002960,39.0,4,4984.231,2024-11-21 23:23:56,2,3,3,233,Loyal Customers,1246.05775,14952.693
CUST-002961,236.0,2,1381.8600000000001,2024-05-09 15:14:25,2,1,1,211,At Risk / Lost,690.9300000000001,4145.58
CUST-002962,118.0,4,4492.872,2024-09-03 23:11:20,2,3,3,233,Loyal Customers,1123.218,13478.616000000002
CUST-002963,119.0,4,3503.2960000000003,2024-09-03 06:29:20,2,3,2,232,Others,875.8240000000001,10509.888
CUST-002964,674.0,3,1002.3354999999999,2023-02-26 01:27:17,2,2,1,221,At Risk / Lost,334.1118333333333,3007.0064999999995
CUST-002966,12.0,9,5827.6955,2024-12-19 18:14:29,2,4,4,244,Loyal Customers,647.5217222222223,17483.086499999998
CUST-002967,299.0,3,2262.08,2024-03-07 16:49:56,2,2,2,222,At Risk / Lost,754.0266666666666,6786.24
CUST-002968,406.0,3,861.9010000000001,2023-11-21 04:07:01,2,2,1,221,At Risk / Lost,287.30033333333336,2585.7030000000004
CUST-002969,115.0,4,3527.9884999999995,2024-09-07 10:01:19,2,3,2,232,Others,881.9971249999999,10583.965499999998
CUST-002970,291.0,9,8793.118,2024-03-15 22:25:34,2,4,4,244,Loyal Customers,977.0131111111111,26379.354
CUST-002971,223.0,4,3259.6655,2024-05-22 11:08:49,2,3,2,232,Others,814.916375,9778.996500000001
CUST-002972,59.0,1,1491.689,2024-11-02 17:36:49,2,1,1,211,At Risk / Lost,1491.689,4475.067
CUST-002973,298.0,6,9850.425,2024-03-08 11:27:07,2,4,4,244,Loyal Customers,1641.7375,29551.274999999998
CUST-002974,129.0,8,9019.655,2024-08-24 09:11:55,2,4,4,244,Loyal Customers,1127.456875,27058.965000000004
CUST-002975,20.0,8,6008.4055,2024-12-11 17:27:49,2,4,4,244,Loyal Customers,751.0506875,18025.2165
CUST-002977,74.0,4,4212.7185,2024-10-18 16:50:56,2,3,3,233,Loyal Customers,1053.179625,12638.1555
CUST-002978,518.0,5,4468.4215,2023-08-01 06:49:46,2,3,3,233,Loyal Customers,893.6843000000001,13405.264500000001
CUST-002979,127.0,3,1586.9445,2024-08-26 02:31:32,2,2,1,221,At Risk / Lost,528.9815,4760.833500000001
CUST-002980,233.0,7,6830.4685,2024-05-12 16:01:18,2,4,4,244,Loyal Customers,975.7812142857143,20491.4055
CUST-002981,29.0,8,8829.43,2024-12-02 16:59:46,2,4,4,244,Loyal Customers,1103.67875,26488.29
CUST-002982,202.0,8,6298.0205,2024-06-12 02:57:13,2,4,4,244,Loyal Customers,787.2525625,18894.0615
CUST-002983,412.0,2,3856.7265,2023-11-15 11:09:37,2,1,3,213,At Risk / Lost,1928.36325,11570.1795
CUST-002984,202.0,3,3382.1,2024-06-12 19:09:21,2,2,2,222,At Risk / Lost,1127.3666666666666,10146.3
CUST-002985,12.0,8,6318.7055,2024-12-19 01:43:46,2,4,4,244,Loyal Customers,789.8381875,18956.1165
CUST-002986,56.0,5,3764.0335,2024-11-05 05:53:26,2,3,3,233,Loyal Customers,752.8067,11292.1005
CUST-002987,37.0,4,2669.3810000000003,2024-11-24 20:09:24,2,3,2,232,Others,667.3452500000001,8008.143000000001
CUST-002988,239.0,7,9598.0645,2024-05-06 11:01:14,2,4,4,244,Loyal Customers,1371.1520714285714,28794.1935
CUST-002989,278.0,7,7965.0725,2024-03-28 15:13:22,2,4,4,244,Loyal Customers,1137.8675,23895.2175
CUST-002990,617.0,5,2179.631,2023-04-24 00:38:27,2,3,1,231,Others,435.9262,6538.893
CUST-002991,169.0,4,1291.7325,2024-07-15 05:19:38,2,3,1,231,Others,322.933125,3875.1975
CUST-002992,164.0,1,1361.4099999999999,2024-07-20 13:22:48,2,1,1,211,At Risk / Lost,1361.4099999999999,4084.2299999999996
CUST-002993,45.0,5,5257.295,2024-11-16 16:42:40,2,3,3,233,Loyal Customers,1051.459,15771.885
CUST-002994,400.0,2,2518.1364999999996,2023-11-27 14:21:27,2,1,2,212,At Risk / Lost,1259.0682499999998,7554.409499999999
CUST-002995,380.0,7,9705.0465,2023-12-17 03:09:30,2,4,4,244,Loyal Customers,1386.4352142857144,29115.1395
CUST-002996,594.0,3,2038.8095,2023-05-16 23:58:41,2,2,1,221,At Risk / Lost,679.6031666666667,6116.4285
CUST-002997,369.0,3,2753.349,2023-12-28 16:19:25,2,2,2,222,At Risk / Lost,917.783,8260.047
CUST-002999,363.0,4,2713.5895,2024-01-03 14:37:50,2,3,2,232,Others,678.397375,8140.7685
CUST-003000,267.0,6,5479.907,2024-04-08 05:11:04,2,4,4,244,Loyal Customers,913.3178333333334,16439.721
CUST-003001,71.0,4,4411.1695,2024-10-21 17:59:22,2,3,3,233,Loyal Customers,1102.792375,13233.5085
CUST-003002,55.0,6,5745.1365000000005,2024-11-06 14:39:20,2,4,4,244,Loyal Customers,957.5227500000001,17235.4095
CUST-003003,330.0,2,1465.861,2024-02-05 01:20:20,2,1,1,211,At Risk / Lost,732.9305,4397.5830000000005
CUST-003004,232.0,6,7564.7915,2024-05-13 05:42:58,2,4,4,244,Loyal Customers,1260.7985833333335,22694.374500000005
CUST-003005,47.0,6,5368.731,2024-11-14 03:25:38,2,4,4,244,Loyal Customers,894.7885,16106.193
CUST-003006,964.0,1,488.86400000000003,2022-05-12 08:05:23,2,1,1,211,At Risk / Lost,488.86400000000003,1466.592
CUST-003007,66.0,4,4181.928,2024-10-26 15:58:49,2,3,3,233,Loyal Customers,1045.482,12545.784
CUST-003008,245.0,6,5055.299,2024-04-30 08:48:13,2,4,3,243,Loyal Customers,842.5498333333334,15165.897
CUST-003009,166.0,3,2999.654,2024-07-18 04:27:07,2,2,2,222,At Risk / Lost,999.8846666666667,8998.962
CUST-003010,850.0,2,2249.7785,2022-09-03 05:13:08,2,1,2,212,At Risk / Lost,1124.88925,6749.335499999999
CUST-003011,176.0,3,1961.1750000000002,2024-07-08 05:29:17,2,2,1,221,At Risk / Lost,653.725,5883.525000000001
CUST-003012,485.0,8,9901.3025,2023-09-03 09:38:59,2,4,4,244,Loyal Customers,1237.6628125,29703.9075
CUST-003013,65.0,5,6953.639,2024-10-26 23:27:47,2,3,4,234,Loyal Customers,1390.7278000000001,20860.917
CUST-003014,182.0,2,601.584,2024-07-02 05:29:49,2,1,1,211,At Risk / Lost,300.792,1804.752
CUST-003015,146.0,5,6923.7345,2024-08-07 05:06:48,2,3,4,234,Loyal Customers,1384.7468999999999,20771.2035
CUST-003016,10.0,6,4578.393,2024-12-21 16:53:26,2,4,3,243,Loyal Customers,763.0655,13735.179
CUST-003017,518.0,3,2637.158,2023-08-01 02:25:06,2,2,2,222,At Risk / Lost,879.0526666666666,7911.474
CUST-003018,4.0,6,7053.892,2024-12-27 05:14:20,2,4,4,244,Loyal Customers,1175.6486666666667,21161.676
CUST-003019,423.0,2,2619.4700000000003,2023-11-04 00:34:18,2,1,2,212,At Risk / Lost,1309.7350000000001,7858.410000000001
CUST-003020,357.0,2,1403.357,2024-01-08 23:24:07,2,1,1,211,At Risk / Lost,701.6785,4210.071
CUST-003021,126.0,3,2784.6600000000003,2024-08-27 01:44:51,2,2,2,222,At Risk / Lost,928.2200000000001,8353.980000000001
CUST-003022,16.0,3,3821.356,2024-12-15 15:30:07,2,2,3,223,At Risk / Lost,1273.7853333333335,11464.068000000003
CUST-003023,39.0,2,1693.7849999999999,2024-11-22 14:35:14,2,1,1,211,At Risk / Lost,846.8924999999999,5081.355
CUST-003024,442.0,2,1826.17,2023-10-16 00:11:16,2,1,1,211,At Risk / Lost,913.085,5478.51
CUST-003025,60.0,3,8758.837,2024-11-01 20:25:38,2,2,4,224,At Risk / Lost,2919.612333333333,26276.511
CUST-003026,595.0,4,3606.6095,2023-05-16 16:25:11,2,3,2,232,Others,901.652375,10819.8285
CUST-003027,430.0,2,3143.017,2023-10-28 06:35:10,2,1,2,212,At Risk / Lost,1571.5085,9429.051
CUST-003028,581.0,2,2475.9105,2023-05-30 11:46:56,2,1,2,212,At Risk / Lost,1237.95525,7427.7315
CUST-003029,301.0,4,3625.2125,2024-03-05 16:07:15,2,3,2,232,Others,906.303125,10875.6375
CUST-003030,336.0,4,3179.2735000000002,2024-01-30 09:18:40,2,3,2,232,Others,794.8183750000001,9537.820500000002
CUST-003031,300.0,3,3616.5765,2024-03-06 22:33:04,2,2,2,222,At Risk / Lost,1205.5255,10849.729500000001
CUST-003032,197.0,3,2245.3105,2024-06-17 18:37:09,2,2,2,222,At Risk / Lost,748.4368333333333,6735.931500000001
CUST-003033,148.0,3,1469.5159999999998,2024-08-05 21:27:48,2,2,1,221,At Risk / Lost,489.8386666666666,4408.548
CUST-003034,553.0,2,557.491,2023-06-27 10:42:20,2,1,1,211,At Risk / Lost,278.7455,1672.473
CUST-003035,131.0,3,1644.428,2024-08-22 19:48:28,2,2,1,221,At Risk / Lost,548.1426666666667,4933.2840000000015
CUST-003036,151.0,7,8612.945,2024-08-02 05:45:10,2,4,4,244,Loyal Customers,1230.4207142857142,25838.835
CUST-003037,51.0,4,4444.332,2024-11-10 02:02:26,2,3,3,233,Loyal Customers,1111.083,13332.996000000001
CUST-003038,167.0,4,3162.0685000000003,2024-07-17 08:13:39,2,3,2,232,Others,790.5171250000001,9486.2055
CUST-003039,350.0,3,6136.2725,2024-01-16 14:06:30,2,2,4,224,At Risk / Lost,2045.4241666666667,18408.8175
CUST-003040,385.0,5,4764.563,2023-12-12 04:13:13,2,3,3,233,Loyal Customers,952.9126,14293.689
CUST-003041,143.0,6,5199.5515000000005,2024-08-10 10:08:49,2,4,3,243,Loyal Customers,866.5919166666667,15598.6545
CUST-003042,38.0,5,4337.0255,2024-11-23 17:05:02,2,3,3,233,Loyal Customers,867.4051,13011.0765
CUST-003043,26.0,5,8511.2755,2024-12-05 07:18:21,2,3,4,234,Loyal Customers,1702.2550999999999,25533.8265
CUST-003044,290.0,8,6130.572,2024-03-16 15:15:06,2,4,4,244,Loyal Customers,766.3215,18391.716
CUST-003045,69.0,8,5828.119000000001,2024-10-22 23:56:23,2,4,4,244,Loyal Customers,728.5148750000001,17484.357000000004
CUST-003046,111.0,5,5853.952,2024-09-11 20:05:35,2,3,4,234,Loyal Customers,1170.7904,17561.856
CUST-003047,294.0,5,9127.0725,2024-03-12 11:26:37,2,3,4,234,Loyal Customers,1825.4145,27381.2175
CUST-003048,123.0,5,4516.0325,2024-08-30 10:47:42,2,3,3,233,Loyal Customers,903.2065,13548.0975
CUST-003049,62.0,4,3242.0585,2024-10-30 14:03:26,2,3,2,232,Others,810.514625,9726.175500000001
CUST-003050,57.0,5,4328.467,2024-11-04 10:11:36,2,3,3,233,Loyal Customers,865.6933999999999,12985.400999999998
CUST-003051,388.0,9,12790.467,2023-12-09 07:24:15,2,4,4,244,Loyal Customers,1421.163,38371.401
CUST-003052,70.0,4,3877.2385000000004,2024-10-22 16:27:46,2,3,3,233,Loyal Customers,969.3096250000001,11631.715500000002
CUST-003053,115.0,4,2952.5299999999997,2024-09-07 09:00:09,2,3,2,232,Others,738.1324999999999,8857.59
CUST-003054,4.0,6,7071.6375,2024-12-27 17:37:58,2,4,4,244,Loyal Customers,1178.60625,21214.912500000002
CUST-003055,283.0,3,4436.9310000000005,2024-03-23 03:25:32,2,2,3,223,At Risk / Lost,1478.977,13310.793000000001
CUST-003056,58.0,3,1583.502,2024-11-03 02:30:30,2,2,1,221,At Risk / Lost,527.834,4750.505999999999
CUST-003057,347.0,2,2006.87,2024-01-19 17:39:35,2,1,1,211,At Risk / Lost,1003.435,6020.61
CUST-003058,247.0,4,1720.8355000000001,2024-04-28 10:19:29,2,3,1,231,Others,430.20887500000003,5162.5065
CUST-003059,28.0,4,4217.181500000001,2024-12-03 16:37:33,2,3,3,233,Loyal Customers,1054.2953750000001,12651.544500000002
CUST-003060,132.0,1,509.14099999999996,2024-08-21 11:38:33,2,1,1,211,At Risk / Lost,509.14099999999996,1527.4229999999998
CUST-003061,169.0,2,1505.301,2024-07-15 01:14:28,2,1,1,211,At Risk / Lost,752.6505,4515.903
CUST-003062,476.0,2,2298.8015,2023-09-12 18:20:30,2,1,2,212,At Risk / Lost,1149.40075,6896.404500000001
CUST-003063,403.0,2,1825.2400000000002,2023-11-24 20:35:26,2,1,1,211,At Risk / Lost,912.6200000000001,5475.720000000001
CUST-003064,22.0,3,3196.5075,2024-12-09 13:13:58,2,2,2,222,At Risk / Lost,1065.5025,9589.522500000001
CUST-003065,28.0,7,6871.0015,2024-12-03 11:39:52,2,4,4,244,Loyal Customers,981.5716428571429,20613.004500000003
CUST-003066,196.0,3,1566.1815,2024-06-18 02:29:40,2,2,1,221,At Risk / Lost,522.0604999999999,4698.544499999999
CUST-003067,417.0,6,4158.793,2023-11-10 09:32:29,2,4,3,243,Loyal Customers,693.1321666666666,12476.378999999999
CUST-003068,123.0,3,4127.225,2024-08-30 21:33:18,2,2,3,223,At Risk / Lost,1375.7416666666668,12381.675000000001
CUST-003069,139.0,4,4531.2685,2024-08-14 01:14:45,2,3,3,233,Loyal Customers,1132.817125,13593.8055
CUST-003070,292.0,4,4377.7275,2024-03-14 21:47:42,2,3,3,233,Loyal Customers,1094.431875,13133.182499999999
CUST-003071,89.0,4,3609.8925,2024-10-03 20:39:57,2,3,2,232,Others,902.473125,10829.6775
CUST-003072,46.0,4,3733.926,2024-11-15 00:47:54,2,3,3,233,Loyal Customers,933.4815,11201.778
CUST-003073,179.0,3,2363.697,2024-07-05 19:16:57,2,2,2,222,At Risk / Lost,787.899,7091.091
CUST-003074,721.0,1,810.4220000000001,2023-01-10 10:33:52,2,1,1,211,At Risk / Lost,810.4220000000001,2431.2660000000005
CUST-003075,369.0,5,3970.6985,2023-12-28 00:39:02,2,3,3,233,Loyal Customers,794.1397,11912.0955
CUST-003076,147.0,2,488.247,2024-08-06 12:55:32,2,1,1,211,At Risk / Lost,244.1235,1464.741
CUST-003077,271.0,6,4301.5395,2024-04-04 20:31:28,2,4,3,243,Loyal Customers,716.9232499999999,12904.6185
CUST-003078,740.0,2,984.8325,2022-12-22 20:33:48,2,1,1,211,At Risk / Lost,492.41625,2954.4975
CUST-003079,603.0,2,2106.8345,2023-05-08 15:03:26,2,1,1,211,At Risk / Lost,1053.41725,6320.5035
CUST-003080,301.0,1,193.629,2024-03-05 19:51:12,2,1,1,211,At Risk / Lost,193.629,580.887
CUST-003081,200.0,8,4835.04,2024-06-14 09:51:36,2,4,3,243,Loyal Customers,604.38,14505.119999999999
CUST-003082,78.0,5,7910.098,2024-10-14 06:33:20,2,3,4,234,Loyal Customers,1582.0196,23730.294
CUST-003083,555.0,2,1771.9375,2023-06-25 13:56:54,2,1,1,211,At Risk / Lost,885.96875,5315.8125
CUST-003084,21.0,6,5667.2125,2024-12-10 01:36:06,2,4,4,244,Loyal Customers,944.5354166666666,17001.637499999997
CUST-003085,132.0,7,7607.154500000001,2024-08-21 11:07:57,2,4,4,244,Loyal Customers,1086.7363571428573,22821.4635
CUST-003086,209.0,8,7847.487,2024-06-05 16:29:30,2,4,4,244,Loyal Customers,980.935875,23542.461
CUST-003087,156.0,7,7360.5945,2024-07-28 18:58:46,2,4,4,244,Loyal Customers,1051.5135,22081.7835
CUST-003088,466.0,3,901.2435,2023-09-22 00:46:09,2,2,1,221,At Risk / Lost,300.41450000000003,2703.7305
CUST-003089,564.0,2,2925.212,2023-06-16 10:26:47,2,1,2,212,At Risk / Lost,1462.606,8775.636
CUST-003090,43.0,7,9689.317,2024-11-18 21:05:17,2,4,4,244,Loyal Customers,1384.1881428571428,29067.950999999997
CUST-003091,191.0,7,8859.354500000001,2024-06-23 21:11:30,2,4,4,244,Loyal Customers,1265.6220714285716,26578.063500000004
CUST-003092,317.0,8,11533.19,2024-02-18 13:38:49,2,4,4,244,Loyal Customers,1441.64875,34599.57
CUST-003093,209.0,4,5029.3275,2024-06-05 10:21:27,2,3,3,233,Loyal Customers,1257.331875,15087.982500000002
CUST-003094,41.0,3,3011.5919999999996,2024-11-20 08:27:28,2,2,2,222,At Risk / Lost,1003.8639999999999,9034.775999999998
CUST-003095,280.0,3,2533.933,2024-03-26 09:55:48,2,2,2,222,At Risk / Lost,844.6443333333333,7601.799
CUST-003096,62.0,5,3434.3055,2024-10-30 18:20:06,2,3,2,232,Others,686.8611,10302.9165
CUST-003097,170.0,2,2432.2075,2024-07-14 05:11:14,2,1,2,212,At Risk / Lost,1216.10375,7296.6224999999995
CUST-003098,12.0,4,2859.4809999999998,2024-12-19 04:26:48,2,3,2,232,Others,714.8702499999999,8578.443
CUST-003099,82.0,2,2446.0245,2024-10-10 13:07:47,2,1,2,212,At Risk / Lost,1223.01225,7338.0735
CUST-003100,787.0,1,1093.005,2022-11-05 16:07:52,2,1,1,211,At Risk / Lost,1093.005,3279.0150000000003
CUST-003101,128.0,3,3752.216,2024-08-25 11:00:37,2,2,3,223,At Risk / Lost,1250.7386666666666,11256.648
CUST-003102,30.0,3,2427.5519999999997,2024-12-01 17:50:38,2,2,2,222,At Risk / Lost,809.1839999999999,7282.655999999999
CUST-003103,9.0,6,5268.088,2024-12-22 01:33:35,2,4,3,243,Loyal Customers,878.0146666666666,15804.264
CUST-003104,775.0,1,789.566,2022-11-17 03:02:13,2,1,1,211,At Risk / Lost,789.566,2368.6980000000003
CUST-003105,582.0,1,166.7175,2023-05-29 05:02:04,2,1,1,211,At Risk / Lost,166.7175,500.15250000000003
CUST-003106,13.0,4,3792.5875,2024-12-18 07:14:34,2,3,3,233,Loyal Customers,948.146875,11377.7625
CUST-003107,14.0,4,3122.465,2024-12-17 09:51:45,2,3,2,232,Others,780.61625,9367.395
CUST-003108,652.0,3,3079.541,2023-03-20 21:11:04,2,2,2,222,At Risk / Lost,1026.5136666666667,9238.623
CUST-003109,142.0,1,3091.9570000000003,2024-08-11 06:03:35,2,1,2,212,At Risk / Lost,3091.9570000000003,9275.871000000001
CUST-003110,1.0,5,3789.185,2024-12-30 09:11:29,2,3,3,233,Loyal Customers,757.837,11367.555
CUST-003111,338.0,2,2892.827,2024-01-28 12:46:52,2,1,2,212,At Risk / Lost,1446.4135,8678.481
CUST-003112,512.0,6,2911.0074999999997,2023-08-07 02:26:41,2,4,2,242,Others,485.1679166666666,8733.0225
CUST-003113,701.0,1,299.856,2023-01-30 22:32:01,2,1,1,211,At Risk / Lost,299.856,899.568
CUST-003114,29.0,5,6047.884,2024-12-02 06:50:50,2,3,4,234,Loyal Customers,1209.5768,18143.652000000002
CUST-003115,15.0,13,12984.5295,2024-12-16 10:14:01,2,4,4,244,Loyal Customers,998.8099615384616,38953.5885
CUST-003116,314.0,3,3897.894,2024-02-21 22:33:59,2,2,3,223,At Risk / Lost,1299.298,11693.682
CUST-003117,148.0,9,8844.2165,2024-08-05 06:23:51,2,4,4,244,Loyal Customers,982.6907222222222,26532.6495
CUST-003118,55.0,3,2086.9875,2024-11-06 07:40:26,2,2,1,221,At Risk / Lost,695.6625,6260.962500000001
CUST-003119,838.0,2,3610.395,2022-09-15 13:42:41,2,1,2,212,At Risk / Lost,1805.1975,10831.185
CUST-003120,82.0,6,6028.537,2024-10-10 20:30:40,2,4,4,244,Loyal Customers,1004.7561666666667,18085.611
CUST-003121,173.0,6,3190.904,2024-07-11 07:30:40,2,4,2,242,Others,531.8173333333333,9572.712
CUST-003122,186.0,3,4012.9285,2024-06-28 11:10:51,2,2,3,223,At Risk / Lost,1337.6428333333333,12038.7855
CUST-003123,384.0,2,1895.6085,2023-12-12 23:50:55,2,1,1,211,At Risk / Lost,947.80425,5686.8255
CUST-003124,84.0,6,6281.718000000001,2024-10-08 05:02:37,2,4,4,244,Loyal Customers,1046.9530000000002,18845.154000000002
CUST-003125,266.0,2,1057.4779999999998,2024-04-09 22:51:14,2,1,1,211,At Risk / Lost,528.7389999999999,3172.4339999999993
CUST-003126,208.0,1,1371.701,2024-06-06 07:12:25,2,1,1,211,At Risk / Lost,1371.701,4115.103
CUST-003127,702.0,3,3247.776,2023-01-29 09:02:15,2,2,2,222,At Risk / Lost,1082.5919999999999,9743.328
CUST-003128,21.0,5,7564.206,2024-12-10 08:41:01,2,3,4,234,Loyal Customers,1512.8412,22692.618000000002
CUST-003129,381.0,4,3282.7554999999998,2023-12-16 00:49:35,2,3,2,232,Others,820.6888749999999,9848.2665
CUST-003130,7.0,5,7526.176,2024-12-23 23:09:54,2,3,4,234,Loyal Customers,1505.2352,22578.528000000002
CUST-003131,719.0,2,1261.0665000000001,2023-01-11 23:50:32,2,1,1,211,At Risk / Lost,630.5332500000001,3783.1995000000006
CUST-003132,91.0,2,600.8645,2024-10-01 18:37:54,2,1,1,211,At Risk / Lost,300.43225,1802.5935
CUST-003133,100.0,5,5388.919,2024-09-22 20:08:19,2,3,4,234,Loyal Customers,1077.7838,16166.757
CUST-003134,286.0,3,2712.612,2024-03-20 01:47:11,2,2,2,222,At Risk / Lost,904.2040000000001,8137.836
CUST-003135,391.0,3,1959.662,2023-12-06 16:49:01,2,2,1,221,At Risk / Lost,653.2206666666667,5878.986000000001
CUST-003136,9.0,4,1636.081,2024-12-22 06:23:28,2,3,1,231,Others,409.02025,4908.2429999999995
CUST-003137,83.0,3,2893.467,2024-10-09 02:47:18,2,2,2,222,At Risk / Lost,964.489,8680.401
CUST-003138,174.0,4,5157.5255,2024-07-10 19:50:45,2,3,3,233,Loyal Customers,1289.381375,15472.5765
CUST-003139,79.0,4,3554.6675,2024-10-13 02:31:05,2,3,2,232,Others,888.666875,10664.0025
CUST-003140,557.0,3,3951.002,2023-06-23 08:37:56,2,2,3,223,At Risk / Lost,1317.0006666666666,11853.005999999998
CUST-003141,85.0,5,7309.1539999999995,2024-10-07 18:21:13,2,3,4,234,Loyal Customers,1461.8308,21927.462
CUST-003142,418.0,4,2376.569,2023-11-09 16:35:13,2,3,2,232,Others,594.14225,7129.707
CUST-003143,262.0,7,7728.7415,2024-04-13 02:56:50,2,4,4,244,Loyal Customers,1104.1059285714286,23186.2245
CUST-003144,201.0,3,2800.9,2024-06-13 18:07:06,2,2,2,222,At Risk / Lost,933.6333333333333,8402.7
CUST-003145,111.0,5,7865.65,2024-09-11 01:22:10,2,3,4,234,Loyal Customers,1573.1299999999999,23596.949999999997
CUST-003146,977.0,2,1154.6135000000002,2022-04-29 12:40:26,2,1,1,211,At Risk / Lost,577.3067500000001,3463.8405000000002
CUST-003147,612.0,6,5809.149,2023-04-29 00:59:07,2,4,4,244,Loyal Customers,968.1915,17427.447
CUST-003148,401.0,2,2252.5725,2023-11-26 00:33:05,2,1,2,212,At Risk / Lost,1126.28625,6757.717500000001
CUST-003149,98.0,4,4876.7074999999995,2024-09-24 10:49:41,2,3,3,233,Loyal Customers,1219.1768749999999,14630.122499999998
CUST-003150,187.0,1,1098.8575,2024-06-27 05:47:04,2,1,1,211,At Risk / Lost,1098.8575,3296.5725
CUST-003151,551.0,6,6549.6685,2023-06-29 12:28:11,2,4,4,244,Loyal Customers,1091.6114166666666,19649.0055
CUST-003152,338.0,2,1804.0165,2024-01-28 19:38:37,2,1,1,211,At Risk / Lost,902.00825,5412.0495
CUST-003153,202.0,5,5446.947,2024-06-12 03:30:59,2,3,4,234,Loyal Customers,1089.3894,16340.841
CUST-003154,5.0,3,3762.9855,2024-12-26 19:13:03,2,2,3,223,At Risk / Lost,1254.3284999999998,11288.9565
CUST-003155,188.0,4,4643.908,2024-06-26 22:39:44,2,3,3,233,Loyal Customers,1160.977,13931.724000000002
CUST-003156,240.0,3,3190.9930000000004,2024-05-05 14:40:05,2,2,2,222,At Risk / Lost,1063.6643333333334,9572.979000000001
CUST-003157,924.0,2,2347.216,2022-06-21 14:06:14,2,1,2,212,At Risk / Lost,1173.608,7041.647999999999
CUST-003158,33.0,3,3327.774,2024-11-28 03:59:06,2,2,2,222,At Risk / Lost,1109.258,9983.322
CUST-003159,206.0,2,1619.9705,2024-06-08 06:26:34,2,1,1,211,At Risk / Lost,809.98525,4859.9115
CUST-003160,295.0,6,3714.34,2024-03-11 00:02:02,2,4,3,243,Loyal Customers,619.0566666666667,11143.02
CUST-003161,58.0,8,8376.737000000001,2024-11-03 11:34:54,2,4,4,244,Loyal Customers,1047.0921250000001,25130.211000000003
CUST-003162,450.0,4,3247.5595000000003,2023-10-08 05:43:35,2,3,2,232,Others,811.8898750000001,9742.678500000002
CUST-003163,174.0,2,1261.4445,2024-07-10 06:44:43,2,1,1,211,At Risk / Lost,630.72225,3784.3335
CUST-003164,189.0,3,1362.9454999999998,2024-06-25 06:14:49,2,2,1,221,At Risk / Lost,454.3151666666666,4088.8364999999994
CUST-003165,568.0,3,2374.728,2023-06-12 10:05:54,2,2,2,222,At Risk / Lost,791.576,7124.184
CUST-003166,87.0,4,1934.96,2024-10-05 04:26:24,2,3,1,231,Others,483.74,5804.88
CUST-003167,364.0,9,9067.6345,2024-01-02 00:42:07,2,4,4,244,Loyal Customers,1007.5149444444445,27202.9035
CUST-003168,374.0,5,4172.2965,2023-12-23 12:55:48,2,3,3,233,Loyal Customers,834.4593000000001,12516.889500000001
CUST-003169,51.0,3,1612.7169999999999,2024-11-10 02:57:51,2,2,1,221,At Risk / Lost,537.5723333333333,4838.151
CUST-003170,509.0,4,3911.3990000000003,2023-08-10 00:35:01,2,3,3,233,Loyal Customers,977.8497500000001,11734.197
CUST-003171,290.0,3,3253.58,2024-03-16 07:10:21,2,2,2,222,At Risk / Lost,1084.5266666666666,9760.74
CUST-003172,236.0,4,5097.079,2024-05-09 10:27:34,2,3,3,233,Loyal Customers,1274.26975,15291.237
CUST-003173,95.0,6,4365.783,2024-09-27 13:40:43,2,4,3,243,Loyal Customers,727.6305000000001,13097.349000000002
CUST-003174,274.0,2,664.9285,2024-04-01 17:09:18,2,1,1,211,At Risk / Lost,332.46425,1994.7855
CUST-003175,493.0,5,3668.3065,2023-08-26 00:14:14,2,3,3,233,Loyal Customers,733.6613,11004.9195
CUST-003176,641.0,1,1214.025,2023-03-31 05:35:44,2,1,1,211,At Risk / Lost,1214.025,3642.0750000000003
CUST-003177,95.0,8,8663.9545,2024-09-27 13:44:13,2,4,4,244,Loyal Customers,1082.9943125,25991.8635
CUST-003178,356.0,1,504.14699999999993,2024-01-10 20:53:11,2,1,1,211,At Risk / Lost,504.14699999999993,1512.4409999999998
CUST-003179,199.0,4,3070.7025000000003,2024-06-15 12:21:18,2,3,2,232,Others,767.6756250000001,9212.107500000002
CUST-003180,399.0,6,5474.0435,2023-11-28 00:19:52,2,4,4,244,Loyal Customers,912.3405833333333,16422.1305
CUST-003181,374.0,2,1155.9325000000001,2023-12-23 11:44:56,2,1,1,211,At Risk / Lost,577.9662500000001,3467.7975000000006
CUST-003182,418.0,3,7530.707,2023-11-09 22:31:44,2,2,4,224,At Risk / Lost,2510.235666666667,22592.121
CUST-003183,308.0,3,3151.65,2024-02-27 05:50:25,2,2,2,222,At Risk / Lost,1050.55,9454.949999999999
CUST-003184,328.0,6,6644.1065,2024-02-07 12:21:51,2,4,4,244,Loyal Customers,1107.3510833333332,19932.319499999998
CUST-003185,431.0,6,6409.8155,2023-10-27 17:38:20,2,4,4,244,Loyal Customers,1068.3025833333334,19229.446500000002
CUST-003186,92.0,5,3699.498,2024-09-30 21:43:22,2,3,3,233,Loyal Customers,739.8996,11098.493999999999
CUST-003187,296.0,3,2394.3975,2024-03-10 02:34:05,2,2,2,222,At Risk / Lost,798.1325,7183.1925
CUST-003188,38.0,5,6484.48,2024-11-23 17:07:42,2,3,4,234,Loyal Customers,1296.896,19453.44
CUST-003189,74.0,5,3629.282,2024-10-18 00:01:25,2,3,2,232,Others,725.8564,10887.846000000001
CUST-003191,441.0,2,1167.2695,2023-10-17 15:08:09,2,1,1,211,At Risk / Lost,583.63475,3501.8085
CUST-003192,378.0,1,1129.7440000000001,2023-12-19 03:57:24,2,1,1,211,At Risk / Lost,1129.7440000000001,3389.2320000000004
CUST-003193,95.0,5,4854.5945,2024-09-27 08:28:03,2,3,3,233,Loyal Customers,970.9189,14563.783500000001
CUST-003194,89.0,6,5952.649,2024-10-03 02:14:42,2,4,4,244,Loyal Customers,992.1081666666668,17857.947
CUST-003195,229.0,7,7455.567999999999,2024-05-16 11:07:18,2,4,4,244,Loyal Customers,1065.0811428571428,22366.703999999998
CUST-003196,106.0,7,7053.6785,2024-09-16 12:25:02,2,4,4,244,Loyal Customers,1007.6683571428572,21161.035499999998
CUST-003197,727.0,1,183.861,2023-01-04 00:04:30,2,1,1,211,At Risk / Lost,183.861,551.583
CUST-003198,1090.0,1,2800.9384999999997,2022-01-06 10:46:02,2,1,2,212,At Risk / Lost,2800.9384999999997,8402.815499999999
CUST-003199,118.0,6,6432.1065,2024-09-04 05:42:07,2,4,4,244,Loyal Customers,1072.01775,19296.319499999998
CUST-003200,532.0,1,28.983999999999998,2023-07-18 01:13:29,2,1,1,211,At Risk / Lost,28.983999999999998,86.952
CUST-003201,129.0,4,3866.848,2024-08-24 20:09:17,2,3,3,233,Loyal Customers,966.712,11600.544
CUST-003202,129.0,3,2115.2865,2024-08-24 10:12:57,2,2,1,221,At Risk / Lost,705.0955,6345.8595000000005
CUST-003203,43.0,2,3101.9184999999998,2024-11-18 16:14:36,2,1,2,212,At Risk / Lost,1550.9592499999999,9305.7555
CUST-003204,173.0,6,6076.152,2024-07-11 12:41:42,2,4,4,244,Loyal Customers,1012.692,18228.456
CUST-003205,52.0,1,1245.13,2024-11-09 04:19:53,2,1,1,211,At Risk / Lost,1245.13,3735.3900000000003
CUST-003206,159.0,6,5600.5145,2024-07-25 19:31:10,2,4,4,244,Loyal Customers,933.4190833333333,16801.5435
CUST-003207,164.0,3,1777.1444999999999,2024-07-20 16:44:03,2,2,1,221,At Risk / Lost,592.3815,5331.433499999999
CUST-003208,65.0,4,4612.6714999999995,2024-10-27 06:47:08,2,3,3,233,Loyal Customers,1153.1678749999999,13838.014499999997
CUST-003210,79.0,6,3149.0339999999997,2024-10-13 19:04:02,2,4,2,242,Others,524.8389999999999,9447.101999999999
CUST-003211,131.0,5,8821.3385,2024-08-22 19:17:20,2,3,4,234,Loyal Customers,1764.2676999999999,26464.0155
CUST-003212,95.0,5,3412.83,2024-09-27 02:30:37,2,3,2,232,Others,682.566,10238.49
CUST-003213,136.0,3,3809.587,2024-08-17 01:12:41,2,2,3,223,At Risk / Lost,1269.8623333333333,11428.760999999999
CUST-003214,333.0,2,1236.162,2024-02-02 19:48:17,2,1,1,211,At Risk / Lost,618.081,3708.486
CUST-003215,47.0,6,5057.6765,2024-11-14 19:33:00,2,4,3,243,Loyal Customers,842.9460833333333,15173.029499999999
CUST-003216,187.0,3,3540.6440000000002,2024-06-27 01:34:20,2,2,2,222,At Risk / Lost,1180.2146666666667,10621.932
CUST-003217,408.0,4,5201.853999999999,2023-11-18 23:51:37,2,3,3,233,Loyal Customers,1300.4634999999998,15605.561999999998
CUST-003218,46.0,5,3076.5335000000005,2024-11-15 02:51:41,2,3,2,232,Others,615.3067000000001,9229.6005
CUST-003219,320.0,5,5854.2485,2024-02-15 09:46:03,2,3,4,234,Loyal Customers,1170.8497,17562.745499999997
CUST-003220,21.0,3,1525.6799999999998,2024-12-10 20:34:14,2,2,1,221,At Risk / Lost,508.55999999999995,4577.039999999999
CUST-003221,310.0,6,6018.224,2024-02-25 07:38:23,2,4,4,244,Loyal Customers,1003.0373333333333,18054.672
CUST-003222,20.0,5,3292.2665,2024-12-10 23:05:30,2,3,2,232,Others,658.4533,9876.799500000001
CUST-003223,28.0,5,3741.72,2024-12-03 10:14:22,2,3,3,233,Loyal Customers,748.3439999999999,11225.16
CUST-003224,291.0,1,264.5215,2024-03-15 08:39:20,2,1,1,211,At Risk / Lost,264.5215,793.5645
CUST-003225,100.0,8,7176.531,2024-09-22 10:22:11,2,4,4,244,Loyal Customers,897.066375,21529.593
CUST-003226,298.0,1,500.27299999999997,2024-03-08 02:39:22,2,1,1,211,At Risk / Lost,500.27299999999997,1500.819
CUST-003227,253.0,4,5380.5675,2024-04-22 00:37:10,2,3,4,234,Loyal Customers,1345.141875,16141.7025
CUST-003228,569.0,1,493.129,2023-06-11 06:26:12,2,1,1,211,At Risk / Lost,493.129,1479.3870000000002
CUST-003229,243.0,3,4214.3885,2024-05-01 23:46:49,2,2,3,223,At Risk / Lost,1404.7961666666667,12643.1655
CUST-003230,289.0,2,2219.9025,2024-03-17 15:11:44,2,1,1,211,At Risk / Lost,1109.95125,6659.7075
CUST-003231,107.0,4,3183.767,2024-09-15 21:43:57,2,3,2,232,Others,795.94175,9551.301
CUST-003232,78.0,7,11300.962,2024-10-14 07:22:34,2,4,4,244,Loyal Customers,1614.4231428571427,33902.886
CUST-003233,128.0,2,2333.0865,2024-08-25 14:33:57,2,1,2,212,At Risk / Lost,1166.54325,6999.2595
CUST-003234,299.0,7,4988.671,2024-03-07 08:12:09,2,4,3,243,Loyal Customers,712.6672857142858,14966.013
CUST-003235,141.0,5,5423.528,2024-08-12 02:54:13,2,3,4,234,Loyal Customers,1084.7056,16270.584
CUST-003236,205.0,5,6140.701,2024-06-08 23:07:02,2,3,4,234,Loyal Customers,1228.1402,18422.103
CUST-003237,218.0,8,8835.097,2024-05-26 23:56:11,2,4,4,244,Loyal Customers,1104.387125,26505.290999999997
CUST-003238,224.0,4,3385.236,2024-05-21 12:59:31,2,3,2,232,Others,846.309,10155.707999999999
CUST-003239,376.0,2,2501.0995,2023-12-21 22:52:33,2,1,2,212,At Risk / Lost,1250.54975,7503.298499999999
CUST-003240,499.0,2,1831.502,2023-08-20 16:12:05,2,1,1,211,At Risk / Lost,915.751,5494.505999999999
CUST-003241,275.0,2,3053.7335000000003,2024-03-31 13:28:58,2,1,2,212,At Risk / Lost,1526.8667500000001,9161.2005
CUST-003242,73.0,5,3097.9555,2024-10-19 15:44:50,2,3,2,232,Others,619.5911,9293.8665
CUST-003243,319.0,3,2937.0685000000003,2024-02-16 10:16:18,2,2,2,222,At Risk / Lost,979.0228333333334,8811.2055
CUST-003244,21.0,5,3125.9415,2024-12-10 18:41:50,2,3,2,232,Others,625.1883,9377.824499999999
CUST-003245,290.0,2,2792.0295,2024-03-16 15:19:14,2,1,2,212,At Risk / Lost,1396.01475,8376.0885
CUST-003246,490.0,2,1329.5775,2023-08-29 16:30:17,2,1,1,211,At Risk / Lost,664.78875,3988.7325
CUST-003247,285.0,5,2214.0125,2024-03-21 08:42:52,2,3,1,231,Others,442.80249999999995,6642.037499999999
CUST-003248,276.0,7,4539.811,2024-03-30 18:07:03,2,4,3,243,Loyal Customers,648.5444285714285,13619.432999999999
CUST-003249,285.0,5,8179.1505,2024-03-21 02:31:57,2,3,4,234,Loyal Customers,1635.8301,24537.4515
CUST-003250,201.0,2,1694.993,2024-06-13 19:27:31,2,1,1,211,At Risk / Lost,847.4965,5084.978999999999
CUST-003251,24.0,6,7942.388,2024-12-07 11:45:10,2,4,4,244,Loyal Customers,1323.7313333333334,23827.164000000004
CUST-003252,253.0,3,3688.02,2024-04-22 05:55:09,2,2,3,223,At Risk / Lost,1229.34,11064.059999999998
CUST-003253,391.0,4,3044.442,2023-12-06 15:30:04,2,3,2,232,Others,761.1105,9133.326000000001
CUST-003255,351.0,4,3034.9775,2024-01-15 02:47:36,2,3,2,232,Others,758.744375,9104.932499999999
CUST-003256,60.0,2,1343.031,2024-11-01 00:04:39,2,1,1,211,At Risk / Lost,671.5155,4029.093
CUST-003257,11.0,6,4923.885,2024-12-20 08:13:29,2,4,3,243,Loyal Customers,820.6475,14771.655
CUST-003258,567.0,1,950.228,2023-06-13 09:28:02,2,1,1,211,At Risk / Lost,950.228,2850.6839999999997
CUST-003259,292.0,3,1633.16,2024-03-14 18:56:26,2,2,1,221,At Risk / Lost,544.3866666666667,4899.48
CUST-003260,321.0,5,8331.1875,2024-02-14 04:35:51,2,3,4,234,Loyal Customers,1666.2375,24993.5625
CUST-003261,95.0,5,2595.076,2024-09-27 15:34:57,2,3,2,232,Others,519.0152,7785.228
CUST-003262,106.0,6,6459.67,2024-09-16 00:08:47,2,4,4,244,Loyal Customers,1076.6116666666667,19379.010000000002
CUST-003263,315.0,3,2896.5155,2024-02-20 02:35:51,2,2,2,222,At Risk / Lost,965.5051666666667,8689.5465
CUST-003264,889.0,4,3168.553,2022-07-26 22:02:37,2,3,2,232,Others,792.13825,9505.659
CUST-003265,122.0,3,4213.004,2024-08-31 08:31:06,2,2,3,223,At Risk / Lost,1404.3346666666666,12639.011999999999
CUST-003266,96.0,5,4590.530000000001,2024-09-26 22:51:38,2,3,3,233,Loyal Customers,918.1060000000001,13771.590000000002
CUST-003267,146.0,6,6272.4265,2024-08-07 01:57:36,2,4,4,244,Loyal Customers,1045.4044166666665,18817.279499999997
CUST-003268,152.0,6,5715.315500000001,2024-08-01 22:38:39,2,4,4,244,Loyal Customers,952.5525833333335,17145.946500000002
CUST-003269,55.0,5,5212.6125,2024-11-06 02:48:29,2,3,3,233,Loyal Customers,1042.5225,15637.837500000001
CUST-003270,329.0,4,4806.055,2024-02-06 12:15:18,2,3,3,233,Loyal Customers,1201.51375,14418.165
CUST-003271,22.0,5,3631.8109999999997,2024-12-09 04:29:25,2,3,2,232,Others,726.3621999999999,10895.432999999999
CUST-003272,21.0,6,7366.402,2024-12-10 07:37:57,2,4,4,244,Loyal Customers,1227.7336666666667,22099.206
CUST-003273,158.0,2,2216.511,2024-07-26 17:37:52,2,1,1,211,At Risk / Lost,1108.2555,6649.532999999999
CUST-003274,41.0,6,5221.2825,2024-11-20 01:07:39,2,4,3,243,Loyal Customers,870.21375,15663.8475
CUST-003275,189.0,2,1053.72,2024-06-25 17:08:08,2,1,1,211,At Risk / Lost,526.86,3161.16
CUST-003276,247.0,4,1487.8970000000002,2024-04-28 08:49:02,2,3,1,231,Others,371.97425000000004,4463.691000000001
CUST-003277,598.0,2,1613.3015000000003,2023-05-13 03:22:10,2,1,1,211,At Risk / Lost,806.6507500000001,4839.904500000001
CUST-003278,101.0,2,1760.1465000000003,2024-09-21 20:02:54,2,1,1,211,At Risk / Lost,880.0732500000001,5280.4395
CUST-003279,83.0,4,4435.1635,2024-10-08 23:28:13,2,3,3,233,Loyal Customers,1108.790875,13305.4905
CUST-003281,3.0,2,999.051,2024-12-28 11:26:55,2,1,1,211,At Risk / Lost,499.5255,2997.1530000000002
CUST-003282,135.0,9,11634.6495,2024-08-18 18:20:17,2,4,4,244,Loyal Customers,1292.7388333333333,34903.9485
CUST-003283,131.0,5,4528.245,2024-08-21 23:15:03,2,3,3,233,Loyal Customers,905.649,13584.735
CUST-003284,168.0,5,4409.9145,2024-07-16 20:28:21,2,3,3,233,Loyal Customers,881.9829,13229.7435
CUST-003285,133.0,3,2032.7275,2024-08-20 01:37:24,2,2,1,221,At Risk / Lost,677.5758333333333,6098.1825
CUST-003286,113.0,7,7874.538500000001,2024-09-09 12:53:41,2,4,4,244,Loyal Customers,1124.9340714285715,23623.6155
CUST-003287,253.0,3,3067.787,2024-04-22 07:03:51,2,2,2,222,At Risk / Lost,1022.5956666666666,9203.360999999999
CUST-003288,170.0,4,5145.658,2024-07-14 01:39:44,2,3,3,233,Loyal Customers,1286.4145,15436.974000000002
CUST-003289,328.0,3,4804.9735,2024-02-07 14:21:09,2,2,3,223,At Risk / Lost,1601.6578333333334,14414.9205
CUST-003290,277.0,3,1716.2110000000002,2024-03-29 05:40:59,2,2,1,221,At Risk / Lost,572.0703333333335,5148.633000000001
CUST-003291,518.0,2,2473.65,2023-08-01 00:00:00,2,1,2,212,At Risk / Lost,1236.825,7420.950000000001
CUST-003292,59.0,5,4495.2985,2024-11-02 21:36:51,2,3,3,233,Loyal Customers,899.0597,13485.895499999999
CUST-003293,36.0,5,5391.6115,2024-11-25 05:43:18,2,3,4,234,Loyal Customers,1078.3223,16174.8345
CUST-003294,30.0,4,2979.4094999999998,2024-12-01 08:11:24,2,3,2,232,Others,744.8523749999999,8938.2285
CUST-003295,152.0,3,2911.3615,2024-08-01 01:14:01,2,2,2,222,At Risk / Lost,970.4538333333334,8734.0845
CUST-003296,100.0,4,6360.3205,2024-09-22 12:59:03,2,3,4,234,Loyal Customers,1590.080125,19080.961499999998
CUST-003297,209.0,7,6644.264,2024-06-05 10:06:13,2,4,4,244,Loyal Customers,949.1805714285714,19932.792
CUST-003298,273.0,2,1081.0839999999998,2024-04-02 11:58:06,2,1,1,211,At Risk / Lost,540.5419999999999,3243.2519999999995
CUST-003299,69.0,5,5396.21,2024-10-23 17:08:29,2,3,4,234,Loyal Customers,1079.242,16188.630000000001
CUST-003300,93.0,8,8146.6995,2024-09-29 04:04:11,2,4,4,244,Loyal Customers,1018.3374375,24440.0985
CUST-003301,196.0,4,3015.9094999999998,2024-06-18 06:42:35,2,3,2,232,Others,753.9773749999999,9047.7285
CUST-003302,261.0,6,3654.3515,2024-04-14 19:16:22,2,4,3,243,Loyal Customers,609.0585833333333,10963.054499999998
CUST-003303,473.0,3,3654.0555,2023-09-15 08:50:26,2,2,3,223,At Risk / Lost,1218.0185,10962.1665
CUST-003304,379.0,4,2706.9435,2023-12-18 16:07:14,2,3,2,232,Others,676.735875,8120.8305
CUST-003305,500.0,5,3413.592,2023-08-19 10:30:30,2,3,2,232,Others,682.7184,10240.775999999998
CUST-003306,597.0,2,1405.3235,2023-05-14 22:39:21,2,1,1,211,At Risk / Lost,702.66175,4215.970499999999
CUST-003307,26.0,4,4366.8705,2024-12-05 20:38:33,2,3,3,233,Loyal Customers,1091.717625,13100.611499999999
CUST-003308,199.0,4,5024.6555,2024-06-15 15:27:02,2,3,3,233,Loyal Customers,1256.163875,15073.966499999999
CUST-003309,97.0,5,4102.9665,2024-09-25 10:56:54,2,3,3,233,Loyal Customers,820.5933000000001,12308.899500000001
CUST-003310,201.0,4,5880.9175,2024-06-13 09:14:22,2,3,4,234,Loyal Customers,1470.229375,17642.7525
CUST-003311,140.0,5,2021.7905,2024-08-12 23:07:06,2,3,1,231,Others,404.35810000000004,6065.3715
CUST-003312,64.0,8,3594.9880000000003,2024-10-28 10:37:17,2,4,2,242,Others,449.37350000000004,10784.964
CUST-003313,28.0,3,2015.353,2024-12-03 12:21:56,2,2,1,221,At Risk / Lost,671.7843333333334,6046.059
CUST-003314,828.0,2,1807.3539999999998,2022-09-25 05:32:06,2,1,1,211,At Risk / Lost,903.6769999999999,5422.062
CUST-003315,107.0,6,5267.0935,2024-09-15 07:18:51,2,4,3,243,Loyal Customers,877.8489166666667,15801.2805
CUST-003316,105.0,9,9825.3995,2024-09-17 06:52:27,2,4,4,244,Loyal Customers,1091.7110555555555,29476.1985
CUST-003317,187.0,2,2440.5195,2024-06-27 20:37:35,2,1,2,212,At Risk / Lost,1220.25975,7321.558499999999
CUST-003318,297.0,5,6282.366,2024-03-09 12:37:27,2,3,4,234,Loyal Customers,1256.4732,18847.097999999998
CUST-003319,128.0,5,4011.7700000000004,2024-08-25 07:55:02,2,3,3,233,Loyal Customers,802.354,12035.310000000001
CUST-003320,449.0,2,1945.0565,2023-10-09 00:46:43,2,1,1,211,At Risk / Lost,972.52825,5835.1695
CUST-003321,222.0,7,9440.982,2024-05-23 08:46:37,2,4,4,244,Loyal Customers,1348.7117142857144,28322.946
CUST-003322,57.0,7,6001.226000000001,2024-11-04 01:39:16,2,4,4,244,Loyal Customers,857.3180000000001,18003.678
CUST-003323,415.0,4,4279.3395,2023-11-12 03:44:01,2,3,3,233,Loyal Customers,1069.834875,12838.0185
CUST-003324,362.0,2,1052.844,2024-01-04 02:03:05,2,1,1,211,At Risk / Lost,526.422,3158.532
CUST-003325,164.0,4,3860.9,2024-07-20 05:13:11,2,3,3,233,Loyal Customers,965.225,11582.7
CUST-003326,162.0,6,4380.493,2024-07-22 06:16:38,2,4,3,243,Loyal Customers,730.0821666666667,13141.479000000001
CUST-003327,130.0,4,5370.0824999999995,2024-08-23 11:11:31,2,3,4,234,Loyal Customers,1342.5206249999999,16110.247499999998
CUST-003328,234.0,8,6993.607,2024-05-11 09:40:22,2,4,4,244,Loyal Customers,874.200875,20980.821
CUST-003329,255.0,6,6704.11,2024-04-20 14:46:47,2,4,4,244,Loyal Customers,1117.3516666666667,20112.33
CUST-003330,56.0,6,3780.6504999999997,2024-11-05 15:50:28,2,4,3,243,Loyal Customers,630.1084166666666,11341.9515
CUST-003331,401.0,4,3908.209,2023-11-26 02:17:12,2,3,3,233,Loyal Customers,977.05225,11724.627
CUST-003332,141.0,5,2842.3655000000003,2024-08-12 15:47:46,2,3,2,232,Others,568.4731,8527.096500000001
CUST-003334,243.0,5,4769.3325,2024-05-02 20:54:42,2,3,3,233,Loyal Customers,953.8665000000001,14307.997500000001
CUST-003335,330.0,4,3545.6295,2024-02-05 03:27:56,2,3,2,232,Others,886.407375,10636.888500000001
CUST-003336,446.0,3,2352.8475,2023-10-12 04:55:07,2,2,2,222,At Risk / Lost,784.2824999999999,7058.5425
CUST-003337,422.0,2,3541.1915,2023-11-05 15:41:11,2,1,2,212,At Risk / Lost,1770.59575,10623.574499999999
CUST-003338,222.0,4,3644.789,2024-05-23 03:25:46,2,3,2,232,Others,911.19725,10934.367
CUST-003339,128.0,4,4476.1065,2024-08-25 03:56:01,2,3,3,233,Loyal Customers,1119.026625,13428.3195
CUST-003340,67.0,5,4226.385,2024-10-25 14:06:14,2,3,3,233,Loyal Customers,845.277,12679.155
CUST-003341,96.0,6,9203.021,2024-09-26 00:13:26,2,4,4,244,Loyal Customers,1533.8368333333335,27609.063000000002
CUST-003342,82.0,4,2332.8335,2024-10-10 20:42:42,2,3,2,232,Others,583.208375,6998.5005
CUST-003343,110.0,3,1526.692,2024-09-11 23:56:27,2,2,1,221,At Risk / Lost,508.89733333333334,4580.076
CUST-003344,422.0,4,2791.229,2023-11-05 03:47:18,2,3,2,232,Others,697.80725,8373.687
CUST-003345,157.0,4,2167.3275,2024-07-27 09:11:39,2,3,1,231,Others,541.831875,6501.9825
CUST-003346,133.0,3,3258.8340000000003,2024-08-20 01:15:53,2,2,2,222,At Risk / Lost,1086.278,9776.502
CUST-003347,29.0,4,3996.157,2024-12-02 19:34:21,2,3,3,233,Loyal Customers,999.03925,11988.471000000001
CUST-003348,60.0,4,5083.8345,2024-11-01 11:50:34,2,3,3,233,Loyal Customers,1270.958625,15251.503499999999
CUST-003349,154.0,6,3936.9325,2024-07-30 20:46:55,2,4,3,243,Loyal Customers,656.1554166666666,11810.7975
CUST-003350,284.0,4,3608.1875,2024-03-22 07:13:37,2,3,2,232,Others,902.046875,10824.5625
CUST-003351,51.0,4,6640.6775,2024-11-10 04:45:30,2,3,4,234,Loyal Customers,1660.169375,19922.0325
CUST-003352,231.0,2,1395.175,2024-05-14 16:58:44,2,1,1,211,At Risk / Lost,697.5875,4185.525
CUST-003353,70.0,6,5135.534000000001,2024-10-22 05:51:43,2,4,3,243,Loyal Customers,855.9223333333334,15406.602000000003
CUST-003354,110.0,6,6949.8405,2024-09-12 11:58:40,2,4,4,244,Loyal Customers,1158.30675,20849.521500000003
CUST-003355,98.0,8,7509.7665,2024-09-24 08:42:35,2,4,4,244,Loyal Customers,938.7208125,22529.2995
CUST-003356,325.0,4,3989.9605,2024-02-10 20:13:52,2,3,3,233,Loyal Customers,997.490125,11969.8815
CUST-003357,505.0,5,5994.561,2023-08-14 05:57:21,2,3,4,234,Loyal Customers,1198.9122,17983.682999999997
CUST-003358,41.0,5,5895.946,2024-11-20 10:52:07,2,3,4,234,Loyal Customers,1179.1892,17687.838
CUST-003359,693.0,2,4365.959,2023-02-06 23:40:13,2,1,3,213,At Risk / Lost,2182.9795,13097.877
CUST-003360,96.0,4,4138.0425,2024-09-26 23:04:02,2,3,3,233,Loyal Customers,1034.510625,12414.127499999999
CUST-003361,612.0,2,1794.4725,2023-04-29 00:26:27,2,1,1,211,At Risk / Lost,897.23625,5383.4175000000005
CUST-003362,84.0,4,6490.865,2024-10-08 05:19:26,2,3,4,234,Loyal Customers,1622.71625,19472.595
CUST-003363,205.0,7,6769.2865,2024-06-09 17:47:06,2,4,4,244,Loyal Customers,967.0409285714286,20307.8595
CUST-003364,96.0,3,1874.5415,2024-09-26 09:58:57,2,2,1,221,At Risk / Lost,624.8471666666667,5623.6245
CUST-003365,414.0,2,2748.4719999999998,2023-11-13 22:25:24,2,1,2,212,At Risk / Lost,1374.2359999999999,8245.416
CUST-003366,200.0,6,6686.1225,2024-06-14 07:11:06,2,4,4,244,Loyal Customers,1114.35375,20058.3675
CUST-003367,2.0,5,2999.7375,2024-12-29 10:48:16,2,3,2,232,Others,599.9475,8999.212500000001
CUST-003368,7.0,2,978.2835,2024-12-23 23:56:30,2,1,1,211,At Risk / Lost,489.14175,2934.8505
CUST-003369,151.0,4,5369.159000000001,2024-08-02 12:04:45,2,3,4,234,Loyal Customers,1342.2897500000001,16107.477000000003
CUST-003370,3.0,4,5676.509,2024-12-28 09:00:34,2,3,4,234,Loyal Customers,1419.12725,17029.527000000002
CUST-003371,39.0,5,5715.3414999999995,2024-11-22 11:01:57,2,3,4,234,Loyal Customers,1143.0683,17146.0245
CUST-003372,213.0,2,1059.826,2024-06-01 20:45:33,2,1,1,211,At Risk / Lost,529.913,3179.478
CUST-003373,115.0,3,1644.8355000000001,2024-09-07 16:12:43,2,2,1,221,At Risk / Lost,548.2785,4934.5065
CUST-003374,393.0,4,2899.876,2023-12-04 02:29:23,2,3,2,232,Others,724.969,8699.628
CUST-003375,301.0,6,4411.219999999999,2024-03-05 11:24:13,2,4,3,243,Loyal Customers,735.2033333333333,13233.659999999998
CUST-003376,166.0,5,5252.634,2024-07-18 10:23:43,2,3,3,233,Loyal Customers,1050.5268,15757.902
CUST-003377,526.0,2,1914.512,2023-07-24 14:14:27,2,1,1,211,At Risk / Lost,957.256,5743.536
CUST-003378,264.0,3,3172.9970000000003,2024-04-11 16:21:21,2,2,2,222,At Risk / Lost,1057.6656666666668,9518.991000000002
CUST-003379,227.0,1,489.17900000000003,2024-05-18 02:00:57,2,1,1,211,At Risk / Lost,489.17900000000003,1467.537
CUST-003380,39.0,3,2776.226,2024-11-22 13:10:35,2,2,2,222,At Risk / Lost,925.4086666666667,8328.678
CUST-003381,32.0,4,4385.507,2024-11-29 21:29:33,2,3,3,233,Loyal Customers,1096.37675,13156.520999999999
CUST-003382,300.0,7,6631.4745,2024-03-06 02:39:43,2,4,4,244,Loyal Customers,947.3535,19894.4235
CUST-003383,107.0,2,1479.856,2024-09-15 14:36:18,2,1,1,211,At Risk / Lost,739.928,4439.568
CUST-003384,23.0,2,2121.4700000000003,2024-12-08 14:42:29,2,1,1,211,At Risk / Lost,1060.7350000000001,6364.410000000001
CUST-003385,53.0,2,1285.4535,2024-11-07 23:08:23,2,1,1,211,At Risk / Lost,642.72675,3856.3605000000002
CUST-003386,62.0,6,5002.0815,2024-10-30 17:55:00,2,4,3,243,Loyal Customers,833.68025,15006.2445
CUST-003387,910.0,1,370.24,2022-07-05 18:42:35,2,1,1,211,At Risk / Lost,370.24,1110.72
CUST-003388,603.0,7,5399.202,2023-05-08 15:20:55,2,4,4,244,Loyal Customers,771.3145714285714,16197.606
CUST-003389,165.0,4,2019.277,2024-07-19 02:57:05,2,3,1,231,Others,504.81925,6057.831
CUST-003390,105.0,4,4093.8875,2024-09-17 00:14:32,2,3,3,233,Loyal Customers,1023.471875,12281.662499999999
CUST-003391,199.0,5,3827.868,2024-06-15 01:22:13,2,3,3,233,Loyal Customers,765.5735999999999,11483.604
CUST-003392,190.0,3,2076.0305,2024-06-24 00:09:52,2,2,1,221,At Risk / Lost,692.0101666666666,6228.0914999999995
CUST-003393,127.0,4,4607.539,2024-08-26 16:00:38,2,3,3,233,Loyal Customers,1151.88475,13822.616999999998
CUST-003394,118.0,5,2850.725,2024-09-04 08:54:16,2,3,2,232,Others,570.145,8552.175
CUST-003395,439.0,2,1656.838,2023-10-19 01:51:40,2,1,1,211,At Risk / Lost,828.419,4970.514
CUST-003396,84.0,4,5468.748,2024-10-08 20:46:19,2,3,4,234,Loyal Customers,1367.187,16406.244
CUST-003397,175.0,6,6102.51,2024-07-09 13:58:32,2,4,4,244,Loyal Customers,1017.085,18307.53
CUST-003398,310.0,4,2879.8360000000002,2024-02-25 12:47:14,2,3,2,232,Others,719.9590000000001,8639.508000000002
CUST-003399,112.0,3,1081.286,2024-09-10 07:15:23,2,2,1,221,At Risk / Lost,360.4286666666667,3243.858
CUST-003400,826.0,1,1716.945,2022-09-27 20:12:55,2,1,1,211,At Risk / Lost,1716.945,5150.835
CUST-003401,146.0,4,4299.817,2024-08-06 23:30:38,2,3,3,233,Loyal Customers,1074.95425,12899.451000000001
CUST-003402,15.0,4,3314.9855000000002,2024-12-16 07:29:40,2,3,2,232,Others,828.7463750000001,9944.9565
CUST-003403,30.0,6,5862.299,2024-12-01 19:32:44,2,4,4,244,Loyal Customers,977.0498333333334,17586.897
CUST-003404,260.0,3,1975.3835000000001,2024-04-15 06:10:58,2,2,1,221,At Risk / Lost,658.4611666666667,5926.150500000001
CUST-003405,379.0,3,3087.3675000000003,2023-12-18 17:42:56,2,2,2,222,At Risk / Lost,1029.1225000000002,9262.1025
CUST-003406,76.0,4,2220.1375,2024-10-16 05:57:54,2,3,1,231,Others,555.034375,6660.412499999999
CUST-003407,507.0,3,1504.4375,2023-08-12 07:28:17,2,2,1,221,At Risk / Lost,501.4791666666667,4513.3125
CUST-003408,12.0,6,7534.237,2024-12-19 17:38:45,2,4,4,244,Loyal Customers,1255.7061666666666,22602.710999999996
CUST-003409,541.0,2,993.4495,2023-07-09 09:11:27,2,1,1,211,At Risk / Lost,496.72475,2980.3485
CUST-003410,560.0,4,2115.336,2023-06-20 03:07:08,2,3,1,231,Others,528.834,6346.008
CUST-003411,454.0,2,1379.8809999999999,2023-10-04 01:55:28,2,1,1,211,At Risk / Lost,689.9404999999999,4139.643
CUST-003412,152.0,6,8531.153,2024-08-01 16:40:55,2,4,4,244,Loyal Customers,1421.8588333333335,25593.459000000003
CUST-003413,38.0,2,2259.8445,2024-11-23 19:38:25,2,1,2,212,At Risk / Lost,1129.92225,6779.5335000000005
CUST-003414,58.0,5,4502.2685,2024-11-03 22:03:26,2,3,3,233,Loyal Customers,900.4537,13506.8055
CUST-003415,440.0,3,3205.6560000000004,2023-10-18 14:41:15,2,2,2,222,At Risk / Lost,1068.5520000000001,9616.968
CUST-003417,104.0,3,3340.426,2024-09-18 04:23:30,2,2,2,222,At Risk / Lost,1113.4753333333333,10021.278
CUST-003418,631.0,2,2636.997,2023-04-09 23:21:02,2,1,2,212,At Risk / Lost,1318.4985,7910.991
CUST-003419,651.0,2,1076.422,2023-03-21 11:35:50,2,1,1,211,At Risk / Lost,538.211,3229.266
CUST-003420,294.0,7,6784.088,2024-03-12 16:21:06,2,4,4,244,Loyal Customers,969.1554285714285,20352.264
CUST-003421,47.0,5,3755.992,2024-11-14 08:10:20,2,3,3,233,Loyal Customers,751.1984,11267.976
CUST-003422,267.0,3,3564.056,2024-04-08 10:05:14,2,2,2,222,At Risk / Lost,1188.0186666666666,10692.167999999998
CUST-003423,485.0,4,4246.38,2023-09-03 00:08:44,2,3,3,233,Loyal Customers,1061.595,12739.14
CUST-003424,149.0,3,1966.4765000000002,2024-08-04 15:59:17,2,2,1,221,At Risk / Lost,655.4921666666668,5899.4295
CUST-003425,236.0,2,2853.8810000000003,2024-05-09 14:26:53,2,1,2,212,At Risk / Lost,1426.9405000000002,8561.643
CUST-003426,25.0,9,5610.348,2024-12-06 04:22:15,2,4,4,244,Loyal Customers,623.372,16831.044
CUST-003427,416.0,7,5377.4349999999995,2023-11-11 08:09:26,2,4,4,244,Loyal Customers,768.2049999999999,16132.304999999998
CUST-003428,74.0,2,1598.929,2024-10-18 11:27:04,2,1,1,211,At Risk / Lost,799.4645,4796.787
CUST-003429,344.0,4,4442.537,2024-01-22 17:07:44,2,3,3,233,Loyal Customers,1110.63425,13327.611
CUST-003430,113.0,5,3496.7595,2024-09-09 10:18:29,2,3,2,232,Others,699.3519,10490.2785
CUST-003431,14.0,4,4001.265,2024-12-16 23:49:35,2,3,3,233,Loyal Customers,1000.31625,12003.795
CUST-003432,381.0,4,5244.0985,2023-12-16 16:37:25,2,3,3,233,Loyal Customers,1311.024625,15732.2955
CUST-003433,143.0,5,6263.2325,2024-08-09 23:26:16,2,3,4,234,Loyal Customers,1252.6465,18789.697500000002
CUST-003434,473.0,3,3456.814,2023-09-15 17:47:21,2,2,2,222,At Risk / Lost,1152.2713333333334,10370.442000000001
CUST-003435,140.0,3,5089.03,2024-08-13 22:06:31,2,2,3,223,At Risk / Lost,1696.3433333333332,15267.09
CUST-003436,89.0,4,6182.533,2024-10-03 21:47:07,2,3,4,234,Loyal Customers,1545.63325,18547.599000000002
CUST-003437,99.0,2,2064.9315,2024-09-22 23:06:51,2,1,1,211,At Risk / Lost,1032.46575,6194.7945
CUST-003438,38.0,4,3709.681,2024-11-23 04:19:12,2,3,3,233,Loyal Customers,927.42025,11129.043
CUST-003439,657.0,2,3249.7390000000005,2023-03-15 03:55:21,2,1,2,212,At Risk / Lost,1624.8695000000002,9749.217
CUST-003440,252.0,7,5455.673,2024-04-23 21:19:09,2,4,4,244,Loyal Customers,779.3818571428571,16367.019
CUST-003441,490.0,2,3169.1605,2023-08-29 09:13:15,2,1,2,212,At Risk / Lost,1584.58025,9507.4815
CUST-003442,164.0,8,9945.5345,2024-07-20 02:41:54,2,4,4,244,Loyal Customers,1243.1918125,29836.603499999997
CUST-003443,253.0,2,1136.373,2024-04-22 00:54:14,2,1,1,211,At Risk / Lost,568.1865,3409.119
CUST-003444,105.0,1,148.44,2024-09-17 10:03:04,2,1,1,211,At Risk / Lost,148.44,445.32
CUST-003445,42.0,6,7277.4235,2024-11-19 20:00:08,2,4,4,244,Loyal Customers,1212.9039166666666,21832.2705
CUST-003446,881.0,2,2176.805,2022-08-03 06:44:16,2,1,1,211,At Risk / Lost,1088.4025,6530.414999999999
CUST-003447,21.0,4,2344.724,2024-12-10 10:15:22,2,3,2,232,Others,586.181,7034.1720000000005
CUST-003448,19.0,4,2665.3715,2024-12-12 01:41:19,2,3,2,232,Others,666.342875,7996.114500000001
CUST-003449,649.0,4,3604.8995,2023-03-23 07:11:34,2,3,2,232,Others,901.224875,10814.6985
CUST-003450,124.0,3,2284.71,2024-08-29 22:28:26,2,2,2,222,At Risk / Lost,761.57,6854.13
CUST-003451,91.0,4,4092.8345,2024-10-01 22:38:04,2,3,3,233,Loyal Customers,1023.208625,12278.503499999999
CUST-003452,470.0,5,5114.7785,2023-09-18 06:49:39,2,3,3,233,Loyal Customers,1022.9557000000001,15344.335500000001
CUST-003453,199.0,2,1787.9885,2024-06-15 18:54:24,2,1,1,211,At Risk / Lost,893.99425,5363.9655
CUST-003454,200.0,2,1596.4955,2024-06-14 02:51:30,2,1,1,211,At Risk / Lost,798.24775,4789.4865
CUST-003455,227.0,1,1475.3584999999998,2024-05-18 12:31:45,2,1,1,211,At Risk / Lost,1475.3584999999998,4426.075499999999
CUST-003456,69.0,4,4592.0555,2024-10-23 08:10:35,2,3,3,233,Loyal Customers,1148.013875,13776.166500000001
CUST-003457,60.0,4,4853.625,2024-11-01 19:59:01,2,3,3,233,Loyal Customers,1213.40625,14560.875
CUST-003458,110.0,5,6554.2955,2024-09-12 02:56:07,2,3,4,234,Loyal Customers,1310.8591000000001,19662.8865
CUST-003459,212.0,6,6721.741,2024-06-02 08:57:26,2,4,4,244,Loyal Customers,1120.2901666666667,20165.222999999998
CUST-003460,129.0,4,2338.1755,2024-08-23 23:09:45,2,3,2,232,Others,584.543875,7014.5265
CUST-003461,124.0,6,4900.137,2024-08-29 09:12:22,2,4,3,243,Loyal Customers,816.6895,14700.411
CUST-003462,120.0,2,1083.054,2024-09-02 14:41:19,2,1,1,211,At Risk / Lost,541.527,3249.1620000000003
CUST-003463,24.0,7,6876.124,2024-12-07 19:48:03,2,4,4,244,Loyal Customers,982.3034285714285,20628.372
CUST-003464,402.0,2,1035.7169999999999,2023-11-25 13:24:08,2,1,1,211,At Risk / Lost,517.8584999999999,3107.151
CUST-003465,649.0,2,500.892,2023-03-23 01:09:38,2,1,1,211,At Risk / Lost,250.446,1502.676
CUST-003466,336.0,6,4561.781,2024-01-30 07:50:55,2,4,3,243,Loyal Customers,760.2968333333333,13685.343
CUST-003467,16.0,4,6242.9915,2024-12-15 00:16:56,2,3,4,234,Loyal Customers,1560.747875,18728.9745
CUST-003468,56.0,5,4422.8895,2024-11-05 06:25:15,2,3,3,233,Loyal Customers,884.5779,13268.6685
CUST-003469,31.0,7,8228.702,2024-11-30 07:37:06,2,4,4,244,Loyal Customers,1175.528857142857,24686.106
CUST-003470,39.0,5,3320.3965,2024-11-22 08:51:00,2,3,2,232,Others,664.0793,9961.1895
CUST-003471,142.0,5,7313.1855000000005,2024-08-11 16:01:16,2,3,4,234,Loyal Customers,1462.6371000000001,21939.556500000002
CUST-003472,20.0,6,6740.425,2024-12-11 10:26:10,2,4,4,244,Loyal Customers,1123.4041666666667,20221.275
CUST-003473,80.0,2,662.429,2024-10-12 13:40:49,2,1,1,211,At Risk / Lost,331.2145,1987.2869999999998
CUST-003474,448.0,4,2313.0775000000003,2023-10-10 00:40:01,2,3,2,232,Others,578.2693750000001,6939.232500000001
CUST-003475,413.0,2,633.485,2023-11-14 14:07:24,2,1,1,211,At Risk / Lost,316.7425,1900.455
CUST-003476,38.0,4,4730.1725,2024-11-23 06:23:04,2,3,3,233,Loyal Customers,1182.543125,14190.517499999998
CUST-003477,374.0,7,9895.6255,2023-12-23 21:49:50,2,4,4,244,Loyal Customers,1413.6607857142858,29686.8765
CUST-003478,735.0,6,5044.985,2022-12-27 17:51:12,2,4,3,243,Loyal Customers,840.8308333333333,15134.954999999998
CUST-003479,349.0,2,1154.597,2024-01-17 07:12:19,2,1,1,211,At Risk / Lost,577.2985,3463.791
CUST-003480,134.0,5,7149.3305,2024-08-19 22:50:27,2,3,4,234,Loyal Customers,1429.8661,21447.9915
CUST-003481,595.0,5,8668.123,2023-05-16 12:01:26,2,3,4,234,Loyal Customers,1733.6245999999999,26004.369
CUST-003482,199.0,2,2455.525,2024-06-15 18:33:35,2,1,2,212,At Risk / Lost,1227.7625,7366.575000000001
CUST-003483,310.0,7,7149.5395,2024-02-24 23:11:17,2,4,4,244,Loyal Customers,1021.3627857142857,21448.6185
CUST-003484,262.0,6,4737.908,2024-04-13 07:19:42,2,4,3,243,Loyal Customers,789.6513333333334,14213.724000000002
CUST-003486,344.0,3,3959.0495,2024-01-22 10:23:35,2,2,3,223,At Risk / Lost,1319.6831666666667,11877.1485
CUST-003487,196.0,5,7552.442,2024-06-18 09:06:19,2,3,4,234,Loyal Customers,1510.4884,22657.326
CUST-003488,14.0,5,5888.827,2024-12-17 21:33:57,2,3,4,234,Loyal Customers,1177.7654,17666.481
CUST-003489,445.0,2,1298.674,2023-10-13 06:57:24,2,1,1,211,At Risk / Lost,649.337,3896.022
CUST-003490,112.0,5,4904.981,2024-09-10 19:33:37,2,3,3,233,Loyal Customers,980.9961999999999,14714.943
CUST-003491,69.0,7,7293.1990000000005,2024-10-23 14:36:13,2,4,4,244,Loyal Customers,1041.8855714285714,21879.597
CUST-003492,138.0,3,3741.773,2024-08-15 09:20:31,2,2,3,223,At Risk / Lost,1247.2576666666666,11225.319
CUST-003493,91.0,7,5408.3765,2024-10-01 02:42:32,2,4,4,244,Loyal Customers,772.6252142857144,16225.129500000001
CUST-003494,19.0,7,3662.0750000000003,2024-12-12 05:52:53,2,4,3,243,Loyal Customers,523.1535714285715,10986.225
CUST-003495,102.0,5,5190.5315,2024-09-20 01:47:20,2,3,3,233,Loyal Customers,1038.1063,15571.594499999997
CUST-003496,115.0,3,3151.069,2024-09-07 01:47:51,2,2,2,222,At Risk / Lost,1050.3563333333334,9453.207000000002
CUST-003497,119.0,9,5470.7925,2024-09-03 01:33:50,2,4,4,244,Loyal Customers,607.8658333333333,16412.3775
CUST-003498,115.0,4,3605.2304999999997,2024-09-07 02:03:11,2,3,2,232,Others,901.3076249999999,10815.691499999999
CUST-003499,12.0,4,3539.122,2024-12-19 08:17:16,2,3,2,232,Others,884.7805,10617.366
CUST-003500,196.0,6,5365.3945,2024-06-18 16:40:14,2,4,4,244,Loyal Customers,894.2324166666667,16096.183500000001
CUST-003501,117.0,4,2668.629,2024-09-05 08:29:41,2,3,2,232,Others,667.15725,8005.887
CUST-003502,38.0,4,5928.6255,2024-11-23 04:00:48,2,3,4,234,Loyal Customers,1482.156375,17785.8765
CUST-003503,160.0,2,1331.4925,2024-07-24 02:23:50,2,1,1,211,At Risk / Lost,665.74625,3994.4775
CUST-003504,3.0,2,1856.0695,2024-12-28 15:56:39,2,1,1,211,At Risk / Lost,928.03475,5568.208500000001
CUST-003505,758.0,2,2885.8955,2022-12-04 13:03:41,2,1,2,212,At Risk / Lost,1442.94775,8657.6865
CUST-003506,34.0,7,7803.1765,2024-11-27 10:59:11,2,4,4,244,Loyal Customers,1114.7395,23409.529499999997
CUST-003507,358.0,5,3079.4665,2024-01-08 18:25:44,2,3,2,232,Others,615.8933,9238.3995
CUST-003508,538.0,4,4484.0755,2023-07-12 03:32:04,2,3,3,233,Loyal Customers,1121.018875,13452.2265
CUST-003509,113.0,1,322.4,2024-09-09 19:27:55,2,1,1,211,At Risk / Lost,322.4,967.1999999999999
CUST-003510,246.0,5,7696.709,2024-04-29 17:38:15,2,3,4,234,Loyal Customers,1539.3418,23090.127
CUST-003511,49.0,5,5364.537,2024-11-12 12:55:39,2,3,4,234,Loyal Customers,1072.9074,16093.611
CUST-003512,413.0,3,2757.2725,2023-11-14 17:42:15,2,2,2,222,At Risk / Lost,919.0908333333333,8271.817500000001
CUST-003513,123.0,4,3311.18,2024-08-30 07:24:13,2,3,2,232,Others,827.795,9933.539999999999
CUST-003514,121.0,4,5781.128,2024-09-01 03:19:59,2,3,4,234,Loyal Customers,1445.282,17343.384
CUST-003515,20.0,6,5200.262,2024-12-11 16:48:56,2,4,3,243,Loyal Customers,866.7103333333333,15600.786
CUST-003516,112.0,5,8511.002,2024-09-10 12:59:41,2,3,4,234,Loyal Customers,1702.2004000000002,25533.006
CUST-003517,466.0,3,2314.739,2023-09-22 13:47:38,2,2,2,222,At Risk / Lost,771.5796666666666,6944.217000000001
CUST-003518,397.0,7,5845.1179999999995,2023-11-30 13:34:27,2,4,4,244,Loyal Customers,835.016857142857,17535.354
CUST-003519,2.0,2,1878.2359999999999,2024-12-29 06:18:43,2,1,1,211,At Risk / Lost,939.1179999999999,5634.708
CUST-003520,46.0,9,5213.8745,2024-11-15 07:39:18,2,4,3,243,Loyal Customers,579.3193888888889,15641.6235
CUST-003521,505.0,3,3230.9815,2023-08-14 22:45:27,2,2,2,222,At Risk / Lost,1076.9938333333332,9692.9445
CUST-003523,92.0,2,2142.5565,2024-09-30 16:58:51,2,1,1,211,At Risk / Lost,1071.27825,6427.6695
CUST-003524,488.0,5,4536.4835,2023-08-31 18:39:32,2,3,3,233,Loyal Customers,907.2967000000001,13609.4505
CUST-003525,337.0,7,10609.053,2024-01-29 20:28:52,2,4,4,244,Loyal Customers,1515.579,31827.159
CUST-003526,191.0,4,5742.637,2024-06-23 04:46:14,2,3,4,234,Loyal Customers,1435.65925,17227.911
CUST-003527,232.0,4,1000.296,2024-05-13 19:18:24,2,3,1,231,Others,250.074,3000.888
CUST-003528,526.0,5,6685.1005000000005,2023-07-24 00:44:57,2,3,4,234,Loyal Customers,1337.0201000000002,20055.3015
CUST-003529,77.0,3,4048.901,2024-10-15 22:55:30,2,2,3,223,At Risk / Lost,1349.6336666666666,12146.703
CUST-003530,374.0,3,4170.173,2023-12-23 15:08:41,2,2,3,223,At Risk / Lost,1390.0576666666666,12510.519
CUST-003531,262.0,2,1485.2155,2024-04-13 07:41:09,2,1,1,211,At Risk / Lost,742.60775,4455.6465
CUST-003532,487.0,4,3774.2470000000003,2023-09-01 06:03:28,2,3,3,233,Loyal Customers,943.5617500000001,11322.741000000002
CUST-003533,459.0,3,2141.557,2023-09-29 20:44:53,2,2,1,221,At Risk / Lost,713.8523333333333,6424.670999999999
CUST-003534,179.0,3,1528.817,2024-07-05 01:52:14,2,2,1,221,At Risk / Lost,509.60566666666665,4586.451
CUST-003535,205.0,3,2286.911,2024-06-09 01:10:42,2,2,2,222,At Risk / Lost,762.3036666666667,6860.733
CUST-003536,113.0,5,3727.5235000000002,2024-09-09 14:19:08,2,3,3,233,Loyal Customers,745.5047000000001,11182.570500000002
CUST-003537,180.0,4,5566.734,2024-07-04 15:36:42,2,3,4,234,Loyal Customers,1391.6835,16700.202
CUST-003538,402.0,2,3680.6794999999997,2023-11-25 15:56:46,2,1,3,213,At Risk / Lost,1840.3397499999999,11042.038499999999
CUST-003539,149.0,5,3683.1415,2024-08-04 16:50:44,2,3,3,233,Loyal Customers,736.6283000000001,11049.424500000001
CUST-003540,237.0,3,2025.93,2024-05-08 01:59:11,2,2,1,221,At Risk / Lost,675.3100000000001,6077.790000000001
CUST-003541,11.0,3,3094.447,2024-12-20 00:36:41,2,2,2,222,At Risk / Lost,1031.4823333333334,9283.341
CUST-003542,89.0,7,6334.7895,2024-10-03 07:11:42,2,4,4,244,Loyal Customers,904.9699285714286,19004.3685
CUST-003543,430.0,5,3191.325,2023-10-28 15:54:25,2,3,2,232,Others,638.265,9573.974999999999
CUST-003544,54.0,6,4888.226500000001,2024-11-07 17:49:00,2,4,3,243,Loyal Customers,814.7044166666668,14664.679500000002
CUST-003545,110.0,5,3947.7785,2024-09-11 23:45:35,2,3,3,233,Loyal Customers,789.5557,11843.3355
CUST-003546,146.0,2,2883.1565,2024-08-06 23:32:25,2,1,2,212,At Risk / Lost,1441.57825,8649.4695
CUST-003547,807.0,1,866.4400000000002,2022-10-15 23:10:11,2,1,1,211,At Risk / Lost,866.4400000000002,2599.3200000000006
CUST-003548,526.0,4,1755.8205,2023-07-24 10:00:16,2,3,1,231,Others,438.955125,5267.4615
CUST-003549,239.0,5,8237.172,2024-05-06 02:26:43,2,3,4,234,Loyal Customers,1647.4344,24711.516000000003
CUST-003550,13.0,5,4379.6275,2024-12-18 17:20:01,2,3,3,233,Loyal Customers,875.9254999999999,13138.8825
CUST-003551,178.0,5,2211.258,2024-07-06 17:11:00,2,3,1,231,Others,442.25159999999994,6633.773999999999
CUST-003553,283.0,5,3337.138,2024-03-23 21:49:38,2,3,2,232,Others,667.4276,10011.414
CUST-003554,105.0,2,1254.5445,2024-09-17 03:57:26,2,1,1,211,At Risk / Lost,627.27225,3763.6335
CUST-003555,234.0,7,6375.488,2024-05-11 09:00:53,2,4,4,244,Loyal Customers,910.784,19126.464
CUST-003556,445.0,5,2164.982,2023-10-13 06:07:26,2,3,1,231,Others,432.9964,6494.946
CUST-003557,81.0,4,1498.091,2024-10-11 06:29:50,2,3,1,231,Others,374.52275,4494.272999999999
CUST-003558,290.0,2,1631.406,2024-03-16 11:21:09,2,1,1,211,At Risk / Lost,815.703,4894.218
CUST-003559,363.0,3,1610.9665,2024-01-03 07:12:14,2,2,1,221,At Risk / Lost,536.9888333333333,4832.8994999999995
CUST-003560,68.0,3,2779.063,2024-10-24 15:45:22,2,2,2,222,At Risk / Lost,926.3543333333333,8337.189
CUST-003561,53.0,5,4879.585,2024-11-08 21:54:38,2,3,3,233,Loyal Customers,975.917,14638.755000000001
CUST-003562,31.0,3,3003.4139999999998,2024-11-30 15:04:37,2,2,2,222,At Risk / Lost,1001.1379999999999,9010.241999999998
CUST-003563,39.0,6,4472.559499999999,2024-11-22 02:33:43,2,4,3,243,Loyal Customers,745.4265833333333,13417.678499999998
CUST-003564,382.0,1,883.7114999999999,2023-12-15 17:21:39,2,1,1,211,At Risk / Lost,883.7114999999999,2651.1344999999997
CUST-003565,204.0,2,1251.6309999999999,2024-06-10 05:40:25,2,1,1,211,At Risk / Lost,625.8154999999999,3754.8929999999996
CUST-003566,188.0,4,5195.873,2024-06-26 18:36:10,2,3,3,233,Loyal Customers,1298.96825,15587.618999999999
CUST-003567,100.0,9,8221.994,2024-09-22 22:30:40,2,4,4,244,Loyal Customers,913.554888888889,24665.982000000004
CUST-003568,52.0,5,3544.418,2024-11-09 20:37:55,2,3,2,232,Others,708.8836,10633.254
CUST-003569,263.0,2,588.894,2024-04-12 17:12:02,2,1,1,211,At Risk / Lost,294.447,1766.682
CUST-003570,784.0,1,1451.5439999999999,2022-11-08 06:20:40,2,1,1,211,At Risk / Lost,1451.5439999999999,4354.632
CUST-003571,154.0,5,3667.6385,2024-07-30 12:11:19,2,3,3,233,Loyal Customers,733.5277,11002.9155
CUST-003572,30.0,7,7405.8255,2024-12-01 10:19:23,2,4,4,244,Loyal Customers,1057.9750714285715,22217.476500000004
CUST-003573,222.0,4,4871.468,2024-05-23 20:36:31,2,3,3,233,Loyal Customers,1217.867,14614.403999999999
CUST-003574,101.0,4,2224.4735,2024-09-21 07:30:00,2,3,1,231,Others,556.118375,6673.4205
CUST-003575,67.0,7,8478.2615,2024-10-25 09:33:19,2,4,4,244,Loyal Customers,1211.1802142857143,25434.7845
CUST-003576,39.0,4,2363.74,2024-11-22 17:14:27,2,3,2,232,Others,590.935,7091.219999999999
CUST-003577,268.0,3,4317.0960000000005,2024-04-07 22:40:19,2,2,3,223,At Risk / Lost,1439.0320000000002,12951.288
CUST-003578,322.0,4,2884.5515,2024-02-13 08:59:34,2,3,2,232,Others,721.137875,8653.6545
CUST-003579,73.0,4,5163.179,2024-10-19 12:23:15,2,3,3,233,Loyal Customers,1290.79475,15489.537
CUST-003580,430.0,5,5132.7955,2023-10-28 13:32:27,2,3,3,233,Loyal Customers,1026.5591,15398.3865
CUST-003581,161.0,3,2581.936,2024-07-23 19:58:09,2,2,2,222,At Risk / Lost,860.6453333333334,7745.808000000001
CUST-003582,279.0,6,3009.92,2024-03-27 07:44:09,2,4,2,242,Others,501.65333333333336,9029.76
CUST-003583,170.0,3,2737.801,2024-07-14 08:30:31,2,2,2,222,At Risk / Lost,912.6003333333333,8213.403
CUST-003584,92.0,4,5382.7865,2024-09-30 18:35:36,2,3,4,234,Loyal Customers,1345.696625,16148.3595
CUST-003585,283.0,4,3966.1055,2024-03-23 05:15:06,2,3,3,233,Loyal Customers,991.526375,11898.3165
CUST-003586,243.0,2,4670.6425,2024-05-02 20:37:22,2,1,3,213,At Risk / Lost,2335.32125,14011.9275
CUST-003587,429.0,3,3139.6935,2023-10-29 11:38:40,2,2,2,222,At Risk / Lost,1046.5645,9419.0805
CUST-003588,9.0,8,4667.6775,2024-12-22 14:58:33,2,4,3,243,Loyal Customers,583.4596875,14003.0325
CUST-003589,499.0,3,501.9585,2023-08-20 05:33:16,2,2,1,221,At Risk / Lost,167.3195,1505.8755
CUST-003590,612.0,1,3466.4105,2023-04-29 01:46:44,2,1,2,212,At Risk / Lost,3466.4105,10399.2315
CUST-003591,214.0,4,4440.5835,2024-05-30 23:30:47,2,3,3,233,Loyal Customers,1110.145875,13321.750499999998
CUST-003592,705.0,3,2506.0225,2023-01-26 10:12:04,2,2,2,222,At Risk / Lost,835.3408333333333,7518.0675
CUST-003593,227.0,5,6547.226000000001,2024-05-18 05:51:19,2,3,4,234,Loyal Customers,1309.4452,19641.678
CUST-003594,228.0,4,3854.065,2024-05-17 20:48:18,2,3,3,233,Loyal Customers,963.51625,11562.195
CUST-003595,268.0,2,2982.3830000000003,2024-04-07 00:11:24,2,1,2,212,At Risk / Lost,1491.1915000000001,8947.149000000001
CUST-003596,478.0,4,3959.8785,2023-09-10 15:56:41,2,3,3,233,Loyal Customers,989.969625,11879.6355
CUST-003597,205.0,11,9641.609,2024-06-09 02:28:49,2,4,4,244,Loyal Customers,876.5099090909091,28924.827
CUST-003598,535.0,3,2625.6594999999998,2023-07-15 06:04:00,2,2,2,222,At Risk / Lost,875.2198333333332,7876.978499999999
CUST-003599,235.0,4,3826.3759999999997,2024-05-10 05:47:44,2,3,3,233,Loyal Customers,956.5939999999999,11479.127999999999
CUST-003600,91.0,7,8201.2955,2024-10-01 12:26:25,2,4,4,244,Loyal Customers,1171.6136428571428,24603.8865
CUST-003601,17.0,4,3071.9255,2024-12-14 21:58:01,2,3,2,232,Others,767.981375,9215.7765
CUST-003602,339.0,3,1632.344,2024-01-27 19:34:55,2,2,1,221,At Risk / Lost,544.1146666666667,4897.032
CUST-003603,542.0,4,4091.096,2023-07-08 01:33:27,2,3,3,233,Loyal Customers,1022.774,12273.288
CUST-003604,567.0,4,5356.672,2023-06-13 14:53:30,2,3,4,234,Loyal Customers,1339.168,16070.016
CUST-003605,94.0,2,2335.8045,2024-09-28 17:56:44,2,1,2,212,At Risk / Lost,1167.90225,7007.413500000001
CUST-003606,176.0,5,6728.0065,2024-07-08 19:09:20,2,3,4,234,Loyal Customers,1345.6013,20184.019500000002
CUST-003607,579.0,1,905.08,2023-06-01 05:18:22,2,1,1,211,At Risk / Lost,905.08,2715.2400000000002
CUST-003608,509.0,2,2608.2619999999997,2023-08-10 02:13:05,2,1,2,212,At Risk / Lost,1304.1309999999999,7824.785999999999
CUST-003609,373.0,4,6175.563499999999,2023-12-24 03:11:38,2,3,4,234,Loyal Customers,1543.8908749999998,18526.690499999997
CUST-003610,170.0,6,4748.4515,2024-07-14 08:54:41,2,4,3,243,Loyal Customers,791.4085833333334,14245.354500000001
CUST-003611,3.0,5,2719.4285,2024-12-28 10:07:55,2,3,2,232,Others,543.8857,8158.2855
CUST-003612,11.0,2,1430.738,2024-12-20 02:37:16,2,1,1,211,At Risk / Lost,715.369,4292.214
CUST-003613,189.0,2,3451.9855,2024-06-25 10:52:09,2,1,2,212,At Risk / Lost,1725.99275,10355.9565
CUST-003614,72.0,7,10315.066,2024-10-20 03:13:17,2,4,4,244,Loyal Customers,1473.5808571428572,30945.198000000004
CUST-003615,340.0,2,429.06100000000004,2024-01-26 06:41:15,2,1,1,211,At Risk / Lost,214.53050000000002,1287.183
CUST-003616,79.0,3,2982.146,2024-10-13 14:47:17,2,2,2,222,At Risk / Lost,994.0486666666667,8946.438
CUST-003617,257.0,5,5588.12,2024-04-18 22:51:26,2,3,4,234,Loyal Customers,1117.624,16764.36
CUST-003618,95.0,10,7605.2235,2024-09-27 11:40:04,2,4,4,244,Loyal Customers,760.52235,22815.6705
CUST-003619,148.0,5,3354.391,2024-08-05 06:21:25,2,3,2,232,Others,670.8782,10063.173
CUST-003620,268.0,6,5849.3415,2024-04-07 16:47:02,2,4,4,244,Loyal Customers,974.89025,17548.0245
CUST-003621,200.0,4,4283.9155,2024-06-14 18:58:47,2,3,3,233,Loyal Customers,1070.978875,12851.746500000001
CUST-003622,14.0,7,4835.6855000000005,2024-12-17 21:40:54,2,4,3,243,Loyal Customers,690.8122142857144,14507.056500000002
CUST-003623,113.0,8,7964.1595,2024-09-09 05:55:42,2,4,4,244,Loyal Customers,995.5199375,23892.478499999997
CUST-003624,565.0,4,2269.3145,2023-06-15 03:25:02,2,3,2,232,Others,567.328625,6807.943499999999
CUST-003625,302.0,2,881.326,2024-03-04 21:26:14,2,1,1,211,At Risk / Lost,440.663,2643.978
CUST-003626,576.0,6,7670.3555,2023-06-04 13:09:41,2,4,4,244,Loyal Customers,1278.3925833333333,23011.0665
CUST-003627,47.0,4,3751.886,2024-11-14 21:09:09,2,3,3,233,Loyal Customers,937.9715,11255.658
CUST-003628,263.0,4,3976.1745,2024-04-12 10:27:29,2,3,3,233,Loyal Customers,994.043625,11928.5235
CUST-003629,86.0,4,4028.393,2024-10-06 01:00:22,2,3,3,233,Loyal Customers,1007.09825,12085.179
CUST-003630,405.0,5,5076.5,2023-11-22 13:17:32,2,3,3,233,Loyal Customers,1015.3,15229.5
CUST-003632,288.0,3,4741.822,2024-03-18 17:30:51,2,2,3,223,At Risk / Lost,1580.6073333333334,14225.466
CUST-003633,268.0,2,3264.239,2024-04-07 00:56:57,2,1,2,212,At Risk / Lost,1632.1195,9792.717
CUST-003634,63.0,4,1953.3785,2024-10-29 11:59:03,2,3,1,231,Others,488.344625,5860.1355
CUST-003635,206.0,4,2335.138,2024-06-08 03:36:55,2,3,2,232,Others,583.7845,7005.414
CUST-003636,172.0,3,2080.344,2024-07-12 00:01:22,2,2,1,221,At Risk / Lost,693.448,6241.032
CUST-003637,327.0,5,2180.721,2024-02-08 21:39:26,2,3,1,231,Others,436.1442,6542.1630000000005
CUST-003638,179.0,8,10557.158,2024-07-05 22:58:06,2,4,4,244,Loyal Customers,1319.64475,31671.474
CUST-003639,349.0,5,4784.0715,2024-01-17 17:44:38,2,3,3,233,Loyal Customers,956.8143,14352.2145
CUST-003640,137.0,3,3933.444,2024-08-16 09:28:13,2,2,3,223,At Risk / Lost,1311.148,11800.331999999999
CUST-003641,46.0,3,843.307,2024-11-15 03:38:37,2,2,1,221,At Risk / Lost,281.1023333333333,2529.9210000000003
CUST-003642,152.0,5,4058.1459999999997,2024-08-01 02:36:22,2,3,3,233,Loyal Customers,811.6292,12174.437999999998
CUST-003643,522.0,4,3695.101,2023-07-28 14:51:33,2,3,3,233,Loyal Customers,923.77525,11085.303
CUST-003644,311.0,1,411.7485,2024-02-23 23:51:50,2,1,1,211,At Risk / Lost,411.7485,1235.2455
CUST-003645,362.0,3,2791.5055,2024-01-03 23:34:26,2,2,2,222,At Risk / Lost,930.5018333333334,8374.516500000002
CUST-003646,46.0,4,3496.0209999999997,2024-11-15 13:42:40,2,3,2,232,Others,874.0052499999999,10488.062999999998
CUST-003647,510.0,3,2989.182,2023-08-09 12:41:25,2,2,2,222,At Risk / Lost,996.3939999999999,8967.545999999998
CUST-003648,35.0,2,1271.5915,2024-11-26 06:12:19,2,1,1,211,At Risk / Lost,635.79575,3814.7745
CUST-003649,131.0,3,3431.8795,2024-08-22 05:51:14,2,2,2,222,At Risk / Lost,1143.9598333333333,10295.638500000001
CUST-003650,678.0,3,3465.6980000000003,2023-02-21 23:44:37,2,2,2,222,At Risk / Lost,1155.2326666666668,10397.094000000001
CUST-003651,488.0,2,1782.7734999999998,2023-08-31 11:11:46,2,1,1,211,At Risk / Lost,891.3867499999999,5348.3205
CUST-003652,279.0,4,3367.1144999999997,2024-03-26 23:28:57,2,3,2,232,Others,841.7786249999999,10101.343499999999
CUST-003653,477.0,2,1351.945,2023-09-10 23:30:36,2,1,1,211,At Risk / Lost,675.9725,4055.835
CUST-003654,698.0,2,2108.428,2023-02-02 12:11:00,2,1,1,211,At Risk / Lost,1054.214,6325.284
CUST-003655,144.0,4,2887.977,2024-08-09 19:51:52,2,3,2,232,Others,721.99425,8663.931
CUST-003656,200.0,6,5322.0470000000005,2024-06-14 18:35:14,2,4,4,244,Loyal Customers,887.0078333333335,15966.141000000001
CUST-003657,79.0,4,2963.872,2024-10-13 03:16:44,2,3,2,232,Others,740.968,8891.616
CUST-003658,211.0,4,3037.8755,2024-06-03 00:53:29,2,3,2,232,Others,759.468875,9113.6265
CUST-003659,887.0,4,4769.3665,2022-07-28 09:42:26,2,3,3,233,Loyal Customers,1192.341625,14308.0995
CUST-003660,214.0,2,2541.125,2024-05-31 07:35:30,2,1,2,212,At Risk / Lost,1270.5625,7623.375
CUST-003661,403.0,3,2862.6645,2023-11-24 19:41:55,2,2,2,222,At Risk / Lost,954.2215,8587.9935
CUST-003662,124.0,4,1374.3429999999998,2024-08-29 05:15:28,2,3,1,231,Others,343.58574999999996,4123.0289999999995
CUST-003663,25.0,3,3925.0245,2024-12-06 10:17:18,2,2,3,223,At Risk / Lost,1308.3415,11775.0735
CUST-003664,245.0,4,5395.3695,2024-04-30 16:20:40,2,3,4,234,Loyal Customers,1348.842375,16186.108499999998
CUST-003665,220.0,5,4137.483,2024-05-25 03:56:04,2,3,3,233,Loyal Customers,827.4966000000001,12412.449
CUST-003666,71.0,6,4577.548,2024-10-21 10:11:06,2,4,3,243,Loyal Customers,762.9246666666667,13732.644
CUST-003667,655.0,3,885.8285,2023-03-17 08:07:14,2,2,1,221,At Risk / Lost,295.27616666666665,2657.4855
CUST-003668,371.0,4,5454.9259999999995,2023-12-26 11:23:35,2,3,4,234,Loyal Customers,1363.7314999999999,16364.777999999998
CUST-003669,464.0,3,3764.183,2023-09-24 08:10:54,2,2,3,223,At Risk / Lost,1254.7276666666667,11292.548999999999
CUST-003670,45.0,6,7176.545,2024-11-16 20:46:42,2,4,4,244,Loyal Customers,1196.0908333333334,21529.635000000002
CUST-003671,139.0,3,3045.503,2024-08-14 07:35:29,2,2,2,222,At Risk / Lost,1015.1676666666667,9136.509
CUST-003672,92.0,1,1056.4565,2024-09-30 20:52:29,2,1,1,211,At Risk / Lost,1056.4565,3169.3695
CUST-003673,65.0,4,4087.8465,2024-10-27 05:16:41,2,3,3,233,Loyal Customers,1021.961625,12263.5395
CUST-003674,290.0,3,3632.848,2024-03-16 09:20:24,2,2,2,222,At Risk / Lost,1210.9493333333332,10898.544
CUST-003675,144.0,9,7178.4495,2024-08-09 19:28:44,2,4,4,244,Loyal Customers,797.6055,21535.3485
CUST-003676,313.0,5,6147.661,2024-02-22 15:14:50,2,3,4,234,Loyal Customers,1229.5322,18442.983
CUST-003677,267.0,5,4846.481,2024-04-08 17:21:41,2,3,3,233,Loyal Customers,969.2962,14539.443
CUST-003678,34.0,4,4457.7035,2024-11-27 11:05:51,2,3,3,233,Loyal Customers,1114.425875,13373.110499999999
CUST-003679,178.0,3,3277.6435,2024-07-06 09:35:56,2,2,2,222,At Risk / Lost,1092.5478333333333,9832.9305
CUST-003680,282.0,2,2470.1805,2024-03-24 15:35:18,2,1,2,212,At Risk / Lost,1235.09025,7410.541499999999
CUST-003681,42.0,7,4865.8315,2024-11-19 20:44:35,2,4,3,243,Loyal Customers,695.1187857142858,14597.4945
CUST-003682,171.0,3,1686.5475000000001,2024-07-13 18:55:03,2,2,1,221,At Risk / Lost,562.1825,5059.6425
CUST-003683,70.0,4,2421.943,2024-10-22 10:26:34,2,3,2,232,Others,605.48575,7265.829000000001
CUST-003684,41.0,4,4174.553,2024-11-20 18:20:01,2,3,3,233,Loyal Customers,1043.63825,12523.659
CUST-003685,146.0,1,2481.6445,2024-08-07 04:56:25,2,1,2,212,At Risk / Lost,2481.6445,7444.933499999999
CUST-003686,88.0,7,5380.9875,2024-10-04 20:26:31,2,4,4,244,Loyal Customers,768.7125,16142.962500000001
CUST-003687,699.0,3,6772.7115,2023-02-01 10:33:30,2,2,4,224,At Risk / Lost,2257.5705000000003,20318.134500000004
CUST-003688,428.0,2,2394.485,2023-10-30 12:16:23,2,1,2,212,At Risk / Lost,1197.2425,7183.455
CUST-003689,232.0,4,3194.5025,2024-05-13 21:14:20,2,3,2,232,Others,798.625625,9583.5075
CUST-003690,24.0,6,3846.0190000000002,2024-12-07 17:14:13,2,4,3,243,Loyal Customers,641.0031666666667,11538.057
CUST-003691,278.0,6,3945.581,2024-03-28 02:50:36,2,4,3,243,Loyal Customers,657.5968333333334,11836.743
CUST-003692,518.0,2,1442.0144999999998,2023-08-01 21:39:18,2,1,1,211,At Risk / Lost,721.0072499999999,4326.0435
CUST-003693,129.0,4,7177.052,2024-08-24 05:07:31,2,3,4,234,Loyal Customers,1794.263,21531.156
CUST-003694,642.0,5,2989.984,2023-03-30 06:15:20,2,3,2,232,Others,597.9968,8969.952
CUST-003695,119.0,6,5130.7425,2024-09-03 14:09:35,2,4,3,243,Loyal Customers,855.1237500000001,15392.2275
CUST-003696,122.0,2,1516.742,2024-08-31 03:16:54,2,1,1,211,At Risk / Lost,758.371,4550.226
CUST-003697,27.0,6,6612.651,2024-12-04 12:38:40,2,4,4,244,Loyal Customers,1102.1085,19837.953
CUST-003698,744.0,2,1866.6995,2022-12-18 03:28:10,2,1,1,211,At Risk / Lost,933.34975,5600.0985
CUST-003699,115.0,4,4091.4490000000005,2024-09-07 04:04:23,2,3,3,233,Loyal Customers,1022.8622500000001,12274.347000000002
CUST-003700,83.0,3,2580.4475,2024-10-09 05:00:51,2,2,2,222,At Risk / Lost,860.1491666666667,7741.342500000001
CUST-003701,468.0,3,2406.429,2023-09-19 23:21:49,2,2,2,222,At Risk / Lost,802.143,7219.287
CUST-003702,28.0,5,3482.1620000000003,2024-12-03 05:28:22,2,3,2,232,Others,696.4324,10446.486
CUST-003703,99.0,4,2805.411,2024-09-22 23:59:35,2,3,2,232,Others,701.35275,8416.233
CUST-003704,161.0,6,5003.585,2024-07-23 11:56:58,2,4,3,243,Loyal Customers,833.9308333333333,15010.755000000001
CUST-003705,125.0,7,10875.5,2024-08-28 10:53:37,2,4,4,244,Loyal Customers,1553.642857142857,32626.5
CUST-003706,665.0,2,2255.5779999999995,2023-03-07 17:38:56,2,1,2,212,At Risk / Lost,1127.7889999999998,6766.733999999999
CUST-003707,548.0,4,6073.3445,2023-07-02 13:50:00,2,3,4,234,Loyal Customers,1518.336125,18220.0335
CUST-003708,4.0,9,12539.5825,2024-12-26 23:12:09,2,4,4,244,Loyal Customers,1393.2869444444445,37618.7475
CUST-003709,322.0,7,5286.5155,2024-02-13 22:20:23,2,4,4,244,Loyal Customers,755.2165000000001,15859.5465
CUST-003710,356.0,3,2633.085,2024-01-10 13:23:26,2,2,2,222,At Risk / Lost,877.695,7899.255
CUST-003711,578.0,4,6116.836,2023-06-02 00:09:12,2,3,4,234,Loyal Customers,1529.209,18350.508
CUST-003712,247.0,4,3297.7105,2024-04-28 22:38:23,2,3,2,232,Others,824.427625,9893.1315
CUST-003713,80.0,9,8148.8859999999995,2024-10-12 05:39:47,2,4,4,244,Loyal Customers,905.4317777777777,24446.658
CUST-003714,609.0,3,1086.3125,2023-05-02 15:45:47,2,2,1,221,At Risk / Lost,362.1041666666667,3258.9375
CUST-003715,685.0,1,85.999,2023-02-15 19:34:02,2,1,1,211,At Risk / Lost,85.999,257.99699999999996
CUST-003716,394.0,3,2956.9874999999997,2023-12-03 11:04:41,2,2,2,222,At Risk / Lost,985.6624999999999,8870.9625
CUST-003717,108.0,7,8574.294,2024-09-13 23:29:33,2,4,4,244,Loyal Customers,1224.8991428571428,25722.881999999998
CUST-003718,757.0,1,860.826,2022-12-05 11:58:12,2,1,1,211,At Risk / Lost,860.826,2582.478
CUST-003719,157.0,4,5875.1615,2024-07-27 22:48:48,2,3,4,234,Loyal Customers,1468.790375,17625.4845
CUST-003720,101.0,5,5421.542,2024-09-21 01:42:09,2,3,4,234,Loyal Customers,1084.3084000000001,16264.626
CUST-003721,133.0,5,5198.592500000001,2024-08-20 03:37:52,2,3,3,233,Loyal Customers,1039.7185000000002,15595.777500000002
CUST-003722,489.0,4,3226.763,2023-08-30 21:48:33,2,3,2,232,Others,806.69075,9680.289
CUST-003723,1.0,3,3096.3805,2024-12-30 12:35:33,2,2,2,222,At Risk / Lost,1032.1268333333335,9289.141500000002
CUST-003724,202.0,5,3656.3795,2024-06-12 10:43:42,2,3,3,233,Loyal Customers,731.2759,10969.138500000001
CUST-003725,97.0,6,6993.478,2024-09-25 08:51:12,2,4,4,244,Loyal Customers,1165.5796666666668,20980.434
CUST-003726,230.0,2,2049.058,2024-05-15 21:24:52,2,1,1,211,At Risk / Lost,1024.529,6147.174
CUST-003727,76.0,5,8727.3265,2024-10-16 08:11:56,2,3,4,234,Loyal Customers,1745.4652999999998,26181.979499999998
CUST-003728,589.0,1,1444.3805,2023-05-22 06:24:27,2,1,1,211,At Risk / Lost,1444.3805,4333.1415
CUST-003729,174.0,5,6382.3355,2024-07-10 04:43:44,2,3,4,234,Loyal Customers,1276.4671,19147.0065
CUST-003730,555.0,3,2875.1180000000004,2023-06-25 18:36:05,2,2,2,222,At Risk / Lost,958.3726666666668,8625.354000000001
CUST-003731,150.0,3,3685.1455,2024-08-03 05:03:17,2,2,3,223,At Risk / Lost,1228.3818333333334,11055.4365
CUST-003733,240.0,5,5748.6805,2024-05-05 00:53:24,2,3,4,234,Loyal Customers,1149.7361,17246.0415
CUST-003734,64.0,7,4892.487999999999,2024-10-28 13:32:59,2,4,3,243,Loyal Customers,698.9268571428571,14677.463999999998
CUST-003735,280.0,4,6542.171,2024-03-26 18:32:07,2,3,4,234,Loyal Customers,1635.54275,19626.513
CUST-003736,685.0,2,1028.9465,2023-02-15 14:05:51,2,1,1,211,At Risk / Lost,514.47325,3086.8395
CUST-003737,277.0,1,589.431,2024-03-29 10:35:41,2,1,1,211,At Risk / Lost,589.431,1768.2930000000001
CUST-003738,532.0,3,3723.2929999999997,2023-07-18 23:00:09,2,2,3,223,At Risk / Lost,1241.0976666666666,11169.878999999999
CUST-003739,118.0,6,9687.8005,2024-09-04 05:00:54,2,4,4,244,Loyal Customers,1614.6334166666666,29063.4015
CUST-003740,740.0,4,4327.4890000000005,2022-12-22 16:22:33,2,3,3,233,Loyal Customers,1081.8722500000001,12982.467
CUST-003741,333.0,6,9866.3055,2024-02-02 12:25:07,2,4,4,244,Loyal Customers,1644.38425,29598.9165
CUST-003742,555.0,5,2808.3435,2023-06-25 16:34:15,2,3,2,232,Others,561.6687,8425.0305
CUST-003743,29.0,4,6985.245,2024-12-02 01:52:53,2,3,4,234,Loyal Customers,1746.31125,20955.735
CUST-003744,11.0,6,6105.5055,2024-12-19 23:27:59,2,4,4,244,Loyal Customers,1017.58425,18316.5165
CUST-003745,637.0,1,594.21,2023-04-04 12:14:24,2,1,1,211,At Risk / Lost,594.21,1782.63
CUST-003746,137.0,4,5372.095,2024-08-16 16:09:50,2,3,4,234,Loyal Customers,1343.02375,16116.285
CUST-003747,67.0,2,1423.46,2024-10-25 11:13:00,2,1,1,211,At Risk / Lost,711.73,4270.38
CUST-003748,42.0,3,2314.623,2024-11-19 05:11:37,2,2,2,222,At Risk / Lost,771.541,6943.869000000001
CUST-003749,7.0,5,4524.941,2024-12-24 14:01:25,2,3,3,233,Loyal Customers,904.9882,13574.823
CUST-003750,421.0,5,4710.7685,2023-11-06 15:18:31,2,3,3,233,Loyal Customers,942.1537000000001,14132.3055
CUST-003751,306.0,2,4919.2685,2024-02-29 00:11:13,2,1,3,213,At Risk / Lost,2459.63425,14757.8055
CUST-003753,233.0,4,11226.1,2024-05-11 23:37:20,2,3,4,234,Loyal Customers,2806.525,33678.3
CUST-003754,145.0,2,1569.932,2024-08-08 03:33:16,2,1,1,211,At Risk / Lost,784.966,4709.796
CUST-003755,135.0,6,4673.2925,2024-08-18 13:54:33,2,4,3,243,Loyal Customers,778.8820833333333,14019.877499999999
CUST-003756,478.0,8,8651.681,2023-09-10 11:23:54,2,4,4,244,Loyal Customers,1081.460125,25955.043
CUST-003757,134.0,4,3015.803,2024-08-19 08:11:51,2,3,2,232,Others,753.95075,9047.409
CUST-003758,332.0,4,4381.197,2024-02-03 22:47:42,2,3,3,233,Loyal Customers,1095.29925,13143.591
CUST-003759,223.0,1,146.976,2024-05-22 06:31:19,2,1,1,211,At Risk / Lost,146.976,440.928
CUST-003760,743.0,3,3319.5330000000004,2022-12-19 13:58:46,2,2,2,222,At Risk / Lost,1106.5110000000002,9958.599000000002
CUST-003761,47.0,4,3843.5209999999997,2024-11-14 16:13:24,2,3,3,233,Loyal Customers,960.8802499999999,11530.562999999998
CUST-003762,42.0,4,5378.3795,2024-11-19 20:34:11,2,3,4,234,Loyal Customers,1344.594875,16135.138500000001
CUST-003763,841.0,3,2041.378,2022-09-12 00:50:55,2,2,1,221,At Risk / Lost,680.4593333333333,6124.134
CUST-003764,1003.0,1,430.521,2022-04-03 00:11:39,2,1,1,211,At Risk / Lost,430.521,1291.563
CUST-003765,101.0,4,3328.9595,2024-09-21 23:04:18,2,3,2,232,Others,832.239875,9986.878499999999
CUST-003766,7.0,3,3004.163,2024-12-23 23:12:56,2,2,2,222,At Risk / Lost,1001.3876666666666,9012.489
CUST-003767,726.0,1,283.81,2023-01-05 15:55:16,2,1,1,211,At Risk / Lost,283.81,851.4300000000001
CUST-003768,194.0,8,8008.1085,2024-06-20 12:09:03,2,4,4,244,Loyal Customers,1001.0135625,24024.3255
CUST-003769,131.0,3,2330.004,2024-08-22 10:37:39,2,2,2,222,At Risk / Lost,776.668,6990.012
CUST-003770,53.0,3,3202.1580000000004,2024-11-08 06:50:20,2,2,2,222,At Risk / Lost,1067.3860000000002,9606.474000000002
CUST-003771,65.0,4,5383.1095000000005,2024-10-27 07:26:27,2,3,4,234,Loyal Customers,1345.7773750000001,16149.328500000001
CUST-003772,233.0,3,4460.61,2024-05-12 02:50:47,2,2,3,223,At Risk / Lost,1486.87,13381.829999999998
CUST-003773,574.0,4,4249.3595000000005,2023-06-06 05:36:11,2,3,3,233,Loyal Customers,1062.3398750000001,12748.078500000001
CUST-003774,473.0,2,4676.468,2023-09-15 02:13:52,2,1,3,213,At Risk / Lost,2338.234,14029.403999999999
CUST-003776,502.0,3,1829.5004999999999,2023-08-17 20:43:46,2,2,1,221,At Risk / Lost,609.8335,5488.501499999999
CUST-003777,970.0,2,1901.695,2022-05-06 07:16:44,2,1,1,211,At Risk / Lost,950.8475,5705.085
CUST-003778,131.0,9,5650.5605,2024-08-22 16:31:28,2,4,4,244,Loyal Customers,627.8400555555555,16951.6815
CUST-003779,413.0,4,4004.4485,2023-11-14 15:37:32,2,3,3,233,Loyal Customers,1001.112125,12013.3455
CUST-003780,104.0,4,4372.3025,2024-09-18 06:28:11,2,3,3,233,Loyal Customers,1093.075625,13116.9075
CUST-003781,29.0,3,3645.245,2024-12-02 18:28:20,2,2,2,222,At Risk / Lost,1215.0816666666667,10935.735
CUST-003782,122.0,5,4232.3845,2024-08-31 12:20:10,2,3,3,233,Loyal Customers,846.4769,12697.1535
CUST-003783,78.0,6,6528.113,2024-10-14 12:36:42,2,4,4,244,Loyal Customers,1088.0188333333333,19584.339
CUST-003784,213.0,5,3329.564,2024-06-01 13:50:54,2,3,2,232,Others,665.9128,9988.692
CUST-003785,100.0,6,5640.590999999999,2024-09-22 09:20:03,2,4,4,244,Loyal Customers,940.0985,16921.772999999997
CUST-003786,44.0,9,8956.0255,2024-11-17 20:50:18,2,4,4,244,Loyal Customers,995.1139444444444,26868.0765
CUST-003787,51.0,6,3887.4555,2024-11-10 03:51:33,2,4,3,243,Loyal Customers,647.90925,11662.3665
CUST-003788,733.0,4,4748.9365,2022-12-29 07:36:48,2,3,3,233,Loyal Customers,1187.234125,14246.8095
CUST-003789,516.0,5,8580.991,2023-08-02 23:32:53,2,3,4,234,Loyal Customers,1716.1982,25742.972999999998
CUST-003790,174.0,8,7126.478,2024-07-10 17:45:25,2,4,4,244,Loyal Customers,890.80975,21379.434
CUST-003791,14.0,4,2636.66,2024-12-17 05:59:23,2,3,2,232,Others,659.165,7909.98
CUST-003792,503.0,2,1102.38,2023-08-16 19:29:32,2,1,1,211,At Risk / Lost,551.19,3307.1400000000003
CUST-003793,34.0,5,2020.5325,2024-11-27 13:50:09,2,3,1,231,Others,404.1065,6061.5975
CUST-003794,46.0,3,4246.169,2024-11-15 05:03:05,2,2,3,223,At Risk / Lost,1415.3896666666667,12738.507
CUST-003795,616.0,3,3467.1075,2023-04-25 22:45:35,2,2,2,222,At Risk / Lost,1155.7025,10401.3225
CUST-003796,363.0,4,3978.9155,2024-01-03 08:32:37,2,3,3,233,Loyal Customers,994.728875,11936.746500000001
CUST-003798,28.0,3,3053.7120000000004,2024-12-03 18:47:22,2,2,2,222,At Risk / Lost,1017.9040000000001,9161.136000000002
CUST-003799,81.0,3,2579.593,2024-10-11 16:03:56,2,2,2,222,At Risk / Lost,859.8643333333333,7738.7789999999995
CUST-003800,544.0,6,5497.4664999999995,2023-07-06 13:44:36,2,4,4,244,Loyal Customers,916.2444166666666,16492.3995
CUST-003801,317.0,3,4117.5105,2024-02-18 06:43:55,2,2,3,223,At Risk / Lost,1372.5035,12352.531500000001
CUST-003802,33.0,8,7597.9075,2024-11-28 20:09:59,2,4,4,244,Loyal Customers,949.7384375,22793.7225
CUST-003803,46.0,2,1089.924,2024-11-15 19:25:09,2,1,1,211,At Risk / Lost,544.962,3269.772
CUST-003804,83.0,2,1349.758,2024-10-09 04:03:39,2,1,1,211,At Risk / Lost,674.879,4049.2740000000003
CUST-003805,5.0,4,4648.9325,2024-12-26 22:49:13,2,3,3,233,Loyal Customers,1162.233125,13946.7975
CUST-003806,174.0,4,3736.205,2024-07-10 17:13:25,2,3,3,233,Loyal Customers,934.05125,11208.615
CUST-003807,106.0,6,6613.3455,2024-09-16 00:50:41,2,4,4,244,Loyal Customers,1102.22425,19840.0365
CUST-003808,8.0,5,5938.784,2024-12-23 00:00:00,2,3,4,234,Loyal Customers,1187.7567999999999,17816.352
CUST-003809,37.0,3,2918.6465,2024-11-24 03:08:35,2,2,2,222,At Risk / Lost,972.8821666666666,8755.9395
CUST-003810,218.0,6,4584.8955000000005,2024-05-27 05:59:23,2,4,3,243,Loyal Customers,764.14925,13754.686500000002
CUST-003811,852.0,2,2609.747,2022-09-01 00:00:00,2,1,2,212,At Risk / Lost,1304.8735,7829.241
CUST-003812,187.0,4,2483.937,2024-06-27 18:44:44,2,3,2,232,Others,620.98425,7451.811
CUST-003813,585.0,3,4867.8935,2023-05-26 18:49:40,2,2,3,223,At Risk / Lost,1622.6311666666668,14603.6805
CUST-003814,849.0,1,761.1400000000001,2022-09-04 20:19:00,2,1,1,211,At Risk / Lost,761.1400000000001,2283.42
CUST-003815,4.0,7,6277.352,2024-12-27 04:04:16,2,4,4,244,Loyal Customers,896.7645714285715,18832.056
CUST-003816,496.0,1,1396.4925,2023-08-23 09:27:04,2,1,1,211,At Risk / Lost,1396.4925,4189.4775
CUST-003817,256.0,4,2159.9105,2024-04-19 16:22:18,2,3,1,231,Others,539.977625,6479.7315
CUST-003818,261.0,6,4647.379,2024-04-14 06:10:15,2,4,3,243,Loyal Customers,774.5631666666667,13942.136999999999
CUST-003819,71.0,2,2308.2565,2024-10-21 07:28:39,2,1,2,212,At Risk / Lost,1154.12825,6924.7695
CUST-003820,61.0,4,4164.1455,2024-10-31 12:39:58,2,3,3,233,Loyal Customers,1041.036375,12492.4365
CUST-003821,254.0,4,3717.1055,2024-04-21 06:23:07,2,3,3,233,Loyal Customers,929.276375,11151.3165
CUST-003822,277.0,5,3763.1225,2024-03-29 03:51:11,2,3,3,233,Loyal Customers,752.6245,11289.3675
CUST-003823,472.0,2,3503.9685,2023-09-16 08:58:09,2,1,2,212,At Risk / Lost,1751.98425,10511.9055
CUST-003824,148.0,5,4573.9315,2024-08-05 12:16:31,2,3,3,233,Loyal Customers,914.7863,13721.7945
CUST-003825,2.0,2,1996.4695,2024-12-29 00:12:58,2,1,1,211,At Risk / Lost,998.23475,5989.4085
CUST-003826,163.0,5,3080.4410000000003,2024-07-21 08:02:51,2,3,2,232,Others,616.0882,9241.323
CUST-003827,4.0,4,8140.5285,2024-12-27 14:59:22,2,3,4,234,Loyal Customers,2035.132125,24421.5855
CUST-003828,44.0,6,4018.2945,2024-11-17 14:46:26,2,4,3,243,Loyal Customers,669.71575,12054.8835
CUST-003829,105.0,4,3528.7394999999997,2024-09-16 23:32:30,2,3,2,232,Others,882.1848749999999,10586.218499999999
CUST-003830,93.0,4,3904.8250000000003,2024-09-29 05:14:05,2,3,3,233,Loyal Customers,976.2062500000001,11714.475
CUST-003831,77.0,3,1533.198,2024-10-15 02:49:15,2,2,1,221,At Risk / Lost,511.06600000000003,4599.594
CUST-003832,318.0,4,4939.1805,2024-02-17 22:17:38,2,3,3,233,Loyal Customers,1234.795125,14817.541500000001
CUST-003833,125.0,6,6057.9130000000005,2024-08-27 23:22:06,2,4,4,244,Loyal Customers,1009.6521666666667,18173.739
CUST-003834,573.0,3,2852.2145,2023-06-07 03:02:32,2,2,2,222,At Risk / Lost,950.7381666666666,8556.6435
CUST-003835,9.0,3,1609.8135,2024-12-22 06:22:47,2,2,1,221,At Risk / Lost,536.6045,4829.440500000001
CUST-003836,2.0,5,4751.2465,2024-12-29 06:17:29,2,3,3,233,Loyal Customers,950.2493000000001,14253.7395
CUST-003837,139.0,4,3265.328,2024-08-14 05:31:15,2,3,2,232,Others,816.332,9795.984
CUST-003838,437.0,4,4888.08,2023-10-21 21:34:23,2,3,3,233,Loyal Customers,1222.02,14664.24
CUST-003839,612.0,2,2247.7825000000003,2023-04-29 05:54:19,2,1,2,212,At Risk / Lost,1123.8912500000001,6743.347500000001
CUST-003840,279.0,6,5537.5015,2024-03-27 21:13:54,2,4,4,244,Loyal Customers,922.9169166666667,16612.504500000003
CUST-003841,229.0,5,3333.778,2024-05-16 08:54:06,2,3,2,232,Others,666.7556,10001.333999999999
CUST-003842,52.0,5,6641.1955,2024-11-09 21:18:09,2,3,4,234,Loyal Customers,1328.2391,19923.586499999998
CUST-003843,67.0,5,2816.326,2024-10-25 11:17:22,2,3,2,232,Others,563.2652,8448.978
CUST-003844,105.0,3,1830.6090000000002,2024-09-17 01:19:20,2,2,1,221,At Risk / Lost,610.2030000000001,5491.827000000001
CUST-003845,580.0,5,5084.5395,2023-05-31 07:20:41,2,3,3,233,Loyal Customers,1016.9078999999999,15253.6185
CUST-003846,267.0,3,4319.8175,2024-04-08 06:46:13,2,2,3,223,At Risk / Lost,1439.9391666666668,12959.4525
CUST-003847,174.0,8,9252.6075,2024-07-10 04:45:07,2,4,4,244,Loyal Customers,1156.5759375,27757.822500000002
CUST-003848,187.0,3,2623.4285,2024-06-27 16:40:08,2,2,2,222,At Risk / Lost,874.4761666666667,7870.2855
CUST-003849,615.0,4,3876.9145,2023-04-26 12:45:41,2,3,3,233,Loyal Customers,969.228625,11630.7435
CUST-003850,669.0,2,3547.4305,2023-03-03 20:54:45,2,1,2,212,At Risk / Lost,1773.71525,10642.2915
CUST-003851,382.0,3,3734.4865,2023-12-15 16:26:48,2,2,3,223,At Risk / Lost,1244.8288333333333,11203.4595
CUST-003852,106.0,9,10049.351,2024-09-16 03:16:43,2,4,4,244,Loyal Customers,1116.5945555555556,30148.053
CUST-003853,164.0,3,2958.9494999999997,2024-07-20 20:05:21,2,2,2,222,At Risk / Lost,986.3164999999999,8876.8485
CUST-003854,479.0,4,3285.2780000000002,2023-09-09 14:01:31,2,3,2,232,Others,821.3195000000001,9855.834
CUST-003855,431.0,5,2702.3865,2023-10-27 22:22:27,2,3,2,232,Others,540.4773,8107.1595
CUST-003856,9.0,4,4021.0085000000004,2024-12-22 05:12:34,2,3,3,233,Loyal Customers,1005.2521250000001,12063.025500000002
CUST-003857,180.0,4,4741.1785,2024-07-04 05:19:43,2,3,3,233,Loyal Customers,1185.294625,14223.5355
CUST-003858,419.0,5,4091.812,2023-11-08 18:46:44,2,3,3,233,Loyal Customers,818.3624,12275.436
CUST-003859,44.0,3,1730.161,2024-11-17 00:57:19,2,2,1,221,At Risk / Lost,576.7203333333333,5190.483
CUST-003861,200.0,7,10286.387,2024-06-14 18:47:23,2,4,4,244,Loyal Customers,1469.4838571428572,30859.161
CUST-003862,97.0,4,4567.3745,2024-09-25 09:26:14,2,3,3,233,Loyal Customers,1141.843625,13702.1235
CUST-003863,233.0,4,4629.3935,2024-05-12 10:51:48,2,3,3,233,Loyal Customers,1157.348375,13888.1805
CUST-003864,147.0,5,3182.6355000000003,2024-08-06 09:27:47,2,3,2,232,Others,636.5271,9547.906500000001
CUST-003865,411.0,4,2894.6545,2023-11-16 12:30:28,2,3,2,232,Others,723.663625,8683.9635
CUST-003866,204.0,3,2024.1550000000002,2024-06-10 17:24:01,2,2,1,221,At Risk / Lost,674.7183333333334,6072.465
CUST-003867,43.0,6,4108.7995,2024-11-18 15:46:37,2,4,3,243,Loyal Customers,684.7999166666667,12326.3985
CUST-003868,110.0,3,4486.6085,2024-09-12 12:02:01,2,2,3,223,At Risk / Lost,1495.5361666666668,13459.8255
CUST-003869,346.0,3,4309.1475,2024-01-20 11:03:37,2,2,3,223,At Risk / Lost,1436.3825,12927.442500000001
CUST-003870,130.0,12,11682.3805,2024-08-23 11:59:14,2,4,4,244,Loyal Customers,973.5317083333333,35047.1415
CUST-003871,267.0,6,4562.7,2024-04-08 12:18:50,2,4,3,243,Loyal Customers,760.4499999999999,13688.099999999999
CUST-003872,186.0,5,6403.5625,2024-06-28 07:27:27,2,3,4,234,Loyal Customers,1280.7125,19210.6875
CUST-003873,23.0,5,4261.055,2024-12-08 16:51:33,2,3,3,233,Loyal Customers,852.211,12783.165
CUST-003874,541.0,3,1669.406,2023-07-09 14:43:58,2,2,1,221,At Risk / Lost,556.4686666666666,5008.218
CUST-003875,183.0,7,8922.7965,2024-07-01 16:52:59,2,4,4,244,Loyal Customers,1274.6852142857144,26768.3895
CUST-003876,207.0,5,4252.6804999999995,2024-06-07 06:59:18,2,3,3,233,Loyal Customers,850.5360999999999,12758.0415
CUST-003877,166.0,5,6335.264,2024-07-18 20:36:43,2,3,4,234,Loyal Customers,1267.0528,19005.791999999998
CUST-003878,527.0,1,127.84,2023-07-23 20:45:38,2,1,1,211,At Risk / Lost,127.84,383.52
CUST-003879,218.0,4,3259.2155000000002,2024-05-27 17:40:58,2,3,2,232,Others,814.8038750000001,9777.6465
CUST-003880,379.0,3,2352.8615,2023-12-18 01:15:17,2,2,2,222,At Risk / Lost,784.2871666666666,7058.5845
CUST-003881,138.0,4,1376.762,2024-08-15 09:53:12,2,3,1,231,Others,344.1905,4130.286
CUST-003882,216.0,3,3128.8315000000002,2024-05-29 19:41:40,2,2,2,222,At Risk / Lost,1042.9438333333335,9386.4945
CUST-003883,199.0,4,2386.495,2024-06-15 14:15:47,2,3,2,232,Others,596.62375,7159.485
CUST-003884,145.0,5,4427.3634999999995,2024-08-08 15:41:08,2,3,3,233,Loyal Customers,885.4726999999999,13282.090499999998
CUST-003885,9.0,4,6141.584,2024-12-22 18:08:48,2,3,4,234,Loyal Customers,1535.396,18424.752
CUST-003886,638.0,3,3941.622,2023-04-03 20:37:30,2,2,3,223,At Risk / Lost,1313.874,11824.866000000002
CUST-003887,14.0,6,4889.4515,2024-12-17 11:24:23,2,4,3,243,Loyal Customers,814.9085833333334,14668.354500000001
CUST-003888,159.0,6,4808.462,2024-07-25 09:32:27,2,4,3,243,Loyal Customers,801.4103333333334,14425.386000000002
CUST-003889,698.0,2,1507.662,2023-02-02 14:38:28,2,1,1,211,At Risk / Lost,753.831,4522.986
CUST-003890,195.0,7,5273.974,2024-06-19 04:44:36,2,4,3,243,Loyal Customers,753.4248571428571,15821.922
CUST-003891,54.0,5,3616.0460000000003,2024-11-07 18:30:12,2,3,2,232,Others,723.2092,10848.138
CUST-003892,90.0,8,8139.2210000000005,2024-10-02 18:32:45,2,4,4,244,Loyal Customers,1017.4026250000001,24417.663
CUST-003894,469.0,4,4046.0165,2023-09-19 21:17:44,2,3,3,233,Loyal Customers,1011.504125,12138.049500000001
CUST-003895,140.0,5,6791.436,2024-08-13 04:07:40,2,3,4,234,Loyal Customers,1358.2872,20374.307999999997
CUST-003896,140.0,3,2431.796,2024-08-13 05:12:36,2,2,2,222,At Risk / Lost,810.5986666666666,7295.387999999999
CUST-003897,249.0,5,6302.5154999999995,2024-04-26 09:19:41,2,3,4,234,Loyal Customers,1260.5031,18907.546499999997
CUST-003898,490.0,3,2321.416,2023-08-29 10:07:05,2,2,2,222,At Risk / Lost,773.8053333333334,6964.2480000000005
CUST-003900,108.0,5,5852.328,2024-09-14 14:56:23,2,3,4,234,Loyal Customers,1170.4656,17556.983999999997
CUST-003901,368.0,2,1452.4865,2023-12-29 16:50:31,2,1,1,211,At Risk / Lost,726.24325,4357.4595
CUST-003902,335.0,6,7022.1765000000005,2024-01-31 11:36:38,2,4,4,244,Loyal Customers,1170.36275,21066.529499999997
CUST-003903,767.0,3,1310.581,2022-11-25 06:32:00,2,2,1,221,At Risk / Lost,436.8603333333333,3931.7429999999995
CUST-003904,430.0,4,4264.9955,2023-10-28 16:12:29,2,3,3,233,Loyal Customers,1066.248875,12794.986499999999
CUST-003905,82.0,6,10395.8615,2024-10-10 12:52:09,2,4,4,244,Loyal Customers,1732.6435833333335,31187.584500000004
CUST-003906,407.0,3,2573.8089999999997,2023-11-20 10:14:36,2,2,2,222,At Risk / Lost,857.9363333333332,7721.427
CUST-003907,48.0,4,4735.546,2024-11-13 02:57:38,2,3,3,233,Loyal Customers,1183.8865,14206.638
CUST-003908,79.0,7,4909.3575,2024-10-13 10:21:50,2,4,3,243,Loyal Customers,701.3367857142857,14728.0725
CUST-003909,186.0,5,4245.8095,2024-06-28 06:35:47,2,4,3,243,Loyal Customers,849.1619000000001,12737.428500000002
CUST-003910,261.0,1,81.4335,2024-04-14 22:46:49,2,1,1,211,At Risk / Lost,81.4335,244.3005
CUST-003911,112.0,1,924.8935,2024-09-10 22:41:54,2,1,1,211,At Risk / Lost,924.8935,2774.6805
CUST-003912,25.0,4,5045.342,2024-12-06 18:12:29,2,3,3,233,Loyal Customers,1261.3355,15136.025999999998
CUST-003913,15.0,4,3123.262,2024-12-16 02:33:46,2,3,2,232,Others,780.8155,9369.786
CUST-003914,309.0,4,3889.8469999999998,2024-02-26 17:43:23,2,3,3,233,Loyal Customers,972.4617499999999,11669.541
CUST-003915,223.0,3,6360.911,2024-05-22 08:25:26,2,2,4,224,At Risk / Lost,2120.3036666666667,19082.733
CUST-003916,584.0,3,2353.184,2023-05-26 23:37:22,2,2,2,222,At Risk / Lost,784.3946666666667,7059.552000000001
CUST-003917,67.0,4,2300.712,2024-10-25 01:00:42,2,3,2,232,Others,575.178,6902.136
CUST-003918,235.0,5,2899.763,2024-05-10 22:35:01,2,4,2,242,Others,579.9526,8699.289
CUST-003919,436.0,5,3349.7725,2023-10-22 05:34:49,2,4,2,242,Others,669.9545,10049.317500000001
CUST-003920,296.0,6,7052.495,2024-03-10 03:09:15,2,4,4,244,Loyal Customers,1175.4158333333332,21157.484999999997
CUST-003921,229.0,4,3689.477,2024-05-16 15:00:51,2,3,3,233,Loyal Customers,922.36925,11068.431
CUST-003922,110.0,3,3829.5815,2024-09-12 03:34:23,2,2,3,223,At Risk / Lost,1276.5271666666665,11488.744499999997
CUST-003923,72.0,6,3725.395,2024-10-20 03:34:19,2,4,3,243,Loyal Customers,620.8991666666667,11176.185000000001
CUST-003924,929.0,1,612.4,2022-06-16 13:42:41,2,1,1,211,At Risk / Lost,612.4,1837.1999999999998
CUST-003925,331.0,4,6400.164,2024-02-04 20:13:57,2,3,4,234,Loyal Customers,1600.041,19200.492
CUST-003926,517.0,3,1194.1375,2023-08-02 05:08:39,2,2,1,221,At Risk / Lost,398.04583333333335,3582.4125000000004
CUST-003927,147.0,9,13423.055,2024-08-06 03:01:06,2,4,4,244,Loyal Customers,1491.4505555555556,40269.165
CUST-003928,66.0,3,2174.5015000000003,2024-10-25 23:21:26,2,2,1,221,At Risk / Lost,724.8338333333335,6523.504500000001
CUST-003929,85.0,5,5765.003,2024-10-07 08:01:27,2,4,4,244,Loyal Customers,1153.0005999999998,17295.009
CUST-003930,295.0,6,2378.0879999999997,2024-03-11 07:32:03,2,4,2,242,Others,396.34799999999996,7134.263999999999
CUST-003931,60.0,3,2837.411,2024-11-01 16:12:37,2,2,2,222,At Risk / Lost,945.8036666666667,8512.233
CUST-003932,1.0,6,5351.4185,2024-12-30 03:44:55,2,4,4,244,Loyal Customers,891.9030833333333,16054.2555
CUST-003933,126.0,7,3522.942,2024-08-27 07:20:49,2,4,2,242,Others,503.2774285714286,10568.826000000001
CUST-003934,13.0,4,1628.8225,2024-12-18 07:27:24,2,3,1,231,Others,407.205625,4886.4675
CUST-003935,606.0,3,3291.329,2023-05-05 19:59:37,2,2,2,222,At Risk / Lost,1097.1096666666667,9873.987000000001
CUST-003936,15.0,3,2746.047,2024-12-16 19:21:53,2,2,2,222,At Risk / Lost,915.349,8238.141
CUST-003937,9.0,4,7325.954,2024-12-22 14:19:11,2,3,4,234,Loyal Customers,1831.4885,21977.862
CUST-003938,94.0,3,4753.519,2024-09-28 14:42:48,2,2,3,223,At Risk / Lost,1584.5063333333335,14260.557
CUST-003939,422.0,4,3698.0145,2023-11-05 13:52:30,2,3,3,233,Loyal Customers,924.503625,11094.0435
CUST-003940,119.0,8,10311.08,2024-09-03 06:01:49,2,4,4,244,Loyal Customers,1288.885,30933.239999999998
CUST-003941,535.0,4,3333.423,2023-07-15 18:01:43,2,3,2,232,Others,833.35575,10000.269
CUST-003942,97.0,3,2152.027,2024-09-25 02:09:50,2,2,1,221,At Risk / Lost,717.3423333333334,6456.081
CUST-003943,724.0,3,5335.246,2023-01-07 11:33:27,2,2,4,224,At Risk / Lost,1778.4153333333334,16005.738000000001
CUST-003944,21.0,2,3280.7885,2024-12-10 05:31:30,2,1,2,212,At Risk / Lost,1640.39425,9842.3655
CUST-003945,85.0,9,10138.4225,2024-10-07 05:04:22,2,4,4,244,Loyal Customers,1126.4913888888889,30415.2675
CUST-003946,190.0,5,4008.4865,2024-06-24 10:49:32,2,4,3,243,Loyal Customers,801.6973,12025.4595
CUST-003947,188.0,6,6439.5305,2024-06-26 09:32:10,2,4,4,244,Loyal Customers,1073.2550833333332,19318.591499999995
CUST-003948,750.0,1,637.1279999999999,2022-12-12 09:39:54,2,1,1,211,At Risk / Lost,637.1279999999999,1911.3839999999998
CUST-003949,95.0,8,6646.031,2024-09-27 13:04:43,2,4,4,244,Loyal Customers,830.753875,19938.093
CUST-003950,131.0,6,5300.9415,2024-08-22 19:40:34,2,4,4,244,Loyal Customers,883.49025,15902.824499999999
CUST-003952,161.0,3,2329.0115,2024-07-23 18:47:12,2,2,2,222,At Risk / Lost,776.3371666666667,6987.0345
CUST-003953,489.0,6,4875.9884999999995,2023-08-30 16:04:40,2,4,3,243,Loyal Customers,812.6647499999999,14627.965499999998
CUST-003954,391.0,5,3572.3125,2023-12-06 08:50:30,2,4,2,242,Others,714.4625,10716.9375
CUST-003955,146.0,4,3854.8115,2024-08-07 19:30:58,2,3,3,233,Loyal Customers,963.702875,11564.4345
CUST-003956,86.0,3,3747.591,2024-10-06 16:05:40,2,2,3,223,At Risk / Lost,1249.197,11242.772999999997
CUST-003957,27.0,5,7002.523,2024-12-04 02:10:00,2,4,4,244,Loyal Customers,1400.5046,21007.569
CUST-003958,844.0,1,636.4095,2022-09-09 18:41:09,2,1,1,211,At Risk / Lost,636.4095,1909.2285
CUST-003959,92.0,4,3691.125,2024-09-30 17:00:55,2,3,3,233,Loyal Customers,922.78125,11073.375
CUST-003960,14.0,4,5320.5615,2024-12-16 23:57:07,2,3,4,234,Loyal Customers,1330.140375,15961.6845
CUST-003961,47.0,6,9707.571,2024-11-14 00:08:21,2,4,4,244,Loyal Customers,1617.9285,29122.713
CUST-003962,78.0,3,2042.1470000000002,2024-10-13 23:50:20,2,2,1,221,At Risk / Lost,680.7156666666667,6126.441000000001
CUST-003963,768.0,1,80.514,2022-11-24 06:19:07,2,1,1,211,At Risk / Lost,80.514,241.54199999999997
CUST-003964,102.0,4,2636.1875,2024-09-20 18:54:15,2,3,2,232,Others,659.046875,7908.5625
CUST-003965,72.0,8,5711.2915,2024-10-20 00:35:39,2,4,4,244,Loyal Customers,713.9114375,17133.8745
CUST-003966,551.0,2,2095.8795,2023-06-29 05:45:06,2,1,1,211,At Risk / Lost,1047.93975,6287.6385
CUST-003967,73.0,3,3123.118,2024-10-19 11:24:38,2,2,2,222,At Risk / Lost,1041.0393333333334,9369.354000000001
CUST-003968,266.0,3,1597.1075,2024-04-09 16:20:36,2,2,1,221,At Risk / Lost,532.3691666666667,4791.3225
CUST-003969,583.0,4,2510.4655000000002,2023-05-28 20:40:30,2,3,2,232,Others,627.6163750000001,7531.396500000001
CUST-003970,332.0,4,3764.8824999999997,2024-02-03 09:18:28,2,3,3,233,Loyal Customers,941.2206249999999,11294.6475
CUST-003971,110.0,8,6164.4085,2024-09-12 10:09:02,2,4,4,244,Loyal Customers,770.5510625,18493.2255
CUST-003972,74.0,6,5996.6605,2024-10-18 12:40:12,2,4,4,244,Loyal Customers,999.4434166666666,17989.9815
CUST-003973,243.0,6,5553.2335,2024-05-02 22:17:12,2,4,4,244,Loyal Customers,925.5389166666668,16659.7005
CUST-003974,17.0,3,3286.62,2024-12-14 16:25:58,2,2,2,222,At Risk / Lost,1095.54,9859.86
CUST-003975,141.0,6,5022.3005,2024-08-12 13:41:01,2,4,3,243,Loyal Customers,837.0500833333334,15066.9015
CUST-003976,105.0,7,4965.52,2024-09-17 09:18:28,2,4,3,243,Loyal Customers,709.36,14896.560000000001
CUST-003977,118.0,2,1438.6490000000001,2024-09-04 05:26:02,2,1,1,211,At Risk / Lost,719.3245000000001,4315.947
CUST-003978,113.0,7,5299.1705,2024-09-09 03:14:52,2,4,4,244,Loyal Customers,757.0243571428572,15897.5115
CUST-003979,293.0,4,3096.395,2024-03-13 04:01:19,2,3,2,232,Others,774.09875,9289.185
CUST-003980,308.0,1,932.6279999999999,2024-02-27 21:10:11,2,1,1,211,At Risk / Lost,932.6279999999999,2797.884
CUST-003981,72.0,2,2703.9610000000002,2024-10-20 22:03:31,2,1,2,212,At Risk / Lost,1351.9805000000001,8111.883000000001
CUST-003982,200.0,7,7183.629,2024-06-14 06:31:30,2,4,4,244,Loyal Customers,1026.2327142857143,21550.887000000002
CUST-003983,135.0,7,5259.736,2024-08-18 13:32:46,2,4,3,243,Loyal Customers,751.3908571428572,15779.207999999999
CUST-003984,164.0,6,5093.0575,2024-07-20 07:22:31,2,4,3,243,Loyal Customers,848.8429166666666,15279.1725
CUST-003985,308.0,3,1828.8035,2024-02-27 01:30:36,2,2,1,221,At Risk / Lost,609.6011666666667,5486.4105
CUST-003986,262.0,7,5813.838,2024-04-13 04:24:16,2,4,4,244,Loyal Customers,830.5482857142857,17441.514
CUST-003987,18.0,1,21.450000000000003,2024-12-13 02:22:27,2,1,1,211,At Risk / Lost,21.450000000000003,64.35000000000001
CUST-003988,20.0,6,6187.189,2024-12-11 02:45:18,2,4,4,244,Loyal Customers,1031.1981666666668,18561.567000000003
CUST-003989,169.0,5,5384.9415,2024-07-15 08:55:37,2,4,4,244,Loyal Customers,1076.9883,16154.824499999999
CUST-003990,39.0,5,2698.0245,2024-11-22 20:43:52,2,4,2,242,Others,539.6049,8094.073500000001
CUST-003991,178.0,6,6390.464,2024-07-06 13:59:05,2,4,4,244,Loyal Customers,1065.0773333333334,19171.392
CUST-003992,345.0,3,1974.332,2024-01-21 01:02:33,2,2,1,221,At Risk / Lost,658.1106666666667,5922.996
CUST-003993,214.0,3,3037.5730000000003,2024-05-31 14:22:12,2,2,2,222,At Risk / Lost,1012.5243333333334,9112.719000000001
CUST-003995,243.0,4,3232.9595,2024-05-02 01:44:07,2,3,2,232,Others,808.239875,9698.878499999999
CUST-003996,102.0,3,1285.1275,2024-09-20 17:36:41,2,2,1,221,At Risk / Lost,428.37583333333333,3855.3825
CUST-003997,132.0,5,5882.543,2024-08-21 12:31:45,2,4,4,244,Loyal Customers,1176.5086,17647.629
CUST-003998,15.0,4,4363.43,2024-12-16 11:04:00,2,3,3,233,Loyal Customers,1090.8575,13090.29
CUST-003999,191.0,4,2894.1155,2024-06-23 20:19:37,2,3,2,232,Others,723.528875,8682.3465
CUST-004000,421.0,2,1424.508,2023-11-06 12:51:26,2,1,1,211,At Risk / Lost,712.254,4273.524
CUST-004001,203.0,5,4670.619,2024-06-11 14:38:51,2,4,3,243,Loyal Customers,934.1238,14011.857
CUST-004002,486.0,4,1823.0535,2023-09-02 11:54:46,2,3,1,231,Others,455.763375,5469.1605
CUST-004003,360.0,3,2853.5335,2024-01-06 14:36:13,2,2,2,222,At Risk / Lost,951.1778333333333,8560.6005
CUST-004004,193.0,1,511.04999999999995,2024-06-21 13:25:51,2,1,1,211,At Risk / Lost,511.04999999999995,1533.1499999999999
CUST-004005,662.0,3,1394.5225,2023-03-10 13:45:56,2,2,1,221,At Risk / Lost,464.84083333333336,4183.5675
CUST-004006,222.0,6,6451.31,2024-05-23 06:38:23,2,4,4,244,Loyal Customers,1075.2183333333335,19353.930000000004
CUST-004007,30.0,3,4836.0335000000005,2024-12-01 19:28:13,2,2,3,223,At Risk / Lost,1612.011166666667,14508.1005
CUST-004008,139.0,6,7337.0105,2024-08-14 19:18:48,2,4,4,244,Loyal Customers,1222.8350833333334,22011.0315
CUST-004009,819.0,3,2150.279,2022-10-04 04:44:24,2,2,1,221,At Risk / Lost,716.7596666666667,6450.8369999999995
CUST-004010,189.0,8,7679.192,2024-06-25 20:36:18,2,4,4,244,Loyal Customers,959.899,23037.576
CUST-004011,34.0,4,3659.2065000000002,2024-11-27 10:56:36,2,3,3,233,Loyal Customers,914.8016250000001,10977.6195
CUST-004012,140.0,5,5041.851,2024-08-13 19:41:17,2,4,3,243,Loyal Customers,1008.3702,15125.553
CUST-004013,502.0,2,1697.9125,2023-08-17 11:31:00,2,1,1,211,At Risk / Lost,848.95625,5093.737499999999
CUST-004014,81.0,5,7006.1635,2024-10-11 16:14:55,2,4,4,244,Loyal Customers,1401.2327,21018.4905
CUST-004015,9.0,5,3282.005,2024-12-22 19:34:15,2,4,2,242,Others,656.4010000000001,9846.015
CUST-004016,2.0,3,4362.243,2024-12-29 05:08:46,2,2,3,223,At Risk / Lost,1454.0810000000001,13086.729000000001
CUST-004017,232.0,2,2344.4125,2024-05-13 08:35:25,2,1,2,212,At Risk / Lost,1172.20625,7033.237499999999
CUST-004018,368.0,4,5156.2065,2023-12-29 04:16:01,2,3,3,233,Loyal Customers,1289.051625,15468.6195
CUST-004019,184.0,3,3359.6215,2024-06-30 13:23:13,2,2,2,222,At Risk / Lost,1119.8738333333333,10078.8645
CUST-004020,342.0,4,2776.4245,2024-01-24 10:43:25,2,3,2,232,Others,694.106125,8329.2735
CUST-004021,899.0,1,1077.07,2022-07-16 07:46:44,2,1,1,211,At Risk / Lost,1077.07,3231.21
CUST-004022,241.0,4,1750.5315,2024-05-04 02:14:18,2,3,1,231,Others,437.632875,5251.5945
CUST-004023,170.0,2,1835.9790000000003,2024-07-14 03:24:53,2,1,1,211,At Risk / Lost,917.9895000000001,5507.937000000001
CUST-004024,108.0,4,4524.6535,2024-09-14 06:05:08,2,3,3,233,Loyal Customers,1131.163375,13573.960500000001
CUST-004025,1.0,8,7691.183,2024-12-30 14:56:40,2,4,4,244,Loyal Customers,961.397875,23073.549
CUST-004026,58.0,4,5445.244000000001,2024-11-03 02:30:17,2,3,4,234,Loyal Customers,1361.3110000000001,16335.732000000002
CUST-004027,404.0,4,2428.9485,2023-11-23 08:36:54,2,3,2,232,Others,607.237125,7286.845499999999
CUST-004029,10.0,9,8713.452,2024-12-21 18:43:32,2,4,4,244,Loyal Customers,968.1613333333332,26140.356
CUST-004030,78.0,3,2616.6595,2024-10-14 05:39:33,2,2,2,222,At Risk / Lost,872.2198333333334,7849.978500000001
CUST-004031,514.0,2,1343.417,2023-08-05 10:40:30,2,1,1,211,At Risk / Lost,671.7085,4030.2509999999997
CUST-004032,36.0,6,4486.146500000001,2024-11-25 20:34:40,2,4,3,243,Loyal Customers,747.6910833333335,13458.439500000002
CUST-004033,154.0,4,2332.0295,2024-07-30 00:37:33,2,3,2,232,Others,583.007375,6996.0885
CUST-004034,134.0,3,2127.1455,2024-08-19 15:18:41,2,2,1,221,At Risk / Lost,709.0485,6381.4365
CUST-004035,141.0,4,3805.866,2024-08-12 00:37:23,2,3,3,233,Loyal Customers,951.4665,11417.598
CUST-004036,169.0,4,3355.6,2024-07-15 07:33:35,2,3,2,232,Others,838.9,10066.8
CUST-004037,33.0,3,2211.446,2024-11-28 21:28:16,2,2,1,221,At Risk / Lost,737.1486666666666,6634.338
CUST-004038,54.0,7,12754.935,2024-11-07 21:15:27,2,4,4,244,Loyal Customers,1822.1335714285713,38264.805
CUST-004039,458.0,4,4990.139,2023-09-30 17:10:58,2,3,3,233,Loyal Customers,1247.53475,14970.417000000001
CUST-004040,244.0,5,2484.33,2024-05-01 16:40:57,2,4,2,242,Others,496.866,7452.99
CUST-004041,83.0,6,5967.714,2024-10-09 22:58:19,2,4,4,244,Loyal Customers,994.619,17903.142
CUST-004042,22.0,6,4940.1645,2024-12-09 13:28:28,2,4,3,243,Loyal Customers,823.3607499999999,14820.4935
CUST-004043,134.0,8,9125.679,2024-08-19 04:39:15,2,4,4,244,Loyal Customers,1140.709875,27377.037
CUST-004044,144.0,4,3669.352,2024-08-09 10:53:42,2,3,3,233,Loyal Customers,917.338,11008.056
CUST-004045,99.0,6,4402.28,2024-09-23 08:22:42,2,4,3,243,Loyal Customers,733.7133333333333,13206.84
CUST-004046,266.0,4,5475.935,2024-04-09 14:44:21,2,3,4,234,Loyal Customers,1368.98375,16427.805
CUST-004047,91.0,5,2552.6315,2024-10-01 15:29:00,2,4,2,242,Others,510.5263,7657.8945
CUST-004048,173.0,7,6581.0045,2024-07-11 12:53:28,2,4,4,244,Loyal Customers,940.1435,19743.0135
CUST-004049,162.0,5,1872.717,2024-07-22 03:27:40,2,4,1,241,Others,374.5434,5618.151
CUST-004050,300.0,4,2486.7464999999997,2024-03-06 11:38:38,2,3,2,232,Others,621.6866249999999,7460.2395
CUST-004051,739.0,2,1528.078,2022-12-23 01:26:30,2,1,1,211,At Risk / Lost,764.039,4584.234
CUST-004052,674.0,1,883.1115,2023-02-26 15:31:27,2,1,1,211,At Risk / Lost,883.1115,2649.3345
CUST-004053,163.0,4,6256.9865,2024-07-21 16:57:45,2,3,4,234,Loyal Customers,1564.246625,18770.9595
CUST-004054,196.0,3,2152.784,2024-06-18 20:19:00,2,2,1,221,At Risk / Lost,717.5946666666667,6458.352000000001
CUST-004055,43.0,5,7708.885,2024-11-18 12:10:25,2,4,4,244,Loyal Customers,1541.777,23126.655
CUST-004056,63.0,5,7744.2895,2024-10-29 17:51:26,2,4,4,244,Loyal Customers,1548.8579,23232.8685
CUST-004057,212.0,5,4298.2195,2024-06-02 12:05:26,2,4,3,243,Loyal Customers,859.6439,12894.658500000001
CUST-004058,113.0,6,4332.6845,2024-09-09 14:06:39,2,4,3,243,Loyal Customers,722.1140833333334,12998.053500000002
CUST-004059,20.0,7,5199.7055,2024-12-11 13:11:33,2,4,3,243,Loyal Customers,742.8150714285714,15599.1165
CUST-004060,426.0,5,5037.6445,2023-11-01 10:22:22,2,4,3,243,Loyal Customers,1007.5289,15112.933500000001
CUST-004061,131.0,4,3558.179,2024-08-22 19:23:22,2,3,2,232,Others,889.54475,10674.537
CUST-004062,838.0,1,979.9265,2022-09-15 08:56:16,2,1,1,211,At Risk / Lost,979.9265,2939.7795
CUST-004063,413.0,3,2885.0325000000003,2023-11-14 11:40:59,2,2,2,222,At Risk / Lost,961.6775000000001,8655.0975
CUST-004064,250.0,3,2534.1885,2024-04-25 06:20:23,2,2,2,222,At Risk / Lost,844.7295,7602.565500000001
CUST-004065,19.0,5,4790.08,2024-12-12 16:04:35,2,4,3,243,Loyal Customers,958.016,14370.24
CUST-004066,229.0,5,4313.9685,2024-05-16 20:32:57,2,4,3,243,Loyal Customers,862.7937,12941.9055
CUST-004067,315.0,4,3723.258,2024-02-20 08:24:16,2,3,3,233,Loyal Customers,930.8145,11169.774
CUST-004068,140.0,1,889.188,2024-08-13 17:14:53,2,1,1,211,At Risk / Lost,889.188,2667.564
CUST-004069,129.0,3,2680.3475,2024-08-24 03:37:12,2,2,2,222,At Risk / Lost,893.4491666666667,8041.0425
CUST-004070,51.0,5,5013.7625,2024-11-10 21:57:10,2,4,3,243,Loyal Customers,1002.7524999999999,15041.287499999999
CUST-004071,201.0,12,9904.936,2024-06-13 03:23:12,2,4,4,244,Loyal Customers,825.4113333333333,29714.807999999997
CUST-004072,434.0,3,1801.4575,2023-10-24 20:36:29,2,2,1,221,At Risk / Lost,600.4858333333333,5404.3724999999995
CUST-004073,539.0,5,3079.958,2023-07-11 00:00:00,2,4,2,242,Others,615.9916000000001,9239.874000000002
CUST-004074,685.0,1,748.48,2023-02-15 19:00:48,2,1,1,211,At Risk / Lost,748.48,2245.44
CUST-004075,61.0,5,7282.243,2024-10-31 07:44:37,2,4,4,244,Loyal Customers,1456.4486000000002,21846.729
CUST-004076,112.0,5,4044.7850000000003,2024-09-10 07:01:41,2,4,3,243,Loyal Customers,808.9570000000001,12134.355000000003
CUST-004077,626.0,3,2013.2915,2023-04-15 04:40:03,2,2,1,221,At Risk / Lost,671.0971666666667,6039.8745
CUST-004078,201.0,5,7418.5195,2024-06-13 15:12:27,2,4,4,244,Loyal Customers,1483.7039,22255.5585
CUST-004079,345.0,2,1225.7350000000001,2024-01-20 23:06:18,2,1,1,211,At Risk / Lost,612.8675000000001,3677.2050000000004
CUST-004080,77.0,3,4093.3695000000002,2024-10-15 06:54:49,2,2,3,223,At Risk / Lost,1364.4565,12280.108499999998
CUST-004081,285.0,6,4352.486,2024-03-21 21:23:41,2,4,3,243,Loyal Customers,725.4143333333333,13057.457999999999
CUST-004082,159.0,6,4306.4535,2024-07-24 23:31:33,2,4,3,243,Loyal Customers,717.7422499999999,12919.360499999999
CUST-004083,235.0,2,3183.373,2024-05-10 23:02:10,2,1,2,212,At Risk / Lost,1591.6865,9550.119
CUST-004084,77.0,7,10600.826,2024-10-15 11:49:36,2,4,4,244,Loyal Customers,1514.4037142857142,31802.477999999996
CUST-004085,77.0,5,3317.3835,2024-10-15 07:03:28,2,4,2,242,Others,663.4766999999999,9952.1505
CUST-004086,273.0,2,1625.721,2024-04-02 05:58:08,2,1,1,211,At Risk / Lost,812.8605,4877.1630000000005
CUST-004087,1.0,6,6669.086499999999,2024-12-30 14:46:56,2,4,4,244,Loyal Customers,1111.5144166666666,20007.2595
CUST-004088,242.0,2,2730.7945,2024-05-03 03:09:33,2,1,2,212,At Risk / Lost,1365.39725,8192.3835
CUST-004089,48.0,4,2982.702,2024-11-13 05:27:56,2,3,2,232,Others,745.6755,8948.106
CUST-004090,304.0,3,703.3255,2024-03-02 08:40:00,2,2,1,221,At Risk / Lost,234.44183333333334,2109.9765
CUST-004091,189.0,2,1242.0435,2024-06-25 02:00:31,2,1,1,211,At Risk / Lost,621.02175,3726.1305
CUST-004092,16.0,5,5875.1785,2024-12-15 16:29:23,2,4,4,244,Loyal Customers,1175.0357,17625.535499999998
CUST-004093,21.0,3,2653.391,2024-12-10 04:32:20,2,2,2,222,At Risk / Lost,884.4636666666667,7960.173000000001
CUST-004094,68.0,6,5864.9905,2024-10-24 05:54:57,2,4,4,244,Loyal Customers,977.4984166666667,17594.9715
CUST-004095,239.0,7,7700.878,2024-05-06 04:12:49,2,4,4,244,Loyal Customers,1100.1254285714285,23102.634
CUST-004096,177.0,5,5383.3369999999995,2024-07-07 03:11:30,2,4,4,244,Loyal Customers,1076.6673999999998,16150.010999999999
CUST-004098,167.0,4,5636.2625,2024-07-17 17:16:39,2,3,4,234,Loyal Customers,1409.065625,16908.7875
CUST-004099,298.0,6,6094.95,2024-03-08 22:36:36,2,4,4,244,Loyal Customers,1015.8249999999999,18284.85
CUST-004100,85.0,4,3635.311,2024-10-07 15:03:28,2,3,2,232,Others,908.82775,10905.933
CUST-004101,135.0,3,1593.743,2024-08-18 05:47:33,2,2,1,221,At Risk / Lost,531.2476666666666,4781.228999999999
CUST-004102,532.0,4,3467.9044999999996,2023-07-18 19:04:46,2,3,2,232,Others,866.9761249999999,10403.713499999998
CUST-004104,155.0,2,874.6205000000001,2024-07-29 10:46:25,2,1,1,211,At Risk / Lost,437.31025000000005,2623.8615000000004
CUST-004105,67.0,5,5573.536,2024-10-25 01:28:09,2,4,4,244,Loyal Customers,1114.7072,16720.608
CUST-004106,370.0,7,10220.526,2023-12-27 17:10:52,2,4,4,244,Loyal Customers,1460.0751428571427,30661.578
CUST-004107,119.0,4,1681.138,2024-09-03 11:28:05,2,3,1,231,Others,420.2845,5043.414
CUST-004108,22.0,2,501.336,2024-12-09 02:20:12,2,1,1,211,At Risk / Lost,250.668,1504.008
CUST-004109,420.0,3,4298.7545,2023-11-07 09:19:28,2,2,3,223,At Risk / Lost,1432.9181666666666,12896.263500000001
CUST-004110,239.0,5,7642.938,2024-05-06 06:47:16,2,4,4,244,Loyal Customers,1528.5876,22928.814
CUST-004111,246.0,3,3169.4895,2024-04-29 01:29:52,2,2,2,222,At Risk / Lost,1056.4965,9508.468499999999
CUST-004112,147.0,8,4600.6900000000005,2024-08-06 10:29:11,2,4,3,243,Loyal Customers,575.0862500000001,13802.070000000002
CUST-004113,37.0,8,8990.467999999999,2024-11-24 00:20:01,2,4,4,244,Loyal Customers,1123.8084999999999,26971.403999999995
CUST-004114,197.0,3,4572.8565,2024-06-17 05:19:47,2,2,3,223,At Risk / Lost,1524.2855,13718.5695
CUST-004115,161.0,4,2970.6155,2024-07-23 17:37:24,2,3,2,232,Others,742.653875,8911.8465
CUST-004116,607.0,2,4104.818,2023-05-04 22:59:03,2,1,3,213,At Risk / Lost,2052.409,12314.454000000002
CUST-004117,89.0,6,6805.0105,2024-10-03 16:59:56,2,4,4,244,Loyal Customers,1134.1684166666666,20415.0315
CUST-004118,346.0,5,5542.4925,2024-01-20 05:27:59,2,4,4,244,Loyal Customers,1108.4985000000001,16627.4775
CUST-004119,487.0,2,3940.7745000000004,2023-09-01 20:22:59,2,1,3,213,At Risk / Lost,1970.3872500000002,11822.323500000002
CUST-004120,514.0,2,1532.585,2023-08-05 20:17:22,2,1,1,211,At Risk / Lost,766.2925,4597.755
CUST-004121,607.0,3,1937.7735000000002,2023-05-04 21:01:18,2,2,1,221,At Risk / Lost,645.9245000000001,5813.320500000001
CUST-004122,143.0,5,9513.761,2024-08-10 09:46:52,2,4,4,244,Loyal Customers,1902.7522000000001,28541.283000000003
CUST-004123,352.0,2,2857.7345,2024-01-14 12:55:31,2,1,2,212,At Risk / Lost,1428.86725,8573.2035
CUST-004124,484.0,7,8401.9925,2023-09-04 00:42:12,2,4,4,244,Loyal Customers,1200.284642857143,25205.9775
CUST-004125,70.0,3,2901.8575,2024-10-22 18:23:17,2,2,2,222,At Risk / Lost,967.2858333333334,8705.5725
CUST-004126,84.0,4,6199.648,2024-10-08 17:26:14,2,3,4,234,Loyal Customers,1549.912,18598.944
CUST-004127,278.0,5,5027.2825,2024-03-28 20:20:53,2,4,3,243,Loyal Customers,1005.4565,15081.8475
CUST-004128,798.0,3,2148.4719999999998,2022-10-25 18:29:01,2,2,1,221,At Risk / Lost,716.1573333333332,6445.415999999999
CUST-004129,725.0,2,2466.318,2023-01-06 04:35:16,2,1,2,212,At Risk / Lost,1233.159,7398.954000000001
CUST-004130,111.0,6,3365.3999999999996,2024-09-11 16:37:04,2,4,2,242,Others,560.9,10096.199999999999
CUST-004131,349.0,5,8296.2465,2024-01-17 06:08:48,2,4,4,244,Loyal Customers,1659.2493,24888.739499999996
CUST-004132,101.0,6,5771.586,2024-09-21 06:10:52,2,4,4,244,Loyal Customers,961.931,17314.758
CUST-004133,21.0,6,5282.3735,2024-12-10 15:37:27,2,4,4,244,Loyal Customers,880.3955833333333,15847.120499999999
CUST-004134,96.0,6,9313.208,2024-09-26 13:08:18,2,4,4,244,Loyal Customers,1552.2013333333334,27939.624000000003
CUST-004135,409.0,7,7269.2485,2023-11-18 01:34:33,2,4,4,244,Loyal Customers,1038.4640714285713,21807.745499999997
CUST-004136,410.0,3,3718.7214999999997,2023-11-17 17:19:37,2,2,3,223,At Risk / Lost,1239.5738333333331,11156.164499999999
CUST-004137,390.0,7,4684.2225,2023-12-07 20:18:21,2,4,3,243,Loyal Customers,669.1746428571429,14052.6675
CUST-004138,101.0,3,4750.495,2024-09-21 14:03:02,2,2,3,223,At Risk / Lost,1583.4983333333332,14251.485
CUST-004139,148.0,2,1124.596,2024-08-05 01:27:06,2,1,1,211,At Risk / Lost,562.298,3373.788
CUST-004140,254.0,4,3690.0109999999995,2024-04-21 03:58:05,2,3,3,233,Loyal Customers,922.5027499999999,11070.033
CUST-004141,13.0,2,1290.057,2024-12-18 00:31:45,2,1,1,211,At Risk / Lost,645.0285,3870.1710000000003
CUST-004142,208.0,4,2571.2309999999998,2024-06-06 21:50:12,2,3,2,232,Others,642.8077499999999,7713.692999999999
CUST-004143,236.0,5,4168.4415,2024-05-09 14:54:42,2,4,3,243,Loyal Customers,833.6883,12505.324499999999
CUST-004144,7.0,6,8005.5985,2024-12-24 09:33:13,2,4,4,244,Loyal Customers,1334.2664166666666,24016.7955
CUST-004145,502.0,2,1330.629,2023-08-17 22:50:01,2,1,1,211,At Risk / Lost,665.3145,3991.8869999999997
CUST-004146,531.0,4,3769.732,2023-07-19 17:33:33,2,3,3,233,Loyal Customers,942.433,11309.196
CUST-004147,2.0,5,6430.051,2024-12-29 04:30:22,2,4,4,244,Loyal Customers,1286.0102000000002,19290.153000000006
CUST-004148,360.0,5,5698.1135,2024-01-06 01:47:16,2,4,4,244,Loyal Customers,1139.6227000000001,17094.340500000002
CUST-004149,344.0,8,5828.9169999999995,2024-01-22 14:59:07,2,4,4,244,Loyal Customers,728.6146249999999,17486.750999999997
CUST-004150,178.0,5,4371.2325,2024-07-06 08:34:58,2,4,3,243,Loyal Customers,874.2465,13113.6975
CUST-004151,282.0,3,3715.803,2024-03-24 19:59:16,2,2,3,223,At Risk / Lost,1238.6009999999999,11147.409
CUST-004152,23.0,5,3047.054,2024-12-08 10:50:26,2,4,2,242,Others,609.4108,9141.162
CUST-004153,219.0,1,307.73400000000004,2024-05-26 09:21:51,2,1,1,211,At Risk / Lost,307.73400000000004,923.2020000000001
CUST-004154,109.0,4,2623.5835,2024-09-13 07:08:12,2,3,2,232,Others,655.895875,7870.7505
CUST-004155,353.0,4,3746.5275,2024-01-13 14:27:44,2,3,3,233,Loyal Customers,936.631875,11239.5825
CUST-004156,474.0,3,1722.502,2023-09-14 00:21:13,2,2,1,221,At Risk / Lost,574.1673333333333,5167.505999999999
CUST-004157,39.0,8,8763.273000000001,2024-11-22 03:23:52,2,4,4,244,Loyal Customers,1095.4091250000001,26289.819000000003
CUST-004158,290.0,2,326.924,2024-03-16 01:18:01,2,1,1,211,At Risk / Lost,163.462,980.7719999999999
CUST-004159,192.0,3,1796.7450000000001,2024-06-22 02:59:30,2,2,1,221,At Risk / Lost,598.9150000000001,5390.235000000001
CUST-004161,20.0,4,6417.355500000001,2024-12-11 00:32:53,2,3,4,234,Loyal Customers,1604.3388750000001,19252.0665
CUST-004162,11.0,4,2526.017,2024-12-19 23:50:38,2,3,2,232,Others,631.50425,7578.0509999999995
CUST-004163,152.0,3,3877.3635,2024-08-01 19:14:20,2,2,3,223,At Risk / Lost,1292.4545,11632.090500000002
CUST-004164,110.0,6,5711.415,2024-09-12 11:38:50,2,4,4,244,Loyal Customers,951.9025,17134.245
CUST-004165,362.0,7,5523.387,2024-01-04 10:11:42,2,4,4,244,Loyal Customers,789.0552857142857,16570.161
CUST-004166,23.0,4,5063.095499999999,2024-12-08 13:02:58,2,3,3,233,Loyal Customers,1265.7738749999999,15189.286499999998
CUST-004167,174.0,6,6767.6605,2024-07-10 02:55:40,2,4,4,244,Loyal Customers,1127.9434166666667,20302.9815
CUST-004168,130.0,3,1848.0684999999999,2024-08-23 00:11:43,2,2,1,221,At Risk / Lost,616.0228333333333,5544.2055
CUST-004169,513.0,6,8900.717999999999,2023-08-06 20:12:02,2,4,4,244,Loyal Customers,1483.4529999999997,26702.153999999995
CUST-004170,49.0,4,3679.6639999999998,2024-11-12 03:21:39,2,3,3,233,Loyal Customers,919.9159999999999,11038.991999999998
CUST-004171,450.0,3,3031.731,2023-10-08 19:58:24,2,2,2,222,At Risk / Lost,1010.5770000000001,9095.193000000001
CUST-004172,401.0,4,6503.506,2023-11-26 04:30:57,2,3,4,234,Loyal Customers,1625.8765,19510.518
CUST-004173,101.0,1,1704.636,2024-09-21 17:02:43,2,1,1,211,At Risk / Lost,1704.636,5113.907999999999
CUST-004174,130.0,2,1159.0415,2024-08-23 19:25:19,2,1,1,211,At Risk / Lost,579.52075,3477.1245
CUST-004175,70.0,5,2820.0545,2024-10-22 18:42:56,2,4,2,242,Others,564.0109,8460.1635
CUST-004176,101.0,6,3295.148,2024-09-21 10:57:46,2,4,2,242,Others,549.1913333333333,9885.444
CUST-004177,2.0,3,4916.6105,2024-12-29 14:12:41,2,2,3,223,At Risk / Lost,1638.8701666666666,14749.8315
CUST-004178,387.0,7,7753.3,2023-12-10 15:01:27,2,4,4,244,Loyal Customers,1107.6142857142856,23259.899999999998
CUST-004179,36.0,5,3252.0679999999998,2024-11-25 20:18:25,2,4,2,242,Others,650.4136,9756.204
CUST-004180,36.0,12,12193.6345,2024-11-25 08:32:03,2,4,4,244,Loyal Customers,1016.1362083333333,36580.9035
CUST-004181,716.0,3,2538.9345,2023-01-15 17:08:18,2,2,2,222,At Risk / Lost,846.3114999999999,7616.8035
CUST-004182,433.0,2,667.344,2023-10-25 19:28:18,2,1,1,211,At Risk / Lost,333.672,2002.0320000000002
CUST-004183,122.0,3,2901.1195000000002,2024-08-31 14:54:19,2,2,2,222,At Risk / Lost,967.0398333333334,8703.3585
CUST-004184,180.0,7,9209.612000000001,2024-07-04 05:13:10,2,4,4,244,Loyal Customers,1315.6588571428572,27628.836000000003
CUST-004185,406.0,2,1014.3905,2023-11-21 00:22:21,2,1,1,211,At Risk / Lost,507.19525,3043.1715
CUST-004186,92.0,5,6352.8495,2024-09-30 15:27:12,2,4,4,244,Loyal Customers,1270.5699,19058.5485
CUST-004187,316.0,6,3817.9555,2024-02-19 09:43:14,2,4,3,243,Loyal Customers,636.3259166666667,11453.8665
CUST-004188,268.0,7,7447.2765,2024-04-07 10:36:36,2,4,4,244,Loyal Customers,1063.8966428571428,22341.829499999996
CUST-004189,488.0,3,4229.7480000000005,2023-08-31 10:23:46,2,2,3,223,At Risk / Lost,1409.9160000000002,12689.244000000002
CUST-004190,164.0,4,5015.726000000001,2024-07-20 04:14:38,2,3,3,233,Loyal Customers,1253.9315000000001,15047.178000000002
CUST-004191,252.0,4,2794.0905000000002,2024-04-23 17:57:46,2,3,2,232,Others,698.5226250000001,8382.2715
CUST-004192,46.0,2,1871.8870000000002,2024-11-15 10:42:13,2,1,1,211,At Risk / Lost,935.9435000000001,5615.661
CUST-004193,934.0,2,3169.9625,2022-06-11 03:25:06,2,1,2,212,At Risk / Lost,1584.98125,9509.8875
CUST-004194,114.0,5,4880.8225,2024-09-08 22:53:22,2,4,3,243,Loyal Customers,976.1645000000001,14642.4675
CUST-004195,425.0,2,503.6815,2023-11-02 22:42:49,2,1,1,211,At Risk / Lost,251.84075,1511.0445
CUST-004196,224.0,4,5552.0565,2024-05-21 12:52:29,2,3,4,234,Loyal Customers,1388.014125,16656.1695
CUST-004197,150.0,4,6027.053,2024-08-03 11:10:56,2,3,4,234,Loyal Customers,1506.76325,18081.159
CUST-004198,120.0,5,5435.4335,2024-09-02 09:03:49,2,4,4,244,Loyal Customers,1087.0867,16306.300500000001
CUST-004199,362.0,3,3420.611,2024-01-04 22:45:31,2,2,2,222,At Risk / Lost,1140.2036666666665,10261.832999999999
CUST-004200,139.0,4,2363.1195000000002,2024-08-14 04:34:17,2,3,2,232,Others,590.7798750000001,7089.3585
CUST-004201,94.0,3,3961.2975,2024-09-28 19:40:22,2,2,3,223,At Risk / Lost,1320.4325000000001,11883.892500000002
CUST-004202,192.0,3,1411.603,2024-06-22 06:25:47,2,2,1,221,At Risk / Lost,470.53433333333334,4234.809
CUST-004203,281.0,2,3421.5105,2024-03-25 10:10:36,2,1,2,212,At Risk / Lost,1710.75525,10264.5315
CUST-004204,241.0,5,4791.9635,2024-05-04 09:27:36,2,4,3,243,Loyal Customers,958.3927,14375.8905
CUST-004205,28.0,6,3573.1535,2024-12-03 22:10:55,2,4,2,242,Others,595.5255833333333,10719.4605
CUST-004206,410.0,3,2846.5395,2023-11-17 00:03:13,2,2,2,222,At Risk / Lost,948.8465,8539.6185
CUST-004207,151.0,6,3692.4865,2024-08-02 15:16:08,2,4,3,243,Loyal Customers,615.4144166666666,11077.4595
CUST-004208,94.0,2,1272.3325,2024-09-28 09:59:36,2,1,1,211,At Risk / Lost,636.16625,3816.9975
CUST-004210,42.0,7,5808.219,2024-11-19 02:25:00,2,4,4,244,Loyal Customers,829.7455714285715,17424.657
CUST-004211,523.0,3,1772.1264999999999,2023-07-27 04:09:58,2,2,1,221,At Risk / Lost,590.7088333333332,5316.379499999999
CUST-004212,82.0,5,3397.578,2024-10-10 04:33:25,2,4,2,242,Others,679.5156,10192.733999999999
CUST-004213,378.0,3,3570.6585,2023-12-19 00:33:36,2,2,2,222,At Risk / Lost,1190.2195,10711.975499999999
CUST-004214,403.0,3,850.946,2023-11-24 15:59:21,2,2,1,221,At Risk / Lost,283.64866666666666,2552.8379999999997
CUST-004215,169.0,3,3097.3255000000004,2024-07-15 08:25:20,2,2,2,222,At Risk / Lost,1032.4418333333335,9291.976500000002
CUST-004216,86.0,5,4272.2075,2024-10-06 14:02:23,2,4,3,243,Loyal Customers,854.4415000000001,12816.622500000001
CUST-004217,176.0,4,4008.1135,2024-07-07 23:25:24,2,3,3,233,Loyal Customers,1002.028375,12024.3405
CUST-004218,504.0,6,8248.0905,2023-08-15 02:05:56,2,4,4,244,Loyal Customers,1374.68175,24744.271500000003
CUST-004219,428.0,7,5430.6405,2023-10-30 11:37:02,2,4,4,244,Loyal Customers,775.8057857142858,16291.9215
CUST-004220,75.0,1,1184.0895,2024-10-17 10:51:36,2,1,1,211,At Risk / Lost,1184.0895,3552.2685
CUST-004221,166.0,5,5792.9045,2024-07-18 16:56:25,2,4,4,244,Loyal Customers,1158.5809,17378.713499999998
CUST-004222,587.0,2,1873.0549999999998,2023-05-24 23:01:23,2,1,1,211,At Risk / Lost,936.5274999999999,5619.164999999999
CUST-004223,226.0,2,1555.351,2024-05-19 13:50:26,2,1,1,211,At Risk / Lost,777.6755,4666.053
CUST-004224,45.0,2,1412.6255,2024-11-16 16:28:42,2,1,1,211,At Risk / Lost,706.31275,4237.8765
CUST-004225,108.0,3,3230.779,2024-09-14 18:46:12,2,2,2,222,At Risk / Lost,1076.9263333333333,9692.337
CUST-004226,76.0,7,7600.5115000000005,2024-10-16 06:12:54,2,4,4,244,Loyal Customers,1085.7873571428572,22801.5345
CUST-004227,99.0,4,2303.968,2024-09-23 20:00:56,2,3,2,232,Others,575.992,6911.9039999999995
CUST-004228,52.0,4,5520.942,2024-11-09 16:45:11,2,3,4,234,Loyal Customers,1380.2355,16562.826
CUST-004229,96.0,5,3593.1895,2024-09-26 07:46:23,2,4,2,242,Others,718.6379,10779.568499999998
CUST-004230,456.0,3,4371.8675,2023-10-02 04:32:45,2,2,3,223,At Risk / Lost,1457.2891666666667,13115.6025
CUST-004231,98.0,3,3718.3785,2024-09-24 03:14:34,2,2,3,223,At Risk / Lost,1239.4595,11155.1355
CUST-004232,2.0,7,5531.211,2024-12-29 06:52:00,2,4,4,244,Loyal Customers,790.173,16593.633
CUST-004233,69.0,5,3604.6815,2024-10-23 10:28:35,2,4,2,242,Others,720.9363000000001,10814.044500000002
CUST-004234,446.0,1,452.03900000000004,2023-10-12 07:32:42,2,1,1,211,At Risk / Lost,452.03900000000004,1356.1170000000002
CUST-004235,436.0,6,5377.016,2023-10-22 12:57:42,2,4,4,244,Loyal Customers,896.1693333333333,16131.047999999999
CUST-004236,1074.0,1,3205.5375,2022-01-22 05:27:41,2,1,2,212,At Risk / Lost,3205.5375,9616.6125
CUST-004237,551.0,2,1692.801,2023-06-29 18:30:42,2,1,1,211,At Risk / Lost,846.4005,5078.403
CUST-004238,25.0,5,4702.9525,2024-12-06 00:53:47,2,4,3,243,Loyal Customers,940.5905,14108.857500000002
CUST-004239,160.0,3,1687.5114999999998,2024-07-24 07:55:51,2,2,1,221,At Risk / Lost,562.5038333333333,5062.5345
CUST-004240,11.0,7,8730.649,2024-12-20 06:45:13,2,4,4,244,Loyal Customers,1247.2355714285713,26191.947
CUST-004241,86.0,3,2931.295,2024-10-06 04:50:21,2,2,2,222,At Risk / Lost,977.0983333333334,8793.885
CUST-004242,11.0,4,6719.189,2024-12-19 23:29:48,2,3,4,234,Loyal Customers,1679.79725,20157.567000000003
CUST-004243,29.0,3,2196.451,2024-12-02 20:45:50,2,2,1,221,At Risk / Lost,732.1503333333334,6589.353
CUST-004244,307.0,2,4176.43,2024-02-28 05:57:24,2,1,3,213,At Risk / Lost,2088.215,12529.29
CUST-004245,300.0,6,5155.907,2024-03-06 20:47:42,2,4,3,243,Loyal Customers,859.3178333333334,15467.721000000001
CUST-004246,147.0,4,3373.2745,2024-08-06 17:45:58,2,3,2,232,Others,843.318625,10119.8235
CUST-004247,262.0,2,2309.735,2024-04-13 00:11:00,2,1,2,212,At Risk / Lost,1154.8675,6929.205
CUST-004248,238.0,4,3496.909,2024-05-07 00:49:33,2,3,2,232,Others,874.22725,10490.727
CUST-004249,280.0,8,7966.9745,2024-03-26 00:46:49,2,4,4,244,Loyal Customers,995.8718125,23900.9235
CUST-004250,111.0,4,4700.2880000000005,2024-09-11 04:38:51,2,3,3,233,Loyal Customers,1175.0720000000001,14100.864000000001
CUST-004251,47.0,4,4723.8925,2024-11-14 05:51:24,2,3,3,233,Loyal Customers,1180.973125,14171.6775
CUST-004252,233.0,2,1163.762,2024-05-12 14:12:05,2,1,1,211,At Risk / Lost,581.881,3491.286
CUST-004254,631.0,4,3492.2740000000003,2023-04-10 06:23:05,2,3,2,232,Others,873.0685000000001,10476.822
CUST-004255,653.0,1,523.8629999999999,2023-03-19 09:12:27,2,1,1,211,At Risk / Lost,523.8629999999999,1571.589
CUST-004256,187.0,1,1056.445,2024-06-27 07:47:47,2,1,1,211,At Risk / Lost,1056.445,3169.335
CUST-004257,36.0,3,2654.759,2024-11-25 05:52:52,2,2,2,222,At Risk / Lost,884.9196666666667,7964.277
CUST-004258,522.0,3,2822.319,2023-07-28 21:04:38,2,2,2,222,At Risk / Lost,940.773,8466.957
CUST-004259,4.0,7,7544.0985,2024-12-27 00:37:09,2,4,4,244,Loyal Customers,1077.7283571428572,22632.295500000004
CUST-004260,213.0,1,1597.0839999999998,2024-06-01 16:00:10,2,1,1,211,At Risk / Lost,1597.0839999999998,4791.2519999999995
CUST-004261,519.0,1,566.4825000000001,2023-07-30 23:39:38,2,1,1,211,At Risk / Lost,566.4825000000001,1699.4475000000002
CUST-004262,297.0,4,3081.639,2024-03-09 21:25:13,2,3,2,232,Others,770.40975,9244.917000000001
CUST-004263,465.0,3,2665.935,2023-09-23 11:06:35,2,2,2,222,At Risk / Lost,888.645,7997.805
CUST-004264,247.0,4,2309.132,2024-04-28 02:07:45,2,3,2,232,Others,577.283,6927.396000000001
CUST-004265,436.0,3,4291.6105,2023-10-22 05:34:38,2,2,3,223,At Risk / Lost,1430.5368333333333,12874.8315
CUST-004266,31.0,8,6657.299,2024-11-30 14:51:51,2,4,4,244,Loyal Customers,832.162375,19971.897
CUST-004267,241.0,3,4859.253,2024-05-04 18:41:50,2,2,3,223,At Risk / Lost,1619.751,14577.758999999998
CUST-004268,107.0,5,4252.8325,2024-09-15 17:27:03,2,4,3,243,Loyal Customers,850.5665000000001,12758.497500000001
CUST-004269,72.0,3,1768.619,2024-10-20 21:07:48,2,2,1,221,At Risk / Lost,589.5396666666667,5305.857
CUST-004270,93.0,4,3783.2245000000003,2024-09-29 21:57:46,2,3,3,233,Loyal Customers,945.8061250000001,11349.6735
CUST-004271,267.0,5,3725.362,2024-04-08 00:23:14,2,4,3,243,Loyal Customers,745.0724,11176.086
CUST-004272,91.0,5,4359.2145,2024-10-01 07:33:56,2,4,3,243,Loyal Customers,871.8429,13077.6435
CUST-004273,31.0,6,4193.099,2024-11-30 19:47:38,2,4,3,243,Loyal Customers,698.8498333333333,12579.297
CUST-004274,260.0,4,2970.9795000000004,2024-04-15 18:29:43,2,3,2,232,Others,742.7448750000001,8912.9385
CUST-004275,1.0,1,129.585,2024-12-30 21:25:00,2,1,1,211,At Risk / Lost,129.585,388.755
CUST-004276,375.0,3,3068.2155000000002,2023-12-22 08:02:14,2,2,2,222,At Risk / Lost,1022.7385,9204.6465
CUST-004277,440.0,3,1658.512,2023-10-18 20:23:41,2,2,1,221,At Risk / Lost,552.8373333333333,4975.535999999999
CUST-004278,575.0,5,4476.0885,2023-06-05 10:45:39,2,4,3,243,Loyal Customers,895.2176999999999,13428.2655
CUST-004279,245.0,2,800.7814999999999,2024-04-30 05:39:03,2,1,1,211,At Risk / Lost,400.39074999999997,2402.3444999999997
CUST-004280,29.0,7,5920.1585000000005,2024-12-02 10:29:01,2,4,4,244,Loyal Customers,845.7369285714286,17760.4755
CUST-004281,375.0,1,2291.5665,2023-12-22 17:01:24,2,1,2,212,At Risk / Lost,2291.5665,6874.6995
CUST-004282,99.0,2,1643.8725,2024-09-23 15:19:50,2,1,1,211,At Risk / Lost,821.93625,4931.6175
CUST-004283,138.0,5,5472.464,2024-08-15 00:16:40,2,4,4,244,Loyal Customers,1094.4928,16417.392
CUST-004284,790.0,2,1732.7565,2022-11-02 13:12:09,2,1,1,211,At Risk / Lost,866.37825,5198.2695
CUST-004285,22.0,2,2019.689,2024-12-09 13:11:13,2,1,1,211,At Risk / Lost,1009.8445,6059.067
CUST-004286,403.0,2,733.6075,2023-11-24 09:09:53,2,1,1,211,At Risk / Lost,366.80375,2200.8224999999998
CUST-004287,2.0,5,3305.7445,2024-12-29 01:47:49,2,4,2,242,Others,661.1488999999999,9917.233499999998
CUST-004288,180.0,6,4718.8075,2024-07-04 12:23:28,2,4,3,243,Loyal Customers,786.4679166666666,14156.4225
CUST-004289,607.0,3,1432.2725,2023-05-04 07:41:40,2,2,1,221,At Risk / Lost,477.4241666666667,4296.8175
CUST-004290,84.0,3,3066.798,2024-10-08 15:27:25,2,2,2,222,At Risk / Lost,1022.266,9200.394
CUST-004291,763.0,2,344.3585,2022-11-29 00:00:46,2,1,1,211,At Risk / Lost,172.17925,1033.0755
CUST-004293,33.0,5,2992.9285,2024-11-28 02:34:05,2,4,2,242,Others,598.5857,8978.7855
CUST-004294,170.0,4,3351.355,2024-07-14 21:14:59,2,3,2,232,Others,837.83875,10054.065
CUST-004295,27.0,7,11395.2395,2024-12-04 05:16:46,2,4,4,244,Loyal Customers,1627.891357142857,34185.7185
CUST-004296,158.0,5,3321.5570000000002,2024-07-26 07:10:12,2,4,2,242,Others,664.3114,9964.671
CUST-004297,1078.0,1,1178.574,2022-01-18 07:57:31,2,1,1,211,At Risk / Lost,1178.574,3535.722
CUST-004298,43.0,4,4199.322,2024-11-18 15:01:59,2,3,3,233,Loyal Customers,1049.8305,12597.966
CUST-004299,28.0,4,5927.2995,2024-12-03 15:35:23,2,3,4,234,Loyal Customers,1481.824875,17781.8985
CUST-004300,262.0,3,1543.4575,2024-04-13 10:44:38,2,2,1,221,At Risk / Lost,514.4858333333333,4630.3724999999995
CUST-004301,461.0,2,3098.0015000000003,2023-09-27 02:49:38,2,1,2,212,At Risk / Lost,1549.0007500000002,9294.004500000001
CUST-004302,81.0,4,5519.8035,2024-10-11 01:10:55,2,3,4,234,Loyal Customers,1379.950875,16559.410499999998
CUST-004303,27.0,3,4114.9935000000005,2024-12-04 10:18:38,2,2,3,223,At Risk / Lost,1371.6645,12344.980500000001
CUST-004304,145.0,2,1144.18,2024-08-08 15:31:32,2,1,1,211,At Risk / Lost,572.09,3432.54
CUST-004305,120.0,6,5380.8965,2024-09-02 00:20:13,2,4,4,244,Loyal Customers,896.8160833333333,16142.6895
CUST-004307,55.0,5,5225.757500000001,2024-11-06 14:56:58,2,4,3,243,Loyal Customers,1045.1515000000002,15677.272500000003
CUST-004308,340.0,3,2864.1885,2024-01-26 04:33:08,2,2,2,222,At Risk / Lost,954.7295,8592.5655
CUST-004309,728.0,1,208.704,2023-01-03 19:30:14,2,1,1,211,At Risk / Lost,208.704,626.1120000000001
CUST-004310,546.0,6,3786.1279999999997,2023-07-04 06:31:55,2,4,3,243,Loyal Customers,631.0213333333332,11358.383999999998
CUST-004311,376.0,7,9745.672,2023-12-21 11:45:28,2,4,4,244,Loyal Customers,1392.2388571428571,29237.016000000003
CUST-004312,122.0,2,2496.9885,2024-08-31 06:55:52,2,1,2,212,At Risk / Lost,1248.49425,7490.9655
CUST-004313,42.0,2,793.068,2024-11-19 00:00:25,2,1,1,211,At Risk / Lost,396.534,2379.2039999999997
CUST-004314,48.0,5,8683.8615,2024-11-13 08:57:45,2,4,4,244,Loyal Customers,1736.7723,26051.584500000004
CUST-004315,379.0,5,4803.875,2023-12-18 08:22:01,2,4,3,243,Loyal Customers,960.775,14411.625
CUST-004316,9.0,4,2284.5775,2024-12-22 14:40:02,2,3,2,232,Others,571.144375,6853.7325
CUST-004317,219.0,4,2841.81,2024-05-26 19:39:07,2,3,2,232,Others,710.4525,8525.43
CUST-004318,326.0,4,7199.67,2024-02-09 08:50:22,2,3,4,234,Loyal Customers,1799.9175,21599.010000000002
CUST-004319,350.0,2,629.4755,2024-01-16 03:44:51,2,1,1,211,At Risk / Lost,314.73775,1888.4265
CUST-004320,355.0,4,5175.6975,2024-01-11 05:39:50,2,3,3,233,Loyal Customers,1293.924375,15527.0925
CUST-004321,79.0,6,3445.9455,2024-10-13 19:22:18,2,4,2,242,Others,574.32425,10337.8365
CUST-004322,93.0,3,3596.658,2024-09-29 14:44:11,2,2,2,222,At Risk / Lost,1198.886,10789.974
CUST-004323,40.0,4,3774.6,2024-11-21 08:32:30,2,3,3,233,Loyal Customers,943.65,11323.8
CUST-004324,107.0,5,3594.4485,2024-09-15 10:28:40,2,4,2,242,Others,718.8897,10783.3455
CUST-004326,532.0,4,1894.915,2023-07-18 12:29:47,2,3,1,231,Others,473.72875,5684.745
CUST-004327,193.0,3,1543.9364999999998,2024-06-21 02:22:22,2,2,1,221,At Risk / Lost,514.6455,4631.809499999999
CUST-004328,314.0,5,7241.139,2024-02-21 11:08:20,2,4,4,244,Loyal Customers,1448.2278000000001,21723.417
CUST-004329,657.0,1,1903.2649999999999,2023-03-15 11:59:51,2,1,1,211,At Risk / Lost,1903.2649999999999,5709.795
CUST-004330,209.0,7,7904.394,2024-06-05 10:35:11,2,4,4,244,Loyal Customers,1129.199142857143,23713.182000000004
CUST-004331,196.0,5,4140.2555,2024-06-18 02:08:31,2,4,3,243,Loyal Customers,828.0511,12420.766500000002
CUST-004332,76.0,7,5989.755,2024-10-16 00:05:56,2,4,4,244,Loyal Customers,855.6792857142857,17969.265
CUST-004333,453.0,8,3630.893,2023-10-05 14:04:01,2,4,2,242,Others,453.861625,10892.679
CUST-004334,254.0,6,4439.0869999999995,2024-04-21 22:55:49,2,4,3,243,Loyal Customers,739.8478333333333,13317.260999999999
CUST-004335,165.0,1,168.56,2024-07-19 01:33:14,2,1,1,211,At Risk / Lost,168.56,505.68
CUST-004336,361.0,5,4680.5485,2024-01-05 17:14:42,2,4,3,243,Loyal Customers,936.1097,14041.645499999999
CUST-004337,414.0,5,4572.381,2023-11-13 18:11:10,2,4,3,243,Loyal Customers,914.4762000000001,13717.143
CUST-004338,515.0,3,2489.075,2023-08-04 15:59:32,2,2,2,222,At Risk / Lost,829.6916666666666,7467.224999999999
CUST-004339,219.0,3,2360.153,2024-05-26 11:05:42,2,2,2,222,At Risk / Lost,786.7176666666666,7080.458999999999
CUST-004340,207.0,2,1320.703,2024-06-07 14:55:53,2,1,1,211,At Risk / Lost,660.3515,3962.109
CUST-004341,128.0,7,5984.0895,2024-08-25 01:48:14,2,4,4,244,Loyal Customers,854.8699285714285,17952.2685
CUST-004342,396.0,6,4108.048,2023-12-01 20:25:09,2,4,3,243,Loyal Customers,684.6746666666667,12324.144
CUST-004343,108.0,8,8741.6705,2024-09-14 11:59:30,2,4,4,244,Loyal Customers,1092.7088125,26225.0115
CUST-004344,113.0,3,2287.1885,2024-09-09 17:32:33,2,2,2,222,At Risk / Lost,762.3961666666668,6861.565500000001
CUST-004345,363.0,2,1813.3315,2024-01-03 20:00:03,2,1,1,211,At Risk / Lost,906.66575,5439.9945
CUST-004346,149.0,5,4287.8735,2024-08-04 13:52:44,2,4,3,243,Loyal Customers,857.5746999999999,12863.620499999999
CUST-004347,90.0,2,2779.561,2024-10-02 13:32:35,2,1,2,212,At Risk / Lost,1389.7805,8338.683
CUST-004348,20.0,5,4183.9675,2024-12-11 09:15:14,2,4,3,243,Loyal Customers,836.7935,12551.9025
CUST-004349,928.0,1,1280.374,2022-06-17 20:09:01,2,1,1,211,At Risk / Lost,1280.374,3841.1220000000003
CUST-004350,29.0,6,7210.3935,2024-12-02 08:32:41,2,4,4,244,Loyal Customers,1201.73225,21631.180500000002
CUST-004351,59.0,4,2951.61,2024-11-02 01:44:24,2,3,2,232,Others,737.9025,8854.83
CUST-004352,413.0,5,6329.2955,2023-11-14 21:16:24,2,4,4,244,Loyal Customers,1265.8591000000001,18987.8865
CUST-004353,208.0,6,6975.5715,2024-06-06 18:28:31,2,4,4,244,Loyal Customers,1162.59525,20926.714500000002
CUST-004354,281.0,6,6886.5815,2024-03-25 12:07:26,2,4,4,244,Loyal Customers,1147.7635833333334,20659.7445
CUST-004355,202.0,4,1843.1095,2024-06-12 19:35:41,2,3,1,231,Others,460.777375,5529.3285
CUST-004356,11.0,6,2549.5085,2024-12-20 06:20:25,2,4,2,242,Others,424.9180833333333,7648.5255
CUST-004357,49.0,2,913.392,2024-11-12 04:35:18,2,1,1,211,At Risk / Lost,456.696,2740.1760000000004
CUST-004358,72.0,2,1544.969,2024-10-20 06:27:38,2,1,1,211,At Risk / Lost,772.4845,4634.907
CUST-004359,297.0,5,6527.6675000000005,2024-03-09 14:57:48,2,4,4,244,Loyal Customers,1305.5335,19583.0025
CUST-004360,68.0,4,3829.8655,2024-10-24 13:24:57,2,3,3,233,Loyal Customers,957.466375,11489.5965
CUST-004361,310.0,4,2663.732,2024-02-24 23:41:18,2,3,2,232,Others,665.933,7991.196
CUST-004362,64.0,6,2436.0145,2024-10-28 13:52:25,2,4,2,242,Others,406.0024166666667,7308.043500000001
CUST-004363,427.0,3,4714.853499999999,2023-10-31 15:40:09,2,2,3,223,At Risk / Lost,1571.617833333333,14144.560499999998
CUST-004364,670.0,1,415.671,2023-03-02 15:19:06,2,1,1,211,At Risk / Lost,415.671,1247.013
CUST-004365,48.0,6,5418.7235,2024-11-13 08:17:37,2,4,4,244,Loyal Customers,903.1205833333333,16256.1705
CUST-004366,200.0,5,2955.9265,2024-06-14 07:08:12,2,4,2,242,Others,591.1853,8867.7795
CUST-004367,58.0,5,3960.499,2024-11-03 21:33:26,2,4,3,243,Loyal Customers,792.0998,11881.497
CUST-004368,370.0,2,2811.0235,2023-12-27 16:42:33,2,1,2,212,At Risk / Lost,1405.51175,8433.0705
CUST-004369,748.0,1,1188.0335,2022-12-14 14:23:50,2,1,1,211,At Risk / Lost,1188.0335,3564.1005
CUST-004370,113.0,4,5965.0645,2024-09-09 04:23:02,2,3,4,234,Loyal Customers,1491.266125,17895.1935
CUST-004371,279.0,3,2108.865,2024-03-27 16:32:44,2,2,1,221,At Risk / Lost,702.9549999999999,6326.594999999999
CUST-004372,135.0,4,2226.6915,2024-08-18 15:05:02,2,3,2,232,Others,556.672875,6680.0745
CUST-004373,501.0,1,1184.9745,2023-08-18 03:58:44,2,1,1,211,At Risk / Lost,1184.9745,3554.9235
CUST-004374,34.0,7,6480.64,2024-11-27 04:07:18,2,4,4,244,Loyal Customers,925.8057142857143,19441.920000000002
CUST-004375,201.0,8,5652.9345,2024-06-13 22:46:52,2,4,4,244,Loyal Customers,706.6168125,16958.8035
CUST-004376,208.0,8,10081.368,2024-06-06 18:31:33,2,4,4,244,Loyal Customers,1260.171,30244.104
CUST-004377,503.0,4,6418.5495,2023-08-16 04:39:49,2,3,4,234,Loyal Customers,1604.637375,19255.6485
CUST-004378,983.0,1,1553.931,2022-04-23 17:33:35,2,1,1,211,At Risk / Lost,1553.931,4661.793
CUST-004379,717.0,2,3658.403,2023-01-14 15:14:55,2,1,3,213,At Risk / Lost,1829.2015,10975.208999999999
CUST-004380,39.0,5,5895.5,2024-11-22 13:53:26,2,4,4,244,Loyal Customers,1179.1,17686.5
CUST-004381,271.0,3,3131.1875,2024-04-04 02:57:09,2,2,2,222,At Risk / Lost,1043.7291666666667,9393.5625
CUST-004382,275.0,3,400.3655,2024-03-31 12:36:43,2,2,1,221,At Risk / Lost,133.45516666666666,1201.0965
CUST-004383,81.0,2,2115.3205000000003,2024-10-11 22:13:37,2,1,1,211,At Risk / Lost,1057.6602500000001,6345.961500000001
CUST-004384,92.0,10,9726.9275,2024-09-30 07:16:15,2,4,4,244,Loyal Customers,972.6927499999999,29180.7825
CUST-004385,4.0,5,3417.92,2024-12-27 01:13:26,2,4,2,242,Others,683.5840000000001,10253.76
CUST-004386,73.0,8,10912.3765,2024-10-19 02:53:41,2,4,4,244,Loyal Customers,1364.0470625,32737.129500000003
CUST-004387,84.0,6,4706.6065,2024-10-08 05:13:56,2,4,3,243,Loyal Customers,784.4344166666666,14119.8195
CUST-004388,435.0,6,5809.2655,2023-10-23 18:22:34,2,4,4,244,Loyal Customers,968.2109166666668,17427.7965
CUST-004389,289.0,3,2273.7375,2024-03-16 23:07:29,2,2,2,222,At Risk / Lost,757.9125,6821.212500000001
CUST-004390,642.0,1,1385.38,2023-03-30 17:43:02,2,1,1,211,At Risk / Lost,1385.38,4156.14
CUST-004391,254.0,5,3722.373,2024-04-21 20:44:36,2,4,3,243,Loyal Customers,744.4746,11167.119
CUST-004392,49.0,5,3238.7145,2024-11-12 17:22:25,2,4,2,242,Others,647.7429,9716.1435
CUST-004393,134.0,3,1010.2040000000001,2024-08-19 19:52:00,2,2,1,221,At Risk / Lost,336.73466666666667,3030.612
CUST-004394,391.0,5,4693.8495,2023-12-06 15:09:40,2,4,3,243,Loyal Customers,938.7699,14081.5485
CUST-004395,236.0,3,1980.934,2024-05-09 17:29:53,2,2,1,221,At Risk / Lost,660.3113333333333,5942.802
CUST-004396,47.0,5,5349.052,2024-11-14 20:29:44,2,4,4,244,Loyal Customers,1069.8103999999998,16047.155999999999
CUST-004397,141.0,3,4115.8965,2024-08-12 10:56:08,2,2,3,223,At Risk / Lost,1371.9655,12347.6895
CUST-004398,462.0,6,4024.604,2023-09-26 07:51:55,2,4,3,243,Loyal Customers,670.7673333333333,12073.812000000002
CUST-004399,51.0,4,3656.377,2024-11-10 14:06:03,2,3,3,233,Loyal Customers,914.09425,10969.131
CUST-004400,109.0,4,3118.172,2024-09-13 01:13:18,2,3,2,232,Others,779.543,9354.516
CUST-004401,20.0,7,3568.928,2024-12-11 07:33:13,2,4,2,242,Others,509.8468571428571,10706.784
CUST-004402,106.0,5,4480.6525,2024-09-16 17:37:26,2,4,3,243,Loyal Customers,896.1305,13441.9575
CUST-004403,170.0,4,5215.8805,2024-07-14 18:08:14,2,3,3,233,Loyal Customers,1303.970125,15647.641500000002
CUST-004404,436.0,1,913.2,2023-10-22 07:10:56,2,1,1,211,At Risk / Lost,913.2,2739.6000000000004
CUST-004405,198.0,4,6415.8715,2024-06-16 16:27:28,2,3,4,234,Loyal Customers,1603.967875,19247.6145
CUST-004406,107.0,5,4918.3975,2024-09-15 17:05:50,2,4,3,243,Loyal Customers,983.6795,14755.192500000001
CUST-004407,134.0,5,5206.0185,2024-08-19 13:12:07,2,4,3,243,Loyal Customers,1041.2037,15618.0555
CUST-004408,22.0,5,5683.043000000001,2024-12-09 13:19:59,2,4,4,244,Loyal Customers,1136.6086,17049.129
CUST-004409,134.0,1,520.023,2024-08-19 03:23:01,2,1,1,211,At Risk / Lost,520.023,1560.069
CUST-004410,825.0,2,4496.2025,2022-09-28 12:30:43,2,1,3,213,At Risk / Lost,2248.10125,13488.607500000002
CUST-004411,544.0,4,2993.3575,2023-07-06 04:12:48,2,3,2,232,Others,748.339375,8980.0725
CUST-004412,250.0,5,5501.166,2024-04-25 09:01:09,2,4,4,244,Loyal Customers,1100.2332000000001,16503.498000000003
CUST-004413,3.0,6,5461.746,2024-12-28 14:45:50,2,4,4,244,Loyal Customers,910.291,16385.238
CUST-004414,142.0,2,484.9285,2024-08-11 16:42:14,2,1,1,211,At Risk / Lost,242.46425,1454.7855
CUST-004415,61.0,4,2224.9555,2024-10-31 09:57:04,2,3,1,231,Others,556.238875,6674.8665
CUST-004416,345.0,2,1911.386,2024-01-21 06:02:41,2,1,1,211,At Risk / Lost,955.693,5734.157999999999
CUST-004417,201.0,7,9884.1465,2024-06-13 01:49:21,2,4,4,244,Loyal Customers,1412.0209285714286,29652.4395
CUST-004418,184.0,7,7539.1449999999995,2024-06-30 05:32:52,2,4,4,244,Loyal Customers,1077.0207142857141,22617.434999999998
CUST-004419,545.0,5,4817.2885,2023-07-05 08:50:35,2,4,3,243,Loyal Customers,963.4576999999999,14451.8655
CUST-004420,322.0,4,2200.3070000000002,2024-02-13 08:56:02,2,3,1,231,Others,550.0767500000001,6600.921
CUST-004421,260.0,4,7690.553,2024-04-15 10:41:32,2,3,4,234,Loyal Customers,1922.63825,23071.659
CUST-004422,406.0,5,6585.683,2023-11-21 18:30:16,2,4,4,244,Loyal Customers,1317.1366,19757.049
CUST-004423,1.0,8,6047.945000000001,2024-12-30 04:47:44,2,4,4,244,Loyal Customers,755.9931250000001,18143.835000000003
CUST-004424,103.0,4,2997.3855,2024-09-19 01:44:07,2,3,2,232,Others,749.346375,8992.1565
CUST-004425,18.0,5,5325.224,2024-12-13 14:23:51,2,4,4,244,Loyal Customers,1065.0448000000001,15975.672
CUST-004426,31.0,4,2929.5654999999997,2024-11-30 00:12:46,2,3,2,232,Others,732.3913749999999,8788.696499999998
CUST-004427,145.0,6,2766.9035,2024-08-08 21:04:11,2,4,2,242,Others,461.1505833333333,8300.7105
CUST-004428,3.0,1,2073.5265,2024-12-28 15:03:40,2,1,1,211,At Risk / Lost,2073.5265,6220.5795
CUST-004429,875.0,2,655.2570000000001,2022-08-09 00:31:09,2,1,1,211,At Risk / Lost,327.62850000000003,1965.7710000000002
CUST-004430,549.0,6,4652.2075,2023-07-01 01:09:55,2,4,3,243,Loyal Customers,775.3679166666667,13956.622500000001
CUST-004431,40.0,4,2210.201,2024-11-21 15:35:17,2,3,1,231,Others,552.55025,6630.603
CUST-004432,54.0,7,3978.0405,2024-11-07 18:21:55,2,4,3,243,Loyal Customers,568.2915,11934.121500000001
CUST-004433,74.0,2,2327.632,2024-10-18 13:17:18,2,1,2,212,At Risk / Lost,1163.816,6982.896000000001
CUST-004434,818.0,5,2030.7605,2022-10-04 23:58:19,2,4,1,241,Others,406.1521,6092.2815
CUST-004435,109.0,5,6449.735000000001,2024-09-13 15:58:56,2,4,4,244,Loyal Customers,1289.9470000000001,19349.205
CUST-004436,234.0,6,4911.095,2024-05-11 08:30:29,2,4,3,243,Loyal Customers,818.5158333333334,14733.285
CUST-004437,544.0,4,2997.537,2023-07-06 09:53:30,2,3,2,232,Others,749.38425,8992.610999999999
CUST-004438,177.0,6,5569.7605,2024-07-07 11:52:05,2,4,4,244,Loyal Customers,928.2934166666668,16709.2815
CUST-004439,35.0,2,973.4514999999999,2024-11-26 21:52:54,2,1,1,211,At Risk / Lost,486.72574999999995,2920.3544999999995
CUST-004440,67.0,7,4187.624,2024-10-25 11:50:20,2,4,3,243,Loyal Customers,598.232,12562.872
CUST-004441,424.0,4,2256.9985,2023-11-03 05:24:13,2,3,2,232,Others,564.249625,6770.995500000001
CUST-004442,105.0,6,7874.5205000000005,2024-09-17 02:17:43,2,4,4,244,Loyal Customers,1312.4200833333334,23623.561500000003
CUST-004443,274.0,2,1898.37,2024-04-01 21:20:48,2,1,1,211,At Risk / Lost,949.185,5695.11
CUST-004445,92.0,4,2224.5675,2024-09-30 18:48:53,2,3,1,231,Others,556.141875,6673.7025
CUST-004446,27.0,6,7059.5405,2024-12-04 09:12:13,2,4,4,244,Loyal Customers,1176.5900833333333,21178.621499999997
CUST-004447,767.0,3,2016.819,2022-11-25 02:01:53,2,2,1,221,At Risk / Lost,672.273,6050.457
CUST-004448,279.0,3,4918.7115,2024-03-27 09:55:40,2,2,3,223,At Risk / Lost,1639.5705,14756.1345
CUST-004449,306.0,2,1167.8485,2024-02-29 02:05:37,2,1,1,211,At Risk / Lost,583.92425,3503.5455
CUST-004450,241.0,3,2649.223,2024-05-04 09:08:22,2,2,2,222,At Risk / Lost,883.0743333333334,7947.669
CUST-004451,162.0,5,5537.977,2024-07-22 22:29:42,2,4,4,244,Loyal Customers,1107.5954,16613.931
CUST-004452,40.0,8,6367.75,2024-11-21 16:40:47,2,4,4,244,Loyal Customers,795.96875,19103.25
CUST-004453,27.0,5,7119.647,2024-12-04 13:21:49,2,4,4,244,Loyal Customers,1423.9294,21358.941
CUST-004454,29.0,2,2461.5505,2024-12-02 13:24:33,2,1,2,212,At Risk / Lost,1230.77525,7384.6515
CUST-004455,214.0,4,4293.2175,2024-05-31 18:45:56,2,3,3,233,Loyal Customers,1073.304375,12879.6525
CUST-004456,46.0,4,4650.467,2024-11-15 02:36:59,2,3,3,233,Loyal Customers,1162.61675,13951.400999999998
CUST-004457,51.0,2,1365.3975,2024-11-10 03:32:58,2,1,1,211,At Risk / Lost,682.69875,4096.1925
CUST-004458,76.0,3,3429.072,2024-10-16 05:06:27,2,2,2,222,At Risk / Lost,1143.0240000000001,10287.216
CUST-004459,241.0,1,481.494,2024-05-04 02:29:53,2,1,1,211,At Risk / Lost,481.494,1444.482
CUST-004460,284.0,2,796.3199999999999,2024-03-22 18:50:41,2,1,1,211,At Risk / Lost,398.15999999999997,2388.96
CUST-004461,40.0,5,7056.865,2024-11-21 21:51:50,2,4,4,244,Loyal Customers,1411.373,21170.595
CUST-004462,59.0,4,3514.1075,2024-11-02 07:07:51,2,3,2,232,Others,878.526875,10542.3225
CUST-004463,185.0,5,6727.9115,2024-06-29 20:06:57,2,4,4,244,Loyal Customers,1345.5823,20183.7345
CUST-004464,779.0,1,757.61,2022-11-13 21:03:01,2,1,1,211,At Risk / Lost,757.61,2272.83
CUST-004465,230.0,2,1382.771,2024-05-15 08:51:20,2,1,1,211,At Risk / Lost,691.3855,4148.313
CUST-004466,408.0,2,2068.6885,2023-11-19 05:24:33,2,1,1,211,At Risk / Lost,1034.34425,6206.065500000001
CUST-004467,560.0,5,5745.1585000000005,2023-06-20 19:19:12,2,4,4,244,Loyal Customers,1149.0317,17235.4755
CUST-004468,694.0,2,854.056,2023-02-06 07:30:47,2,1,1,211,At Risk / Lost,427.028,2562.168
CUST-004469,624.0,2,1431.404,2023-04-17 22:55:36,2,1,1,211,At Risk / Lost,715.702,4294.2119999999995
CUST-004470,123.0,2,3532.6855,2024-08-30 05:06:15,2,1,2,212,At Risk / Lost,1766.34275,10598.0565
CUST-004471,936.0,1,52.326,2022-06-09 04:12:41,2,1,1,211,At Risk / Lost,52.326,156.978
CUST-004472,40.0,4,5221.5525,2024-11-21 03:29:46,2,3,3,233,Loyal Customers,1305.388125,15664.6575
CUST-004473,689.0,3,3348.895,2023-02-11 05:07:37,2,2,2,222,At Risk / Lost,1116.2983333333334,10046.685000000001
CUST-004474,663.0,7,4745.59,2023-03-09 04:12:40,2,4,3,243,Loyal Customers,677.9414285714286,14236.77
CUST-004475,338.0,4,2793.5519999999997,2024-01-28 19:16:38,2,3,2,232,Others,698.3879999999999,8380.655999999999
CUST-004476,371.0,3,2252.9425,2023-12-26 19:14:04,2,2,2,222,At Risk / Lost,750.9808333333334,6758.8275
CUST-004477,83.0,3,4291.3025,2024-10-09 17:25:08,2,2,3,223,At Risk / Lost,1430.4341666666667,12873.9075
CUST-004478,460.0,3,4874.8765,2023-09-28 12:26:43,2,2,3,223,At Risk / Lost,1624.9588333333334,14624.629500000001
CUST-004479,184.0,1,839.9820000000001,2024-06-30 03:17:34,2,1,1,211,At Risk / Lost,839.9820000000001,2519.9460000000004
CUST-004480,544.0,1,137.789,2023-07-06 13:19:45,2,1,1,211,At Risk / Lost,137.789,413.36699999999996
CUST-004481,358.0,3,4867.3835,2024-01-08 06:59:59,2,2,3,223,At Risk / Lost,1622.4611666666667,14602.1505
CUST-004482,317.0,2,1536.632,2024-02-18 13:02:47,2,1,1,211,At Risk / Lost,768.316,4609.896000000001
CUST-004483,229.0,4,3171.4535,2024-05-16 09:44:56,2,3,2,232,Others,792.863375,9514.3605
CUST-004484,278.0,2,2424.3375,2024-03-28 07:27:25,2,1,2,212,At Risk / Lost,1212.16875,7273.012500000001
CUST-004485,88.0,1,750.549,2024-10-04 00:05:01,2,1,1,211,At Risk / Lost,750.549,2251.647
CUST-004486,327.0,5,3270.9695,2024-02-08 01:11:33,2,4,2,242,Others,654.1939,9812.908500000001
CUST-004487,157.0,5,3952.4385,2024-07-27 21:26:55,2,4,3,243,Loyal Customers,790.4877,11857.3155
CUST-004488,386.0,2,1595.2255,2023-12-11 20:42:53,2,1,1,211,At Risk / Lost,797.61275,4785.6765
CUST-004490,519.0,3,1689.6779999999999,2023-07-31 15:14:52,2,2,1,221,At Risk / Lost,563.226,5069.034
CUST-004491,208.0,7,6705.6825,2024-06-06 01:39:07,2,4,4,244,Loyal Customers,957.9546428571429,20117.0475
CUST-004492,320.0,3,1546.166,2024-02-15 14:15:14,2,2,1,221,At Risk / Lost,515.3886666666666,4638.498
CUST-004493,137.0,6,3130.2195,2024-08-16 16:36:15,2,4,2,242,Others,521.70325,9390.658500000001
CUST-004494,305.0,6,4168.881,2024-03-01 10:26:55,2,4,3,243,Loyal Customers,694.8135000000001,12506.643
CUST-004495,979.0,1,2055.436,2022-04-27 16:43:08,2,1,1,211,At Risk / Lost,2055.436,6166.308000000001
CUST-004496,2.0,6,7192.162,2024-12-29 21:14:45,2,4,4,244,Loyal Customers,1198.6936666666668,21576.486
CUST-004497,60.0,4,3615.3165,2024-11-01 08:55:57,2,3,2,232,Others,903.829125,10845.949499999999
CUST-004498,1061.0,1,770.78,2022-02-04 10:29:02,2,1,1,211,At Risk / Lost,770.78,2312.34
CUST-004499,47.0,4,4280.7985,2024-11-14 11:05:19,2,3,3,233,Loyal Customers,1070.199625,12842.395499999999
CUST-004500,697.0,2,2284.1400000000003,2023-02-03 01:08:06,2,1,2,212,At Risk / Lost,1142.0700000000002,6852.420000000001
CUST-004501,141.0,5,6048.1125,2024-08-12 00:30:24,2,4,4,244,Loyal Customers,1209.6225,18144.337499999998
CUST-004502,335.0,2,3692.7765,2024-01-31 17:34:42,2,1,3,213,At Risk / Lost,1846.38825,11078.3295
CUST-004503,372.0,7,6871.28,2023-12-25 05:10:08,2,4,4,244,Loyal Customers,981.6114285714285,20613.84
CUST-004504,12.0,4,2765.257,2024-12-19 15:11:03,2,3,2,232,Others,691.31425,8295.771
CUST-004505,251.0,3,3803.764,2024-04-23 23:06:33,2,2,3,223,At Risk / Lost,1267.9213333333335,11411.292000000001
CUST-004506,107.0,4,4082.0029999999997,2024-09-15 02:40:44,2,3,3,233,Loyal Customers,1020.5007499999999,12246.008999999998
CUST-004507,765.0,3,4103.3985,2022-11-27 12:43:47,2,2,3,223,At Risk / Lost,1367.7995,12310.195500000002
CUST-004508,357.0,1,74.992,2024-01-09 18:00:31,2,1,1,211,At Risk / Lost,74.992,224.976
CUST-004509,73.0,8,5543.537,2024-10-19 08:26:41,2,4,4,244,Loyal Customers,692.942125,16630.611
CUST-004510,230.0,2,1197.3890000000001,2024-05-15 01:03:41,2,1,1,211,At Risk / Lost,598.6945000000001,3592.1670000000004
CUST-004511,567.0,3,4330.63,2023-06-13 21:36:48,2,2,3,223,At Risk / Lost,1443.5433333333333,12991.89
CUST-004512,263.0,4,3452.923,2024-04-12 06:56:19,2,3,2,232,Others,863.23075,10358.769
CUST-004513,265.0,3,2067.2515000000003,2024-04-10 11:43:44,2,2,1,221,At Risk / Lost,689.0838333333335,6201.754500000001
CUST-004514,155.0,4,4966.321,2024-07-29 18:58:31,2,3,3,233,Loyal Customers,1241.58025,14898.963
CUST-004515,164.0,4,2383.929,2024-07-19 23:22:15,2,3,2,232,Others,595.98225,7151.787
CUST-004516,212.0,3,2927.6725,2024-06-02 11:25:19,2,2,2,222,At Risk / Lost,975.8908333333334,8783.0175
CUST-004517,495.0,6,7426.0205000000005,2023-08-24 06:38:20,2,4,4,244,Loyal Customers,1237.6700833333334,22278.061500000003
CUST-004518,471.0,1,917.248,2023-09-17 08:38:22,2,1,1,211,At Risk / Lost,917.248,2751.744
CUST-004519,38.0,5,5018.2985,2024-11-23 07:06:16,2,4,3,243,Loyal Customers,1003.6596999999999,15054.895499999999
CUST-004520,38.0,7,5664.155,2024-11-23 12:14:32,2,4,4,244,Loyal Customers,809.165,16992.465
CUST-004521,343.0,4,5269.353,2024-01-23 17:58:45,2,3,3,233,Loyal Customers,1317.33825,15808.059000000001
CUST-004522,38.0,5,6043.522,2024-11-23 11:22:06,2,4,4,244,Loyal Customers,1208.7044,18130.566000000003
CUST-004523,44.0,2,1852.2659999999998,2024-11-17 01:41:14,2,1,1,211,At Risk / Lost,926.1329999999999,5556.798
CUST-004524,52.0,7,5727.4775,2024-11-09 17:57:43,2,4,4,244,Loyal Customers,818.2110714285715,17182.4325
CUST-004525,153.0,5,7306.2015,2024-07-31 02:48:10,2,4,4,244,Loyal Customers,1461.2403,21918.604499999998
CUST-004526,330.0,4,5229.6125,2024-02-05 03:41:06,2,3,3,233,Loyal Customers,1307.403125,15688.837500000001
CUST-004527,29.0,7,7562.695000000001,2024-12-02 12:29:02,2,4,4,244,Loyal Customers,1080.385,22688.085
CUST-004528,53.0,5,2308.9365000000003,2024-11-08 04:45:05,2,4,2,242,Others,461.7873000000001,6926.809500000001
CUST-004529,374.0,3,1868.205,2023-12-23 22:51:32,2,2,1,221,At Risk / Lost,622.735,5604.615
CUST-004530,60.0,5,5183.9915,2024-10-31 23:19:43,2,4,3,243,Loyal Customers,1036.7983,15551.9745
CUST-004531,32.0,2,4197.5405,2024-11-29 17:56:37,2,1,3,213,At Risk / Lost,2098.77025,12592.621500000001
CUST-004532,77.0,2,2493.6465,2024-10-15 06:53:33,2,1,2,212,At Risk / Lost,1246.82325,7480.9394999999995
CUST-004533,354.0,1,1200.9679999999998,2024-01-12 10:34:35,2,1,1,211,At Risk / Lost,1200.9679999999998,3602.9039999999995
CUST-004534,218.0,3,2904.43,2024-05-27 06:34:21,2,2,2,222,At Risk / Lost,968.1433333333333,8713.289999999999
CUST-004535,736.0,3,3616.4355,2022-12-26 15:01:29,2,2,2,222,At Risk / Lost,1205.4785,10849.306499999999
CUST-004536,658.0,3,1193.5695,2023-03-14 04:11:28,2,2,1,221,At Risk / Lost,397.85650000000004,3580.7085
CUST-004537,180.0,4,2008.804,2024-07-04 08:33:21,2,3,1,231,Others,502.201,6026.412
CUST-004538,407.0,3,3741.578,2023-11-20 10:54:09,2,2,3,223,At Risk / Lost,1247.1926666666666,11224.733999999999
CUST-004539,75.0,6,8475.5255,2024-10-17 01:19:33,2,4,4,244,Loyal Customers,1412.5875833333332,25426.5765
CUST-004540,240.0,4,3581.067,2024-05-05 00:29:58,2,3,2,232,Others,895.26675,10743.201000000001
CUST-004541,71.0,3,897.856,2024-10-21 21:45:46,2,2,1,221,At Risk / Lost,299.2853333333333,2693.568
CUST-004542,828.0,1,654.099,2022-09-25 20:30:21,2,1,1,211,At Risk / Lost,654.099,1962.297
CUST-004543,405.0,7,9571.711,2023-11-22 13:23:27,2,4,4,244,Loyal Customers,1367.3872857142856,28715.132999999998
CUST-004544,83.0,6,5774.7570000000005,2024-10-09 15:12:32,2,4,4,244,Loyal Customers,962.4595,17324.271
CUST-004545,314.0,4,6922.423,2024-02-20 23:46:42,2,3,4,234,Loyal Customers,1730.60575,20767.269
CUST-004546,4.0,3,4924.397,2024-12-27 12:50:54,2,2,3,223,At Risk / Lost,1641.4656666666667,14773.190999999999
CUST-004547,224.0,5,5168.153499999999,2024-05-21 05:10:38,2,4,3,243,Loyal Customers,1033.6307,15504.460499999997
CUST-004548,267.0,4,5063.345,2024-04-08 06:54:06,2,3,3,233,Loyal Customers,1265.83625,15190.035
CUST-004549,131.0,8,7697.238,2024-08-22 19:33:45,2,4,4,244,Loyal Customers,962.15475,23091.714
CUST-004550,151.0,6,6289.2465,2024-08-02 19:27:46,2,4,4,244,Loyal Customers,1048.20775,18867.7395
CUST-004551,49.0,5,4970.794,2024-11-12 07:13:43,2,4,3,243,Loyal Customers,994.1587999999999,14912.382
CUST-004552,154.0,5,6037.198,2024-07-30 05:06:53,2,4,4,244,Loyal Customers,1207.4396000000002,18111.594
CUST-004553,549.0,4,3809.7775,2023-07-01 13:16:46,2,3,3,233,Loyal Customers,952.444375,11429.3325
CUST-004554,183.0,4,7270.9365,2024-07-01 12:46:52,2,3,4,234,Loyal Customers,1817.734125,21812.8095
CUST-004555,48.0,2,924.638,2024-11-13 18:07:40,2,1,1,211,At Risk / Lost,462.319,2773.914
CUST-004556,73.0,1,1929.0225,2024-10-19 12:34:56,2,1,1,211,At Risk / Lost,1929.0225,5787.0675
CUST-004557,379.0,2,1832.9060000000002,2023-12-18 07:50:09,2,1,1,211,At Risk / Lost,916.4530000000001,5498.718000000001
CUST-004558,167.0,5,2377.9860000000003,2024-07-17 20:48:47,2,4,2,242,Others,475.59720000000004,7133.9580000000005
CUST-004559,59.0,8,6394.908,2024-11-02 13:12:02,2,4,4,244,Loyal Customers,799.3635,19184.724000000002
CUST-004560,250.0,6,7662.0145,2024-04-25 14:54:07,2,4,4,244,Loyal Customers,1277.0024166666667,22986.0435
CUST-004561,95.0,5,6046.3215,2024-09-27 12:02:51,2,4,4,244,Loyal Customers,1209.2643,18138.964500000002
CUST-004562,125.0,2,1560.316,2024-08-28 17:23:17,2,1,1,211,At Risk / Lost,780.158,4680.948
CUST-004563,38.0,5,5097.460999999999,2024-11-23 17:00:48,2,4,3,243,Loyal Customers,1019.4921999999999,15292.382999999998
CUST-004564,475.0,2,1372.132,2023-09-13 10:08:23,2,1,1,211,At Risk / Lost,686.066,4116.396000000001
CUST-004565,251.0,3,1895.482,2024-04-24 20:06:38,2,2,1,221,At Risk / Lost,631.8273333333333,5686.446
CUST-004566,292.0,3,3910.4265,2024-03-14 09:05:05,2,2,3,223,At Risk / Lost,1303.4755,11731.2795
CUST-004567,64.0,7,8569.205,2024-10-28 01:06:32,2,4,4,244,Loyal Customers,1224.172142857143,25707.614999999998
CUST-004568,16.0,3,2013.8535,2024-12-15 05:04:18,2,2,1,221,At Risk / Lost,671.2845,6041.5605
CUST-004569,156.0,6,3774.503,2024-07-28 21:47:12,2,4,3,243,Loyal Customers,629.0838333333334,11323.509
CUST-004570,21.0,4,4267.7945,2024-12-10 11:20:25,2,3,3,233,Loyal Customers,1066.948625,12803.3835
CUST-004571,614.0,2,329.137,2023-04-27 15:39:35,2,1,1,211,At Risk / Lost,164.5685,987.4110000000001
CUST-004572,375.0,4,2937.3705,2023-12-22 11:02:57,2,3,2,232,Others,734.342625,8812.111499999999
CUST-004573,19.0,7,8433.334499999999,2024-12-12 02:35:40,2,4,4,244,Loyal Customers,1204.7620714285713,25300.0035
CUST-004574,118.0,2,1879.813,2024-09-04 08:56:38,2,1,1,211,At Risk / Lost,939.9065,5639.439
CUST-004575,518.0,2,2338.2845,2023-08-01 07:17:18,2,1,2,212,At Risk / Lost,1169.14225,7014.853500000001
CUST-004576,35.0,4,3764.2645,2024-11-26 15:34:02,2,3,3,233,Loyal Customers,941.066125,11292.7935
CUST-004577,63.0,8,6100.2480000000005,2024-10-29 13:51:18,2,4,4,244,Loyal Customers,762.5310000000001,18300.744000000002
CUST-004578,222.0,4,8088.179499999999,2024-05-23 02:08:45,2,3,4,234,Loyal Customers,2022.0448749999998,24264.5385
CUST-004579,51.0,2,1349.562,2024-11-10 08:25:36,2,1,1,211,At Risk / Lost,674.781,4048.6859999999997
CUST-004580,38.0,4,4881.5665,2024-11-23 03:25:29,2,3,3,233,Loyal Customers,1220.391625,14644.699499999999
CUST-004581,327.0,4,4845.447,2024-02-08 09:39:37,2,3,3,233,Loyal Customers,1211.36175,14536.341
CUST-004582,189.0,2,3446.2999999999997,2024-06-25 10:44:50,2,1,2,212,At Risk / Lost,1723.1499999999999,10338.9
CUST-004583,388.0,2,1278.3555000000001,2023-12-09 04:02:21,2,1,1,211,At Risk / Lost,639.1777500000001,3835.0665000000004
CUST-004584,870.0,1,521.0975000000001,2022-08-14 01:45:32,2,1,1,211,At Risk / Lost,521.0975000000001,1563.2925000000002
CUST-004585,279.0,3,4138.842500000001,2024-03-27 05:37:45,2,2,3,223,At Risk / Lost,1379.614166666667,12416.527500000002
CUST-004586,167.0,2,2829.6025,2024-07-17 02:46:36,2,1,2,212,At Risk / Lost,1414.80125,8488.807499999999
CUST-004587,74.0,4,1827.749,2024-10-18 12:53:56,2,3,1,231,Others,456.93725,5483.247
CUST-004588,339.0,4,2278.9545,2024-01-27 00:51:29,2,3,2,232,Others,569.738625,6836.8634999999995
CUST-004589,386.0,6,5033.077,2023-12-11 12:22:06,2,4,3,243,Loyal Customers,838.8461666666667,15099.231
CUST-004590,40.0,5,4506.889,2024-11-21 20:03:56,2,4,3,243,Loyal Customers,901.3778,13520.667000000001
CUST-004591,9.0,4,2688.545,2024-12-22 01:15:57,2,3,2,232,Others,672.13625,8065.635
CUST-004592,116.0,5,7795.764,2024-09-06 19:32:50,2,4,4,244,Loyal Customers,1559.1528,23387.292
CUST-004593,53.0,5,6884.781,2024-11-08 09:28:05,2,4,4,244,Loyal Customers,1376.9562,20654.343
CUST-004594,211.0,5,2384.59,2024-06-03 20:00:49,2,4,2,242,Others,476.918,7153.77
CUST-004595,17.0,2,1712.3220000000003,2024-12-14 14:59:32,2,1,1,211,At Risk / Lost,856.1610000000002,5136.966000000001
CUST-004596,283.0,5,3882.139,2024-03-23 05:54:42,2,4,3,243,Loyal Customers,776.4278,11646.417000000001
CUST-004597,259.0,2,1035.741,2024-04-16 13:59:57,2,1,1,211,At Risk / Lost,517.8705,3107.223
CUST-004598,68.0,3,3704.712,2024-10-24 03:32:47,2,2,3,223,At Risk / Lost,1234.904,11114.136
CUST-004599,277.0,4,4327.4565,2024-03-29 12:01:31,2,3,3,233,Loyal Customers,1081.864125,12982.3695
CUST-004600,14.0,2,368.254,2024-12-17 09:16:38,2,1,1,211,At Risk / Lost,184.127,1104.7620000000002
CUST-004601,113.0,3,3712.4095,2024-09-09 05:42:14,2,2,3,223,At Risk / Lost,1237.4698333333333,11137.2285
CUST-004603,177.0,4,3090.0485,2024-07-07 13:34:57,2,3,2,232,Others,772.512125,9270.145499999999
CUST-004604,381.0,3,2938.4455000000003,2023-12-16 10:56:05,2,2,2,222,At Risk / Lost,979.4818333333334,8815.336500000001
CUST-004605,333.0,6,7153.6845,2024-02-02 01:19:59,2,4,4,244,Loyal Customers,1192.2807500000001,21461.0535
CUST-004606,150.0,6,7400.358,2024-08-03 16:41:41,2,4,4,244,Loyal Customers,1233.393,22201.074
CUST-004607,602.0,6,3900.6325,2023-05-09 06:23:33,2,4,3,243,Loyal Customers,650.1054166666667,11701.8975
CUST-004608,259.0,5,4726.5470000000005,2024-04-16 10:25:53,2,4,3,243,Loyal Customers,945.3094000000001,14179.641000000001
CUST-004609,250.0,6,6463.4945,2024-04-25 08:02:55,2,4,4,244,Loyal Customers,1077.2490833333334,19390.483500000002
CUST-004610,265.0,4,2426.058,2024-04-10 21:30:09,2,3,2,232,Others,606.5145,7278.174
CUST-004611,61.0,8,8161.597,2024-10-31 17:21:43,2,4,4,244,Loyal Customers,1020.199625,24484.790999999997
CUST-004612,331.0,4,3230.592,2024-02-04 12:34:48,2,3,2,232,Others,807.648,9691.776
CUST-004613,258.0,5,3624.8424999999997,2024-04-17 21:42:50,2,4,2,242,Others,724.9685,10874.5275
CUST-004614,272.0,3,2547.5715,2024-04-03 16:18:31,2,2,2,222,At Risk / Lost,849.1905,7642.7145
CUST-004615,137.0,6,5606.7385,2024-08-16 06:54:41,2,4,4,244,Loyal Customers,934.4564166666668,16820.215500000002
CUST-004616,169.0,3,3062.4935,2024-07-15 02:16:29,2,2,2,222,At Risk / Lost,1020.8311666666667,9187.4805
CUST-004617,247.0,3,1507.25,2024-04-28 07:25:09,2,2,1,221,At Risk / Lost,502.4166666666667,4521.75
CUST-004618,123.0,4,2805.6315,2024-08-30 19:57:14,2,3,2,232,Others,701.407875,8416.8945
CUST-004619,292.0,1,1362.6955,2024-03-14 06:16:49,2,1,1,211,At Risk / Lost,1362.6955,4088.0865000000003
CUST-004620,1046.0,1,181.37800000000001,2022-02-19 13:35:41,2,1,1,211,At Risk / Lost,181.37800000000001,544.134
CUST-004621,435.0,3,3705.2585,2023-10-23 22:27:25,2,2,3,223,At Risk / Lost,1235.0861666666667,11115.7755
CUST-004622,27.0,6,6826.9839999999995,2024-12-04 06:45:39,2,4,4,244,Loyal Customers,1137.8306666666665,20480.951999999997
CUST-004623,332.0,3,2562.323,2024-02-03 16:20:49,2,2,2,222,At Risk / Lost,854.1076666666667,7686.968999999999
CUST-004624,183.0,4,5986.2915,2024-07-01 17:47:58,2,3,4,234,Loyal Customers,1496.572875,17958.8745
CUST-004625,826.0,2,4899.6630000000005,2022-09-27 10:25:59,2,1,3,213,At Risk / Lost,2449.8315000000002,14698.989000000001
CUST-004626,4.0,7,5385.6775,2024-12-27 03:41:30,2,4,4,244,Loyal Customers,769.3824999999999,16157.0325
CUST-004627,73.0,10,9867.7355,2024-10-19 13:27:02,2,4,4,244,Loyal Customers,986.7735500000001,29603.2065
CUST-004628,438.0,6,6583.813,2023-10-20 03:31:14,2,4,4,244,Loyal Customers,1097.3021666666666,19751.439
CUST-004629,15.0,2,3271.597,2024-12-16 22:14:11,2,1,2,212,At Risk / Lost,1635.7985,9814.791000000001
CUST-004630,243.0,7,6457.692,2024-05-02 08:34:11,2,4,4,244,Loyal Customers,922.5274285714286,19373.076
CUST-004631,16.0,5,4479.6035,2024-12-15 19:45:30,2,4,3,243,Loyal Customers,895.9207,13438.8105
CUST-004632,2.0,6,7541.4800000000005,2024-12-29 01:21:54,2,4,4,244,Loyal Customers,1256.9133333333334,22624.440000000002
CUST-004633,146.0,3,3776.4905,2024-08-07 17:56:59,2,2,3,223,At Risk / Lost,1258.8301666666666,11329.4715
CUST-004634,317.0,1,1822.0819999999999,2024-02-18 10:40:09,2,1,1,211,At Risk / Lost,1822.0819999999999,5466.245999999999
CUST-004635,555.0,4,2591.5879999999997,2023-06-25 09:56:21,2,3,2,232,Others,647.8969999999999,7774.763999999999
CUST-004636,16.0,3,3963.844,2024-12-15 09:02:14,2,2,3,223,At Risk / Lost,1321.2813333333334,11891.532
CUST-004637,111.0,6,5451.7995,2024-09-11 08:36:05,2,4,4,244,Loyal Customers,908.63325,16355.3985
CUST-004638,19.0,1,1352.371,2024-12-12 08:26:43,2,1,1,211,At Risk / Lost,1352.371,4057.1130000000003
CUST-004639,215.0,2,1505.5175,2024-05-30 16:00:59,2,1,1,211,At Risk / Lost,752.75875,4516.5525
CUST-004640,,1,1670.061,,2,1,1,211,At Risk / Lost,1670.061,5010.183
CUST-004641,89.0,5,4556.6525,2024-10-03 00:40:30,2,4,3,243,Loyal Customers,911.3305,13669.9575
CUST-004642,54.0,2,1107.5169999999998,2024-11-07 02:41:43,2,1,1,211,At Risk / Lost,553.7584999999999,3322.5509999999995
CUST-004643,375.0,3,3567.5825,2023-12-22 08:05:50,2,2,2,222,At Risk / Lost,1189.1941666666667,10702.7475
CUST-004644,144.0,3,1884.332,2024-08-09 07:06:59,2,2,1,221,At Risk / Lost,628.1106666666667,5652.996
CUST-004645,108.0,10,6410.5599999999995,2024-09-14 04:33:04,2,4,4,244,Loyal Customers,641.0559999999999,19231.68
CUST-004646,137.0,3,2038.315,2024-08-15 23:50:56,2,2,1,221,At Risk / Lost,679.4383333333334,6114.945
CUST-004647,576.0,6,6759.246,2023-06-04 07:05:58,2,4,4,244,Loyal Customers,1126.541,20277.737999999998
CUST-004648,90.0,4,3999.991,2024-10-02 10:59:14,2,3,3,233,Loyal Customers,999.99775,11999.973
CUST-004649,139.0,3,3991.623,2024-08-14 12:56:00,2,2,3,223,At Risk / Lost,1330.541,11974.868999999999
CUST-004650,417.0,5,5237.315,2023-11-10 04:34:11,2,4,3,243,Loyal Customers,1047.463,15711.945
CUST-004651,27.0,6,7104.9775,2024-12-04 00:29:39,2,4,4,244,Loyal Customers,1184.1629166666667,21314.9325
CUST-004652,88.0,7,8953.962,2024-10-04 08:59:09,2,4,4,244,Loyal Customers,1279.1374285714285,26861.886
CUST-004653,845.0,1,103.649,2022-09-08 14:23:14,2,1,1,211,At Risk / Lost,103.649,310.947
CUST-004654,130.0,3,2436.381,2024-08-23 10:33:31,2,2,2,222,At Risk / Lost,812.127,7309.143
CUST-004655,2.0,5,5160.14,2024-12-29 15:25:24,2,4,3,243,Loyal Customers,1032.028,15480.420000000002
CUST-004656,45.0,4,3912.4889999999996,2024-11-16 18:50:20,2,3,3,233,Loyal Customers,978.1222499999999,11737.466999999999
CUST-004657,520.0,1,1153.522,2023-07-30 06:43:35,2,1,1,211,At Risk / Lost,1153.522,3460.566
CUST-004658,218.0,6,5294.1095,2024-05-27 19:42:16,2,4,4,244,Loyal Customers,882.3515833333332,15882.3285
CUST-004659,112.0,3,1939.1255,2024-09-10 16:39:21,2,2,1,221,At Risk / Lost,646.3751666666667,5817.3765
CUST-004660,549.0,3,1515.082,2023-07-01 08:27:10,2,2,1,221,At Risk / Lost,505.0273333333334,4545.246
CUST-004661,156.0,4,2428.9235,2024-07-28 17:34:24,2,3,2,232,Others,607.230875,7286.7705
CUST-004662,649.0,1,209.447,2023-03-23 21:37:35,2,1,1,211,At Risk / Lost,209.447,628.341
CUST-004663,99.0,5,4332.5315,2024-09-23 16:45:13,2,4,3,243,Loyal Customers,866.5063,12997.5945
CUST-004664,133.0,6,7762.899,2024-08-20 12:19:06,2,4,4,244,Loyal Customers,1293.8165000000001,23288.697000000004
CUST-004665,45.0,7,8096.082,2024-11-16 11:50:50,2,4,4,244,Loyal Customers,1156.583142857143,24288.246000000003
CUST-004666,46.0,5,5382.6695,2024-11-15 21:16:06,2,4,4,244,Loyal Customers,1076.5339,16148.0085
CUST-004667,125.0,3,5037.975,2024-08-28 14:07:49,2,2,3,223,At Risk / Lost,1679.325,15113.925000000001
CUST-004668,240.0,8,8012.165,2024-05-05 02:34:20,2,4,4,244,Loyal Customers,1001.520625,24036.495
CUST-004669,197.0,3,2895.2889999999998,2024-06-16 23:18:56,2,2,2,222,At Risk / Lost,965.0963333333333,8685.866999999998
CUST-004670,558.0,2,581.4915,2023-06-22 01:25:39,2,1,1,211,At Risk / Lost,290.74575,1744.4744999999998
CUST-004671,31.0,5,5320.699,2024-11-30 16:02:36,2,4,4,244,Loyal Customers,1064.1398,15962.096999999998
CUST-004672,579.0,4,3983.7835,2023-06-01 18:55:10,2,3,3,233,Loyal Customers,995.945875,11951.3505
CUST-004673,209.0,5,3838.569,2024-06-05 05:25:57,2,4,3,243,Loyal Customers,767.7138,11515.707
CUST-004674,57.0,6,6178.949,2024-11-04 17:01:32,2,4,4,244,Loyal Customers,1029.8248333333333,18536.847
CUST-004675,179.0,2,3334.951,2024-07-05 16:49:52,2,1,2,212,At Risk / Lost,1667.4755,10004.853
CUST-004676,185.0,4,3615.911,2024-06-29 04:09:23,2,3,2,232,Others,903.97775,10847.733
CUST-004677,531.0,1,1306.1695,2023-07-19 21:34:18,2,1,1,211,At Risk / Lost,1306.1695,3918.5085
CUST-004678,899.0,3,2974.9375,2022-07-16 05:27:10,2,2,2,222,At Risk / Lost,991.6458333333334,8924.8125
CUST-004679,37.0,3,3199.7755,2024-11-24 09:44:27,2,2,2,222,At Risk / Lost,1066.5918333333334,9599.326500000001
CUST-004680,211.0,4,2721.5115,2024-06-03 22:49:11,2,3,2,232,Others,680.377875,8164.5345
CUST-004681,358.0,1,1336.117,2024-01-08 05:56:09,2,1,1,211,At Risk / Lost,1336.117,4008.3509999999997
CUST-004682,300.0,4,6567.318499999999,2024-03-06 05:22:20,2,3,4,234,Loyal Customers,1641.8296249999999,19701.955499999996
CUST-004683,617.0,4,6575.055,2023-04-24 07:10:34,2,3,4,234,Loyal Customers,1643.76375,19725.165
CUST-004684,274.0,3,4865.5244999999995,2024-04-01 03:58:14,2,2,3,223,At Risk / Lost,1621.8414999999998,14596.573499999999
CUST-004685,12.0,6,3336.0705000000003,2024-12-19 16:54:28,2,4,2,242,Others,556.01175,10008.2115
CUST-004686,782.0,1,1866.5939999999998,2022-11-10 01:13:22,2,1,1,211,At Risk / Lost,1866.5939999999998,5599.781999999999
CUST-004687,384.0,2,1938.2145,2023-12-13 03:47:29,2,1,1,211,At Risk / Lost,969.10725,5814.6435
CUST-004688,307.0,3,1317.1765,2024-02-28 05:19:10,2,2,1,221,At Risk / Lost,439.0588333333333,3951.5295
CUST-004689,419.0,6,5448.530500000001,2023-11-08 13:18:38,2,4,4,244,Loyal Customers,908.0884166666668,16345.591500000002
CUST-004690,212.0,5,3737.077,2024-06-02 11:33:03,2,4,3,243,Loyal Customers,747.4154000000001,11211.231
CUST-004691,118.0,4,3012.8315000000002,2024-09-04 05:52:32,2,3,2,232,Others,753.2078750000001,9038.4945
CUST-004692,67.0,4,5378.577,2024-10-25 03:22:54,2,3,4,234,Loyal Customers,1344.64425,16135.731
CUST-004693,162.0,5,3439.5425,2024-07-22 21:16:06,2,4,2,242,Others,687.9085,10318.6275
CUST-004694,139.0,6,2356.8125,2024-08-14 14:15:02,2,4,2,242,Others,392.8020833333333,7070.4375
CUST-004695,201.0,3,2098.639,2024-06-13 00:17:11,2,2,1,221,At Risk / Lost,699.5463333333333,6295.917
CUST-004696,614.0,1,567.2925000000001,2023-04-27 03:20:55,2,1,1,211,At Risk / Lost,567.2925000000001,1701.8775000000005
CUST-004697,116.0,5,4934.0165,2024-09-06 02:18:12,2,4,3,243,Loyal Customers,986.8032999999999,14802.0495
CUST-004698,142.0,6,5801.9075,2024-08-11 12:20:17,2,4,4,244,Loyal Customers,966.9845833333334,17405.7225
CUST-004699,235.0,1,219.77999999999997,2024-05-10 10:44:34,2,1,1,211,At Risk / Lost,219.77999999999997,659.3399999999999
CUST-004700,71.0,2,2831.4785,2024-10-21 17:18:05,2,1,2,212,At Risk / Lost,1415.73925,8494.4355
CUST-004702,15.0,8,7578.504,2024-12-16 15:13:07,2,4,4,244,Loyal Customers,947.313,22735.512
CUST-004703,72.0,6,3796.585,2024-10-20 18:14:36,2,4,3,243,Loyal Customers,632.7641666666667,11389.755000000001
CUST-004704,12.0,3,1826.9634999999998,2024-12-19 16:56:32,2,2,1,221,At Risk / Lost,608.9878333333332,5480.8904999999995
CUST-004705,146.0,8,6521.8445,2024-08-07 13:21:16,2,4,4,244,Loyal Customers,815.2305625,19565.5335
CUST-004706,553.0,1,534.396,2023-06-27 14:41:19,2,1,1,211,At Risk / Lost,534.396,1603.1879999999999
CUST-004707,79.0,4,2930.1225,2024-10-13 12:38:04,2,3,2,232,Others,732.530625,8790.3675
CUST-004708,202.0,4,5861.062,2024-06-12 18:05:23,2,3,4,234,Loyal Customers,1465.2655,17583.186
CUST-004709,124.0,1,134.13750000000002,2024-08-29 04:33:26,2,1,1,211,At Risk / Lost,134.13750000000002,402.4125
CUST-004710,745.0,1,181.545,2022-12-17 08:34:23,2,1,1,211,At Risk / Lost,181.545,544.635
CUST-004711,331.0,4,2479.9809999999998,2024-02-04 04:21:22,2,3,2,232,Others,619.9952499999999,7439.942999999999
CUST-004712,37.0,5,3367.9755,2024-11-24 22:42:40,2,4,2,242,Others,673.5951,10103.9265
CUST-004713,18.0,5,5215.647,2024-12-13 15:39:42,2,4,3,243,Loyal Customers,1043.1294,15646.940999999999
CUST-004714,641.0,2,1094.435,2023-03-31 22:56:37,2,1,1,211,At Risk / Lost,547.2175,3283.305
CUST-004715,96.0,4,3756.533,2024-09-26 04:17:48,2,3,3,233,Loyal Customers,939.13325,11269.599
CUST-004716,213.0,4,4593.4525,2024-06-01 01:54:04,2,3,3,233,Loyal Customers,1148.363125,13780.357500000002
CUST-004717,412.0,6,4330.3150000000005,2023-11-15 03:00:29,2,4,3,243,Loyal Customers,721.7191666666668,12990.945000000002
CUST-004718,745.0,1,381.653,2022-12-17 22:24:12,2,1,1,211,At Risk / Lost,381.653,1144.959
CUST-004719,583.0,2,1723.5890000000002,2023-05-28 06:30:17,2,1,1,211,At Risk / Lost,861.7945000000001,5170.767000000001
CUST-004720,24.0,4,3498.6525,2024-12-07 00:19:57,2,3,2,232,Others,874.663125,10495.9575
CUST-004721,15.0,4,5416.4225,2024-12-16 19:13:57,2,3,4,234,Loyal Customers,1354.105625,16249.267499999998
CUST-004722,158.0,3,3681.8535,2024-07-26 22:01:45,2,2,3,223,At Risk / Lost,1227.2845,11045.5605
CUST-004723,260.0,3,888.358,2024-04-15 13:00:46,2,2,1,221,At Risk / Lost,296.1193333333333,2665.0739999999996
CUST-004724,237.0,6,4761.404,2024-05-08 20:15:06,2,4,3,243,Loyal Customers,793.5673333333334,14284.212000000001
CUST-004725,32.0,1,452.8865,2024-11-29 12:49:23,2,1,1,211,At Risk / Lost,452.8865,1358.6595
CUST-004726,446.0,1,739.201,2023-10-12 09:19:32,2,1,1,211,At Risk / Lost,739.201,2217.603
CUST-004727,25.0,4,2189.018,2024-12-06 02:27:05,2,3,1,231,Others,547.2545,6567.054
CUST-004728,156.0,2,2367.281,2024-07-28 09:33:06,2,1,2,212,At Risk / Lost,1183.6405,7101.843
CUST-004729,600.0,3,4061.803,2023-05-11 15:55:32,2,2,3,223,At Risk / Lost,1353.9343333333334,12185.409
CUST-004731,935.0,1,1267.0659999999998,2022-06-10 07:44:05,2,1,1,211,At Risk / Lost,1267.0659999999998,3801.1979999999994
CUST-004732,45.0,8,6936.7915,2024-11-16 11:33:12,2,4,4,244,Loyal Customers,867.0989375,20810.3745
CUST-004733,1039.0,1,445.9290000000001,2022-02-26 13:56:23,2,1,1,211,At Risk / Lost,445.9290000000001,1337.7870000000003
CUST-004734,135.0,3,2826.4955,2024-08-18 02:24:04,2,2,2,222,At Risk / Lost,942.1651666666667,8479.486499999999
CUST-004735,257.0,6,4157.9395,2024-04-18 09:36:09,2,4,3,243,Loyal Customers,692.9899166666668,12473.818500000001
CUST-004736,102.0,5,2681.4085,2024-09-20 00:13:29,2,4,2,242,Others,536.2817,8044.2255000000005
CUST-004737,17.0,10,10706.236499999999,2024-12-14 11:44:18,2,4,4,244,Loyal Customers,1070.62365,32118.709499999997
CUST-004738,118.0,4,5528.5075,2024-09-04 22:33:33,2,3,4,234,Loyal Customers,1382.126875,16585.5225
CUST-004739,60.0,4,3174.6475,2024-10-31 23:53:43,2,3,2,232,Others,793.661875,9523.942500000001
CUST-004740,911.0,3,1256.9005,2022-07-04 15:46:19,2,2,1,221,At Risk / Lost,418.96683333333334,3770.7015
CUST-004741,53.0,8,8987.2615,2024-11-08 10:42:01,2,4,4,244,Loyal Customers,1123.4076875,26961.7845
CUST-004742,44.0,7,6806.996,2024-11-17 11:05:40,2,4,4,244,Loyal Customers,972.428,20420.988
CUST-004743,105.0,4,1797.637,2024-09-16 23:38:01,2,3,1,231,Others,449.40925,5392.911
CUST-004744,112.0,4,2048.6125,2024-09-10 01:36:11,2,3,1,231,Others,512.153125,6145.837500000001
CUST-004745,503.0,1,2005.379,2023-08-16 17:30:08,2,1,1,211,At Risk / Lost,2005.379,6016.137
CUST-004746,61.0,5,5267.0975,2024-10-31 19:43:24,2,4,3,243,Loyal Customers,1053.4195,15801.2925
CUST-004748,68.0,2,1868.1834999999999,2024-10-24 19:26:00,2,1,1,211,At Risk / Lost,934.0917499999999,5604.550499999999
CUST-004749,509.0,3,2133.183,2023-08-10 20:34:35,2,2,1,221,At Risk / Lost,711.061,6399.549
CUST-004750,157.0,4,4091.06,2024-07-27 20:36:11,2,3,3,233,Loyal Customers,1022.765,12273.18
CUST-004751,7.0,5,3108.7580000000003,2024-12-24 04:14:36,2,4,2,242,Others,621.7516,9326.274000000001
CUST-004752,69.0,6,6964.834,2024-10-23 16:59:23,2,4,4,244,Loyal Customers,1160.8056666666666,20894.502
CUST-004753,150.0,4,4379.3195000000005,2024-08-03 21:54:26,2,3,3,233,Loyal Customers,1094.8298750000001,13137.9585
CUST-004754,164.0,12,9992.988,2024-07-20 19:16:11,2,4,4,244,Loyal Customers,832.7489999999999,29978.964
CUST-004755,526.0,4,4967.264,2023-07-24 16:36:28,2,3,3,233,Loyal Customers,1241.816,14901.792000000001
CUST-004756,129.0,6,7650.8355,2024-08-24 18:10:23,2,4,4,244,Loyal Customers,1275.13925,22952.506499999996
CUST-004757,10.0,5,6068.6865,2024-12-21 07:51:02,2,4,4,244,Loyal Customers,1213.7373,18206.0595
CUST-004758,66.0,6,6312.64,2024-10-26 19:33:10,2,4,4,244,Loyal Customers,1052.1066666666668,18937.920000000006
CUST-004759,318.0,3,2683.3714999999997,2024-02-17 06:35:57,2,2,2,222,At Risk / Lost,894.4571666666666,8050.1145
CUST-004760,45.0,5,5479.1465,2024-11-16 08:02:49,2,4,4,244,Loyal Customers,1095.8292999999999,16437.439499999997
CUST-004761,269.0,3,3816.8575,2024-04-06 21:31:56,2,2,3,223,At Risk / Lost,1272.2858333333334,11450.5725
CUST-004762,170.0,2,1301.669,2024-07-14 21:49:31,2,1,1,211,At Risk / Lost,650.8345,3905.0070000000005
CUST-004763,9.0,5,3211.113,2024-12-22 02:57:03,2,4,2,242,Others,642.2225999999999,9633.339
CUST-004764,233.0,7,4969.8585,2024-05-12 16:55:36,2,4,3,243,Loyal Customers,709.9797857142858,14909.5755
CUST-004765,528.0,3,1073.3795,2023-07-22 03:58:54,2,2,1,221,At Risk / Lost,357.79316666666665,3220.1385
CUST-004766,151.0,3,3345.7709999999997,2024-08-02 08:35:05,2,2,2,222,At Risk / Lost,1115.2569999999998,10037.312999999998
CUST-004767,203.0,5,2778.8595,2024-06-11 08:51:10,2,4,2,242,Others,555.7719,8336.5785
CUST-004768,81.0,4,8906.653,2024-10-11 11:57:18,2,3,4,234,Loyal Customers,2226.66325,26719.959000000003
CUST-004769,461.0,5,3328.21,2023-09-27 22:27:27,2,4,2,242,Others,665.642,9984.630000000001
CUST-004770,264.0,3,3003.4155,2024-04-11 19:07:50,2,2,2,222,At Risk / Lost,1001.1385,9010.246500000001
CUST-004771,151.0,9,10231.233,2024-08-02 01:22:38,2,4,4,244,Loyal Customers,1136.8036666666667,30693.699
CUST-004772,121.0,5,7631.824,2024-09-01 08:42:49,2,4,4,244,Loyal Customers,1526.3647999999998,22895.471999999994
CUST-004773,664.0,1,2825.2435,2023-03-08 00:24:09,2,1,2,212,At Risk / Lost,2825.2435,8475.7305
CUST-004774,112.0,6,5025.621,2024-09-10 02:16:28,2,4,3,243,Loyal Customers,837.6035,15076.863000000001
CUST-004775,409.0,5,3537.9455,2023-11-18 08:20:37,2,4,2,242,Others,707.5890999999999,10613.8365
CUST-004776,81.0,5,4540.5064999999995,2024-10-11 07:56:55,2,4,3,243,Loyal Customers,908.1012999999999,13621.519499999999
CUST-004777,187.0,8,12084.287,2024-06-27 09:36:26,2,4,4,244,Loyal Customers,1510.535875,36252.861000000004
CUST-004778,150.0,4,5709.9625,2024-08-03 16:19:18,2,3,4,234,Loyal Customers,1427.490625,17129.887499999997
CUST-004779,381.0,2,2207.472,2023-12-16 11:25:26,2,1,1,211,At Risk / Lost,1103.736,6622.416000000001
CUST-004780,694.0,5,2998.961,2023-02-06 14:13:43,2,4,2,242,Others,599.7922,8996.883
CUST-004781,272.0,2,2655.9935,2024-04-03 15:28:33,2,1,2,212,At Risk / Lost,1327.99675,7967.9805
CUST-004782,19.0,6,7865.1140000000005,2024-12-12 08:55:27,2,4,4,244,Loyal Customers,1310.8523333333335,23595.342000000004
CUST-004783,184.0,4,5134.54,2024-06-30 06:50:45,2,3,3,233,Loyal Customers,1283.635,15403.619999999999
CUST-004784,526.0,6,8317.7775,2023-07-24 21:37:10,2,4,4,244,Loyal Customers,1386.29625,24953.3325
CUST-004785,37.0,5,5412.897,2024-11-24 19:53:10,2,4,4,244,Loyal Customers,1082.5794,16238.691000000003
CUST-004786,102.0,2,2224.6895,2024-09-20 14:51:56,2,1,1,211,At Risk / Lost,1112.34475,6674.068499999999
CUST-004787,91.0,7,5759.64,2024-10-01 19:03:51,2,4,4,244,Loyal Customers,822.8057142857143,17278.920000000002
CUST-004788,197.0,2,3431.3804999999998,2024-06-17 03:05:27,2,1,2,212,At Risk / Lost,1715.6902499999999,10294.1415
CUST-004789,275.0,8,9708.734,2024-03-31 06:12:26,2,4,4,244,Loyal Customers,1213.59175,29126.202
CUST-004790,797.0,2,905.28,2022-10-26 13:20:27,2,1,1,211,At Risk / Lost,452.64,2715.84
CUST-004792,296.0,7,5961.2155,2024-03-10 05:23:20,2,4,4,244,Loyal Customers,851.6022142857144,17883.646500000003
CUST-004793,61.0,3,2864.9795,2024-10-31 20:27:30,2,2,2,222,At Risk / Lost,954.9931666666666,8594.9385
CUST-004794,171.0,7,2837.8340000000003,2024-07-13 22:45:24,2,4,2,242,Others,405.40485714285717,8513.502
CUST-004795,45.0,5,3595.823,2024-11-16 10:26:12,2,4,2,242,Others,719.1646,10787.469
CUST-004796,503.0,5,4575.442,2023-08-16 18:39:30,2,4,3,243,Loyal Customers,915.0884,13726.326000000001
CUST-004797,113.0,6,6094.412,2024-09-09 12:42:43,2,4,4,244,Loyal Customers,1015.7353333333334,18283.236
CUST-004798,156.0,3,2418.697,2024-07-27 23:35:54,2,2,2,222,At Risk / Lost,806.2323333333334,7256.091
CUST-004799,16.0,3,3337.134,2024-12-15 09:44:53,2,2,2,222,At Risk / Lost,1112.378,10011.402
CUST-004800,8.0,6,5573.2375,2024-12-23 21:55:43,2,4,4,244,Loyal Customers,928.8729166666667,16719.7125
CUST-004801,95.0,4,2390.909,2024-09-27 20:39:00,2,3,2,232,Others,597.72725,7172.727000000001
CUST-004802,84.0,6,4444.168,2024-10-08 15:15:40,2,4,3,243,Loyal Customers,740.6946666666666,13332.503999999999
CUST-004803,213.0,4,5152.612,2024-06-01 14:09:38,2,3,3,233,Loyal Customers,1288.153,15457.836
CUST-004804,387.0,4,3245.7165,2023-12-10 17:21:23,2,3,2,232,Others,811.429125,9737.1495
CUST-004805,251.0,3,1389.279,2024-04-24 00:05:59,2,2,1,221,At Risk / Lost,463.093,4167.8369999999995
CUST-004806,240.0,5,7414.0055,2024-05-04 23:58:04,2,4,4,244,Loyal Customers,1482.8011000000001,22242.016500000005
CUST-004807,340.0,2,1953.788,2024-01-26 15:31:07,2,1,1,211,At Risk / Lost,976.894,5861.364
CUST-004808,488.0,3,2659.71,2023-08-31 13:49:16,2,2,2,222,At Risk / Lost,886.57,7979.13
CUST-004809,54.0,5,4776.852,2024-11-07 12:03:31,2,4,3,243,Loyal Customers,955.3704,14330.556
CUST-004811,354.0,4,3791.7945,2024-01-12 00:50:00,2,3,3,233,Loyal Customers,947.948625,11375.3835
CUST-004812,1.0,6,3936.215,2024-12-30 18:11:11,2,4,3,243,Loyal Customers,656.0358333333334,11808.645
CUST-004813,680.0,3,3925.0095,2023-02-20 10:12:04,2,2,3,223,At Risk / Lost,1308.3365000000001,11775.0285
CUST-004814,81.0,4,3001.3175,2024-10-11 01:26:09,2,3,2,232,Others,750.329375,9003.9525
CUST-004815,351.0,3,3235.697,2024-01-15 22:44:02,2,2,2,222,At Risk / Lost,1078.5656666666666,9707.091
CUST-004816,598.0,3,1722.047,2023-05-13 19:47:25,2,2,1,221,At Risk / Lost,574.0156666666667,5166.141
CUST-004817,207.0,5,4490.141,2024-06-07 10:59:49,2,4,3,243,Loyal Customers,898.0282,13470.422999999999
CUST-004818,148.0,4,3651.2055,2024-08-05 05:11:39,2,3,2,232,Others,912.801375,10953.6165
CUST-004819,419.0,2,1098.888,2023-11-08 19:36:31,2,1,1,211,At Risk / Lost,549.444,3296.6639999999998
CUST-004820,357.0,4,3222.446,2024-01-09 02:45:26,2,3,2,232,Others,805.6115,9667.338
CUST-004821,1002.0,1,990.6869999999999,2022-04-04 03:34:47,2,1,1,211,At Risk / Lost,990.6869999999999,2972.0609999999997
CUST-004822,203.0,3,2689.8179999999998,2024-06-11 05:52:15,2,2,2,222,At Risk / Lost,896.6059999999999,8069.454
CUST-004823,129.0,1,2855.6059999999998,2024-08-24 07:49:40,2,1,2,212,At Risk / Lost,2855.6059999999998,8566.818
CUST-004824,49.0,4,4448.2135,2024-11-12 15:36:35,2,3,3,233,Loyal Customers,1112.053375,13344.6405
CUST-004825,195.0,5,7371.155,2024-06-19 01:01:34,2,4,4,244,Loyal Customers,1474.231,22113.465
CUST-004826,363.0,5,6407.1990000000005,2024-01-03 11:44:50,2,4,4,244,Loyal Customers,1281.4398,19221.597
CUST-004827,103.0,7,9139.929,2024-09-19 04:54:46,2,4,4,244,Loyal Customers,1305.7041428571429,27419.787
CUST-004828,372.0,3,3555.705,2023-12-25 12:22:07,2,2,2,222,At Risk / Lost,1185.235,10667.115
CUST-004829,13.0,6,6006.513,2024-12-18 04:44:52,2,4,4,244,Loyal Customers,1001.0855,18019.539
CUST-004830,349.0,5,5111.1,2024-01-17 10:31:17,2,4,3,243,Loyal Customers,1022.22,15333.300000000001
CUST-004831,528.0,3,3363.578,2023-07-22 02:26:22,2,2,2,222,At Risk / Lost,1121.1926666666666,10090.733999999999
CUST-004832,174.0,6,4859.145,2024-07-10 05:51:01,2,4,3,243,Loyal Customers,809.8575000000001,14577.435000000001
CUST-004833,596.0,3,4036.1875,2023-05-15 18:15:58,2,2,3,223,At Risk / Lost,1345.3958333333333,12108.5625
CUST-004834,277.0,6,3424.0575,2024-03-29 10:02:07,2,4,2,242,Others,570.67625,10272.1725
CUST-004835,527.0,5,4854.876499999999,2023-07-23 17:44:26,2,4,3,243,Loyal Customers,970.9752999999998,14564.6295
CUST-004836,104.0,5,3553.5955000000004,2024-09-18 15:25:23,2,4,2,242,Others,710.7191,10660.786500000002
CUST-004837,330.0,3,1185.214,2024-02-05 14:27:17,2,2,1,221,At Risk / Lost,395.0713333333333,3555.642
CUST-004838,327.0,2,1275.4095,2024-02-08 02:22:59,2,1,1,211,At Risk / Lost,637.70475,3826.2285
CUST-004839,469.0,4,4064.6099999999997,2023-09-19 02:26:50,2,3,3,233,Loyal Customers,1016.1524999999999,12193.829999999998
CUST-004840,60.0,3,2324.9505,2024-11-01 11:13:23,2,2,2,222,At Risk / Lost,774.9834999999999,6974.8515
CUST-004841,347.0,3,2011.156,2024-01-19 19:40:37,2,2,1,221,At Risk / Lost,670.3853333333333,6033.468
CUST-004842,123.0,5,5864.2245,2024-08-30 21:14:56,2,4,4,244,Loyal Customers,1172.8449,17592.6735
CUST-004843,23.0,6,4939.5865,2024-12-08 14:25:38,2,4,3,243,Loyal Customers,823.2644166666668,14818.7595
CUST-004845,137.0,9,8057.255,2024-08-16 00:01:31,2,4,4,244,Loyal Customers,895.2505555555556,24171.765
CUST-004846,133.0,2,4143.563,2024-08-20 10:47:59,2,1,3,213,At Risk / Lost,2071.7815,12430.689
CUST-004847,219.0,1,486.132,2024-05-26 20:32:00,2,1,1,211,At Risk / Lost,486.132,1458.396
CUST-004848,342.0,4,5194.589,2024-01-24 00:54:34,2,3,3,233,Loyal Customers,1298.64725,15583.767
CUST-004849,233.0,3,2601.56,2024-05-12 05:03:46,2,2,2,222,At Risk / Lost,867.1866666666666,7804.68
CUST-004850,284.0,4,6990.7825,2024-03-22 08:07:31,2,3,4,234,Loyal Customers,1747.695625,20972.3475
CUST-004851,61.0,5,4833.8095,2024-10-31 06:59:21,2,4,3,243,Loyal Customers,966.7619000000001,14501.428500000002
CUST-004852,369.0,3,3421.131,2023-12-28 08:28:49,2,2,2,222,At Risk / Lost,1140.377,10263.393
CUST-004853,210.0,6,4799.7745,2024-06-04 18:10:55,2,4,3,243,Loyal Customers,799.9624166666667,14399.323500000002
CUST-004854,188.0,8,8638.534,2024-06-25 23:52:51,2,4,4,244,Loyal Customers,1079.81675,25915.602
CUST-004855,373.0,2,1194.859,2023-12-24 13:33:21,2,1,1,211,At Risk / Lost,597.4295,3584.5769999999998
CUST-004856,67.0,6,5659.617,2024-10-25 22:53:03,2,4,4,244,Loyal Customers,943.2695,16978.851000000002
CUST-004857,529.0,2,2049.991,2023-07-21 13:39:28,2,1,1,211,At Risk / Lost,1024.9955,6149.973
CUST-004858,684.0,2,1328.997,2023-02-16 00:34:58,2,1,1,211,At Risk / Lost,664.4985,3986.991
CUST-004859,5.0,4,3364.6409999999996,2024-12-26 15:55:11,2,3,2,232,Others,841.1602499999999,10093.922999999999
CUST-004860,354.0,2,1733.2545,2024-01-12 07:33:56,2,1,1,211,At Risk / Lost,866.62725,5199.7635
CUST-004861,270.0,2,913.058,2024-04-05 03:22:03,2,1,1,211,At Risk / Lost,456.529,2739.174
CUST-004862,113.0,3,2915.368,2024-09-09 06:16:45,2,2,2,222,At Risk / Lost,971.7893333333333,8746.104
CUST-004863,50.0,4,5858.8275,2024-11-11 08:03:15,2,3,4,234,Loyal Customers,1464.706875,17576.482500000002
CUST-004864,336.0,3,2935.2635,2024-01-30 17:58:44,2,2,2,222,At Risk / Lost,978.4211666666666,8805.7905
CUST-004865,436.0,3,1591.8225,2023-10-22 10:46:26,2,2,1,221,At Risk / Lost,530.6075,4775.467499999999
CUST-004866,46.0,6,4467.287,2024-11-15 09:20:17,2,4,3,243,Loyal Customers,744.5478333333334,13401.861
CUST-004867,190.0,2,229.2955,2024-06-24 00:00:00,2,1,1,211,At Risk / Lost,114.64775,687.8865000000001
CUST-004868,473.0,3,1680.833,2023-09-15 11:22:57,2,2,1,221,At Risk / Lost,560.2776666666667,5042.499
CUST-004869,130.0,8,6800.3105,2024-08-23 17:14:11,2,4,4,244,Loyal Customers,850.0388125,20400.9315
CUST-004870,26.0,3,5775.3635,2024-12-05 21:47:13,2,2,4,224,At Risk / Lost,1925.1211666666668,17326.090500000002
CUST-004871,349.0,3,2084.1375,2024-01-17 22:29:31,2,2,1,221,At Risk / Lost,694.7125,6252.412499999999
CUST-004872,388.0,3,2117.8675000000003,2023-12-09 08:19:51,2,2,1,221,At Risk / Lost,705.9558333333334,6353.602500000001
CUST-004873,507.0,3,2532.094,2023-08-12 06:04:11,2,2,2,222,At Risk / Lost,844.0313333333334,7596.282
CUST-004874,234.0,5,5597.9735,2024-05-11 09:30:53,2,4,4,244,Loyal Customers,1119.5947,16793.9205
CUST-004875,455.0,3,2574.9735,2023-10-03 11:18:35,2,2,2,222,At Risk / Lost,858.3245000000001,7724.9205
CUST-004876,100.0,5,4200.9355,2024-09-22 02:00:50,2,4,3,243,Loyal Customers,840.1870999999999,12602.806499999999
CUST-004877,83.0,1,198.972,2024-10-09 18:15:11,2,1,1,211,At Risk / Lost,198.972,596.916
CUST-004878,172.0,3,3680.285,2024-07-12 07:19:12,2,2,3,223,At Risk / Lost,1226.7616666666665,11040.855
CUST-004879,430.0,3,2882.252,2023-10-28 03:21:59,2,2,2,222,At Risk / Lost,960.7506666666667,8646.756
CUST-004880,180.0,4,3809.4275000000002,2024-07-04 22:17:40,2,3,3,233,Loyal Customers,952.3568750000001,11428.282500000001
CUST-004881,52.0,6,5777.494,2024-11-09 00:20:16,2,4,4,244,Loyal Customers,962.9156666666667,17332.482
CUST-004882,155.0,6,5135.236,2024-07-29 12:30:26,2,4,3,243,Loyal Customers,855.8726666666666,15405.707999999999
CUST-004883,18.0,8,7610.799,2024-12-13 12:19:05,2,4,4,244,Loyal Customers,951.349875,22832.397
CUST-004884,24.0,7,6821.1320000000005,2024-12-07 01:30:41,2,4,4,244,Loyal Customers,974.4474285714286,20463.396
CUST-004885,7.0,4,4108.965,2024-12-24 06:15:53,2,3,3,233,Loyal Customers,1027.24125,12326.895
CUST-004886,283.0,1,907.12,2024-03-23 13:31:17,2,1,1,211,At Risk / Lost,907.12,2721.36
CUST-004887,41.0,4,1717.6645,2024-11-20 15:22:20,2,3,1,231,Others,429.416125,5152.9935000000005
CUST-004888,844.0,3,2809.7645,2022-09-09 16:26:25,2,2,2,222,At Risk / Lost,936.5881666666668,8429.2935
CUST-004889,355.0,8,6894.495,2024-01-11 09:24:41,2,4,4,244,Loyal Customers,861.811875,20683.485
CUST-004890,582.0,1,525.301,2023-05-29 06:55:28,2,1,1,211,At Risk / Lost,525.301,1575.9030000000002
CUST-004891,98.0,3,2219.2055,2024-09-24 06:20:19,2,2,1,221,At Risk / Lost,739.7351666666667,6657.6165
CUST-004892,112.0,5,3965.3835,2024-09-10 10:59:28,2,4,3,243,Loyal Customers,793.0767,11896.1505
CUST-004893,362.0,2,2794.212,2024-01-04 07:39:58,2,1,2,212,At Risk / Lost,1397.106,8382.636
CUST-004894,121.0,1,1459.447,2024-09-01 05:54:31,2,1,1,211,At Risk / Lost,1459.447,4378.340999999999
CUST-004895,166.0,7,9902.9365,2024-07-18 06:16:26,2,4,4,244,Loyal Customers,1414.7052142857142,29708.8095
CUST-004896,421.0,2,1308.7245,2023-11-06 10:27:45,2,1,1,211,At Risk / Lost,654.36225,3926.1735
CUST-004897,7.0,3,2462.26,2024-12-24 09:53:00,2,2,2,222,At Risk / Lost,820.7533333333334,7386.780000000001
CUST-004898,238.0,3,2313.904,2024-05-07 00:50:38,2,2,2,222,At Risk / Lost,771.3013333333333,6941.7119999999995
CUST-004899,428.0,5,2128.47,2023-10-30 21:46:55,2,4,1,241,Others,425.69399999999996,6385.41
CUST-004900,256.0,4,3407.144,2024-04-19 12:00:52,2,3,2,232,Others,851.786,10221.431999999999
CUST-004901,132.0,1,1665.8400000000001,2024-08-21 16:24:04,2,1,1,211,At Risk / Lost,1665.8400000000001,4997.52
CUST-004902,99.0,4,1753.068,2024-09-23 08:33:59,2,3,1,231,Others,438.267,5259.204
CUST-004903,117.0,5,6702.376,2024-09-05 16:31:36,2,4,4,244,Loyal Customers,1340.4752,20107.128
CUST-004904,397.0,3,1898.9,2023-11-30 14:43:57,2,2,1,221,At Risk / Lost,632.9666666666667,5696.700000000001
CUST-004905,178.0,3,2111.505,2024-07-06 03:00:19,2,2,1,221,At Risk / Lost,703.835,6334.515
CUST-004906,557.0,3,717.0569999999999,2023-06-23 01:53:04,2,2,1,221,At Risk / Lost,239.01899999999998,2151.171
CUST-004907,555.0,2,1973.374,2023-06-25 15:30:04,2,1,1,211,At Risk / Lost,986.687,5920.122
CUST-004908,64.0,5,3657.5065,2024-10-28 03:15:25,2,4,3,243,Loyal Customers,731.5013,10972.5195
CUST-004909,107.0,6,4647.3045,2024-09-15 01:16:47,2,4,3,243,Loyal Customers,774.55075,13941.9135
CUST-004910,171.0,4,4417.2215,2024-07-13 22:49:26,2,3,3,233,Loyal Customers,1104.305375,13251.664499999999
CUST-004911,542.0,3,1272.224,2023-07-08 21:04:03,2,2,1,221,At Risk / Lost,424.07466666666664,3816.6719999999996
CUST-004912,254.0,7,7951.9145,2024-04-21 19:59:53,2,4,4,244,Loyal Customers,1135.9877857142858,23855.743500000004
CUST-004913,129.0,5,4315.921,2024-08-24 04:25:01,2,4,3,243,Loyal Customers,863.1842,12947.763
CUST-004914,56.0,3,3181.5555,2024-11-05 05:27:24,2,2,2,222,At Risk / Lost,1060.5185,9544.6665
CUST-004915,511.0,3,2827.04,2023-08-07 23:43:50,2,2,2,222,At Risk / Lost,942.3466666666667,8481.119999999999
CUST-004916,51.0,4,3155.9215000000004,2024-11-10 15:58:10,2,3,2,232,Others,788.9803750000001,9467.764500000001
CUST-004917,29.0,3,1933.1295,2024-12-02 11:03:52,2,2,1,221,At Risk / Lost,644.3765,5799.3885
CUST-004918,685.0,4,4176.7005,2023-02-15 13:41:46,2,3,3,233,Loyal Customers,1044.175125,12530.1015
CUST-004919,118.0,3,4403.1995,2024-09-04 01:57:57,2,2,3,223,At Risk / Lost,1467.7331666666666,13209.5985
CUST-004920,222.0,3,2305.313,2024-05-23 17:19:10,2,2,2,222,At Risk / Lost,768.4376666666667,6915.939
CUST-004921,802.0,1,88.26,2022-10-21 01:59:34,2,1,1,211,At Risk / Lost,88.26,264.78000000000003
CUST-004922,252.0,2,1877.3265,2024-04-23 11:56:37,2,1,1,211,At Risk / Lost,938.66325,5631.9794999999995
CUST-004923,408.0,3,1395.2695000000003,2023-11-19 01:12:27,2,2,1,221,At Risk / Lost,465.08983333333344,4185.808500000001
CUST-004924,623.0,3,1889.2915,2023-04-18 01:06:07,2,2,1,221,At Risk / Lost,629.7638333333333,5667.8745
CUST-004925,112.0,4,2521.476,2024-09-10 03:34:05,2,3,2,232,Others,630.369,7564.428
CUST-004926,40.0,8,10186.842499999999,2024-11-21 03:36:52,2,4,4,244,Loyal Customers,1273.3553124999999,30560.527499999997
CUST-004927,29.0,6,4753.6995,2024-12-02 13:16:21,2,4,3,243,Loyal Customers,792.28325,14261.0985
CUST-004928,296.0,3,1728.6025,2024-03-10 03:11:21,2,2,1,221,At Risk / Lost,576.2008333333333,5185.8075
CUST-004929,214.0,2,3896.563,2024-05-31 06:50:17,2,1,3,213,At Risk / Lost,1948.2815,11689.689
CUST-004930,538.0,2,1356.76,2023-07-12 12:40:39,2,1,1,211,At Risk / Lost,678.38,4070.2799999999997
CUST-004931,208.0,5,2987.932,2024-06-06 10:27:52,2,4,2,242,Others,597.5863999999999,8963.795999999998
CUST-004932,36.0,5,7022.737,2024-11-25 20:51:54,2,4,4,244,Loyal Customers,1404.5474,21068.210999999996
CUST-004933,455.0,3,2554.505,2023-10-03 03:16:46,2,2,2,222,At Risk / Lost,851.5016666666667,7663.515
CUST-004934,275.0,5,3819.468,2024-03-31 05:52:38,2,4,3,243,Loyal Customers,763.8936,11458.403999999999
CUST-004935,123.0,1,407.97799999999995,2024-08-30 15:57:30,2,1,1,211,At Risk / Lost,407.97799999999995,1223.9339999999997
CUST-004936,198.0,5,5928.5125,2024-06-16 02:31:36,2,4,4,244,Loyal Customers,1185.7024999999999,17785.5375
CUST-004937,102.0,5,4586.4305,2024-09-20 12:23:35,2,4,3,243,Loyal Customers,917.2861,13759.291500000001
CUST-004938,256.0,4,4882.0005,2024-04-19 16:14:01,2,3,3,233,Loyal Customers,1220.500125,14646.0015
CUST-004939,52.0,4,5008.5689999999995,2024-11-09 19:57:18,2,3,3,233,Loyal Customers,1252.1422499999999,15025.706999999999
CUST-004940,80.0,3,1704.1599999999999,2024-10-12 19:40:03,2,2,1,221,At Risk / Lost,568.0533333333333,5112.48
CUST-004941,41.0,6,6494.782,2024-11-20 11:07:54,2,4,4,244,Loyal Customers,1082.4636666666668,19484.346000000005
CUST-004942,84.0,1,1453.722,2024-10-08 00:28:15,2,1,1,211,At Risk / Lost,1453.722,4361.166
CUST-004943,97.0,2,1171.6935,2024-09-25 09:38:41,2,1,1,211,At Risk / Lost,585.84675,3515.0805
CUST-004944,349.0,1,526.328,2024-01-17 21:30:34,2,1,1,211,At Risk / Lost,526.328,1578.984
CUST-004945,438.0,5,4705.71,2023-10-20 16:05:30,2,4,3,243,Loyal Customers,941.142,14117.130000000001
CUST-004946,47.0,2,3878.3070000000002,2024-11-14 15:49:40,2,1,3,213,At Risk / Lost,1939.1535000000001,11634.921
CUST-004947,424.0,7,7665.0935,2023-11-03 04:37:42,2,4,4,244,Loyal Customers,1095.013357142857,22995.2805
CUST-004948,218.0,1,650.119,2024-05-27 10:15:55,2,1,1,211,At Risk / Lost,650.119,1950.357
CUST-004949,430.0,2,3686.4345000000003,2023-10-28 05:28:00,2,1,3,213,At Risk / Lost,1843.2172500000001,11059.303500000002
CUST-004950,107.0,3,1793.38,2024-09-14 23:14:20,2,2,1,221,At Risk / Lost,597.7933333333334,5380.14
CUST-004951,249.0,7,7377.481,2024-04-26 00:45:07,2,4,4,244,Loyal Customers,1053.925857142857,22132.442999999996
CUST-004952,362.0,2,2628.82,2024-01-04 01:13:18,2,1,2,212,At Risk / Lost,1314.41,7886.460000000001
CUST-004953,112.0,3,2334.413,2024-09-10 03:07:58,2,2,2,222,At Risk / Lost,778.1376666666666,7003.239
CUST-004954,745.0,4,2500.4135,2022-12-17 04:43:18,2,3,2,232,Others,625.103375,7501.2405
CUST-004955,191.0,5,6670.764499999999,2024-06-23 00:28:07,2,4,4,244,Loyal Customers,1334.1528999999998,20012.2935
CUST-004956,55.0,5,7092.8745,2024-11-05 23:45:33,2,4,4,244,Loyal Customers,1418.5749,21278.6235
CUST-004957,213.0,3,1568.4585,2024-06-01 18:58:14,2,2,1,221,At Risk / Lost,522.8195,4705.375499999999
CUST-004958,283.0,4,1772.921,2024-03-23 07:19:06,2,3,1,231,Others,443.23025,5318.763
CUST-004959,61.0,6,4766.110500000001,2024-10-31 12:28:17,2,4,3,243,Loyal Customers,794.3517500000002,14298.331500000002
CUST-004960,43.0,8,10205.888,2024-11-18 03:55:27,2,4,4,244,Loyal Customers,1275.736,30617.664000000004
CUST-004961,162.0,5,3933.5190000000002,2024-07-22 15:20:15,2,4,3,243,Loyal Customers,786.7038,11800.557
CUST-004962,123.0,5,3694.413,2024-08-30 18:57:52,2,4,3,243,Loyal Customers,738.8826,11083.239
CUST-004963,457.0,1,343.06,2023-10-01 17:01:58,2,1,1,211,At Risk / Lost,343.06,1029.18
CUST-004964,226.0,5,3586.87,2024-05-19 05:15:03,2,4,2,242,Others,717.374,10760.61
CUST-004965,81.0,4,3018.0434999999998,2024-10-11 06:26:43,2,3,2,232,Others,754.5108749999999,9054.1305
CUST-004966,173.0,4,3540.2164999999995,2024-07-11 03:17:22,2,3,2,232,Others,885.0541249999999,10620.6495
CUST-004967,135.0,4,5043.3125,2024-08-18 12:01:42,2,3,3,233,Loyal Customers,1260.828125,15129.9375
CUST-004968,488.0,5,5121.8985,2023-08-31 11:31:37,2,4,3,243,Loyal Customers,1024.3797,15365.695499999998
CUST-004969,632.0,2,2307.4345,2023-04-09 13:35:58,2,1,2,212,At Risk / Lost,1153.71725,6922.3035
CUST-004970,56.0,5,6800.5105,2024-11-05 08:45:37,2,4,4,244,Loyal Customers,1360.1021,20401.5315
CUST-004972,29.0,3,3131.09,2024-12-02 21:48:44,2,2,2,222,At Risk / Lost,1043.6966666666667,9393.27
CUST-004973,600.0,2,2398.4959999999996,2023-05-11 06:56:31,2,1,2,212,At Risk / Lost,1199.2479999999998,7195.487999999999
CUST-004974,68.0,2,370.699,2024-10-24 07:16:33,2,1,1,211,At Risk / Lost,185.3495,1112.097
CUST-004975,333.0,5,7317.4735,2024-02-02 09:54:26,2,4,4,244,Loyal Customers,1463.4947,21952.4205
CUST-004976,43.0,3,1470.0040000000001,2024-11-17 23:30:21,2,2,1,221,At Risk / Lost,490.0013333333334,4410.012000000001
CUST-004977,309.0,6,5773.4585,2024-02-26 00:53:50,2,4,4,244,Loyal Customers,962.2430833333333,17320.3755
CUST-004978,30.0,3,1683.0645,2024-12-01 20:43:19,2,2,1,221,At Risk / Lost,561.0215,5049.193499999999
CUST-004979,61.0,4,2371.923,2024-10-31 11:01:27,2,3,2,232,Others,592.98075,7115.768999999999
CUST-004980,29.0,6,4147.903,2024-12-02 18:08:41,2,4,3,243,Loyal Customers,691.3171666666667,12443.709
CUST-004981,49.0,3,5445.6325,2024-11-12 12:35:38,2,2,4,224,At Risk / Lost,1815.2108333333333,16336.8975
CUST-004982,727.0,2,3713.4875,2023-01-03 23:44:32,2,1,3,213,At Risk / Lost,1856.74375,11140.462500000001
CUST-004983,327.0,2,1453.3895,2024-02-08 20:02:26,2,1,1,211,At Risk / Lost,726.69475,4360.1685
CUST-004984,142.0,4,2091.5275,2024-08-10 23:06:35,2,3,1,231,Others,522.881875,6274.5825
CUST-004985,445.0,4,2611.1279999999997,2023-10-13 04:47:01,2,3,2,232,Others,652.7819999999999,7833.383999999999
CUST-004986,478.0,3,3072.1405,2023-09-10 21:17:05,2,2,2,222,At Risk / Lost,1024.0468333333333,9216.4215
CUST-004987,150.0,4,1813.241,2024-08-03 11:13:20,2,3,1,231,Others,453.31025,5439.723
CUST-004988,828.0,2,1679.2255,2022-09-25 16:23:40,2,1,1,211,At Risk / Lost,839.61275,5037.6765
CUST-004989,81.0,6,5997.374,2024-10-11 20:39:42,2,4,4,244,Loyal Customers,999.5623333333333,17992.122
CUST-004990,188.0,6,7935.279500000001,2024-06-26 13:24:03,2,4,4,244,Loyal Customers,1322.5465833333335,23805.8385
CUST-004991,55.0,5,5273.142,2024-11-06 03:19:28,2,4,3,243,Loyal Customers,1054.6284,15819.426
CUST-004992,324.0,4,5319.3975,2024-02-11 08:13:12,2,3,4,234,Loyal Customers,1329.849375,15958.192500000001
CUST-004993,82.0,3,3565.0409999999997,2024-10-10 11:42:40,2,2,2,222,At Risk / Lost,1188.347,10695.123
CUST-004994,740.0,4,4793.723,2022-12-22 16:54:01,2,3,3,233,Loyal Customers,1198.43075,14381.169
CUST-004995,279.0,7,6440.518,2024-03-27 11:26:39,2,4,4,244,Loyal Customers,920.074,19321.554
CUST-004996,467.0,2,4169.9535,2023-09-21 10:20:41,2,1,3,213,At Risk / Lost,2084.97675,12509.860499999999
CUST-004997,109.0,4,1903.1415,2024-09-13 17:57:17,2,3,1,231,Others,475.785375,5709.4245
CUST-004998,333.0,2,2027.633,2024-02-02 03:18:39,2,1,1,211,At Risk / Lost,1013.8165,6082.899
CUST-004999,429.0,3,4151.215,2023-10-29 05:24:30,2,2,3,223,At Risk / Lost,1383.7383333333335,12453.645
CUST-005000,68.0,9,7567.7535,2024-10-24 07:19:37,2,4,4,244,Loyal Customers,840.8615,22703.2605
