return_id,item_id,order_id,return_date,reason,refund_amount
RET-000001,ITEM-00038579,ORD-0013009,2024-12-04,Late Delivery,127.28
RET-000002,ITEM-00010698,ORD-0018992,2024-11-09,Changed Mind,674.64
RET-000003,ITEM-00068659,ORD-0002055,2023-05-22,Late Delivery,484.68
RET-000004,ITEM-00041200,ORD-0019889,2024-03-25,Damaged,559.02
RET-000005,ITEM-00059385,ORD-0018768,2023-08-26,Not as Described,1248.8
RET-000006,ITEM-00043965,ORD-0014085,2022-08-16,Late Delivery,502.16
RET-000007,ITEM-00021272,ORD-0008824,2023-11-24,Changed Mind,1239.65
RET-000008,ITEM-00003228,ORD-0005317,2025-01-08,Changed Mind,196.89
RET-000009,ITEM-00065473,ORD-0014055,2022-06-25,Damaged,192.84
RET-000010,ITEM-00059997,ORD-0009095,2022-12-28,Late Delivery,211.86
RET-000011,ITEM-00018359,ORD-0017205,2023-12-01,Not as Described,359.84
RET-000012,ITEM-00063523,ORD-0007658,2022-12-30,Not as Described,898.9
RET-000013,ITEM-00065135,ORD-0005479,2023-11-20,WrongItem,1205.6
RET-000014,ITEM-00061794,ORD-0006506,2022-09-26,Damaged,213.33
RET-000015,ITEM-00056756,ORD-0004673,2024-09-25,Changed Mind,346.41
RET-000016,ITEM-00050495,ORD-0010217,2023-11-14,Late Delivery,397.38
RET-000017,ITEM-00030536,ORD-0005421,2024-12-25,Late Delivery,414.6
RET-000018,ITEM-00027713,ORD-0010802,2024-11-16,Late Delivery,735.32
RET-000019,ITEM-00036157,ORD-0002632,2024-08-20,Damaged,154.86
RET-000020,ITEM-00047593,ORD-0001672,2024-05-19,Late Delivery,380.8
RET-000021,ITEM-00021189,ORD-0010695,2023-01-27,Changed Mind,625.77
RET-000022,ITEM-00051954,ORD-0020232,2023-02-13,Changed Mind,386.92
RET-000023,ITEM-00021112,ORD-0016606,2022-05-30,Late Delivery,117.68
RET-000024,ITEM-00003112,ORD-0007510,2023-06-12,Damaged,14.83
RET-000025,ITEM-00019599,ORD-0024795,2022-11-08,Changed Mind,239.71
RET-000026,ITEM-00051548,ORD-0013002,2022-07-27,WrongItem,1042.45
RET-000027,ITEM-00040431,ORD-0004649,2024-06-13,Changed Mind,100.19
RET-000028,ITEM-00057892,ORD-0019810,2022-05-07,WrongItem,170.04
RET-000029,ITEM-00056189,ORD-0010688,2025-01-17,WrongItem,139.82
RET-000030,ITEM-00064538,ORD-0020964,2022-03-01,WrongItem,52.18
RET-000031,ITEM-00039616,ORD-0016087,2023-03-21,WrongItem,169.8
RET-000032,ITEM-00025430,ORD-0023185,2024-09-16,Damaged,67.52
RET-000033,ITEM-00056998,ORD-0014763,2023-04-26,Not as Described,72.54
RET-000034,ITEM-00067816,ORD-0024260,2024-04-10,Damaged,178.72
RET-000035,ITEM-00017920,ORD-0019647,2022-12-08,WrongItem,974.8
RET-000036,ITEM-00032292,ORD-0010897,2022-07-29,Late Delivery,371.6
RET-000037,ITEM-00061033,ORD-0012696,2022-03-07,Changed Mind,302.36
RET-000038,ITEM-00004593,ORD-0012484,2023-04-24,WrongItem,178.16
RET-000039,ITEM-00024982,ORD-0024193,2024-07-07,Changed Mind,151.5
RET-000040,ITEM-00021689,ORD-0005101,2022-11-24,Changed Mind,129.95
RET-000041,ITEM-00052829,ORD-0017462,2022-04-09,Changed Mind,777.8
RET-000042,ITEM-00049450,ORD-0008875,2022-06-25,Changed Mind,248.77
RET-000043,ITEM-00064137,ORD-0024312,2022-05-28,Late Delivery,493.56
RET-000044,ITEM-00054778,ORD-0003695,2022-05-08,Not as Described,901.0
RET-000045,ITEM-00036073,ORD-0005331,2023-09-15,WrongItem,96.4
RET-000046,ITEM-00002032,ORD-0013444,2023-07-03,Damaged,105.3
RET-000047,ITEM-00042637,ORD-0000536,2022-05-28,Not as Described,549.16
RET-000048,ITEM-00016267,ORD-0010221,2022-06-07,WrongItem,225.23
RET-000049,ITEM-00044990,ORD-0024140,2022-04-26,Changed Mind,528.42
RET-000050,ITEM-00021644,ORD-0013070,2024-02-04,Damaged,124.7
RET-000051,ITEM-00050940,ORD-0006407,2024-11-05,Changed Mind,551.7
RET-000052,ITEM-00004515,ORD-0008127,2025-01-26,Damaged,172.6
RET-000053,ITEM-00054973,ORD-0014556,2023-03-13,WrongItem,273.1
RET-000054,ITEM-00066562,ORD-0022744,2023-12-18,Changed Mind,287.56
RET-000055,ITEM-00057849,ORD-0021747,2022-08-03,Late Delivery,683.34
RET-000056,ITEM-00051241,ORD-0016857,2024-07-15,Damaged,641.07
RET-000057,ITEM-00054026,ORD-0019969,2023-06-03,Changed Mind,731.56
RET-000058,ITEM-00005759,ORD-0016617,2023-09-23,Damaged,354.12
RET-000059,ITEM-00000457,ORD-0024987,2023-11-24,Late Delivery,255.96
RET-000060,ITEM-00015243,ORD-0020903,2022-09-29,Late Delivery,548.46
RET-000061,ITEM-00030972,ORD-0007697,2023-10-12,Damaged,235.17
RET-000062,ITEM-00057826,ORD-0015620,2024-05-05,Not as Described,64.95
RET-000063,ITEM-00041985,ORD-0018695,2022-12-07,Damaged,25.1
RET-000064,ITEM-00044816,ORD-0006208,2024-10-26,Not as Described,190.44
RET-000065,ITEM-00037623,ORD-0021477,2023-10-22,Changed Mind,185.92
RET-000066,ITEM-00025299,ORD-0007421,2022-03-11,WrongItem,64.66
RET-000067,ITEM-00065905,ORD-0018286,2024-07-19,Late Delivery,248.6
RET-000068,ITEM-00017439,ORD-0004695,2022-11-16,Changed Mind,245.61
RET-000069,ITEM-00002915,ORD-0011115,2023-06-10,Damaged,998.16
RET-000070,ITEM-00044387,ORD-0009624,2022-11-06,WrongItem,786.36
RET-000071,ITEM-00047869,ORD-0001926,2022-09-21,Damaged,661.71
RET-000072,ITEM-00042083,ORD-0021834,2023-01-26,Not as Described,148.0
RET-000073,ITEM-00046196,ORD-0020103,2023-02-23,WrongItem,81.16
RET-000074,ITEM-00051587,ORD-0022195,2023-09-10,WrongItem,457.64
RET-000075,ITEM-00046309,ORD-0006840,2024-03-17,Damaged,456.4
RET-000076,ITEM-00004433,ORD-0019869,2022-10-24,Changed Mind,19.16
RET-000077,ITEM-00002395,ORD-0006850,2022-06-05,WrongItem,380.4
RET-000078,ITEM-00046672,ORD-0008180,2022-12-05,Not as Described,54.63
RET-000079,ITEM-00050386,ORD-0003020,2024-05-09,Not as Described,621.21
RET-000080,ITEM-00060613,ORD-0004013,2022-11-15,WrongItem,73.4
RET-000081,ITEM-00062025,ORD-0005886,2023-09-09,Late Delivery,277.48
RET-000082,ITEM-00065883,ORD-0010964,2022-11-06,Damaged,725.75
RET-000083,ITEM-00053765,ORD-0015972,2023-09-19,Damaged,102.78
RET-000084,ITEM-00036975,ORD-0007139,2023-03-05,Not as Described,99.14
RET-000085,ITEM-00036090,ORD-0013351,2023-09-10,WrongItem,223.32
RET-000086,ITEM-00056521,ORD-0011637,2023-05-11,WrongItem,264.48
RET-000087,ITEM-00018996,ORD-0009580,2022-08-01,Late Delivery,1216.2
RET-000088,ITEM-00059164,ORD-0013187,2024-04-07,Not as Described,257.4
RET-000089,ITEM-00028871,ORD-0002895,2023-03-02,WrongItem,106.66
RET-000090,ITEM-00000981,ORD-0001471,2022-11-24,WrongItem,74.04
RET-000091,ITEM-00015149,ORD-0018706,2022-06-08,Not as Described,622.88
RET-000092,ITEM-00064219,ORD-0009727,2022-05-07,Not as Described,264.58
RET-000093,ITEM-00037556,ORD-0024768,2023-10-13,Late Delivery,12.5
RET-000094,ITEM-00029214,ORD-0016702,2022-09-10,Late Delivery,110.16
RET-000095,ITEM-00021607,ORD-0016086,2023-12-24,Changed Mind,-265.84
RET-000096,ITEM-00060341,ORD-0002565,2023-09-15,Changed Mind,215.03
RET-000097,ITEM-00057366,ORD-0015863,2022-06-21,WrongItem,213.53
RET-000098,ITEM-00014209,ORD-0018441,2023-06-15,Damaged,836.56
RET-000099,ITEM-00028870,ORD-0008217,2024-03-28,Changed Mind,243.11
RET-000100,ITEM-00015250,ORD-0021851,2024-07-19,WrongItem,126.08
RET-000101,ITEM-00027229,ORD-0010407,2023-10-10,Damaged,195.25
RET-000102,ITEM-00056802,ORD-0012116,2024-03-07,Not as Described,1078.55
RET-000103,ITEM-00051176,ORD-0006116,2024-04-18,WrongItem,346.58
RET-000104,ITEM-00009499,ORD-0000589,2024-05-05,Not as Described,222.03
RET-000105,ITEM-00053045,ORD-0009033,2022-02-20,Damaged,106.84
RET-000106,ITEM-00069254,ORD-0008453,2025-01-08,Damaged,252.8
RET-000107,ITEM-00028698,ORD-0011819,2022-11-26,Damaged,410.94
RET-000108,ITEM-00038523,ORD-0023118,2022-09-22,WrongItem,255.42
RET-000109,ITEM-00003374,ORD-0000574,2023-07-09,Not as Described,172.25
RET-000110,ITEM-00040802,ORD-0005078,2022-10-19,Changed Mind,325.98
RET-000111,ITEM-00050327,ORD-0000495,2023-02-20,Late Delivery,365.61
RET-000112,ITEM-00018572,ORD-0008486,2022-12-02,Not as Described,212.88
RET-000113,ITEM-00069903,ORD-0013677,2022-10-10,Damaged,159.6
RET-000114,ITEM-00034373,ORD-0011248,2022-11-09,Changed Mind,157.58
RET-000115,ITEM-00003843,ORD-0013125,2022-08-20,Damaged,1195.3
RET-000116,ITEM-00056851,ORD-0021444,2022-03-20,WrongItem,389.12
RET-000117,ITEM-00068469,ORD-0024822,2022-04-19,WrongItem,385.46
RET-000118,ITEM-00024537,ORD-0014958,2024-03-18,Late Delivery,227.2
RET-000119,ITEM-00062521,ORD-0007847,2022-11-15,WrongItem,168.9
RET-000120,ITEM-00057265,ORD-0009741,2025-01-24,Late Delivery,126.12
RET-000121,ITEM-00029587,ORD-0003228,2024-05-07,Damaged,306.48
RET-000122,ITEM-00019557,ORD-0012944,2024-06-19,Damaged,174.06
RET-000123,ITEM-00012286,ORD-0016985,2024-12-20,WrongItem,249.5
RET-000124,ITEM-00018095,ORD-0008880,2024-09-04,Not as Described,189.76
RET-000125,ITEM-00019992,ORD-0011845,2024-11-20,Not as Described,73.85
RET-000126,ITEM-00002664,ORD-0023275,2024-12-07,Changed Mind,221.31
RET-000127,ITEM-00061498,ORD-0006704,2022-07-17,Late Delivery,249.8
RET-000128,ITEM-00051175,ORD-0007587,2025-01-22,WrongItem,43.25
RET-000129,ITEM-00067207,ORD-0009377,2024-05-10,Changed Mind,327.75
RET-000130,ITEM-00062176,ORD-0019749,2024-07-30,Late Delivery,679.62
RET-000131,ITEM-00003826,ORD-0014303,2023-08-18,Damaged,494.43
RET-000132,ITEM-00064946,ORD-0023082,2024-10-25,Not as Described,526.6
RET-000133,ITEM-00021998,ORD-0021489,2024-09-14,WrongItem,40.14
RET-000134,ITEM-00022685,ORD-0006554,2024-04-14,Late Delivery,788.15
RET-000135,ITEM-00045300,ORD-0017037,2023-09-04,Not as Described,924.7
RET-000136,ITEM-00027861,ORD-0010193,2023-07-20,Not as Described,640.76
RET-000137,ITEM-00016440,ORD-0005585,2023-12-15,WrongItem,948.44
RET-000138,ITEM-00062303,ORD-0005372,2024-02-23,Changed Mind,60.86
RET-000139,ITEM-00012335,ORD-0002160,2022-07-31,Changed Mind,478.72
RET-000140,ITEM-00054579,ORD-0018760,2024-11-06,Late Delivery,470.16
RET-000141,ITEM-00027343,ORD-0012443,2024-05-14,Damaged,692.52
RET-000142,ITEM-00012536,ORD-0021708,2024-12-29,WrongItem,187.41
RET-000143,ITEM-00028883,ORD-0001278,2024-08-13,Late Delivery,123.76
RET-000144,ITEM-00026261,ORD-0023637,2023-08-02,Damaged,487.2
RET-000145,ITEM-00030642,ORD-0005557,2022-05-30,Changed Mind,37.36
RET-000146,ITEM-00061437,ORD-0002197,2024-03-12,WrongItem,584.65
RET-000147,ITEM-00046450,ORD-0024093,2022-07-19,Not as Described,598.4
RET-000148,ITEM-00047706,ORD-0020332,2022-09-23,Late Delivery,153.74
RET-000149,ITEM-00051071,ORD-0019937,2024-01-15,Damaged,207.53
RET-000150,ITEM-00020025,ORD-0002548,2022-06-26,WrongItem,331.0
RET-000151,ITEM-00018885,ORD-0012339,2022-04-12,WrongItem,1189.7
RET-000152,ITEM-00001650,ORD-0009421,2022-07-01,Not as Described,377.62
RET-000153,ITEM-00038093,ORD-0005140,2022-02-17,WrongItem,593.12
RET-000154,ITEM-00025216,ORD-0007940,2022-07-19,WrongItem,639.72
RET-000155,ITEM-00012539,ORD-0000485,2024-05-09,Damaged,1234.7
RET-000156,ITEM-00022376,ORD-0009543,2022-05-27,Not as Described,218.29
RET-000157,ITEM-00006807,ORD-0010724,2022-07-24,WrongItem,110.48
RET-000158,ITEM-00042886,ORD-0023271,2024-08-19,Damaged,263.4
RET-000159,ITEM-00017187,ORD-0009999,2022-02-06,Not as Described,924.92
RET-000160,ITEM-00058461,ORD-0021838,2024-11-01,Not as Described,553.53
RET-000161,ITEM-00069691,ORD-0006805,2023-05-08,Changed Mind,767.55
RET-000162,ITEM-00009321,ORD-0022701,2023-04-23,Not as Described,391.9
RET-000163,ITEM-00061663,ORD-0011784,2023-01-11,WrongItem,426.16
RET-000164,ITEM-00043249,ORD-0002252,2023-10-04,Not as Described,35.55
RET-000165,ITEM-00040614,ORD-0018957,2022-03-19,Damaged,340.94
RET-000166,ITEM-00025386,ORD-0000695,2024-08-21,WrongItem,517.36
RET-000167,ITEM-00012290,ORD-0008651,2024-05-19,Late Delivery,248.64
RET-000168,ITEM-00044651,ORD-0024808,2023-07-30,Changed Mind,-74.05
RET-000169,ITEM-00040522,ORD-0000963,2024-02-22,WrongItem,373.98
RET-000170,ITEM-00045392,ORD-0020112,2022-08-05,Late Delivery,649.6
RET-000171,ITEM-00022165,ORD-0016055,2023-10-04,Not as Described,316.18
RET-000172,ITEM-00040592,ORD-0010227,2022-03-31,Damaged,310.96
RET-000173,ITEM-00014134,ORD-0001877,2022-07-08,Not as Described,416.16
RET-000174,ITEM-00060025,ORD-0013597,2023-03-07,Damaged,512.9
RET-000175,ITEM-00053294,ORD-0016049,2023-09-06,WrongItem,143.4
RET-000176,ITEM-00000854,ORD-0005819,2024-02-16,Changed Mind,934.65
RET-000177,ITEM-00049018,ORD-0018123,2022-07-26,Not as Described,68.82
RET-000178,ITEM-00021921,ORD-0002387,2022-10-16,Not as Described,202.46
RET-000179,ITEM-00025746,ORD-0013703,2023-01-11,WrongItem,346.28
RET-000180,ITEM-00033549,ORD-0006928,2023-05-10,WrongItem,339.32
RET-000181,ITEM-00007578,ORD-0011581,2024-06-28,Damaged,110.84
RET-000182,ITEM-00023150,ORD-0010045,2024-03-20,Not as Described,166.18
RET-000183,ITEM-00017928,ORD-0018018,2023-02-20,Late Delivery,323.44
RET-000184,ITEM-00059887,ORD-0017436,2022-06-22,Late Delivery,392.75
RET-000185,ITEM-00029866,ORD-0006751,2024-06-04,Not as Described,132.96
RET-000186,ITEM-00012677,ORD-0015230,2023-04-13,Changed Mind,118.24
RET-000187,ITEM-00027389,ORD-0020463,2024-10-21,Changed Mind,334.46
RET-000188,ITEM-00062203,ORD-0010751,2024-05-19,Changed Mind,168.4
RET-000189,ITEM-00004463,ORD-0004863,2023-06-24,Damaged,110.77
RET-000190,ITEM-00052434,ORD-0020338,2024-06-02,WrongItem,118.98
RET-000191,ITEM-00010389,ORD-0002350,2022-12-30,WrongItem,134.16
RET-000192,ITEM-00040512,ORD-0007537,2023-05-31,Not as Described,965.56
RET-000193,ITEM-00056157,ORD-0017105,2023-09-15,Not as Described,147.61
RET-000194,ITEM-00061669,ORD-0005986,2024-08-18,Not as Described,27.78
RET-000195,ITEM-00061287,ORD-0019892,2024-07-29,Late Delivery,180.14
RET-000196,ITEM-00036552,ORD-0011774,2024-02-07,Not as Described,218.76
RET-000197,ITEM-00052563,ORD-0009263,2023-11-29,WrongItem,671.04
RET-000198,ITEM-00041220,ORD-0014546,2022-09-22,Changed Mind,141.18
RET-000199,ITEM-00063359,ORD-0013756,2024-11-21,Late Delivery,298.38
RET-000200,ITEM-00037792,ORD-0004007,2023-05-24,Damaged,254.73
RET-000201,ITEM-00037853,ORD-0014249,2023-07-10,WrongItem,342.8
RET-000202,ITEM-00054480,ORD-0021189,2023-06-18,WrongItem,623.31
RET-000203,ITEM-00026066,ORD-0007721,2023-03-30,Late Delivery,349.16
RET-000204,ITEM-00054226,ORD-0013681,2024-08-21,WrongItem,1053.2
RET-000205,ITEM-00048589,ORD-0000104,2022-04-05,Damaged,1091.3
RET-000206,ITEM-00063476,ORD-0004547,2022-12-30,Not as Described,216.57
RET-000207,ITEM-00036653,ORD-0003632,2023-10-13,Late Delivery,100.28
RET-000208,ITEM-00037541,ORD-0006843,2025-01-02,Changed Mind,426.36
RET-000209,ITEM-00064208,ORD-0020420,2024-02-28,Late Delivery,193.6
RET-000210,ITEM-00000386,ORD-0004238,2025-01-11,Damaged,441.6
RET-000211,ITEM-00067297,ORD-0009613,2022-12-21,Damaged,700.32
RET-000212,ITEM-00051532,ORD-0008636,2022-12-31,Damaged,460.04
RET-000213,ITEM-00018522,ORD-0024984,2022-04-30,Not as Described,166.86
RET-000214,ITEM-00000383,ORD-0022224,2022-10-03,Damaged,204.55
RET-000215,ITEM-00001477,ORD-0008181,2024-03-31,Damaged,297.42
RET-000216,ITEM-00017416,ORD-0004237,2022-02-19,WrongItem,185.12
RET-000217,ITEM-00042755,ORD-0002266,2024-02-23,,1167.15
RET-000218,ITEM-00037945,ORD-0000508,2022-10-31,Damaged,154.62
RET-000219,ITEM-00007685,ORD-0024569,2023-09-10,Damaged,478.08
RET-000220,ITEM-00069054,ORD-0006856,2024-11-18,Damaged,997.92
RET-000221,ITEM-00050241,ORD-0014608,2022-04-04,Late Delivery,29.72
RET-000222,ITEM-00021385,ORD-0010963,2023-10-27,Late Delivery,995.16
RET-000223,ITEM-00007292,ORD-0008910,2024-05-18,WrongItem,657.72
RET-000224,ITEM-00024951,ORD-0005515,2022-03-17,Late Delivery,92.28
RET-000225,ITEM-00024590,ORD-0014125,2022-09-28,Late Delivery,181.9
RET-000226,ITEM-00016023,ORD-0017239,2022-03-18,Not as Described,590.46
RET-000227,ITEM-00029562,ORD-0024570,2022-02-12,Changed Mind,429.36
RET-000228,ITEM-00026506,ORD-0000390,2024-09-20,WrongItem,43.9
RET-000229,ITEM-00039324,ORD-0000662,2023-04-18,Not as Described,75.65
RET-000230,ITEM-00047904,ORD-0020728,2022-06-04,Damaged,28.48
RET-000231,ITEM-00032874,ORD-0008576,2022-11-30,Damaged,437.7
RET-000232,ITEM-00056510,ORD-0024700,2023-10-06,Changed Mind,116.74
RET-000233,ITEM-00022858,ORD-0021589,2024-03-21,Changed Mind,243.72
RET-000234,ITEM-00001193,ORD-0013676,2023-01-25,Changed Mind,208.64
RET-000235,ITEM-00054823,ORD-0019375,2023-04-07,Not as Described,254.88
RET-000236,ITEM-00055504,ORD-0011698,2024-12-07,Late Delivery,183.52
RET-000237,ITEM-00022021,ORD-0015831,2024-03-17,Changed Mind,421.75
RET-000238,ITEM-00004985,ORD-0011421,2024-07-15,Late Delivery,103.31
RET-000239,ITEM-00024305,ORD-0024570,2024-11-25,Not as Described,217.16
RET-000240,ITEM-00064233,ORD-0021721,2022-10-22,Damaged,590.2
RET-000241,ITEM-00010548,ORD-0001091,2023-08-07,Not as Described,1238.5
RET-000242,ITEM-00000111,ORD-0016900,2023-03-14,WrongItem,458.0
RET-000243,ITEM-00066128,ORD-0023151,2022-02-27,Not as Described,1042.15
RET-000244,ITEM-00042619,ORD-0011296,2023-09-16,Late Delivery,41.38
RET-000245,ITEM-00029651,ORD-0002879,2022-12-17,Not as Described,60.15
RET-000246,ITEM-00026785,ORD-0022143,2024-03-02,Changed Mind,165.6
RET-000247,ITEM-00048144,ORD-0001191,2022-08-06,Damaged,103.98
RET-000248,ITEM-00005576,ORD-0016686,2023-09-11,Late Delivery,240.96
RET-000249,ITEM-00040051,ORD-0008980,2023-07-28,Late Delivery,474.1
RET-000250,ITEM-00041284,ORD-0015534,2022-10-15,Late Delivery,68.26
RET-000251,ITEM-00011469,ORD-0010597,2022-10-19,Damaged,160.55
RET-000252,ITEM-00014757,ORD-0006355,2024-05-16,WrongItem,150.32
RET-000253,ITEM-00044946,ORD-0012213,2024-09-12,Not as Described,432.2
RET-000254,ITEM-00010760,ORD-0015757,2023-01-11,Late Delivery,386.72
RET-000255,ITEM-00061215,ORD-0012564,2023-12-21,Damaged,278.4
RET-000256,ITEM-00065243,ORD-0021343,2024-11-02,WrongItem,489.05
RET-000257,ITEM-00043936,ORD-0020567,2023-08-22,Not as Described,501.6
RET-000258,ITEM-00007736,ORD-0010372,2022-11-25,Late Delivery,293.01
RET-000259,ITEM-00010125,ORD-0006638,2023-07-05,WrongItem,810.55
RET-000260,ITEM-00028403,ORD-0015105,2024-12-10,Not as Described,45.31
RET-000261,ITEM-00056960,ORD-0021352,2022-05-04,Late Delivery,198.72
RET-000262,ITEM-00001796,ORD-0020600,2024-03-21,Damaged,270.62
RET-000263,ITEM-00035256,ORD-0006701,2022-10-16,WrongItem,794.24
RET-000264,ITEM-00048417,ORD-0014917,2024-09-12,Changed Mind,966.0
RET-000265,ITEM-00067631,ORD-0019179,2022-02-27,Not as Described,430.1
RET-000266,ITEM-00066682,ORD-0005429,2022-03-19,Late Delivery,39.3
RET-000267,ITEM-00047558,ORD-0020450,2022-04-21,Late Delivery,119.32
RET-000268,ITEM-00051745,ORD-0016511,2022-04-20,WrongItem,96.6
RET-000269,ITEM-00049982,ORD-0015308,2024-08-05,Not as Described,522.05
RET-000270,ITEM-00016628,ORD-0011399,2023-01-11,WrongItem,50.95
RET-000271,ITEM-00057971,ORD-0004217,2024-09-23,Damaged,930.5
RET-000272,ITEM-00013915,ORD-0004695,2024-10-08,Damaged,497.67
RET-000273,ITEM-00062494,ORD-0007092,2022-09-27,Not as Described,246.35
RET-000274,ITEM-00055452,ORD-0003599,2022-07-20,Changed Mind,336.04
RET-000275,ITEM-00066154,ORD-0005539,2023-08-05,Late Delivery,9.01
RET-000276,ITEM-00049775,ORD-0010553,2022-08-28,Not as Described,193.8
RET-000277,ITEM-00044784,ORD-0023749,2022-04-30,Changed Mind,1227.3
RET-000278,ITEM-00005350,ORD-0000332,2024-11-27,Late Delivery,33.58
RET-000279,ITEM-00021326,ORD-0003349,2024-03-19,Late Delivery,46.5
RET-000280,ITEM-00015783,ORD-0006961,2022-03-06,Not as Described,491.7
RET-000281,ITEM-00009537,ORD-0023261,2022-02-23,WrongItem,508.75
RET-000282,ITEM-00056265,ORD-0001478,2024-07-31,Changed Mind,385.26
RET-000283,ITEM-00019256,ORD-0022096,2022-09-16,Late Delivery,204.37
RET-000284,ITEM-00059136,ORD-0009160,2022-02-28,Damaged,123.76
RET-000285,ITEM-00025644,ORD-0024166,2024-04-05,Changed Mind,415.16
RET-000286,ITEM-00052328,ORD-0020523,2024-07-20,Late Delivery,448.84
RET-000287,ITEM-00038283,ORD-0020346,2022-11-01,Changed Mind,142.12
RET-000288,ITEM-00017456,ORD-0012196,2023-10-17,Not as Described,210.04
RET-000289,ITEM-00064247,ORD-0004645,2023-01-04,Changed Mind,10.0
RET-000290,ITEM-00007673,ORD-0015857,2023-02-04,WrongItem,243.28
RET-000291,ITEM-00017865,ORD-0005770,2024-12-23,Not as Described,52.98
RET-000292,ITEM-00014013,ORD-0001683,2022-11-25,Damaged,69.04
RET-000293,ITEM-00029599,ORD-0011482,2023-03-22,Late Delivery,263.25
RET-000294,ITEM-00010323,ORD-0020857,2022-11-22,Not as Described,302.37
RET-000295,ITEM-00006114,ORD-0004832,2025-03-21,WrongItem,79.34
RET-000296,ITEM-00019978,ORD-0019916,2024-07-27,Damaged,390.0
RET-000297,ITEM-00025507,ORD-0008332,2025-01-29,Not as Described,186.7
RET-000298,ITEM-00001714,ORD-0018826,2023-08-06,Not as Described,320.52
RET-000299,ITEM-00004836,ORD-0010189,2022-10-19,Damaged,145.56
RET-000300,ITEM-00032079,ORD-0014382,2023-12-11,WrongItem,432.72
RET-000301,ITEM-00012983,ORD-0005141,2023-04-07,Changed Mind,25.04
RET-000302,ITEM-00020179,ORD-0015134,2023-05-19,Changed Mind,631.56
RET-000303,ITEM-00006577,ORD-0020747,2023-05-09,Late Delivery,690.3
RET-000304,ITEM-00029647,ORD-0022827,2023-07-21,Not as Described,622.68
RET-000305,ITEM-00027603,ORD-0012569,2023-04-17,Not as Described,593.22
RET-000306,ITEM-00030720,ORD-0007617,2023-04-01,Late Delivery,310.74
RET-000307,ITEM-00001532,ORD-0009523,2024-07-10,Changed Mind,339.04
RET-000308,ITEM-00014636,ORD-0024612,2022-08-08,Late Delivery,49.04
RET-000309,ITEM-00054099,ORD-0013578,2024-12-11,WrongItem,724.59
RET-000310,ITEM-00027900,ORD-0021004,2023-01-28,Changed Mind,432.0
RET-000311,ITEM-00053383,ORD-0003904,2022-08-12,Changed Mind,804.1
RET-000312,ITEM-00036448,ORD-0024795,2023-12-20,Not as Described,473.78
RET-000313,ITEM-00037375,ORD-0019892,2022-09-08,Changed Mind,124.16
RET-000314,ITEM-00065493,ORD-0008185,2022-03-02,Changed Mind,213.68
RET-000315,ITEM-00032298,ORD-0014608,2022-09-09,Damaged,622.32
RET-000316,ITEM-00039375,ORD-0006853,2023-08-23,Not as Described,78.71
RET-000317,ITEM-00046904,ORD-0021128,2023-07-05,Not as Described,1146.45
RET-000318,ITEM-00050208,ORD-0004093,2022-06-29,Changed Mind,88.86
RET-000319,ITEM-00038410,ORD-0024254,2024-01-25,WrongItem,506.2
RET-000320,ITEM-00039347,ORD-0023459,2022-11-05,Damaged,371.36
RET-000321,ITEM-00018899,ORD-0020516,2022-05-25,Late Delivery,166.04
RET-000322,ITEM-00055567,ORD-0010410,2023-06-21,Late Delivery,61.6
RET-000323,ITEM-00015706,ORD-0018459,2024-12-07,WrongItem,390.88
RET-000324,ITEM-00027901,ORD-0018714,2024-03-23,WrongItem,162.8
RET-000325,ITEM-00017963,ORD-0008395,2023-11-26,Damaged,82.75
RET-000326,ITEM-00017333,ORD-0016851,2025-01-18,Changed Mind,329.72
RET-000327,ITEM-00056215,ORD-0004664,2024-04-28,Late Delivery,964.6
RET-000328,ITEM-00037933,ORD-0015419,2022-11-05,Late Delivery,129.04
RET-000329,ITEM-00027071,ORD-0012303,2024-01-03,Damaged,734.52
RET-000330,ITEM-00004194,ORD-0017626,2022-06-20,Damaged,240.42
RET-000331,ITEM-00025701,ORD-0013230,2022-06-26,WrongItem,71.36
RET-000332,ITEM-00012873,ORD-0013316,2023-09-11,WrongItem,116.39
RET-000333,ITEM-00002194,ORD-0002412,2022-08-07,Not as Described,732.12
RET-000334,ITEM-00045296,ORD-0002850,2024-07-07,WrongItem,362.36
RET-000335,ITEM-00038578,ORD-0024964,2022-11-23,Late Delivery,436.47
RET-000336,ITEM-00045533,ORD-0005229,2023-07-04,Not as Described,666.39
RET-000337,ITEM-00033319,ORD-0001116,2023-01-17,Late Delivery,1206.25
RET-000338,ITEM-00026276,ORD-0022863,2022-12-19,WrongItem,245.15
RET-000339,ITEM-00032182,ORD-0021594,2022-10-08,Changed Mind,279.64
RET-000340,ITEM-00009173,ORD-0015354,2023-04-01,Not as Described,359.1
RET-000341,ITEM-00052734,ORD-0024298,2022-04-13,Changed Mind,58.1
RET-000342,ITEM-00032303,ORD-0001238,2024-07-09,Changed Mind,221.92
RET-000343,ITEM-00050817,ORD-0019857,2022-11-28,Not as Described,709.14
RET-000344,ITEM-00052227,ORD-0008337,2024-06-07,Damaged,833.4
RET-000345,ITEM-00023189,ORD-0024570,2024-10-11,Late Delivery,586.32
RET-000346,ITEM-00016253,ORD-0019084,2024-06-20,Damaged,206.18
RET-000347,ITEM-00068561,ORD-0020304,2023-12-28,Changed Mind,206.73
RET-000348,ITEM-00048039,ORD-0019844,2023-08-30,Damaged,165.46
RET-000349,ITEM-00058348,ORD-0022324,2022-10-24,WrongItem,161.28
RET-000350,ITEM-00036075,ORD-0020893,2024-04-04,WrongItem,198.18
RET-000351,ITEM-00038055,ORD-0021692,2024-09-20,Late Delivery,84.92
RET-000352,ITEM-00000396,ORD-0002612,2024-12-03,Changed Mind,268.8
RET-000353,ITEM-00060574,ORD-0018315,2024-12-31,Not as Described,200.68
RET-000354,ITEM-00044851,ORD-0000802,2023-08-13,Not as Described,210.32
RET-000355,ITEM-00063725,ORD-0011255,2023-04-27,Late Delivery,93.41
RET-000356,ITEM-00032136,ORD-0007705,2023-03-24,Changed Mind,354.64
RET-000357,ITEM-00068392,ORD-0010382,2022-10-03,WrongItem,636.45
RET-000358,ITEM-00008043,ORD-0014698,2022-11-04,WrongItem,52.69
RET-000359,ITEM-00047641,ORD-0005297,2023-10-23,Late Delivery,132.16
RET-000360,ITEM-00054569,ORD-0008763,2023-11-14,Changed Mind,318.12
RET-000361,ITEM-00018290,ORD-0018233,2022-05-07,Changed Mind,454.52
RET-000362,ITEM-00046882,ORD-0020600,2024-10-18,WrongItem,176.18
RET-000363,ITEM-00033891,ORD-0002190,2024-08-09,Changed Mind,409.2
RET-000364,ITEM-00040634,ORD-0002927,2024-05-19,Changed Mind,57.57
RET-000365,ITEM-00019663,ORD-0006231,2023-02-01,Late Delivery,84.0
RET-000366,ITEM-00037333,ORD-0002376,2022-05-18,WrongItem,438.25
RET-000367,ITEM-00002952,ORD-0001989,2024-02-28,Damaged,552.84
RET-000368,ITEM-00066263,ORD-0019385,2024-02-15,Not as Described,278.1
RET-000369,ITEM-00011468,ORD-0016904,2023-04-10,Changed Mind,837.0
RET-000370,ITEM-00061240,ORD-0022016,2024-06-04,WrongItem,426.86
RET-000371,ITEM-00053059,ORD-0013750,2024-06-19,Damaged,235.75
RET-000372,ITEM-00052751,ORD-0019598,2024-07-06,Late Delivery,-639.0
RET-000373,ITEM-00043057,ORD-0004750,2023-04-23,Not as Described,280.56
RET-000374,ITEM-00029190,ORD-0024399,2022-02-17,Not as Described,544.62
RET-000375,ITEM-00048657,ORD-0006064,2024-11-02,Late Delivery,111.99
RET-000376,ITEM-00013598,ORD-0001983,2023-06-09,Damaged,485.16
RET-000377,ITEM-00034988,ORD-0009867,2022-11-22,WrongItem,423.06
RET-000378,ITEM-00028536,ORD-0004359,2024-12-24,Changed Mind,1217.45
RET-000379,ITEM-00021934,ORD-0011434,2024-01-16,Not as Described,737.01
RET-000380,ITEM-00069291,ORD-0016957,2022-09-15,Damaged,898.72
RET-000381,ITEM-00002768,ORD-0001536,2022-12-21,Changed Mind,127.75
RET-000382,ITEM-00028988,ORD-0018047,2024-11-19,Not as Described,393.98
RET-000383,ITEM-00047053,ORD-0006284,2023-06-04,Not as Described,229.76
RET-000384,ITEM-00020738,ORD-0002750,2022-10-18,Damaged,1223.65
RET-000385,ITEM-00021941,ORD-0018829,2022-01-19,WrongItem,155.76
RET-000386,ITEM-00000528,ORD-0019697,2023-12-29,WrongItem,1067.25
RET-000387,ITEM-00009189,ORD-0008966,2024-12-21,WrongItem,415.24
RET-000388,ITEM-00057524,ORD-0020673,2022-10-16,Late Delivery,845.56
RET-000389,ITEM-00015081,ORD-0001445,2024-01-24,Late Delivery,214.5
RET-000390,ITEM-00005674,ORD-0013197,2022-08-06,Changed Mind,787.95
RET-000391,ITEM-00014575,ORD-0009965,2022-01-14,WrongItem,239.83
RET-000392,ITEM-00015815,ORD-0006470,2024-03-08,Late Delivery,769.64
RET-000393,ITEM-00062814,ORD-0013287,2024-08-05,Late Delivery,238.08
RET-000394,ITEM-00055869,ORD-0013197,2023-07-06,Late Delivery,235.11
RET-000395,ITEM-00017422,ORD-0000711,2022-08-29,Damaged,245.5
RET-000396,ITEM-00057883,ORD-0017224,2022-05-07,Changed Mind,185.52
RET-000397,ITEM-00052614,ORD-0021783,2024-01-30,Changed Mind,748.28
RET-000398,ITEM-00027261,ORD-0016431,2023-09-15,Not as Described,412.65
RET-000399,ITEM-00040926,ORD-0010961,2022-02-14,Changed Mind,324.32
RET-000400,ITEM-00045547,ORD-0015036,2024-01-03,Not as Described,495.04
RET-000401,ITEM-00044993,ORD-0003808,2024-01-02,Changed Mind,228.01
RET-000402,ITEM-00050973,ORD-0012880,2023-05-22,Damaged,269.72
RET-000403,ITEM-00013264,ORD-0008329,2024-05-22,WrongItem,188.35
RET-000404,ITEM-00035969,ORD-0006356,2023-11-21,Changed Mind,427.28
RET-000405,ITEM-00037127,ORD-0001849,2022-09-14,Late Delivery,463.9
RET-000406,ITEM-00018288,ORD-0013430,2023-03-21,Late Delivery,388.56
RET-000407,ITEM-00048974,ORD-0015197,2024-09-13,Not as Described,882.55
RET-000408,ITEM-00015514,ORD-0016401,2022-10-11,Changed Mind,795.45
RET-000409,ITEM-00021975,ORD-0006384,2022-06-16,Not as Described,414.85
RET-000410,ITEM-00064145,ORD-0001967,2023-06-15,Not as Described,65.72
RET-000411,ITEM-00059389,ORD-0001960,2024-03-12,Damaged,397.34
RET-000412,ITEM-00057036,ORD-0001635,2022-01-30,Changed Mind,141.1
RET-000413,ITEM-00067275,ORD-0005751,2023-05-07,Late Delivery,50.64
RET-000414,ITEM-00066393,ORD-0015884,2022-03-14,Late Delivery,149.01
RET-000415,ITEM-00062574,ORD-0017418,2022-01-15,Damaged,173.49
RET-000416,ITEM-00059537,ORD-0017866,2022-05-22,Late Delivery,999.0
RET-000417,ITEM-00061657,ORD-0007054,2024-12-08,Damaged,686.4
RET-000418,ITEM-00017478,ORD-0000146,2024-11-01,WrongItem,683.61
RET-000419,ITEM-00051379,ORD-0001759,2022-03-14,WrongItem,109.48
RET-000420,ITEM-00020034,ORD-0002961,2025-01-10,Damaged,208.47
RET-000421,ITEM-00009091,ORD-0017037,2024-02-13,Not as Described,541.9
RET-000422,ITEM-00069655,ORD-0007079,2023-07-01,Changed Mind,1214.05
RET-000423,ITEM-00060635,ORD-0000736,2023-03-27,Changed Mind,983.5
RET-000424,ITEM-00027173,ORD-0001682,2023-05-01,Damaged,299.64
RET-000425,ITEM-00029891,ORD-0013365,2022-09-22,WrongItem,163.08
RET-000426,ITEM-00039729,ORD-0014059,2024-02-12,WrongItem,165.6
RET-000427,ITEM-00051170,ORD-0014448,2024-12-12,Late Delivery,214.08
RET-000428,ITEM-00064140,ORD-0001145,2024-08-17,Not as Described,554.31
RET-000429,ITEM-00003722,ORD-0016084,2022-05-27,Damaged,598.17
RET-000430,ITEM-00041538,ORD-0009219,2023-01-05,Damaged,56.5
RET-000431,ITEM-00057861,ORD-0024565,2024-05-29,Not as Described,206.66
RET-000432,ITEM-00012302,ORD-0022448,2023-05-21,Not as Described,578.88
RET-000433,ITEM-00002249,ORD-0020434,2022-04-11,WrongItem,354.57
RET-000434,ITEM-00000821,ORD-0001349,2022-02-23,Damaged,48.6
RET-000435,ITEM-00065140,ORD-0021936,2022-07-22,,528.33
RET-000436,ITEM-00047130,ORD-0019047,2023-02-18,Not as Described,14.16
RET-000437,ITEM-00016486,ORD-0019406,2024-12-22,WrongItem,685.86
RET-000438,ITEM-00050918,ORD-0016844,2022-03-18,Late Delivery,1168.65
RET-000439,ITEM-00055797,ORD-0013376,2024-09-23,Not as Described,106.48
RET-000440,ITEM-00040060,ORD-0022226,2024-03-02,Not as Described,242.44
RET-000441,ITEM-00041528,ORD-0008989,2023-03-28,Late Delivery,1125.95
RET-000442,ITEM-00054507,ORD-0024756,2025-01-07,Late Delivery,143.94
RET-000443,ITEM-00035201,ORD-0018359,2023-01-17,Late Delivery,629.07
RET-000444,ITEM-00064459,ORD-0000720,2023-09-28,WrongItem,72.24
RET-000445,ITEM-00018733,ORD-0020301,2023-10-09,WrongItem,632.73
RET-000446,ITEM-00036043,ORD-0006463,2022-04-29,Late Delivery,618.93
RET-000447,ITEM-00018135,ORD-0001782,2024-07-12,Changed Mind,513.06
RET-000448,ITEM-00049269,ORD-0021149,2024-06-12,Late Delivery,-624.42
RET-000449,ITEM-00025068,ORD-0015532,2023-09-15,Changed Mind,360.66
RET-000450,ITEM-00056567,ORD-0011316,2023-01-15,WrongItem,199.84
RET-000451,ITEM-00061484,ORD-0020101,2023-10-03,WrongItem,32.66
RET-000452,ITEM-00048791,ORD-0003649,2024-12-29,WrongItem,117.45
RET-000453,ITEM-00059903,ORD-0001499,2024-11-08,Not as Described,463.6
RET-000454,ITEM-00040217,ORD-0007781,2022-02-16,Not as Described,177.42
RET-000455,ITEM-00041734,ORD-0010074,2022-06-19,WrongItem,46.23
RET-000456,ITEM-00064340,ORD-0024737,2023-10-08,Not as Described,418.18
RET-000457,ITEM-00048193,ORD-0002367,2022-09-30,Damaged,205.84
RET-000458,ITEM-00021218,ORD-0015431,2024-04-30,Damaged,282.76
RET-000459,ITEM-00007092,ORD-0021673,2023-08-20,WrongItem,234.28
RET-000460,ITEM-00051387,ORD-0006313,2022-03-02,Not as Described,454.62
RET-000461,ITEM-00049909,ORD-0005722,2022-12-25,WrongItem,368.7
RET-000462,ITEM-00063165,ORD-0001378,2022-02-19,Damaged,588.9
RET-000463,ITEM-00044854,ORD-0005035,2023-03-03,Damaged,465.1
RET-000464,ITEM-00051625,ORD-0005967,2023-04-27,WrongItem,151.4
RET-000465,ITEM-00004889,ORD-0014305,2022-08-26,WrongItem,463.12
RET-000466,ITEM-00010705,ORD-0022692,2023-05-07,Damaged,351.3
RET-000467,ITEM-00062594,ORD-0017255,2022-08-04,Not as Described,94.47
RET-000468,ITEM-00024979,ORD-0003077,2023-06-12,Changed Mind,361.4
RET-000469,ITEM-00049988,ORD-0003587,2022-09-01,WrongItem,547.28
RET-000470,ITEM-00036099,ORD-0024075,2022-04-02,Not as Described,214.85
RET-000471,ITEM-00063967,ORD-0007919,2022-02-05,Changed Mind,1040.5
RET-000472,ITEM-00009069,ORD-0010865,2022-12-04,Late Delivery,437.46
RET-000473,ITEM-00015939,ORD-0002686,2024-10-08,Changed Mind,219.51
RET-000474,ITEM-00041198,ORD-0008016,2022-08-13,WrongItem,827893.08
RET-000475,ITEM-00036493,ORD-0022161,2022-06-26,Not as Described,671.2
RET-000476,ITEM-00029301,ORD-0004595,2022-07-03,WrongItem,83.45
RET-000477,ITEM-00069616,ORD-0002713,2024-03-06,Changed Mind,1176.55
RET-000478,ITEM-00058456,ORD-0002051,2023-12-20,Damaged,400.8
RET-000479,ITEM-00041233,ORD-0015005,2023-02-18,WrongItem,209.35
RET-000480,ITEM-00046829,ORD-0007721,2024-02-18,Late Delivery,701.67
RET-000481,ITEM-00026109,ORD-0015194,2022-12-12,Damaged,911.7
RET-000482,ITEM-00069295,ORD-0001259,2023-12-10,WrongItem,523.62
RET-000483,ITEM-00062019,ORD-0004423,2024-07-10,Not as Described,135.76
RET-000484,ITEM-00052626,ORD-0005295,2023-10-26,WrongItem,188.25
RET-000485,ITEM-00067740,ORD-0024440,2022-08-26,Not as Described,887.2
RET-000486,ITEM-00060510,,2022-05-09,Damaged,823.4
RET-000487,ITEM-00044610,ORD-0002284,2023-09-30,WrongItem,106.2
RET-000488,ITEM-00001295,ORD-0000175,2024-10-19,Late Delivery,188.3
RET-000489,ITEM-00009865,ORD-0022424,2023-12-24,WrongItem,218.4
RET-000490,ITEM-00030442,ORD-0013015,2024-02-02,Late Delivery,351.88
RET-000491,ITEM-00025795,ORD-0019977,2024-09-01,Late Delivery,367.6
RET-000492,ITEM-00008292,ORD-0012085,2025-01-15,Late Delivery,275.88
RET-000493,ITEM-00028896,ORD-0020558,2022-11-17,Not as Described,243.07
RET-000494,ITEM-00023993,ORD-0009867,2023-03-21,Late Delivery,504.55
RET-000495,ITEM-00042068,ORD-0018367,2023-05-08,Changed Mind,69.55
RET-000496,ITEM-00040368,ORD-0019191,2023-09-29,Damaged,36.6
RET-000497,ITEM-00002223,ORD-0000326,2024-08-02,WrongItem,1075.55
RET-000498,ITEM-00013753,ORD-0010154,2023-03-05,Not as Described,429.96
RET-000499,ITEM-00025538,ORD-0023113,2025-03-21,Late Delivery,80.09
RET-000500,ITEM-00045744,ORD-0018366,2022-06-24,Changed Mind,19.46
RET-000501,ITEM-00033110,ORD-0015362,2024-05-22,Late Delivery,1081.1
RET-000502,ITEM-00018754,ORD-0010211,2024-01-09,Changed Mind,274.78
RET-000503,ITEM-00039673,ORD-0008574,2022-05-18,WrongItem,390.85
RET-000504,ITEM-00012295,ORD-0015816,2022-09-14,Changed Mind,81.82
RET-000505,ITEM-00001227,ORD-0016706,2024-10-24,Not as Described,651.08
RET-000506,ITEM-00016368,ORD-0019562,2023-01-15,Late Delivery,91.42
RET-000507,ITEM-00041881,ORD-0019550,2024-09-05,Damaged,864.55
RET-000508,ITEM-00005428,ORD-0006976,2023-07-30,Not as Described,1112.8
RET-000509,ITEM-00020341,ORD-0002899,2023-02-12,WrongItem,1185.15
RET-000510,ITEM-00036325,ORD-0004413,2023-08-08,WrongItem,108.2
RET-000511,ITEM-00058981,ORD-0010389,2023-07-31,WrongItem,60.53
RET-000512,ITEM-00069971,ORD-0000839,2022-08-22,Changed Mind,112.72
RET-000513,ITEM-00024973,ORD-0011622,2022-09-28,WrongItem,248.51
RET-000514,ITEM-00028123,ORD-0014941,2022-11-30,WrongItem,584.65
RET-000515,ITEM-00012226,ORD-0009517,2024-08-07,WrongItem,915.0
RET-000516,ITEM-00048994,ORD-0009262,2023-04-28,Late Delivery,68.8
RET-000517,ITEM-00045653,ORD-0024430,2024-02-01,WrongItem,164.27
RET-000518,ITEM-00061801,ORD-0000935,2023-04-28,WrongItem,385.92
RET-000519,ITEM-00006258,ORD-0021307,2022-12-03,Damaged,486.81
RET-000520,ITEM-00026747,ORD-0008834,2024-11-12,WrongItem,491.34
RET-000521,ITEM-00022228,ORD-0016592,2023-12-15,Damaged,202.0
RET-000522,ITEM-00013074,ORD-0006631,2022-04-26,Changed Mind,197.1
RET-000523,ITEM-00063000,ORD-0015497,2024-06-20,Changed Mind,407.26
RET-000524,ITEM-00012746,ORD-0011381,2023-02-08,Not as Described,173.28
RET-000525,ITEM-00047099,ORD-0022299,2023-08-22,WrongItem,379.3
RET-000526,ITEM-00026128,ORD-0015275,2022-03-10,Changed Mind,67.8
RET-000527,ITEM-00069821,ORD-0017091,2024-09-19,Late Delivery,14.68
RET-000528,ITEM-00051123,ORD-0007482,2024-09-15,Changed Mind,973.64
RET-000529,ITEM-00001180,ORD-0006615,2022-07-09,WrongItem,471.9
RET-000530,ITEM-00004401,ORD-0011796,2024-09-29,Late Delivery,47.92
RET-000531,ITEM-00009608,ORD-0013139,2025-01-16,Late Delivery,1044.4
RET-000532,ITEM-00001097,ORD-0004590,2024-12-13,Not as Described,952.96
RET-000533,ITEM-00008955,ORD-0004900,2022-10-26,WrongItem,234.8
RET-000534,ITEM-00023794,ORD-0022952,2023-08-26,WrongItem,108.49
RET-000535,ITEM-00023745,ORD-0014686,2024-10-12,Late Delivery,174.54
RET-000536,ITEM-00051456,ORD-0008680,2023-06-07,Not as Described,623.04
RET-000537,ITEM-00052262,ORD-0024788,2022-10-23,WrongItem,77.34
RET-000538,ITEM-00045930,ORD-0011566,2023-02-01,WrongItem,851.24
RET-000539,ITEM-00022204,ORD-0000650,2022-08-07,Damaged,791.7
RET-000540,ITEM-00024126,ORD-0013880,2023-06-04,Changed Mind,407.84
RET-000541,ITEM-00048771,ORD-0004565,2024-03-18,Late Delivery,242.64
RET-000542,ITEM-00069222,ORD-0008552,2024-04-23,Damaged,376.96
RET-000543,ITEM-00008947,ORD-0004015,2022-07-21,WrongItem,232.98
RET-000544,ITEM-00029623,ORD-0006951,2022-03-16,Changed Mind,212.94
RET-000545,ITEM-00060706,ORD-0019515,2024-10-31,WrongItem,345.12
RET-000546,ITEM-00036049,ORD-0024686,2024-06-11,Not as Described,264.4
RET-000547,ITEM-00069873,ORD-0002861,2022-11-22,WrongItem,266.48
RET-000548,ITEM-00042445,ORD-0006152,2023-11-23,Late Delivery,113.79
RET-000549,ITEM-00047422,ORD-0024724,2024-08-10,Late Delivery,107.67
RET-000550,ITEM-00019078,ORD-0007579,2023-07-31,WrongItem,106.0
RET-000551,ITEM-00054013,ORD-0006896,2023-01-28,Damaged,355.6
RET-000552,ITEM-00058008,ORD-0020134,2023-10-20,Changed Mind,51.46
RET-000553,ITEM-00011299,ORD-0023469,2023-01-27,Changed Mind,15.78
RET-000554,ITEM-00018337,ORD-0012705,2023-11-07,WrongItem,80.35
RET-000555,ITEM-00055228,ORD-0004763,2023-06-22,WrongItem,403.44
RET-000556,ITEM-00012962,ORD-0013461,2022-11-27,Damaged,530.36
RET-000557,ITEM-00057118,ORD-0002783,2023-01-20,Damaged,839.08
RET-000558,ITEM-00051021,ORD-0011494,2022-11-14,Damaged,95.44
RET-000559,ITEM-00024011,ORD-0015542,2024-11-03,Not as Described,255.2
RET-000560,ITEM-00057470,ORD-0008994,2024-01-01,Damaged,160.52
RET-000561,ITEM-00036673,ORD-0018725,2022-10-09,Not as Described,149.76
RET-000562,ITEM-00018751,ORD-0024813,2024-02-13,WrongItem,481.7
RET-000563,ITEM-00040809,ORD-0024530,2023-08-12,Changed Mind,53.6
RET-000564,ITEM-00068344,ORD-0008345,2022-07-04,WrongItem,192.77
RET-000565,ITEM-00031979,ORD-0012177,2024-03-23,Late Delivery,44.46
RET-000566,ITEM-00039266,ORD-0019230,2022-07-21,Changed Mind,424.42
RET-000567,ITEM-00044934,ORD-0004259,2024-07-24,Late Delivery,200.25
RET-000568,ITEM-00027687,ORD-0005252,2023-12-13,,587.65
RET-000569,ITEM-00051612,ORD-0022989,2022-03-26,Damaged,224.19
RET-000570,ITEM-00062565,ORD-0006154,2023-04-18,Late Delivery,482.9
RET-000571,ITEM-00018423,ORD-0011748,2022-12-19,Not as Described,905.04
RET-000572,ITEM-00052898,ORD-0009045,2024-12-27,Damaged,493.62
RET-000573,ITEM-00054827,ORD-0004371,2023-10-16,Changed Mind,735.0
RET-000574,ITEM-00025748,ORD-0004322,2023-05-02,WrongItem,197.29
RET-000575,ITEM-00014501,ORD-0005710,2023-07-21,Damaged,77.41
RET-000576,ITEM-00060020,ORD-0016833,2024-02-20,Damaged,186.79
RET-000577,ITEM-00064825,ORD-0007794,2022-07-16,Late Delivery,811.88
RET-000578,ITEM-00021802,ORD-0024876,2024-09-15,WrongItem,540.84
RET-000579,ITEM-00009577,ORD-0023743,2022-04-05,Damaged,150.96
RET-000580,ITEM-00019053,ORD-0010147,2023-01-07,Changed Mind,663.84
RET-000581,ITEM-00002932,ORD-0004584,2022-11-10,Damaged,698.3
RET-000582,ITEM-00045356,ORD-0022346,2024-04-18,WrongItem,169.76
RET-000583,ITEM-00008994,ORD-0014577,2024-04-19,Not as Described,34.08
RET-000584,ITEM-00047378,ORD-0002578,2024-05-10,WrongItem,167.64
RET-000585,ITEM-00027555,ORD-0012327,2024-10-27,Damaged,366.28
RET-000586,ITEM-00055882,ORD-0015219,2023-10-20,Not as Described,248.01
RET-000587,ITEM-00041754,ORD-0019554,2023-07-16,Not as Described,46.62
RET-000588,ITEM-00041508,ORD-0010545,2024-08-18,Damaged,999.25
RET-000589,ITEM-00050373,ORD-0020341,2024-06-30,Damaged,119.34
RET-000590,ITEM-00035736,ORD-0023548,2024-10-30,WrongItem,954.68
RET-000591,ITEM-00004340,ORD-0019928,2023-10-18,Not as Described,11.42
RET-000592,ITEM-00029191,ORD-0015396,2023-06-21,Damaged,280.23
RET-000593,ITEM-00022599,ORD-0011675,2022-06-14,Late Delivery,178.86
RET-000594,ITEM-00037958,ORD-0012689,2022-09-17,Not as Described,65.61
RET-000595,ITEM-00020575,ORD-0007771,2022-11-05,Late Delivery,32.04
RET-000596,ITEM-00042252,ORD-0017445,2022-05-16,WrongItem,95.62
RET-000597,ITEM-00010619,ORD-0016793,2023-12-14,Not as Described,807.08
RET-000598,ITEM-00017682,ORD-0012609,2024-03-03,WrongItem,134.58
RET-000599,ITEM-00019507,ORD-0006638,2024-11-12,WrongItem,421.8
RET-000600,ITEM-00069315,ORD-0021128,2023-03-01,Damaged,115.15
RET-000601,ITEM-00029874,ORD-0008535,2022-11-29,WrongItem,157.22
RET-000602,ITEM-00026866,ORD-0024141,2022-02-05,Damaged,287.4
RET-000603,ITEM-00019907,ORD-0020006,2024-12-25,Damaged,333.56
RET-000604,ITEM-00057187,ORD-0010180,2024-07-01,WrongItem,146.05
RET-000605,ITEM-00062534,ORD-0019258,2024-11-20,WrongItem,47.91
RET-000606,ITEM-00066400,ORD-0012180,2023-01-03,Changed Mind,409.26
RET-000607,ITEM-00003050,ORD-0013472,2022-06-27,Changed Mind,130.85
RET-000608,ITEM-00061339,ORD-0009191,2022-06-16,Damaged,218.34
RET-000609,ITEM-00062172,ORD-0024866,2023-11-04,Damaged,51.52
RET-000610,ITEM-00023694,ORD-0016917,2024-05-07,Changed Mind,161.32
RET-000611,ITEM-00068838,ORD-0000574,2024-04-07,Late Delivery,989.2
RET-000612,ITEM-00037927,ORD-0008229,2025-01-10,Not as Described,775.05
RET-000613,ITEM-00030425,ORD-0013328,2024-12-06,Late Delivery,633.5
RET-000614,ITEM-00037148,ORD-0020596,2022-03-27,WrongItem,450.69
RET-000615,ITEM-00032234,ORD-0024912,2024-10-09,Damaged,156.56
RET-000616,ITEM-00023632,ORD-0020376,2024-06-19,Damaged,208.24
RET-000617,ITEM-00046645,ORD-0003971,2022-02-20,WrongItem,838.75
RET-000618,ITEM-00011010,ORD-0016462,2023-01-27,Changed Mind,459.04
RET-000619,ITEM-00047657,ORD-0024076,2022-10-15,Damaged,575.8
RET-000620,ITEM-00023154,ORD-0024043,2024-10-21,Not as Described,663.7
RET-000621,ITEM-00003046,ORD-0006930,2023-08-10,Not as Described,452.76
RET-000622,ITEM-00066933,ORD-0013822,2023-01-31,Damaged,206.95
RET-000623,ITEM-00027324,ORD-0006369,2022-10-10,WrongItem,179.82
RET-000624,ITEM-00058842,ORD-0013624,2024-07-25,Changed Mind,8.16
RET-000625,ITEM-00023547,ORD-0022416,2024-03-15,Not as Described,124.52
RET-000626,ITEM-00007586,ORD-0015397,2023-08-28,Not as Described,321.48
RET-000627,ITEM-00018810,ORD-0005656,2025-01-11,Changed Mind,322.04
RET-000628,ITEM-00010292,ORD-0015257,2025-02-03,Not as Described,1007.95
RET-000629,ITEM-00041030,ORD-0010233,2023-10-15,Late Delivery,128.49
RET-000630,ITEM-00069485,ORD-0017696,2023-01-31,Damaged,374.52
RET-000631,ITEM-00068488,ORD-0020375,2024-09-25,Late Delivery,366.64
RET-000632,ITEM-00026852,ORD-0011293,2022-12-16,Changed Mind,191.56
RET-000633,ITEM-00058082,ORD-0018343,2024-04-03,Late Delivery,890.0
RET-000634,ITEM-00027414,ORD-0006180,2022-09-14,Not as Described,8.15
RET-000635,ITEM-00009462,ORD-0000607,2023-12-24,Late Delivery,-359.44
RET-000636,ITEM-00038726,ORD-0022474,2023-05-26,Changed Mind,185.32
RET-000637,ITEM-00044490,ORD-0007686,2023-12-26,Late Delivery,299.2
RET-000638,ITEM-00053745,,2023-11-23,Not as Described,60.05
RET-000639,ITEM-00002659,ORD-0013146,2025-01-29,Changed Mind,88.2
RET-000640,ITEM-00052360,ORD-0020488,2022-09-03,WrongItem,243.99
RET-000641,ITEM-00016051,ORD-0015206,2023-06-11,WrongItem,802.92
RET-000642,ITEM-00033834,ORD-0015099,2022-10-29,Not as Described,295.82
RET-000643,ITEM-00030155,ORD-0017147,2023-04-08,Changed Mind,207.45
RET-000644,ITEM-00046932,ORD-0020450,2024-06-10,Changed Mind,139.12
RET-000645,ITEM-00039937,ORD-0006747,2023-07-01,Damaged,459.42
RET-000646,ITEM-00044614,ORD-0010369,2023-05-14,Damaged,236.24
RET-000647,ITEM-00016525,ORD-0011062,2024-07-31,Changed Mind,279.06
RET-000648,ITEM-00026344,ORD-0010154,2023-06-26,Not as Described,162.72
RET-000649,ITEM-00037079,ORD-0024395,2023-12-23,Damaged,235.64
RET-000650,ITEM-00030809,ORD-0009693,2023-06-17,WrongItem,699.95
RET-000651,ITEM-00037724,ORD-0001917,2022-08-18,WrongItem,699.88
RET-000652,ITEM-00004435,ORD-0022964,2024-06-15,Changed Mind,403.8
RET-000653,ITEM-00000585,ORD-0015721,2022-03-07,WrongItem,550.8
RET-000654,ITEM-00019910,ORD-0020557,2022-02-13,WrongItem,1154.4
RET-000655,ITEM-00043940,ORD-0018890,2024-06-16,Not as Described,124.2
RET-000656,ITEM-00069503,ORD-0004831,2022-09-27,Changed Mind,466.24
RET-000657,ITEM-00008985,ORD-0022589,2023-09-15,Changed Mind,737.56
RET-000658,ITEM-00013713,ORD-0001640,2024-10-25,Not as Described,684.8
RET-000659,ITEM-00050921,ORD-0015944,2024-06-07,WrongItem,11.95
RET-000660,ITEM-00022542,ORD-0005484,2024-06-06,Changed Mind,928.15
RET-000661,ITEM-00050464,ORD-0015740,2022-01-09,Changed Mind,782.6
RET-000662,ITEM-00028981,ORD-0021100,2023-12-16,Not as Described,411.02
RET-000663,ITEM-00066861,ORD-0011400,2023-10-26,WrongItem,648.6
RET-000664,ITEM-00054048,ORD-0001093,2024-09-14,Changed Mind,651.21
RET-000665,ITEM-00017732,ORD-0003833,2022-04-05,Damaged,437.44
RET-000666,ITEM-00007290,ORD-0021044,2022-10-03,Late Delivery,115.4
RET-000667,ITEM-00015354,ORD-0016276,2023-07-15,Damaged,16.72
RET-000668,ITEM-00036444,ORD-0012563,2023-07-01,Damaged,717.0
RET-000669,ITEM-00063928,ORD-0014097,2024-09-30,WrongItem,93.91
RET-000670,ITEM-00064300,ORD-0024441,2022-10-09,Not as Described,286.1
RET-000671,ITEM-00063278,ORD-0006242,2023-04-17,Damaged,7.63
RET-000672,ITEM-00015161,ORD-0006336,2024-02-08,Damaged,936.84
RET-000673,ITEM-00018210,ORD-0024060,2024-10-12,Not as Described,140.24
RET-000674,ITEM-00049789,ORD-0008142,2023-12-02,Changed Mind,641.16
RET-000675,ITEM-00016217,ORD-0000994,2022-05-13,Damaged,1057.4
RET-000676,ITEM-00010211,ORD-0016755,2023-06-07,Late Delivery,157.09
RET-000677,ITEM-00006551,ORD-0021952,2023-11-19,Not as Described,170.74
RET-000678,ITEM-00039467,ORD-0000960,2022-05-24,Not as Described,124.14
RET-000679,ITEM-00030071,ORD-0011643,2022-05-03,Not as Described,254.44
RET-000680,ITEM-00024868,ORD-0008823,2023-01-08,WrongItem,186.86
RET-000681,ITEM-00024740,ORD-0021566,2023-06-08,WrongItem,184.6
RET-000682,ITEM-00044508,ORD-0010508,2022-12-26,WrongItem,106.24
RET-000683,ITEM-00046902,ORD-0021262,2023-08-03,WrongItem,588.04
RET-000684,ITEM-00031961,ORD-0015772,2024-02-02,Damaged,706.52
RET-000685,ITEM-00058247,ORD-0005595,2023-03-03,Not as Described,439.84
RET-000686,ITEM-00013424,ORD-0015205,2023-05-18,Damaged,466.54
RET-000687,ITEM-00035491,ORD-0022184,2022-02-19,Changed Mind,170.9
RET-000688,ITEM-00062389,ORD-0013523,2024-11-18,Changed Mind,840.4
RET-000689,ITEM-00032579,ORD-0007028,2024-01-17,Damaged,590.24
RET-000690,ITEM-00000517,ORD-0018071,2023-08-24,Changed Mind,675.48
RET-000691,ITEM-00064238,ORD-0013495,2022-02-06,WrongItem,301.86
RET-000692,ITEM-00053517,ORD-0008566,2022-10-12,Not as Described,584.84
RET-000693,ITEM-00032931,ORD-0014270,2023-07-19,Changed Mind,272.34
RET-000694,ITEM-00009355,ORD-0013288,2024-01-04,Damaged,499.44
RET-000695,ITEM-00066052,ORD-0021881,2023-08-08,Damaged,716.61
RET-000696,ITEM-00052481,ORD-0024966,2022-07-30,Changed Mind,1040.6
RET-000697,ITEM-00006318,ORD-0006084,2022-05-04,Damaged,696.8
RET-000698,ITEM-00031026,ORD-0021718,2022-12-20,Changed Mind,59.13
RET-000699,ITEM-00041237,ORD-0000061,2024-07-12,Not as Described,476.45
RET-000700,ITEM-00058583,ORD-0008212,2022-11-06,Changed Mind,1187.85
RET-000701,ITEM-00048053,ORD-0004626,2022-11-27,Damaged,353.85
RET-000702,ITEM-00022770,ORD-0019201,2022-10-31,Damaged,346.6
RET-000703,ITEM-00053614,ORD-0022441,2023-04-26,Late Delivery,366.02
RET-000704,ITEM-00040723,ORD-0014364,2024-08-30,Damaged,897.8
RET-000705,ITEM-00008377,ORD-0007501,2023-11-05,WrongItem,313.0
RET-000706,ITEM-00046367,ORD-0011388,2024-11-13,WrongItem,709.95
RET-000707,ITEM-00013861,ORD-0023137,2023-05-01,Late Delivery,116.38
RET-000708,ITEM-00009676,ORD-0023137,2023-04-24,Damaged,14.36
RET-000709,ITEM-00028233,ORD-0008461,2023-07-01,Late Delivery,82.68
RET-000710,ITEM-00040934,ORD-0015795,2024-08-05,Damaged,451.05
RET-000711,ITEM-00013610,ORD-0024128,2022-05-01,Damaged,563.13
RET-000712,ITEM-00010004,ORD-0009387,2024-03-02,Not as Described,434.54
RET-000713,ITEM-00026526,ORD-0000907,2024-06-30,Not as Described,388.8
RET-000714,ITEM-00064210,ORD-0008970,2022-03-01,Late Delivery,132.76
RET-000715,ITEM-00000311,ORD-0008295,2023-07-08,WrongItem,309.78
RET-000716,ITEM-00065475,ORD-0002973,2024-01-17,Not as Described,24.9
RET-000717,ITEM-00053017,ORD-0011766,2022-02-26,Changed Mind,223.05
RET-000718,ITEM-00064330,ORD-0015349,2024-09-18,Damaged,946.16
RET-000719,ITEM-00035168,ORD-0005074,2023-05-20,Changed Mind,161.65
RET-000720,ITEM-00002140,ORD-0015969,2023-07-17,Damaged,5.81
RET-000721,ITEM-00026429,ORD-0004852,2022-07-03,Late Delivery,852.95
RET-000722,ITEM-00058300,ORD-0001312,2023-10-20,Late Delivery,981.32
RET-000723,ITEM-00017779,ORD-0006021,2022-12-01,Late Delivery,677.94
RET-000724,ITEM-00007574,ORD-0011276,2024-03-24,WrongItem,154.26
RET-000725,ITEM-00049100,ORD-0022287,2024-09-09,WrongItem,111.82
RET-000726,ITEM-00011860,ORD-0023232,2022-03-12,Damaged,73.14
RET-000727,ITEM-00054484,ORD-0022239,2023-08-27,Changed Mind,456.88
RET-000728,ITEM-00007420,ORD-0005708,2023-01-08,Changed Mind,737.9
RET-000729,ITEM-00054317,ORD-0008576,2024-01-02,Changed Mind,283.72
RET-000730,ITEM-00013136,ORD-0008968,2023-03-07,WrongItem,215.92
RET-000731,ITEM-00068976,ORD-0013473,2022-03-11,WrongItem,764.52
RET-000732,ITEM-00056674,ORD-0019162,2023-11-03,Not as Described,170.46
RET-000733,ITEM-00059323,ORD-0018414,2023-07-20,Changed Mind,80.6
RET-000734,ITEM-00064837,ORD-0011063,2024-10-09,Changed Mind,460.26
RET-000735,ITEM-00028866,ORD-0019265,2024-05-20,WrongItem,293.45
RET-000736,ITEM-00065738,ORD-0018082,2022-06-21,Not as Described,335.64
RET-000737,ITEM-00024433,ORD-0007554,2024-08-02,Damaged,654.42
RET-000738,ITEM-00036426,ORD-0003178,2024-08-14,Damaged,431.76
RET-000739,ITEM-00029650,ORD-0024153,2022-06-09,Damaged,807.0
RET-000740,ITEM-00046867,ORD-0020066,2024-12-24,Not as Described,32.43
RET-000741,ITEM-00022144,ORD-0020420,2022-11-22,Damaged,885.75
RET-000742,ITEM-00001429,ORD-0023325,2023-02-15,WrongItem,147.55
RET-000743,ITEM-00004444,ORD-0021391,2024-02-13,Changed Mind,602.28
RET-000744,ITEM-00066803,ORD-0012996,2023-08-31,Changed Mind,450.48
RET-000745,ITEM-00002191,ORD-0011413,2022-03-30,Late Delivery,135.25
RET-000746,ITEM-00057958,ORD-0002656,2022-10-30,Damaged,79.76
RET-000747,ITEM-00010825,ORD-0007356,2024-03-28,WrongItem,164.08
RET-000748,ITEM-00026127,ORD-0008759,2024-05-05,Changed Mind,52.62
RET-000749,ITEM-00023014,ORD-0015986,2023-01-19,Not as Described,1239.3
RET-000750,ITEM-00063874,ORD-0012858,2022-03-27,WrongItem,156.1
RET-000751,ITEM-00058196,ORD-0015712,2024-06-16,Late Delivery,106.26
RET-000752,ITEM-00061615,ORD-0009271,2023-11-24,Late Delivery,439.66
RET-000753,ITEM-00018117,ORD-0012590,2023-09-19,WrongItem,121.9
RET-000754,ITEM-00026282,ORD-0015259,2023-10-06,Changed Mind,244.47
RET-000755,ITEM-00018059,ORD-0007992,2023-07-07,Damaged,90.41
RET-000756,ITEM-00028817,ORD-0010135,2023-08-07,WrongItem,-370.02
RET-000757,ITEM-00065248,ORD-0018721,2022-06-25,Not as Described,111.65
RET-000758,ITEM-00002591,ORD-0005935,2022-10-22,Not as Described,429.21
RET-000759,ITEM-00065066,ORD-0021278,2024-02-01,WrongItem,403.88
RET-000760,ITEM-00067789,ORD-0000825,2023-06-28,Damaged,363.8
RET-000761,ITEM-00021977,ORD-0013273,2024-04-16,Damaged,148.26
RET-000762,ITEM-00021814,ORD-0009028,2023-01-07,Late Delivery,439.68
RET-000763,ITEM-00030107,ORD-0017911,2022-10-14,Damaged,1001.7
RET-000764,ITEM-00014814,ORD-0003116,2022-07-30,Not as Described,191.12
RET-000765,ITEM-00060523,ORD-0009461,2023-01-07,Damaged,240.57
RET-000766,ITEM-00022492,ORD-0018000,2024-10-01,WrongItem,454.0
RET-000767,ITEM-00056536,ORD-0020323,2023-05-25,WrongItem,472.44
RET-000768,ITEM-00034545,ORD-0018697,2023-08-10,Late Delivery,381.26
RET-000769,ITEM-00064546,ORD-0017974,2024-01-04,Damaged,582.12
RET-000770,ITEM-00061264,ORD-0022450,2024-04-14,Not as Described,37.31
RET-000771,ITEM-00064064,ORD-0007532,2024-07-28,Damaged,119.64
RET-000772,ITEM-00059911,ORD-0001057,2024-10-22,Not as Described,586.92
RET-000773,ITEM-00059058,ORD-0000772,2024-07-18,WrongItem,227.75
RET-000774,ITEM-00033076,ORD-0005572,2024-02-14,Not as Described,621.2
RET-000775,ITEM-00044608,ORD-0007821,2022-05-08,Not as Described,114.54
RET-000776,ITEM-00024622,ORD-0001235,2023-06-25,Damaged,70.54
RET-000777,ITEM-00053812,ORD-0003844,2023-02-15,Changed Mind,568.92
RET-000778,ITEM-00048621,ORD-0013431,2023-04-27,Not as Described,97.76
RET-000779,ITEM-00041842,ORD-0020645,2022-10-06,Damaged,274.32
RET-000780,ITEM-00025227,ORD-0004354,2024-09-16,WrongItem,109.27
RET-000781,ITEM-00033822,ORD-0001948,2024-06-30,WrongItem,60.25
RET-000782,ITEM-00036805,ORD-0020909,2022-03-01,Not as Described,391.15
RET-000783,ITEM-00069697,ORD-0021054,2024-09-10,Not as Described,256.34
RET-000784,ITEM-00068978,ORD-0011338,2024-09-22,WrongItem,33.6
RET-000785,ITEM-00028047,ORD-0013155,2023-02-11,Not as Described,421.4
RET-000786,ITEM-00009498,ORD-0013724,2024-05-21,,215.98
RET-000787,ITEM-00024377,ORD-0010009,2024-03-24,Late Delivery,54.2
RET-000788,ITEM-00022709,ORD-0001679,2022-04-02,Late Delivery,733.92
RET-000789,ITEM-00052332,ORD-0000800,2022-12-01,Late Delivery,100.68
RET-000790,ITEM-00017911,ORD-0007492,2024-11-23,Changed Mind,204.09
RET-000791,ITEM-00044258,ORD-0000429,2024-02-13,Damaged,160.11
RET-000792,ITEM-00019882,ORD-0012777,2022-06-23,Not as Described,492.27
RET-000793,ITEM-00041608,ORD-0014094,2023-09-29,Not as Described,7.55
RET-000794,ITEM-00032447,ORD-0003646,2022-11-20,Late Delivery,1019.75
RET-000795,ITEM-00045718,ORD-0013339,2022-07-02,Damaged,525.32
RET-000796,ITEM-00032003,ORD-0001049,2023-04-25,WrongItem,8.14
RET-000797,ITEM-00056158,ORD-0003210,2024-05-10,Late Delivery,491.64
RET-000798,ITEM-00005205,ORD-0003224,2023-08-01,Not as Described,535.1
RET-000799,ITEM-00017787,ORD-0014633,2022-12-02,Not as Described,33.55
RET-000800,ITEM-00033040,ORD-0014061,2024-03-23,WrongItem,72.0
RET-000801,ITEM-00023493,ORD-0008175,2023-04-07,Damaged,43.97
RET-000802,ITEM-00062968,ORD-0012381,2022-07-05,Late Delivery,99.78
RET-000803,ITEM-00017343,ORD-0008799,2023-01-19,Not as Described,76.44
RET-000804,ITEM-00051004,ORD-0010286,2024-01-07,Changed Mind,23.04
RET-000805,ITEM-00054321,ORD-0006888,2023-12-08,Changed Mind,132.75
RET-000806,ITEM-00054224,ORD-0011230,2022-10-21,Late Delivery,728.1
RET-000807,ITEM-00020113,ORD-0021810,2022-03-26,Damaged,261.3
RET-000808,ITEM-00035316,ORD-0007712,2024-05-09,Damaged,321.16
RET-000809,ITEM-00030243,ORD-0018331,2024-07-21,Damaged,180.99
RET-000810,ITEM-00031151,ORD-0008531,2022-09-14,WrongItem,97.79
RET-000811,ITEM-00012219,ORD-0017994,2024-01-07,Changed Mind,258.51
RET-000812,ITEM-00069120,ORD-0013335,2022-09-28,WrongItem,87.2
RET-000813,ITEM-00036359,ORD-0023828,2024-06-22,Damaged,64.4
RET-000814,ITEM-00035924,ORD-0023978,2023-10-06,Late Delivery,81.92
RET-000815,ITEM-00047242,ORD-0008773,2023-07-19,Damaged,740.72
RET-000816,ITEM-00011565,ORD-0000639,2022-03-04,Not as Described,696.96
RET-000817,ITEM-00017402,ORD-0001874,2022-12-24,Not as Described,157.86
RET-000818,ITEM-00000945,ORD-0022749,2023-06-30,Changed Mind,381.15
RET-000819,ITEM-00052791,ORD-0005902,2022-06-16,WrongItem,45.1
RET-000820,ITEM-00060729,ORD-0004967,2024-07-05,WrongItem,574.98
RET-000821,ITEM-00000995,ORD-0009362,2022-08-24,Late Delivery,398.5
RET-000822,ITEM-00055136,ORD-0018539,2022-05-28,WrongItem,411.16
RET-000823,ITEM-00002377,ORD-0015522,2022-04-03,Not as Described,75.14
RET-000824,ITEM-00047678,ORD-0022320,2024-05-11,WrongItem,799.04
RET-000825,ITEM-00054912,ORD-0009368,2024-07-07,Not as Described,736.29
RET-000826,ITEM-00055154,ORD-0009081,2025-01-29,Late Delivery,787.04
RET-000827,ITEM-00026547,ORD-0024346,2024-08-19,Not as Described,333.18
RET-000828,ITEM-00029873,ORD-0015144,2024-01-15,Not as Described,49.04
RET-000829,ITEM-00001231,ORD-0014203,2022-04-22,Damaged,936.6
RET-000830,ITEM-00037032,ORD-0003568,2022-07-10,Not as Described,713.72
RET-000831,ITEM-00054885,ORD-0004975,2023-06-05,Damaged,479.4
RET-000832,ITEM-00006512,ORD-0019094,2022-08-31,Changed Mind,148.1
RET-000833,ITEM-00031576,ORD-0005385,2022-12-10,Late Delivery,67.14
RET-000834,ITEM-00010468,ORD-0013944,2022-02-26,WrongItem,62.2
RET-000835,ITEM-00025096,ORD-0018802,2022-11-29,Changed Mind,783.3
RET-000836,ITEM-00025789,ORD-0007343,2023-01-11,Not as Described,136.2
RET-000837,ITEM-00046380,ORD-0004079,2024-01-07,Not as Described,730.53
RET-000838,ITEM-00041294,ORD-0013560,2023-05-20,Changed Mind,157.16
RET-000839,ITEM-00031313,ORD-0007148,2022-10-30,WrongItem,426.52
RET-000840,ITEM-00066917,ORD-0007131,2024-07-21,WrongItem,150.52
RET-000841,ITEM-00063892,ORD-0012198,2023-09-12,Late Delivery,381.02
RET-000842,ITEM-00049066,ORD-0005135,2024-05-22,WrongItem,818.45
RET-000843,ITEM-00026510,ORD-0018850,2023-08-04,Damaged,288.65
RET-000844,ITEM-00045104,ORD-0011900,2023-01-27,Not as Described,386.0
RET-000845,ITEM-00045637,ORD-0020216,2022-08-03,Damaged,451.42
RET-000846,ITEM-00012887,ORD-0022739,2022-01-18,Not as Described,113.49
RET-000847,ITEM-00005057,ORD-0014362,2022-03-27,Damaged,82.43
RET-000848,ITEM-00037653,ORD-0013782,2022-11-03,Not as Described,268.6
RET-000849,ITEM-00045219,ORD-0002251,2022-02-18,Damaged,562.8
RET-000850,ITEM-00068953,ORD-0014084,2024-07-21,Damaged,632.3
RET-000851,ITEM-00056795,ORD-0016833,2022-10-12,Not as Described,135.18
RET-000852,ITEM-00063536,ORD-0013933,2024-05-27,Damaged,1000.05
RET-000853,ITEM-00003312,ORD-0002007,2024-02-02,Damaged,189.53
RET-000854,ITEM-00020737,ORD-0007842,2022-01-25,Damaged,258.4
RET-000855,ITEM-00028608,ORD-0023528,2022-03-01,WrongItem,465.0
RET-000856,ITEM-00058995,ORD-0020150,2022-06-04,WrongItem,35.26
RET-000857,ITEM-00048292,ORD-0015492,2024-02-26,Changed Mind,184.96
RET-000858,ITEM-00041199,ORD-0020568,2022-02-24,WrongItem,414.32
RET-000859,ITEM-00056080,ORD-0020238,2023-10-24,Not as Described,752.55
RET-000860,ITEM-00062192,ORD-0004034,2022-12-28,Changed Mind,146.16
RET-000861,ITEM-00018812,ORD-0005706,2023-10-24,Changed Mind,1215.3
RET-000862,ITEM-00064788,ORD-0011325,2024-03-18,,659.49
RET-000863,ITEM-00064881,ORD-0022899,2023-02-09,WrongItem,404.7
RET-000864,ITEM-00049424,ORD-0003357,2022-12-31,Late Delivery,795.75
RET-000865,ITEM-00031561,ORD-0001372,2024-02-09,Late Delivery,719.2
RET-000866,ITEM-00029904,ORD-0022287,2024-03-26,Damaged,398.12
RET-000867,ITEM-00027212,ORD-0010060,2024-10-09,Not as Described,95.97
RET-000868,ITEM-00033184,ORD-0004246,2023-05-31,WrongItem,85.89
RET-000869,ITEM-00024310,ORD-0022213,2023-06-03,Changed Mind,49.95
RET-000870,ITEM-00029459,ORD-0013284,2024-12-04,WrongItem,600.27
RET-000871,ITEM-00030011,ORD-0002542,2024-08-31,Changed Mind,90.54
RET-000872,ITEM-00058106,ORD-0013930,2023-08-05,Late Delivery,632.3
RET-000873,ITEM-00008182,ORD-0010525,2022-05-26,Late Delivery,168.16
RET-000874,ITEM-00015931,ORD-0015479,2023-08-31,WrongItem,637.76
RET-000875,ITEM-00000681,ORD-0003657,2024-04-23,Not as Described,137.89
RET-000876,ITEM-00031189,ORD-0018317,2023-04-27,WrongItem,25.55
RET-000877,ITEM-00062935,ORD-0018587,2022-12-15,WrongItem,531.5
RET-000878,ITEM-00033787,ORD-0005133,2024-03-22,WrongItem,93.28
RET-000879,ITEM-00035903,ORD-0000375,2024-07-16,Damaged,701.31
RET-000880,ITEM-00050176,ORD-0019877,2022-06-28,Changed Mind,28.16
RET-000881,ITEM-00003175,ORD-0016139,2022-05-11,WrongItem,699.96
RET-000882,ITEM-00027360,ORD-0018097,2022-05-01,Late Delivery,50.94
RET-000883,ITEM-00043030,ORD-0009909,2024-05-18,WrongItem,194.24
RET-000884,ITEM-00057084,ORD-0017359,2024-05-05,Not as Described,53.76
RET-000885,ITEM-00026125,ORD-0001834,2023-08-22,Changed Mind,144.78
RET-000886,ITEM-00013585,ORD-0000239,2024-05-01,Damaged,593.07
RET-000887,ITEM-00008143,ORD-0012498,2022-12-10,Late Delivery,70.8
RET-000888,ITEM-00029479,ORD-0006711,2024-08-01,Changed Mind,398.04
RET-000889,ITEM-00027040,ORD-0002470,2022-05-03,Late Delivery,1113.5
RET-000890,ITEM-00058175,ORD-0013691,2022-06-06,WrongItem,228.42
RET-000891,ITEM-00047134,ORD-0018572,2024-06-21,WrongItem,807.0
RET-000892,ITEM-00031818,ORD-0001959,2024-10-19,Not as Described,228.15
RET-000893,ITEM-00064500,ORD-0017891,2023-10-10,Late Delivery,689.32
RET-000894,ITEM-00044923,ORD-0024934,2024-07-16,Late Delivery,23.64
RET-000895,ITEM-00003336,ORD-0010447,2023-12-09,Not as Described,196.77
RET-000896,ITEM-00055449,ORD-0021743,2024-06-26,Late Delivery,191.15
RET-000897,ITEM-00035181,ORD-0006225,2023-11-29,Damaged,672.45
RET-000898,ITEM-00008478,ORD-0020002,2022-12-25,Damaged,213.59
RET-000899,ITEM-00011551,ORD-0002712,2023-07-01,Damaged,29.14
RET-000900,ITEM-00049627,ORD-0001982,2023-08-08,Changed Mind,583.35
RET-000901,ITEM-00040719,ORD-0016514,2024-02-22,WrongItem,266.84
RET-000902,ITEM-00045484,ORD-0008148,2022-07-10,Not as Described,420.26
RET-000903,ITEM-00066751,ORD-0021828,2024-05-17,Changed Mind,69.5
RET-000904,ITEM-00050279,ORD-0015042,2024-05-31,Late Delivery,113.88
RET-000905,ITEM-00029811,ORD-0009235,2025-01-10,Late Delivery,416.8
RET-000906,ITEM-00066715,ORD-0004732,2022-10-06,Not as Described,450.2
RET-000907,ITEM-00023223,ORD-0019485,2024-08-22,WrongItem,279.52
RET-000908,ITEM-00017353,ORD-0023992,2024-01-03,Late Delivery,432.64
RET-000909,ITEM-00056914,ORD-0023013,2023-11-28,Damaged,54.58
RET-000910,ITEM-00001271,ORD-0012741,2023-12-16,Not as Described,967.76
RET-000911,ITEM-00010094,ORD-0009084,2024-09-04,WrongItem,584.9
RET-000912,ITEM-00049366,ORD-0000308,2023-05-19,Not as Described,448.75
RET-000913,ITEM-00062998,ORD-0008125,2024-11-16,Changed Mind,452.08
RET-000914,ITEM-00012924,ORD-0010297,2023-01-26,Damaged,45.13
RET-000915,ITEM-00056186,ORD-0014937,2025-01-06,Late Delivery,49.14
RET-000916,ITEM-00043144,ORD-0018303,2022-06-03,Damaged,128.7
RET-000917,ITEM-00021738,ORD-0004822,2022-12-07,Late Delivery,653.6
RET-000918,ITEM-00048442,ORD-0018687,2022-04-03,WrongItem,25.52
RET-000919,ITEM-00067432,ORD-0004971,2022-04-27,Not as Described,352.2
RET-000920,ITEM-00045075,ORD-0020804,2022-10-06,Not as Described,172.35
RET-000921,ITEM-00036174,ORD-0017078,2024-06-28,Changed Mind,148.35
RET-000922,ITEM-00032599,ORD-0013370,2023-03-05,Not as Described,595.44
RET-000923,ITEM-00022191,ORD-0005298,2022-04-02,Not as Described,272.01
RET-000924,ITEM-00020755,ORD-0007773,2023-06-11,Not as Described,566.19
RET-000925,ITEM-00004186,ORD-0007391,2023-11-11,Damaged,201.84
RET-000926,ITEM-00054910,ORD-0018783,2023-12-13,Damaged,674.55
RET-000927,ITEM-00033464,ORD-0016714,2023-09-21,WrongItem,180.18
RET-000928,ITEM-00034792,ORD-0018190,2024-12-25,Late Delivery,350.88
RET-000929,ITEM-00017496,ORD-0021865,2023-05-28,WrongItem,1036.15
RET-000930,ITEM-00056285,ORD-0015578,2023-12-08,Late Delivery,491.88
RET-000931,ITEM-00031781,ORD-0016873,2022-07-23,Damaged,13.76
RET-000932,ITEM-00022556,ORD-0023741,2024-11-19,Damaged,26.1
RET-000933,ITEM-00069267,ORD-0001927,2022-10-28,WrongItem,280.04
RET-000934,ITEM-00001364,ORD-0010565,2022-05-21,Not as Described,563.52
RET-000935,ITEM-00059361,ORD-0016701,2025-01-22,Changed Mind,106.28
RET-000936,ITEM-00042163,ORD-0021751,2024-07-22,WrongItem,574.75
RET-000937,ITEM-00048103,ORD-0019248,2023-10-20,Changed Mind,65.58
RET-000938,ITEM-00030027,ORD-0004644,2022-12-21,Changed Mind,622.84
RET-000939,ITEM-00053837,ORD-0018354,2023-01-19,Not as Described,162.95
RET-000940,ITEM-00057440,ORD-0011910,2023-04-16,Damaged,129.44
RET-000941,ITEM-00035196,ORD-0017344,2024-04-01,Damaged,1073.05
RET-000942,ITEM-00038813,ORD-0020504,2024-03-19,Changed Mind,496.88
RET-000943,ITEM-00036909,ORD-0008320,2024-01-03,Not as Described,200.53
RET-000944,ITEM-00051901,ORD-0019763,2022-03-31,Changed Mind,238.65
RET-000945,ITEM-00069872,ORD-0020993,2023-02-02,Not as Described,200.84
RET-000946,ITEM-00021294,ORD-0007207,2024-08-15,Not as Described,172.75
RET-000947,ITEM-00005000,ORD-0004129,2024-10-06,Damaged,430.96
RET-000948,ITEM-00057625,ORD-0015793,2024-02-27,Changed Mind,206.72
RET-000949,ITEM-00018780,ORD-0003448,2024-06-29,Late Delivery,398.62
RET-000950,ITEM-00068368,ORD-0022458,2022-05-30,Changed Mind,368.0
RET-000951,ITEM-00063779,ORD-0017296,2022-10-14,Changed Mind,17.26
RET-000952,ITEM-00025688,ORD-0007748,2024-04-21,Damaged,868.7
RET-000953,ITEM-00025069,ORD-0017343,2024-07-30,Damaged,168.75
RET-000954,ITEM-00038096,ORD-0007941,2024-05-30,Late Delivery,44.26
RET-000955,ITEM-00068393,ORD-0022770,2022-08-29,Changed Mind,726.35
RET-000956,ITEM-00005718,ORD-0004506,2023-02-26,Changed Mind,618.33
RET-000957,ITEM-00050308,ORD-0018677,2022-08-10,WrongItem,239.04
RET-000958,ITEM-00061407,ORD-0015879,2024-10-06,Late Delivery,27.51
RET-000959,ITEM-00032108,ORD-0006363,2023-05-16,Changed Mind,146.1
RET-000960,ITEM-00032869,ORD-0005628,2024-11-18,WrongItem,689.52
RET-000961,ITEM-00043319,ORD-0006881,2022-06-07,WrongItem,33.04
RET-000962,ITEM-00067076,ORD-0004264,2022-02-02,WrongItem,201.96
RET-000963,ITEM-00014716,ORD-0013084,2024-06-15,Changed Mind,286.54
RET-000964,ITEM-00046895,ORD-0012812,2022-07-25,Late Delivery,585.0
RET-000965,ITEM-00067598,ORD-0006900,2022-09-03,Not as Described,749.44
RET-000966,ITEM-00012971,ORD-0001577,2024-04-14,Damaged,273.7
RET-000967,ITEM-00061948,ORD-0023161,2023-02-25,WrongItem,-249.25
RET-000968,ITEM-00032564,ORD-0015928,2025-01-10,Damaged,365.25
RET-000969,ITEM-00045059,ORD-0007810,2023-05-13,WrongItem,116.5
RET-000970,ITEM-00060054,ORD-0001711,2023-01-09,WrongItem,298.5
RET-000971,ITEM-00048880,ORD-0023156,2022-10-23,Changed Mind,708.48
RET-000972,ITEM-00062366,ORD-0019740,2023-07-18,Late Delivery,706.38
RET-000973,ITEM-00069547,ORD-0000055,2024-04-20,Damaged,96.85
RET-000974,ITEM-00064214,ORD-0010209,2022-05-07,Changed Mind,756.7
RET-000975,ITEM-00064421,ORD-0001116,2022-03-22,Changed Mind,167.52
RET-000976,ITEM-00009157,ORD-0006473,2022-03-13,Late Delivery,356.25
RET-000977,ITEM-00050034,ORD-0018917,2024-02-18,Not as Described,66.3
RET-000978,ITEM-00033141,ORD-0005901,2023-08-21,WrongItem,93.64
RET-000979,ITEM-00061298,ORD-0012086,2023-04-01,Not as Described,725.2
RET-000980,ITEM-00015675,ORD-0006846,2023-07-02,WrongItem,381.88
RET-000981,ITEM-00047731,ORD-0005550,2022-03-30,Late Delivery,102.4
RET-000982,ITEM-00051835,ORD-0023716,2024-04-24,Changed Mind,-904.32
RET-000983,ITEM-00043672,ORD-0002796,2024-10-24,Late Delivery,44.4
RET-000984,ITEM-00037372,ORD-0018315,2023-03-09,Not as Described,392.84
RET-000985,ITEM-00064369,ORD-0005161,2023-07-18,Late Delivery,129.56
RET-000986,ITEM-00057525,ORD-0012992,2024-01-23,Changed Mind,217.05
RET-000987,ITEM-00059220,ORD-0008867,2023-05-07,Changed Mind,169.84
RET-000988,ITEM-00062407,ORD-0012250,2024-03-09,Not as Described,102.83
RET-000989,ITEM-00001552,ORD-0006901,2025-01-25,WrongItem,100.08
RET-000990,ITEM-00005376,ORD-0009339,2022-03-16,WrongItem,262.84
RET-000991,ITEM-00020923,ORD-0011768,2023-05-14,WrongItem,27.05
RET-000992,ITEM-00024936,ORD-0005003,2022-01-25,Damaged,629.52
RET-000993,ITEM-00000508,ORD-0012164,2023-01-09,WrongItem,587.15
RET-000994,ITEM-00004886,ORD-0015597,2023-04-04,Damaged,229.88
RET-000995,ITEM-00013480,ORD-0002546,2023-06-07,WrongItem,47.1
RET-000996,ITEM-00011833,ORD-0005672,2023-11-22,Damaged,230.0
RET-000997,ITEM-00035929,ORD-0017809,2023-02-04,Not as Described,87.74
RET-000998,ITEM-00031098,ORD-0005758,2023-02-08,Damaged,47.56
RET-000999,ITEM-00040491,ORD-0004793,2023-02-01,Changed Mind,173.58
RET-001000,ITEM-00000199,ORD-0019270,2024-08-19,Not as Described,139.04
RET-001001,ITEM-00055723,ORD-0011825,2023-09-06,Not as Described,1167.2
RET-001002,ITEM-00038765,ORD-0005671,2024-07-18,Changed Mind,221.88
RET-001003,ITEM-00032147,ORD-0010314,2024-08-18,WrongItem,192.32
RET-001004,ITEM-00040034,ORD-0016007,2022-05-29,Late Delivery,703.17
RET-001005,ITEM-00009311,ORD-0001578,2024-03-01,Changed Mind,92.47
RET-001006,ITEM-00043605,ORD-0003844,2024-06-12,WrongItem,219.0
RET-001007,ITEM-00016651,ORD-0022048,2024-01-31,WrongItem,480.12
RET-001008,ITEM-00036147,ORD-0006485,2022-01-28,Changed Mind,500.2
RET-001009,ITEM-00025049,ORD-0020741,2023-06-11,Late Delivery,391.86
RET-001010,ITEM-00004681,ORD-0010572,2024-08-14,Changed Mind,640.7
RET-001011,ITEM-00037210,ORD-0012860,2024-12-11,WrongItem,1011.6
RET-001012,ITEM-00064092,ORD-0009224,2023-01-26,Changed Mind,306.27
RET-001013,ITEM-00009389,ORD-0015046,2022-06-18,WrongItem,83.2
RET-001014,ITEM-00033728,ORD-0001124,2022-12-14,Changed Mind,334.83
RET-001015,ITEM-00049391,ORD-0009705,2022-05-04,Damaged,270.82
RET-001016,ITEM-00044205,ORD-0014208,2022-05-29,Late Delivery,325.32
RET-001017,ITEM-00068611,ORD-0020106,2024-07-24,Changed Mind,547.52
RET-001018,ITEM-00030423,ORD-0006342,2024-02-09,Not as Described,490.24
RET-001019,ITEM-00011411,ORD-0010181,2024-12-29,Changed Mind,565.2
RET-001020,ITEM-00055643,ORD-0019194,2023-01-09,Late Delivery,207.72
RET-001021,ITEM-00016359,ORD-0001744,2023-12-13,Not as Described,183.2
RET-001022,ITEM-00024635,ORD-0011148,2022-11-08,Late Delivery,794.4
RET-001023,ITEM-00045136,ORD-0014704,2025-01-16,Late Delivery,98.62
RET-001024,ITEM-00050220,ORD-0017183,2022-10-11,Late Delivery,424.36
RET-001025,ITEM-00059233,ORD-0019203,2024-03-07,WrongItem,177.72
RET-001026,ITEM-00063773,ORD-0010363,2023-04-09,Changed Mind,120.86
RET-001027,ITEM-00014967,ORD-0012962,2022-06-29,Damaged,918.4
RET-001028,ITEM-00030271,ORD-0003375,2024-08-21,Changed Mind,456.6
RET-001029,ITEM-00049980,ORD-0002611,2023-06-03,Damaged,139.36
RET-001030,ITEM-00038198,ORD-0019526,2023-03-23,Not as Described,233.67
RET-001031,ITEM-00051883,ORD-0014919,2023-07-09,Not as Described,579.81
RET-001032,ITEM-00055827,ORD-0022878,2024-07-10,WrongItem,270.02
RET-001033,ITEM-00031184,ORD-0023834,2023-07-15,Late Delivery,197.46
RET-001034,ITEM-00007431,ORD-0009286,2022-05-31,Late Delivery,13.2
RET-001035,ITEM-00038458,ORD-0014809,2022-08-16,Late Delivery,339.44
RET-001036,ITEM-00020775,ORD-0010248,2023-04-18,Damaged,510.24
RET-001037,ITEM-00027735,ORD-0010178,2024-02-29,Changed Mind,1064.55
RET-001038,ITEM-00055655,ORD-0012758,2024-06-25,,894.72
RET-001039,ITEM-00060119,ORD-0000778,2023-01-12,Late Delivery,112.34
RET-001040,ITEM-00008677,ORD-0021764,2022-05-10,Damaged,126.39
RET-001041,ITEM-00045500,ORD-0001505,2024-08-28,Damaged,78.88
RET-001042,ITEM-00041890,ORD-0021425,2023-02-25,Changed Mind,36.26
RET-001043,ITEM-00054310,ORD-0008216,2023-03-05,Changed Mind,496.45
RET-001044,ITEM-00042052,ORD-0010307,2023-04-23,Changed Mind,153.21
RET-001045,ITEM-00067064,ORD-0020955,2024-10-20,Late Delivery,205.0
RET-001046,ITEM-00038519,ORD-0023838,2024-07-23,Changed Mind,927.92
RET-001047,ITEM-00030877,ORD-0004626,2024-05-09,Changed Mind,348.72
RET-001048,ITEM-00066648,ORD-0024806,2025-03-21,Damaged,544.48
RET-001049,ITEM-00049116,ORD-0017910,2024-08-13,Damaged,669.03
RET-001050,ITEM-00029323,ORD-0003101,2023-01-10,Damaged,236.71
RET-001051,ITEM-00035919,ORD-0006869,2022-09-28,WrongItem,1231.3
RET-001052,ITEM-00035588,ORD-0024629,2023-12-23,Not as Described,484.25
RET-001053,ITEM-00050839,ORD-0000452,2022-07-21,Late Delivery,141.52
RET-001054,ITEM-00014891,ORD-0002686,2024-11-04,Damaged,210.24
RET-001055,ITEM-00026970,ORD-0021189,2024-06-05,Late Delivery,210.64
RET-001056,ITEM-00025668,ORD-0017813,2024-02-15,Changed Mind,886.6
RET-001057,ITEM-00056088,ORD-0020050,2024-09-29,Late Delivery,42.45
RET-001058,ITEM-00020424,ORD-0015744,2023-05-08,WrongItem,708.6
RET-001059,ITEM-00035421,ORD-0001552,2024-11-06,Changed Mind,460.32
RET-001060,ITEM-00006617,ORD-0010187,2023-09-02,Late Delivery,34.76
RET-001061,ITEM-00037827,ORD-0004627,2022-04-07,Late Delivery,123.6
RET-001062,ITEM-00065456,ORD-0023313,2022-06-07,Damaged,278.78
RET-001063,ITEM-00066890,ORD-0002092,2022-04-16,Damaged,262.26
RET-001064,ITEM-00002059,ORD-0000943,2022-12-05,Changed Mind,315.18
RET-001065,ITEM-00007093,ORD-0012322,2023-03-19,Damaged,100.34
RET-001066,ITEM-00059210,ORD-0020772,2023-04-13,WrongItem,336.99
RET-001067,ITEM-00062133,ORD-0017556,2023-04-12,Late Delivery,699.99
RET-001068,ITEM-00068724,ORD-0014114,2024-07-24,WrongItem,437.18
RET-001069,ITEM-00018451,ORD-0022090,2022-04-17,Late Delivery,155.84
RET-001070,ITEM-00014121,ORD-0007131,2023-02-05,Damaged,94.26
RET-001071,ITEM-00045669,ORD-0018257,2023-08-18,Changed Mind,97.26
RET-001072,ITEM-00056420,ORD-0020260,2024-01-24,Changed Mind,973.72
RET-001073,ITEM-00067944,ORD-0007150,2023-09-19,Late Delivery,360.27
RET-001074,ITEM-00049542,ORD-0005776,2023-07-28,Changed Mind,698.7
RET-001075,ITEM-00028159,ORD-0008265,2024-03-21,Not as Described,702.36
RET-001076,ITEM-00059860,ORD-0022637,2023-10-28,Changed Mind,18.9
RET-001077,ITEM-00056192,ORD-0004174,2023-02-28,Changed Mind,680.58
RET-001078,ITEM-00003666,ORD-0017372,2023-01-31,Damaged,236.78
RET-001079,ITEM-00055518,ORD-0012265,2023-12-25,Not as Described,61.6
RET-001080,ITEM-00042193,ORD-0018246,2024-11-02,WrongItem,499.92
RET-001081,ITEM-00061659,ORD-0004392,2022-08-27,Not as Described,20.27
RET-001082,ITEM-00027112,ORD-0013665,2022-04-13,Not as Described,418.0
RET-001083,ITEM-00001323,ORD-0006843,2024-03-20,Not as Described,580.6
RET-001084,ITEM-00035592,ORD-0004735,2022-02-02,WrongItem,197.8
RET-001085,ITEM-00019049,ORD-0009979,2022-04-27,Not as Described,255.52
RET-001086,ITEM-00068945,ORD-0014365,2023-06-26,Changed Mind,128.21
RET-001087,ITEM-00011233,ORD-0000212,2024-12-12,WrongItem,205.14
RET-001088,ITEM-00034554,ORD-0017838,2024-07-16,Late Delivery,649.05
RET-001089,ITEM-00021108,ORD-0022045,2024-12-03,,480.18
RET-001090,ITEM-00055236,ORD-0001569,2023-06-19,Changed Mind,45.35
RET-001091,ITEM-00069030,ORD-0013960,2023-05-12,WrongItem,200.53
RET-001092,ITEM-00057627,ORD-0002569,2024-07-11,Not as Described,494.8
RET-001093,ITEM-00008801,ORD-0019989,2023-02-28,Changed Mind,213.32
RET-001094,ITEM-00000857,ORD-0002229,2022-01-22,Damaged,593.0
RET-001095,ITEM-00044476,ORD-0006038,2023-12-22,Damaged,152.36
RET-001096,ITEM-00009649,ORD-0007045,2024-11-28,WrongItem,446.74
RET-001097,ITEM-00001610,ORD-0024036,2024-03-10,Changed Mind,230.58
RET-001098,ITEM-00056866,ORD-0020384,2023-04-06,Changed Mind,63.18
RET-001099,ITEM-00022303,ORD-0003227,2022-10-25,Damaged,868.75
RET-001100,ITEM-00020072,ORD-0020401,2024-09-13,Changed Mind,406.62
RET-001101,ITEM-00068055,ORD-0012381,2024-05-27,Damaged,357.85
RET-001102,ITEM-00044154,ORD-0015764,2023-02-01,Changed Mind,79.1
RET-001103,ITEM-00065024,ORD-0016745,2024-07-04,Damaged,97.99
RET-001104,ITEM-00014947,ORD-0016945,2023-09-07,Damaged,261.76
RET-001105,ITEM-00049562,ORD-0009283,2022-06-19,Not as Described,35.66
RET-001106,ITEM-00040931,ORD-0008747,2024-09-13,Changed Mind,413.61
RET-001107,ITEM-00018566,ORD-0001118,2023-10-22,WrongItem,262.3
RET-001108,ITEM-00017518,ORD-0022051,2024-05-20,Not as Described,178.92
RET-001109,ITEM-00001762,ORD-0020900,2022-04-03,Late Delivery,1019.55
RET-001110,ITEM-00001450,ORD-0020690,2022-09-14,Damaged,753.32
RET-001111,ITEM-00065368,ORD-0009390,2024-04-22,Not as Described,838.25
RET-001112,ITEM-00013270,ORD-0003455,2023-07-07,Damaged,282.0
RET-001113,ITEM-00006869,ORD-0015893,2022-12-22,Changed Mind,858.0
RET-001114,ITEM-00003195,ORD-0003689,2024-07-19,Damaged,284.97
RET-001115,ITEM-00019881,ORD-0002016,2023-04-06,Changed Mind,67.12
RET-001116,ITEM-00045388,ORD-0002118,2023-11-17,Not as Described,955.36
RET-001117,ITEM-00067369,ORD-0003834,2024-11-15,Damaged,56.55
RET-001118,ITEM-00028965,ORD-0003894,2024-11-04,Late Delivery,35.2
RET-001119,ITEM-00044351,ORD-0007330,2022-08-09,Changed Mind,142.44
RET-001120,ITEM-00003322,ORD-0012583,2023-03-21,Late Delivery,163.55
RET-001121,ITEM-00035146,ORD-0001221,2024-04-07,Late Delivery,401.56
RET-001122,ITEM-00001079,ORD-0011116,2023-07-11,WrongItem,434.49
RET-001123,ITEM-00009782,ORD-0015822,2024-02-19,WrongItem,116.23
RET-001124,ITEM-00014295,ORD-0024192,2024-04-17,Late Delivery,263.67
RET-001125,ITEM-00022465,ORD-0016707,2022-11-26,Not as Described,109.5
RET-001126,ITEM-00069981,ORD-0007592,2022-12-31,Changed Mind,92.7
RET-001127,ITEM-00053546,ORD-0003567,2024-01-08,Changed Mind,869.2
RET-001128,ITEM-00048665,ORD-0024447,2022-12-27,Late Delivery,223.52
RET-001129,ITEM-00039587,ORD-0018762,2022-03-29,Damaged,376.84
RET-001130,ITEM-00058556,ORD-0006830,2024-06-25,Late Delivery,709.04
RET-001131,ITEM-00065748,ORD-0010249,2022-11-17,WrongItem,565.2
RET-001132,ITEM-00001088,ORD-0011968,2024-03-22,WrongItem,646.52
RET-001133,ITEM-00055709,ORD-0001071,2023-06-12,WrongItem,505.15
RET-001134,ITEM-00068493,ORD-0006754,2024-11-06,Changed Mind,300.42
RET-001135,ITEM-00011105,ORD-0003352,2024-05-04,WrongItem,18.7
RET-001136,ITEM-00064025,ORD-0016227,2022-07-08,Late Delivery,760.45
RET-001137,ITEM-00017981,ORD-0004458,2022-09-12,,237.47
RET-001138,ITEM-00001407,ORD-0013926,2023-11-21,Damaged,134.56
RET-001139,ITEM-00051722,ORD-0012339,2023-02-28,Changed Mind,713.64
RET-001140,ITEM-00017282,ORD-0007742,2022-05-24,Late Delivery,199.25
RET-001141,ITEM-00026019,ORD-0003080,2024-11-22,Late Delivery,1230.9
RET-001142,ITEM-00064464,ORD-0008711,2022-10-18,Late Delivery,712.95
RET-001143,ITEM-00046144,ORD-0015879,2024-03-06,Damaged,389.35
RET-001144,ITEM-00032258,ORD-0009901,2024-09-01,Not as Described,49.34
RET-001145,ITEM-00038261,ORD-0018392,2023-08-10,Late Delivery,797.2
RET-001146,ITEM-00010848,ORD-0017338,2022-11-11,Not as Described,81.69
RET-001147,ITEM-00060628,ORD-0014611,2024-08-24,Not as Described,289.35
RET-001148,ITEM-00010776,ORD-0009782,2025-02-04,Damaged,997.24
RET-001149,ITEM-00024517,ORD-0015998,2023-09-20,Not as Described,474.6
RET-001150,ITEM-00037466,ORD-0020961,2023-04-14,WrongItem,587.65
RET-001151,ITEM-00024658,ORD-0004156,2023-08-05,WrongItem,68.55
RET-001152,ITEM-00034835,ORD-0017800,2024-05-29,WrongItem,518.8
RET-001153,ITEM-00000863,ORD-0023922,2023-11-17,Not as Described,214.45
RET-001154,ITEM-00053209,ORD-0007607,2023-05-31,Late Delivery,13.77
RET-001155,ITEM-00066636,ORD-0019963,2022-05-18,Late Delivery,50.05
RET-001156,ITEM-00037476,ORD-0004317,2022-12-09,WrongItem,248.2
RET-001157,ITEM-00023229,ORD-0010512,2022-06-30,Damaged,173.8
RET-001158,ITEM-00044885,ORD-0010744,2023-02-06,WrongItem,202.72
RET-001159,ITEM-00050953,ORD-0001955,2022-07-24,Damaged,428.4
RET-001160,ITEM-00054402,ORD-0022917,2024-05-01,Not as Described,47.06
RET-001161,ITEM-00043501,ORD-0014082,2025-02-01,Changed Mind,404.78
RET-001162,ITEM-00017771,ORD-0009905,2023-06-11,Changed Mind,656.13
RET-001163,ITEM-00057191,ORD-0007631,2024-01-03,Late Delivery,219.94
RET-001164,ITEM-00047396,ORD-0007235,2023-01-10,Not as Described,377.37
RET-001165,ITEM-00066785,ORD-0009853,2024-09-30,Late Delivery,353.86
RET-001166,ITEM-00047050,ORD-0000785,2023-12-06,Late Delivery,739.15
RET-001167,ITEM-00046797,ORD-0010885,2024-07-10,Changed Mind,146.88
RET-001168,ITEM-00026958,ORD-0019511,2024-05-14,Not as Described,264.64
RET-001169,ITEM-00051863,ORD-0002372,2022-06-29,Damaged,652.4
RET-001170,ITEM-00023511,ORD-0023922,2024-07-30,Not as Described,209.69
RET-001171,ITEM-00003606,ORD-0021879,2022-11-08,WrongItem,227.04
RET-001172,ITEM-00010897,ORD-0024056,2024-11-17,Not as Described,125.84
RET-001173,ITEM-00042153,ORD-0008639,2023-10-21,WrongItem,987.96
RET-001174,ITEM-00012838,ORD-0004450,2024-09-24,Changed Mind,444.04
RET-001175,ITEM-00039055,ORD-0002333,2023-06-26,Late Delivery,427.78
RET-001176,ITEM-00036345,ORD-0023592,2022-03-14,Changed Mind,195.54
RET-001177,ITEM-00043466,ORD-0018956,2022-06-06,Changed Mind,385.78
RET-001178,ITEM-00010666,ORD-0004531,2023-05-10,WrongItem,118.38
RET-001179,ITEM-00043862,ORD-0002666,2023-03-28,Not as Described,94.65
RET-001180,ITEM-00029788,ORD-0014489,2025-01-09,Changed Mind,14.78
RET-001181,ITEM-00030625,ORD-0024498,2022-12-26,Damaged,349.4
RET-001182,ITEM-00007924,ORD-0018393,2024-09-03,Changed Mind,499.02
RET-001183,ITEM-00008753,ORD-0014492,2023-02-06,Damaged,427.38
RET-001184,ITEM-00046626,ORD-0003002,2024-02-11,WrongItem,242.32
RET-001185,ITEM-00056190,ORD-0012832,2023-11-30,Changed Mind,616.55
RET-001186,ITEM-00060182,ORD-0023220,2023-12-01,Late Delivery,288.4
RET-001187,ITEM-00043727,ORD-0007427,2024-08-14,Late Delivery,313.15
RET-001188,ITEM-00035303,ORD-0015385,2022-07-04,Changed Mind,945.68
RET-001189,ITEM-00031493,ORD-0013901,2022-04-07,Damaged,118.16
RET-001190,ITEM-00017750,ORD-0014462,2022-07-07,WrongItem,116.36
RET-001191,ITEM-00020813,ORD-0019672,2023-09-25,Changed Mind,324.0
RET-001192,ITEM-00065820,ORD-0010709,2023-03-12,Changed Mind,1078.2
RET-001193,ITEM-00008115,ORD-0000176,2024-01-30,WrongItem,529.64
RET-001194,ITEM-00027564,ORD-0000522,2024-03-24,Changed Mind,400.41
RET-001195,ITEM-00048027,ORD-0024414,2024-10-27,WrongItem,920.0
RET-001196,ITEM-00004617,ORD-0010887,2023-04-06,Late Delivery,280.84
RET-001197,ITEM-00057162,ORD-0019492,2023-01-28,Late Delivery,313.8
RET-001198,ITEM-00031226,ORD-0007331,2022-09-04,Changed Mind,422.65
RET-001199,ITEM-00035107,ORD-0024138,2023-02-09,Changed Mind,669.85
RET-001200,ITEM-00063987,ORD-0019300,2023-09-04,Not as Described,223.88
RET-001201,ITEM-00068573,ORD-0013583,2025-03-21,Damaged,159.97
RET-001202,ITEM-00057323,ORD-0013925,2024-02-02,Damaged,176.58
RET-001203,ITEM-00017122,ORD-0002633,2022-08-25,Not as Described,733.86
RET-001204,ITEM-00036217,ORD-0002990,2025-01-12,WrongItem,338.07
RET-001205,ITEM-00036971,ORD-0022732,2024-12-02,Not as Described,855.85
RET-001206,ITEM-00014522,ORD-0023288,2024-07-26,Not as Described,6.4
RET-001207,ITEM-00034493,ORD-0015188,2022-03-27,Damaged,871.8
RET-001208,ITEM-00005729,ORD-0008228,2022-10-15,Late Delivery,478.34
RET-001209,ITEM-00002346,ORD-0021739,2024-10-03,Damaged,577.98
RET-001210,ITEM-00000794,ORD-0009077,2024-07-21,Changed Mind,64.72
RET-001211,ITEM-00062309,ORD-0020675,2024-04-26,Damaged,89.04
RET-001212,ITEM-00034891,ORD-0009461,2025-01-05,WrongItem,567.51
RET-001213,ITEM-00064282,ORD-0019704,2023-05-20,Not as Described,434.02
RET-001214,ITEM-00039641,ORD-0002157,2023-05-30,Changed Mind,431.44
RET-001215,ITEM-00062717,ORD-0015430,2022-08-18,WrongItem,829.12
RET-001216,ITEM-00008821,ORD-0018148,2022-03-19,Late Delivery,74.49
RET-001217,ITEM-00000284,ORD-0010135,2024-04-15,Changed Mind,121.5
RET-001218,ITEM-00065310,ORD-0015598,2024-09-18,Not as Described,1231.15
RET-001219,ITEM-00068425,ORD-0001745,2022-04-10,Changed Mind,675.33
RET-001220,ITEM-00032928,ORD-0004086,2022-08-17,Late Delivery,124.32
RET-001221,ITEM-00009158,ORD-0012070,2022-04-29,Late Delivery,113.92
RET-001222,ITEM-00036787,ORD-0023190,2023-03-01,Changed Mind,312.92
RET-001223,ITEM-00059957,ORD-0017384,2022-04-03,Late Delivery,694.2
RET-001224,ITEM-00018882,ORD-0024501,2023-07-31,Damaged,1117.65
RET-001225,ITEM-00043635,ORD-0005378,2023-09-09,WrongItem,492.0
RET-001226,ITEM-00023815,ORD-0000430,2022-09-23,Not as Described,443.35
RET-001227,ITEM-00059294,ORD-0015560,2024-04-12,WrongItem,459.0
RET-001228,ITEM-00014136,ORD-0021229,2023-05-04,Not as Described,21.18
RET-001229,ITEM-00013324,ORD-0002721,2023-11-28,WrongItem,37.36
RET-001230,ITEM-00017844,ORD-0022798,2023-06-10,Damaged,490.4
RET-001231,ITEM-00068042,ORD-0023064,2023-02-20,WrongItem,504.12
RET-001232,ITEM-00009380,ORD-0010362,2023-05-25,Late Delivery,961.35
RET-001233,ITEM-00068894,ORD-0021894,2023-10-18,Not as Described,1167.15
RET-001234,ITEM-00009497,ORD-0020421,2024-09-17,Late Delivery,140.15
RET-001235,ITEM-00056667,ORD-0015289,2023-12-20,WrongItem,160.12
RET-001236,ITEM-00044764,ORD-0004147,2025-01-24,WrongItem,529.64
RET-001237,ITEM-00000638,ORD-0008173,2022-04-04,Not as Described,179.8
RET-001238,ITEM-00053478,ORD-0017485,2022-02-18,Changed Mind,99.2
RET-001239,ITEM-00028313,ORD-0024840,2025-01-05,Changed Mind,598.2
RET-001240,ITEM-00041699,ORD-0009670,2022-04-05,WrongItem,324.8
RET-001241,ITEM-00004276,ORD-0024874,2024-08-07,Damaged,718.38
RET-001242,ITEM-00028382,ORD-0021458,2022-11-01,Changed Mind,204.25
RET-001243,ITEM-00020655,ORD-0012154,2024-01-19,Changed Mind,-470.2
RET-001244,ITEM-00054634,ORD-0007659,2024-02-19,Damaged,43.5
RET-001245,ITEM-00055598,ORD-0021327,2023-02-03,Not as Described,175.4
RET-001246,ITEM-00051081,ORD-0013109,2022-03-12,Not as Described,145.78
RET-001247,ITEM-00027036,ORD-0007603,2023-02-12,WrongItem,246.72
RET-001248,ITEM-00044528,ORD-0008056,2023-08-10,Not as Described,1172.05
RET-001249,ITEM-00021605,ORD-0000083,2023-05-18,Damaged,113.8
RET-001250,ITEM-00036173,ORD-0000163,2022-08-24,WrongItem,104.47
RET-001251,ITEM-00066789,ORD-0023842,2024-05-19,Late Delivery,29.15
RET-001252,ITEM-00063365,ORD-0024260,2022-06-29,Late Delivery,55.46
RET-001253,ITEM-00056007,ORD-0006957,2025-01-10,Damaged,226.11
RET-001254,ITEM-00005734,ORD-0010140,2024-04-17,Not as Described,147.05
RET-001255,ITEM-00025308,ORD-0000253,2022-08-30,Late Delivery,818.76
RET-001256,ITEM-00004148,ORD-0016173,2024-10-26,WrongItem,377.92
RET-001257,ITEM-00026294,ORD-0013726,2024-02-20,Changed Mind,436.72
RET-001258,ITEM-00006490,ORD-0014438,2023-02-17,WrongItem,239.52
RET-001259,ITEM-00004695,ORD-0003406,2022-08-01,Damaged,563.28
RET-001260,ITEM-00063593,ORD-0022677,2024-04-01,Not as Described,688.26
RET-001261,ITEM-00011800,ORD-0012756,2024-04-23,Changed Mind,679.84
RET-001262,ITEM-00031333,ORD-0017388,2022-08-24,WrongItem,716.76
RET-001263,ITEM-00037545,ORD-0024164,2023-06-30,Not as Described,244.3
RET-001264,ITEM-00026419,ORD-0014994,2024-11-03,Changed Mind,546.0
RET-001265,ITEM-00028116,ORD-0013301,2023-11-14,Late Delivery,252.03
RET-001266,ITEM-00000373,ORD-0001841,2023-09-19,Damaged,517.98
RET-001267,ITEM-00023426,ORD-0004866,2023-04-02,Late Delivery,709.23
RET-001268,ITEM-00046399,ORD-0006268,2023-05-22,WrongItem,1103.55
RET-001269,ITEM-00027401,ORD-0018372,2022-10-29,Late Delivery,269.92
RET-001270,ITEM-00002671,ORD-0022325,2024-01-27,WrongItem,291.24
RET-001271,ITEM-00011658,ORD-0003881,2024-07-08,Changed Mind,210.84
RET-001272,ITEM-00018574,ORD-0005960,2024-12-24,WrongItem,959.52
RET-001273,ITEM-00024777,ORD-0020646,2022-02-24,Late Delivery,172.3
RET-001274,ITEM-00027705,ORD-0009772,2024-01-19,,1085.1
RET-001275,ITEM-00024054,ORD-0005161,2022-06-14,Damaged,362.82
RET-001276,ITEM-00031736,ORD-0023232,2024-08-21,Not as Described,34.12
RET-001277,ITEM-00058735,ORD-0001989,2025-01-08,Damaged,664.14
RET-001278,ITEM-00024655,ORD-0008374,2023-06-29,Late Delivery,739.35
RET-001279,ITEM-00008890,ORD-0007235,2023-03-26,Damaged,82.71
RET-001280,ITEM-00009028,ORD-0014946,2022-12-09,Late Delivery,690.4
RET-001281,ITEM-00041058,ORD-0018082,2024-03-16,Damaged,100.5
RET-001282,ITEM-00002965,ORD-0020907,2022-09-07,Late Delivery,969.2
RET-001283,ITEM-00015240,ORD-0008488,2023-05-08,Late Delivery,525.4
RET-001284,ITEM-00026776,ORD-0020722,2022-05-26,Changed Mind,471.26
RET-001285,ITEM-00022095,ORD-0011781,2022-09-30,Not as Described,896.64
RET-001286,ITEM-00000882,ORD-0005740,2024-04-07,Damaged,216.86
RET-001287,ITEM-00066585,ORD-0012554,2024-12-04,Damaged,379.11
RET-001288,ITEM-00059532,ORD-0021034,2023-05-08,WrongItem,40.65
RET-001289,ITEM-00038644,ORD-0024503,2023-02-08,WrongItem,222.48
RET-001290,ITEM-00008622,ORD-0013915,2022-10-11,Changed Mind,416.04
RET-001291,ITEM-00053638,ORD-0013184,2023-08-26,Not as Described,331.72
RET-001292,ITEM-00029411,ORD-0005467,2024-08-23,Changed Mind,174.86
RET-001293,ITEM-00063931,ORD-0011524,2022-12-08,Not as Described,134.07
RET-001294,ITEM-00007470,ORD-0007705,2024-08-22,Late Delivery,102.15
RET-001295,ITEM-00050498,ORD-0019365,2023-05-29,Changed Mind,225.66
RET-001296,ITEM-00023321,ORD-0024287,2022-09-25,WrongItem,446.35
RET-001297,ITEM-00029300,ORD-0002740,2023-11-07,WrongItem,369.63
RET-001298,ITEM-00043725,ORD-0003349,2023-10-24,Late Delivery,381.9
RET-001299,ITEM-00028296,ORD-0011436,2022-03-19,Damaged,70.38
RET-001300,ITEM-00039109,ORD-0023553,2023-02-01,Late Delivery,225.55
RET-001301,ITEM-00037627,ORD-0004462,2022-06-06,Changed Mind,849.0
RET-001302,ITEM-00001973,ORD-0008274,2023-06-05,WrongItem,438.92
RET-001303,ITEM-00046267,ORD-0000135,2023-09-16,Not as Described,401.28
RET-001304,ITEM-00039499,ORD-0016031,2024-04-18,Not as Described,87.92
RET-001305,ITEM-00065608,ORD-0012870,2022-07-11,WrongItem,1181.0
RET-001306,ITEM-00021679,ORD-0006952,2022-02-25,WrongItem,298.14
RET-001307,ITEM-00028810,ORD-0014399,2023-09-24,Not as Described,114.81
RET-001308,ITEM-00045426,ORD-0019256,2023-10-20,Changed Mind,1235.1
RET-001309,ITEM-00057351,ORD-0004466,2023-10-17,Damaged,463.34
RET-001310,ITEM-00034578,ORD-0022492,2023-10-11,Damaged,86.14
RET-001311,ITEM-00030324,ORD-0018423,2024-06-27,Late Delivery,183.73
RET-001312,ITEM-00041133,ORD-0022073,2024-12-17,Changed Mind,96.64
RET-001313,ITEM-00056948,ORD-0023793,2023-03-14,WrongItem,238.74
RET-001314,ITEM-00023438,ORD-0000795,2023-07-21,WrongItem,408.8
RET-001315,ITEM-00049379,ORD-0017277,2024-02-20,Damaged,193.58
RET-001316,ITEM-00047229,ORD-0018370,2024-11-01,Changed Mind,487.25
RET-001317,ITEM-00032786,ORD-0024794,2023-06-26,Not as Described,163.71
RET-001318,ITEM-00039174,ORD-0010811,2023-11-03,Late Delivery,337.8
RET-001319,ITEM-00043637,ORD-0002036,2022-05-15,Changed Mind,248.47
RET-001320,ITEM-00047850,ORD-0023657,2023-02-08,Damaged,493.72
RET-001321,ITEM-00002767,ORD-0007815,2023-12-17,Changed Mind,601.8
RET-001322,ITEM-00015467,ORD-0001045,2022-02-04,Late Delivery,226.7
RET-001323,ITEM-00012216,ORD-0016683,2024-08-23,Late Delivery,582.04
RET-001324,ITEM-00039273,ORD-0000916,2024-03-14,Damaged,601.45
RET-001325,ITEM-00026976,ORD-0011662,2022-07-08,WrongItem,540.09
RET-001326,ITEM-00061776,ORD-0020902,2023-05-16,Late Delivery,147.4
RET-001327,ITEM-00043972,ORD-0019334,2024-04-16,WrongItem,135.81
RET-001328,ITEM-00063196,ORD-0019412,2024-01-29,WrongItem,197.69
RET-001329,ITEM-00062958,ORD-0022191,2023-02-19,Changed Mind,14.96
RET-001330,ITEM-00038516,ORD-0004212,2022-04-27,Damaged,573.75
RET-001331,ITEM-00023121,ORD-0022256,2023-09-27,WrongItem,72.25
RET-001332,ITEM-00021282,ORD-0004449,2022-08-29,Late Delivery,170.59
RET-001333,ITEM-00023804,ORD-0010563,2023-03-06,Not as Described,125.68
RET-001334,ITEM-00002987,ORD-0003735,2024-03-21,Damaged,162.41
RET-001335,ITEM-00062884,ORD-0016549,2024-07-05,Late Delivery,334.48
RET-001336,ITEM-00019726,ORD-0015365,2023-07-25,Changed Mind,423.85
RET-001337,ITEM-00043908,ORD-0019996,2024-01-01,Not as Described,214.19
RET-001338,ITEM-00028513,ORD-0024113,2022-12-21,Not as Described,84.48
RET-001339,ITEM-00038479,ORD-0022773,2022-11-23,Late Delivery,67.6
RET-001340,ITEM-00040109,ORD-0016433,2023-09-12,Damaged,778.04
RET-001341,ITEM-00033536,ORD-0023965,2024-03-01,WrongItem,198.0
RET-001342,ITEM-00017284,ORD-0004480,2024-08-10,Not as Described,107.76
RET-001343,ITEM-00008459,ORD-0007542,2022-06-19,WrongItem,217.87
RET-001344,ITEM-00002006,ORD-0003033,2023-12-21,Damaged,73.48
RET-001345,ITEM-00019660,ORD-0022316,2024-12-31,Changed Mind,640.7
RET-001346,ITEM-00049713,ORD-0006008,2023-04-19,WrongItem,477.36
RET-001347,ITEM-00046677,ORD-0013247,2022-08-18,WrongItem,947.16
RET-001348,ITEM-00011966,ORD-0002052,2024-11-23,WrongItem,14.7
RET-001349,ITEM-00035426,ORD-0009673,2024-12-15,Damaged,112.89
RET-001350,ITEM-00057842,ORD-0016292,2024-07-16,Changed Mind,147.08
RET-001351,ITEM-00062434,ORD-0016940,2023-03-17,Late Delivery,658.71
RET-001352,ITEM-00061651,ORD-0004053,2023-08-09,Late Delivery,694.08
RET-001353,ITEM-00008441,ORD-0009447,2023-01-28,Late Delivery,185.8
RET-001354,ITEM-00007196,ORD-0023709,2022-08-28,Late Delivery,93.06
RET-001355,ITEM-00015784,ORD-0020596,2024-08-18,Damaged,416.7
RET-001356,ITEM-00021907,ORD-0024518,2022-11-15,Late Delivery,991.55
RET-001357,ITEM-00024180,ORD-0022104,2023-02-15,Late Delivery,171.84
RET-001358,ITEM-00044920,ORD-0003906,2024-03-16,Not as Described,77.72
RET-001359,ITEM-00003076,ORD-0008787,2022-04-15,,20.61
RET-001360,ITEM-00022261,ORD-0022355,2024-12-03,Changed Mind,105.86
RET-001361,ITEM-00019367,ORD-0006727,2023-10-07,Changed Mind,273.0
RET-001362,ITEM-00032514,ORD-0010603,2023-05-18,Not as Described,1096.45
RET-001363,ITEM-00069764,ORD-0018540,2023-06-11,Damaged,523.9
RET-001364,ITEM-00033446,ORD-0011195,2023-01-02,Changed Mind,362.52
RET-001365,ITEM-00007712,ORD-0004667,2022-10-02,Damaged,107.34
RET-001366,ITEM-00051573,ORD-0019073,2022-12-08,Late Delivery,706.55
RET-001367,ITEM-00018024,ORD-0013726,2024-06-24,Late Delivery,180.06
RET-001368,ITEM-00011735,ORD-0023299,2024-08-20,Damaged,623.07
RET-001369,ITEM-00059469,ORD-0017840,2022-10-10,WrongItem,969.36
RET-001370,ITEM-00010834,ORD-0012144,2022-06-23,Not as Described,443.9
RET-001371,ITEM-00064792,ORD-0023291,2023-05-10,Changed Mind,167.88
RET-001372,ITEM-00008053,ORD-0013263,2024-04-23,Changed Mind,143.32
RET-001373,ITEM-00025295,ORD-0014995,2023-09-13,Damaged,782.24
RET-001374,ITEM-00022232,ORD-0013928,2022-04-03,Late Delivery,650.43
RET-001375,ITEM-00048467,ORD-0010951,2024-08-03,Late Delivery,597.45
RET-001376,ITEM-00029707,ORD-0009880,2022-02-12,Changed Mind,737.73
RET-001377,ITEM-00036861,ORD-0003214,2022-02-27,Changed Mind,48.32
RET-001378,ITEM-00069361,ORD-0018136,2023-01-19,Changed Mind,220.01
RET-001379,ITEM-00042383,ORD-0015787,2024-03-09,Late Delivery,43.6
RET-001380,ITEM-00031830,ORD-0012072,2023-09-15,Changed Mind,320.1
RET-001381,ITEM-00068439,ORD-0008884,2022-07-11,Late Delivery,381.27
RET-001382,ITEM-00024027,ORD-0021249,2022-05-21,Changed Mind,47.98
RET-001383,ITEM-00047479,ORD-0004900,2022-05-31,WrongItem,488.44
RET-001384,ITEM-00028345,ORD-0017220,2022-11-07,Damaged,638.43
RET-001385,ITEM-00036395,,2022-07-09,Changed Mind,108.43
RET-001386,ITEM-00067459,ORD-0008028,2023-09-22,WrongItem,451.53
RET-001387,ITEM-00044329,ORD-0005572,2024-10-04,Changed Mind,151.16
RET-001388,ITEM-00021547,ORD-0002452,2022-10-31,Changed Mind,656.7
RET-001389,ITEM-00019947,ORD-0010862,2023-02-12,Not as Described,177.42
RET-001390,ITEM-00014458,ORD-0021802,2022-06-11,Late Delivery,23.53
RET-001391,ITEM-00042150,ORD-0018663,2024-04-20,WrongItem,167.9
RET-001392,ITEM-00014737,ORD-0016042,2024-08-06,Damaged,27.45
RET-001393,ITEM-00020690,ORD-0019924,2024-04-21,WrongItem,354.84
RET-001394,ITEM-00019089,ORD-0002077,2023-01-08,Not as Described,401.64
RET-001395,ITEM-00033126,ORD-0001649,2022-10-21,Late Delivery,522.0
RET-001396,ITEM-00016010,ORD-0017443,2024-05-22,WrongItem,20.76
RET-001397,ITEM-00037377,ORD-0003130,2024-01-21,Damaged,247.42
RET-001398,ITEM-00027072,ORD-0016801,2023-11-20,Damaged,150.0
RET-001399,ITEM-00028963,ORD-0004420,2023-08-15,Not as Described,39.56
RET-001400,ITEM-00007618,ORD-0005734,2024-01-30,Not as Described,621.36
RET-001401,ITEM-00027712,ORD-0002770,2024-11-30,,341.72
RET-001402,ITEM-00026625,ORD-0006756,2022-06-26,Damaged,149.4
RET-001403,ITEM-00014793,ORD-0018137,2024-11-15,Not as Described,618.0
RET-001404,ITEM-00040651,ORD-0013328,2024-04-27,Changed Mind,164.54
RET-001405,ITEM-00060770,ORD-0024502,2024-01-08,Damaged,306.0
RET-001406,ITEM-00068317,ORD-0003703,2023-10-19,Late Delivery,644.1
RET-001407,ITEM-00031255,ORD-0024862,2024-08-14,Damaged,446.76
RET-001408,ITEM-00042891,ORD-0010726,2024-06-02,WrongItem,667.8
RET-001409,ITEM-00051039,ORD-0002070,2022-04-22,Changed Mind,282.09
RET-001410,ITEM-00037769,ORD-0010314,2024-07-02,WrongItem,480.06
RET-001411,ITEM-00030944,ORD-0022496,2023-11-24,Late Delivery,729.5
RET-001412,ITEM-00012463,ORD-0014316,2024-09-02,WrongItem,133.06
RET-001413,ITEM-00059073,ORD-0004220,2024-07-19,Damaged,235.3
RET-001414,ITEM-00069396,ORD-0011635,2023-11-15,Changed Mind,153.38
RET-001415,ITEM-00055366,ORD-0024383,2022-09-06,Changed Mind,730.6
RET-001416,ITEM-00056663,ORD-0014842,2025-01-01,Late Delivery,437.18
RET-001417,ITEM-00051415,ORD-0004779,2022-07-23,Not as Described,222.17
RET-001418,ITEM-00040339,ORD-0009466,2023-02-19,Late Delivery,504.6
RET-001419,ITEM-00056799,ORD-0016469,2023-03-01,Changed Mind,206.3
RET-001420,ITEM-00046799,ORD-0004521,2023-10-17,Changed Mind,933.65
RET-001421,ITEM-00047744,ORD-0009604,2022-03-05,Late Delivery,618.63
RET-001422,ITEM-00020514,ORD-0006094,2024-06-22,Changed Mind,79.38
RET-001423,ITEM-00055225,ORD-0011505,2024-10-09,WrongItem,523.65
RET-001424,ITEM-00048720,ORD-0011731,2023-09-02,Changed Mind,92.88
RET-001425,ITEM-00065916,ORD-0017407,2022-04-12,Not as Described,946.68
RET-001426,ITEM-00005162,ORD-0017825,2023-02-12,Late Delivery,87.36
RET-001427,ITEM-00050131,ORD-0012504,2023-02-06,Not as Described,406.08
RET-001428,ITEM-00011521,ORD-0000179,2022-02-28,Late Delivery,201.2
RET-001429,ITEM-00016766,ORD-0011679,2024-01-17,Not as Described,619.14
RET-001430,ITEM-00013221,ORD-0020461,2024-05-05,Not as Described,64.07
RET-001431,ITEM-00005690,ORD-0002913,2022-05-25,Damaged,449.22
RET-001432,ITEM-00023908,ORD-0019839,2023-01-07,Changed Mind,636.3
RET-001433,ITEM-00030265,ORD-0022323,2022-04-20,Not as Described,923.4
RET-001434,ITEM-00027957,ORD-0012545,2024-03-15,WrongItem,224.82
RET-001435,ITEM-00030184,ORD-0017892,2023-04-29,Late Delivery,50.22
RET-001436,ITEM-00004135,ORD-0018077,2023-04-09,Changed Mind,902.04
RET-001437,ITEM-00033474,ORD-0006850,2022-05-13,WrongItem,435.44
RET-001438,ITEM-00030535,ORD-0007942,2023-06-21,Damaged,59.28
RET-001439,ITEM-00034396,ORD-0009897,2022-04-05,Late Delivery,894.05
RET-001440,ITEM-00064509,ORD-0019024,2023-08-10,Late Delivery,172.31
RET-001441,ITEM-00019688,ORD-0000001,2025-01-10,WrongItem,279.34
RET-001442,ITEM-00023035,ORD-0004485,2022-07-02,Changed Mind,519.2
RET-001443,ITEM-00057293,ORD-0023646,2022-09-08,Not as Described,36.25
RET-001444,ITEM-00048742,ORD-0005841,2023-09-03,Changed Mind,733.5
RET-001445,ITEM-00047237,ORD-0014888,2024-02-28,Damaged,203.12
RET-001446,ITEM-00000241,ORD-0005363,2025-01-23,Damaged,137.78
RET-001447,ITEM-00066872,ORD-0011454,2024-05-22,Damaged,6.15
RET-001448,ITEM-00013578,ORD-0016390,2023-07-04,Not as Described,18.36
RET-001449,ITEM-00006480,ORD-0018728,2024-10-12,Not as Described,663.75
RET-001450,ITEM-00036283,ORD-0023269,2024-01-16,Not as Described,518.12
RET-001451,ITEM-00022985,ORD-0021112,2024-07-10,Late Delivery,321.38
RET-001452,ITEM-00063451,ORD-0005395,2024-12-21,Late Delivery,409.55
RET-001453,ITEM-00035777,ORD-0024953,2023-03-08,WrongItem,367.65
RET-001454,ITEM-00014257,ORD-0014594,2024-08-26,WrongItem,249.73
RET-001455,ITEM-00063075,ORD-0023616,2023-11-11,Damaged,194.58
RET-001456,ITEM-00058296,ORD-0003197,2022-11-21,Not as Described,326.44
RET-001457,ITEM-00009850,ORD-0016380,2024-02-07,Changed Mind,120.75
RET-001458,ITEM-00054354,ORD-0018060,2024-06-26,Late Delivery,733.38
RET-001459,ITEM-00030955,ORD-0000306,2022-03-30,Damaged,347.58
RET-001460,ITEM-00050402,ORD-0013607,2023-05-14,Late Delivery,149.76
RET-001461,ITEM-00048176,ORD-0013905,2023-11-30,Changed Mind,1072.45
RET-001462,ITEM-00049833,ORD-0007492,2023-10-14,Damaged,265.74
RET-001463,ITEM-00047843,ORD-0011437,2024-06-10,Not as Described,254.12
RET-001464,ITEM-00016216,ORD-0009646,2024-10-28,Damaged,518.6
RET-001465,ITEM-00065246,ORD-0020910,2022-11-07,Damaged,710.46
RET-001466,ITEM-00005281,ORD-0023964,2023-12-09,WrongItem,128.08
RET-001467,ITEM-00013834,ORD-0017695,2022-07-21,Not as Described,63.0
RET-001468,ITEM-00011195,ORD-0004306,2023-09-17,Damaged,142.59
RET-001469,ITEM-00020934,ORD-0020224,2024-11-09,Late Delivery,548.85
RET-001470,ITEM-00010226,ORD-0005614,2024-12-02,Damaged,510.09
RET-001471,ITEM-00029769,ORD-0024039,2024-09-21,Changed Mind,190.6
RET-001472,ITEM-00004895,ORD-0008414,2023-08-04,Damaged,587.2
RET-001473,ITEM-00067402,ORD-0023480,2024-04-28,Changed Mind,1205.3
RET-001474,ITEM-00034689,ORD-0004639,2024-10-30,WrongItem,94.93
RET-001475,ITEM-00044670,ORD-0017500,2024-06-05,Not as Described,714.27
RET-001476,ITEM-00014935,ORD-0008763,2022-11-10,WrongItem,838.5
RET-001477,ITEM-00003633,ORD-0021230,2023-12-02,Changed Mind,972.35
RET-001478,ITEM-00021798,ORD-0000923,2023-10-22,Not as Described,590.9
RET-001479,ITEM-00006993,ORD-0016510,2024-07-12,Changed Mind,-505.8
RET-001480,ITEM-00030097,ORD-0003822,2023-11-05,Not as Described,274.85
RET-001481,ITEM-00029417,ORD-0019419,2023-05-04,Late Delivery,37.64
RET-001482,ITEM-00010134,ORD-0009644,2022-09-07,WrongItem,89.34
RET-001483,ITEM-00033495,ORD-0007763,2023-02-10,Late Delivery,170.34
RET-001484,ITEM-00041098,ORD-0008171,2022-05-20,Damaged,836.7
RET-001485,ITEM-00051493,ORD-0008550,2023-12-03,Late Delivery,316.71
RET-001486,ITEM-00027002,ORD-0011538,2024-03-25,Not as Described,224.9
RET-001487,ITEM-00048714,ORD-0019444,2022-04-06,Damaged,443.02
RET-001488,ITEM-00033140,ORD-0003855,2022-08-07,Changed Mind,454.08
RET-001489,ITEM-00036535,ORD-0020634,2024-09-07,Not as Described,245.74
RET-001490,ITEM-00066000,ORD-0012893,2023-05-03,WrongItem,542.97
RET-001491,ITEM-00050416,ORD-0008841,2023-09-30,Not as Described,448.36
RET-001492,ITEM-00055071,ORD-0001066,2023-03-31,Late Delivery,216.3
RET-001493,ITEM-00012137,ORD-0007779,2023-09-26,WrongItem,854.12
RET-001494,ITEM-00003388,ORD-0003330,2023-12-15,Damaged,20.34
RET-001495,ITEM-00059277,ORD-0013729,2024-12-17,Changed Mind,29.92
RET-001496,ITEM-00002173,ORD-0005786,2023-08-12,Late Delivery,185.06
RET-001497,ITEM-00028139,ORD-0001555,2024-04-17,WrongItem,335.76
RET-001498,ITEM-00044396,ORD-0024712,2022-11-05,WrongItem,229.71
RET-001499,ITEM-00003043,ORD-0012912,2022-11-10,Late Delivery,186.45
RET-001500,ITEM-00056940,ORD-0024665,2023-04-18,WrongItem,197.33
RET-001501,ITEM-00028287,ORD-0006352,2024-10-11,WrongItem,812.0
RET-001502,ITEM-00017390,ORD-0007452,2023-01-12,Late Delivery,235.2
RET-001503,ITEM-00059151,ORD-0016465,2022-01-29,WrongItem,455.65
RET-001504,ITEM-00007047,ORD-0024780,2022-11-01,Changed Mind,75.01
RET-001505,ITEM-00025622,ORD-0022615,2023-10-04,Not as Described,427.0
RET-001506,ITEM-00010745,ORD-0007882,2024-02-12,Late Delivery,86.55
RET-001507,ITEM-00013263,ORD-0008661,2022-09-25,Damaged,293.6
RET-001508,ITEM-00005202,ORD-0013099,2024-01-06,Damaged,386.38
RET-001509,ITEM-00018007,ORD-0023258,2023-12-08,Damaged,149.85
RET-001510,ITEM-00054343,ORD-0002392,2023-01-21,Not as Described,24.22
RET-001511,ITEM-00016231,ORD-0003274,2024-08-23,Damaged,599.97
RET-001512,ITEM-00038086,ORD-0000338,2022-12-23,Damaged,426.34
RET-001513,ITEM-00012485,ORD-0023592,2022-06-03,Changed Mind,337.28
RET-001514,ITEM-00011227,ORD-0014695,2023-05-22,Damaged,288.9
RET-001515,ITEM-00056448,ORD-0011841,2024-09-24,Not as Described,622.77
RET-001516,ITEM-00037483,ORD-0000002,2022-09-25,Changed Mind,294.96
RET-001517,ITEM-00041751,ORD-0020809,2024-04-26,WrongItem,234.03
RET-001518,ITEM-00059153,ORD-0018697,2022-09-16,Damaged,268.64
RET-001519,ITEM-00020892,ORD-0019167,2022-04-09,Not as Described,508.44
RET-001520,ITEM-00067088,ORD-0013695,2022-01-04,Damaged,51.36
RET-001521,ITEM-00034731,ORD-0018479,2024-05-08,Late Delivery,732.7
RET-001522,ITEM-00066447,ORD-0011065,2022-10-24,Damaged,220.84
RET-001523,ITEM-00032046,ORD-0007297,2022-01-19,Damaged,32.24
RET-001524,ITEM-00059636,ORD-0022435,2023-12-30,Changed Mind,803.28
RET-001525,ITEM-00032699,ORD-0024638,2023-07-18,WrongItem,244.42
RET-001526,ITEM-00012033,ORD-0011791,2025-01-22,Late Delivery,770.45
RET-001527,ITEM-00045210,ORD-0002512,2025-01-26,Changed Mind,234.56
RET-001528,ITEM-00048840,ORD-0011064,2025-03-21,Changed Mind,1063.85
RET-001529,ITEM-00064762,ORD-0003060,2024-12-03,Not as Described,111.06
RET-001530,ITEM-00068076,ORD-0010687,2023-11-25,Damaged,172.98
RET-001531,ITEM-00043511,ORD-0010759,2023-06-16,WrongItem,265.78
RET-001532,ITEM-00034452,ORD-0006489,2022-04-05,Damaged,316.32
RET-001533,ITEM-00047068,ORD-0008412,2024-07-09,Not as Described,188.13
RET-001534,ITEM-00023924,ORD-0000252,2024-11-23,WrongItem,137.3
RET-001535,ITEM-00018734,ORD-0011573,2024-08-25,Changed Mind,52.23
RET-001536,ITEM-00011723,ORD-0014213,2023-02-19,Damaged,449.4
RET-001537,ITEM-00037746,ORD-0001960,2023-04-17,Damaged,595.36
RET-001538,ITEM-00058787,ORD-0014689,2022-12-08,WrongItem,438.92
RET-001539,ITEM-00031410,ORD-0024130,2024-02-04,Late Delivery,955.96
RET-001540,ITEM-00056447,ORD-0010177,2024-07-28,Not as Described,261.32
RET-001541,ITEM-00067191,ORD-0022624,2024-10-19,Not as Described,398.2
RET-001542,ITEM-00033414,ORD-0017953,2022-05-02,Late Delivery,100.8
RET-001543,ITEM-00028616,ORD-0020463,2022-11-17,Damaged,296.07
RET-001544,ITEM-00045613,ORD-0003011,2024-04-07,WrongItem,523.68
RET-001545,ITEM-00053877,ORD-0004945,2022-07-28,Damaged,1179.35
RET-001546,ITEM-00047392,ORD-0018804,2024-05-01,WrongItem,935.2
RET-001547,ITEM-00023394,ORD-0021452,2023-04-12,Not as Described,126.66
RET-001548,ITEM-00030835,ORD-0021127,2023-12-30,Late Delivery,12.14
RET-001549,ITEM-00042689,ORD-0000440,2023-09-17,Changed Mind,806.76
RET-001550,ITEM-00067830,ORD-0004393,2022-06-12,Changed Mind,326.97
RET-001551,ITEM-00057522,ORD-0024935,2024-10-28,Changed Mind,1070.0
RET-001552,ITEM-00006916,ORD-0011415,2024-03-21,Changed Mind,138.25
RET-001553,ITEM-00033368,ORD-0002268,2022-10-20,WrongItem,537.52
RET-001554,ITEM-00020916,ORD-0006627,2022-03-22,Not as Described,14.72
RET-001555,ITEM-00056527,ORD-0008356,2023-04-28,Changed Mind,196.88
RET-001556,ITEM-00035021,ORD-0011982,2022-05-17,Not as Described,221.76
RET-001557,ITEM-00041940,ORD-0008852,2023-03-01,Late Delivery,265.2
RET-001558,ITEM-00060795,ORD-0015600,2024-06-20,Changed Mind,39.08
RET-001559,ITEM-00000593,ORD-0008016,2023-09-11,Not as Described,14.98
RET-001560,ITEM-00013256,ORD-0007228,2022-11-02,Late Delivery,475.76
RET-001561,ITEM-00025281,ORD-0022848,2024-08-16,WrongItem,91.76
RET-001562,ITEM-00025650,ORD-0022097,2023-01-21,Damaged,78.48
RET-001563,ITEM-00014177,ORD-0014409,2024-09-23,Changed Mind,309.81
RET-001564,ITEM-00028261,ORD-0015457,2025-01-05,Damaged,899.35
RET-001565,ITEM-00040851,ORD-0014819,2024-05-18,WrongItem,238.95
RET-001566,ITEM-00060703,ORD-0003363,2022-03-28,Late Delivery,997.2
RET-001567,ITEM-00039643,ORD-0000206,2022-04-08,Not as Described,65.3
RET-001568,ITEM-00013721,ORD-0011967,2023-11-12,WrongItem,60.15
RET-001569,ITEM-00057003,ORD-0019530,2022-05-17,Damaged,246.48
RET-001570,ITEM-00069434,ORD-0000512,2024-09-17,Changed Mind,494.32
RET-001571,ITEM-00026376,ORD-0020553,2024-08-04,Damaged,1017.2
RET-001572,ITEM-00068615,ORD-0020073,2023-10-20,,967.1
RET-001573,ITEM-00043332,ORD-0007973,2024-05-17,Damaged,141.18
RET-001574,ITEM-00058271,ORD-0014769,2022-09-18,Damaged,18.45
RET-001575,ITEM-00047270,ORD-0023886,2024-12-23,WrongItem,345.27
RET-001576,ITEM-00022399,ORD-0014536,2023-06-10,Changed Mind,255.92
RET-001577,ITEM-00021389,ORD-0004607,2024-09-03,Not as Described,356.96
RET-001578,ITEM-00041683,ORD-0018347,2022-09-18,Changed Mind,11.04
RET-001579,ITEM-00057777,ORD-0019962,2024-01-31,WrongItem,572.8
RET-001580,ITEM-00004407,ORD-0012830,2024-04-11,Late Delivery,226.44
RET-001581,ITEM-00043904,ORD-0006233,2023-10-06,Changed Mind,470.86
RET-001582,ITEM-00039626,ORD-0017858,2024-07-31,Changed Mind,35.1
RET-001583,ITEM-00047567,ORD-0000498,2022-11-10,WrongItem,778.24
RET-001584,ITEM-00056222,ORD-0006989,2024-07-20,WrongItem,781.0
RET-001585,ITEM-00027886,ORD-0000029,2024-07-05,Damaged,120.48
RET-001586,ITEM-00015221,ORD-0006802,2023-04-02,Late Delivery,657.3
RET-001587,ITEM-00046115,ORD-0004121,2022-04-14,WrongItem,329.31
RET-001588,ITEM-00069777,ORD-0016179,2023-09-11,Not as Described,205.48
RET-001589,ITEM-00047624,ORD-0005237,2022-06-24,Not as Described,1170.35
RET-001590,ITEM-00022119,ORD-0007607,2023-02-09,Damaged,374.79
RET-001591,ITEM-00041010,ORD-0024351,2022-04-09,Changed Mind,49.19
RET-001592,ITEM-00022231,ORD-0020408,2023-09-17,Changed Mind,250.6
RET-001593,ITEM-00046454,ORD-0013541,2023-02-03,Not as Described,1168.6
RET-001594,ITEM-00039864,ORD-0019996,2024-04-25,Changed Mind,702.6
RET-001595,ITEM-00025239,ORD-0013950,2023-09-22,Damaged,453.4
RET-001596,ITEM-00045004,ORD-0018929,2022-12-06,Damaged,135.96
RET-001597,ITEM-00027572,ORD-0016976,2023-08-05,Damaged,26.58
RET-001598,ITEM-00041065,ORD-0018552,2022-12-28,Changed Mind,1234.8
RET-001599,ITEM-00035791,ORD-0002279,2023-10-30,Damaged,471.5
RET-001600,ITEM-00065689,ORD-0016729,2024-01-16,Damaged,116.37
RET-001601,ITEM-00022310,ORD-0007067,2024-12-08,Damaged,33.95
RET-001602,ITEM-00056707,ORD-0009158,2023-10-30,Changed Mind,39.68
RET-001603,ITEM-00029498,ORD-0018532,2024-11-22,Not as Described,899.52
RET-001604,ITEM-00056205,ORD-0020227,2024-07-19,Late Delivery,812.65
RET-001605,ITEM-00032404,ORD-0016720,2022-07-30,Not as Described,288.18
RET-001606,ITEM-00026101,ORD-0003379,2023-02-16,Late Delivery,62.0
RET-001607,ITEM-00013996,ORD-0009288,2023-12-29,Damaged,114.76
RET-001608,ITEM-00016389,ORD-0010349,2023-05-10,Changed Mind,40.68
RET-001609,ITEM-00043636,ORD-0012693,2023-04-09,Late Delivery,680.0
RET-001610,ITEM-00063435,ORD-0004350,2023-11-11,Damaged,285.25
RET-001611,ITEM-00062674,ORD-0024172,2024-04-03,Damaged,264.8
RET-001612,ITEM-00068870,ORD-0017640,2022-04-06,Damaged,692.94
RET-001613,ITEM-00024814,ORD-0000121,2024-12-23,Changed Mind,249.66
RET-001614,ITEM-00007906,ORD-0024778,2023-07-27,Damaged,545.4
RET-001615,ITEM-00062614,ORD-0012647,2023-08-30,Changed Mind,127.73
RET-001616,ITEM-00005231,ORD-0021190,2023-01-13,Damaged,201.3
RET-001617,ITEM-00007980,ORD-0003052,2022-08-02,Changed Mind,31.96
RET-001618,ITEM-00038422,ORD-0024243,2023-02-18,Damaged,89.86
RET-001619,ITEM-00040043,ORD-0009550,2023-07-18,Damaged,155.57
RET-001620,ITEM-00011483,ORD-0003264,2024-09-14,Changed Mind,279.32
RET-001621,ITEM-00033516,ORD-0017377,2023-01-28,WrongItem,982.25
RET-001622,ITEM-00025246,ORD-0017382,2024-01-17,Late Delivery,464.8
RET-001623,ITEM-00055457,ORD-0007981,2022-09-25,Changed Mind,399.8
RET-001624,ITEM-00010170,ORD-0002649,2024-10-20,Damaged,479.38
RET-001625,ITEM-00016252,ORD-0006900,2024-12-06,WrongItem,358.58
RET-001626,ITEM-00020760,ORD-0001667,2022-06-23,WrongItem,757.88
RET-001627,ITEM-00055910,ORD-0023871,2023-06-12,Not as Described,115.1
RET-001628,ITEM-00049091,ORD-0002472,2022-06-15,Damaged,536.72
RET-001629,ITEM-00067047,ORD-0016812,2022-12-14,WrongItem,320.98
RET-001630,ITEM-00032672,ORD-0018512,2023-06-08,Late Delivery,105.96
RET-001631,ITEM-00020863,ORD-0017487,2022-10-12,Changed Mind,166.95
RET-001632,ITEM-00025874,ORD-0002212,2023-03-08,Changed Mind,1028.0
RET-001633,ITEM-00024191,ORD-0020066,2022-02-28,WrongItem,196.78
RET-001634,ITEM-00005758,ORD-0002367,2023-07-21,Damaged,305.46
RET-001635,ITEM-00020288,ORD-0016290,2023-10-03,Damaged,973.44
RET-001636,ITEM-00020144,ORD-0011507,2024-05-02,WrongItem,668.73
RET-001637,ITEM-00010530,ORD-0016293,2023-08-24,Late Delivery,53.78
RET-001638,ITEM-00055874,ORD-0016844,2023-11-16,Changed Mind,491.04
RET-001639,ITEM-00018083,ORD-0004283,2023-06-30,Changed Mind,739.32
RET-001640,ITEM-00061513,ORD-0014230,2023-05-07,Late Delivery,220.18
RET-001641,ITEM-00016988,ORD-0000391,2023-11-22,Damaged,283.41
RET-001642,ITEM-00019951,ORD-0019959,2023-09-29,Damaged,414.09
RET-001643,ITEM-00057489,ORD-0021623,2023-09-10,Late Delivery,153.87
RET-001644,ITEM-00011954,ORD-0016345,2024-10-16,Not as Described,135.87
RET-001645,ITEM-00002919,ORD-0018993,2024-11-08,Not as Described,365.91
RET-001646,ITEM-00037360,ORD-0007071,2023-12-20,WrongItem,1171.65
RET-001647,ITEM-00001417,ORD-0002113,2022-11-21,WrongItem,303.28
RET-001648,ITEM-00050601,ORD-0016204,2024-09-14,Not as Described,1102.05
RET-001649,ITEM-00025484,ORD-0000757,2022-04-08,WrongItem,1167.9
RET-001650,ITEM-00068971,ORD-0010452,2024-10-29,Late Delivery,313.56
RET-001651,ITEM-00007074,ORD-0022479,2023-10-23,Late Delivery,361.44
RET-001652,ITEM-00011386,ORD-0012747,2023-02-22,Damaged,397.22
RET-001653,ITEM-00035948,ORD-0005428,2023-11-12,WrongItem,108.42
RET-001654,ITEM-00016305,ORD-0021343,2023-06-28,WrongItem,756.48
RET-001655,ITEM-00027722,ORD-0022763,2024-03-11,WrongItem,40.24
RET-001656,ITEM-00037146,ORD-0022931,2023-11-05,Changed Mind,23.28
RET-001657,ITEM-00005201,ORD-0003681,2023-07-30,Damaged,819.68
RET-001658,ITEM-00020570,ORD-0001144,2022-11-11,Changed Mind,207.95
RET-001659,ITEM-00053261,ORD-0000483,2022-10-31,Damaged,651.42
RET-001660,ITEM-00006710,ORD-0022797,2024-03-20,,36.76
RET-001661,ITEM-00028441,ORD-0007971,2023-04-24,Not as Described,192.82
RET-001662,ITEM-00001462,ORD-0023713,2022-10-01,WrongItem,389.97
RET-001663,ITEM-00007982,ORD-0009462,2023-08-04,Changed Mind,576.45
RET-001664,ITEM-00031802,ORD-0022761,2023-10-09,Not as Described,499.18
RET-001665,ITEM-00062280,ORD-0004961,2023-02-16,Late Delivery,1224.9
RET-001666,ITEM-00040502,ORD-0018055,2022-02-17,Damaged,85.98
RET-001667,ITEM-00034468,ORD-0002873,2023-02-02,Changed Mind,69.29
RET-001668,ITEM-00065845,ORD-0000866,2024-05-05,Damaged,884.15
RET-001669,ITEM-00036812,ORD-0015832,2023-04-30,Late Delivery,533.55
RET-001670,ITEM-00057253,ORD-0013533,2023-01-18,WrongItem,152.22
RET-001671,ITEM-00053450,ORD-0015532,2022-05-30,Changed Mind,199.82
RET-001672,ITEM-00013214,ORD-0021388,2023-12-18,Damaged,222.26
RET-001673,ITEM-00021546,ORD-0015983,2022-05-12,,210.39
RET-001674,ITEM-00027822,ORD-0023833,2022-12-24,WrongItem,22.99
RET-001675,ITEM-00053106,ORD-0017974,2024-07-17,Changed Mind,375.75
RET-001676,ITEM-00057362,ORD-0012557,2024-10-25,WrongItem,109.74
RET-001677,ITEM-00039877,ORD-0021587,2025-01-10,Not as Described,466.94
RET-001678,ITEM-00031944,ORD-0004977,2024-06-15,Damaged,172.72
RET-001679,ITEM-00002633,ORD-0014076,2022-10-11,Damaged,673.59
RET-001680,ITEM-00012913,ORD-0020355,2024-10-30,Not as Described,484.6
RET-001681,ITEM-00032455,ORD-0010471,2022-10-13,Damaged,175.22
RET-001682,ITEM-00042002,ORD-0002966,2023-01-23,Not as Described,146.32
RET-001683,ITEM-00025009,ORD-0005659,2024-09-06,Not as Described,183.0
RET-001684,ITEM-00044914,ORD-0023774,2024-11-07,Damaged,319.76
RET-001685,ITEM-00019580,ORD-0012838,2024-12-08,Not as Described,102.49
RET-001686,ITEM-00027197,ORD-0016171,2022-11-04,Damaged,223.69
RET-001687,ITEM-00042957,ORD-0016583,2023-07-22,Late Delivery,205.08
RET-001688,ITEM-00035463,ORD-0010749,2023-03-05,Damaged,439.55
RET-001689,ITEM-00035329,ORD-0005456,2024-02-23,Changed Mind,117.36
RET-001690,ITEM-00016958,ORD-0004513,2024-01-27,Changed Mind,730.04
RET-001691,ITEM-00049604,ORD-0020564,2024-04-28,Not as Described,262.82
RET-001692,ITEM-00016710,ORD-0014038,2023-07-02,Changed Mind,772.6
RET-001693,ITEM-00053697,ORD-0018713,2022-03-13,Late Delivery,792.0
RET-001694,ITEM-00045412,ORD-0020029,2023-02-24,Not as Described,118.95
RET-001695,ITEM-00055037,ORD-0013899,2024-02-17,Not as Described,774.2
RET-001696,ITEM-00016579,ORD-0010022,2024-07-03,Late Delivery,447.44
RET-001697,ITEM-00029172,ORD-0000080,2023-08-17,Not as Described,1144.85
RET-001698,ITEM-00062531,ORD-0021098,2023-09-24,Changed Mind,761.28
RET-001699,ITEM-00068816,ORD-0018186,2023-04-22,WrongItem,216.94
RET-001700,ITEM-00026310,ORD-0007762,2024-12-18,Late Delivery,416.04
RET-001701,ITEM-00065479,ORD-0012735,2023-02-28,Late Delivery,362.67
RET-001702,ITEM-00028202,ORD-0017265,2023-12-21,Changed Mind,332.05
RET-001703,ITEM-00058890,ORD-0012925,2022-08-20,Damaged,429.42
RET-001704,ITEM-00057286,ORD-0012615,2024-09-26,Changed Mind,324.06
RET-001705,ITEM-00015128,ORD-0022682,2022-07-11,WrongItem,230.68
RET-001706,ITEM-00067043,ORD-0013282,2024-04-21,Changed Mind,160.32
RET-001707,ITEM-00050219,ORD-0021426,2022-06-17,WrongItem,628.24
RET-001708,ITEM-00062411,ORD-0004205,2023-12-24,Late Delivery,152.1
RET-001709,ITEM-00026803,ORD-0005359,2023-11-04,Damaged,313.28
RET-001710,ITEM-00041600,ORD-0002763,2022-06-26,Changed Mind,233.1
RET-001711,ITEM-00017623,ORD-0008514,2022-08-30,Late Delivery,47.14
RET-001712,ITEM-00044148,ORD-0000772,2024-01-27,Late Delivery,145.24
RET-001713,ITEM-00014711,ORD-0010435,2023-05-20,Not as Described,171.44
RET-001714,ITEM-00017766,ORD-0020181,2023-12-08,WrongItem,23.73
RET-001715,ITEM-00028763,ORD-0002058,2023-05-04,Damaged,346.05
RET-001716,ITEM-00043656,ORD-0020740,2024-01-03,Late Delivery,59.88
RET-001717,ITEM-00029553,ORD-0009281,2024-04-16,Damaged,219.74
RET-001718,ITEM-00057266,ORD-0023895,2023-07-04,Not as Described,190.61
RET-001719,ITEM-00029097,ORD-0004840,2023-11-17,WrongItem,75.56
RET-001720,ITEM-00010678,ORD-0010519,2024-10-01,Not as Described,214.91
RET-001721,ITEM-00031950,ORD-0023727,2024-02-01,Changed Mind,822.2
RET-001722,ITEM-00040751,ORD-0013585,2024-06-18,Damaged,199.85
RET-001723,ITEM-00053725,ORD-0008260,2022-07-26,WrongItem,1248.05
RET-001724,ITEM-00000103,ORD-0013329,2024-06-19,Changed Mind,386.72
RET-001725,ITEM-00065370,ORD-0007345,2024-01-24,Changed Mind,505.2
RET-001726,ITEM-00044609,ORD-0016993,2024-09-10,WrongItem,872.48
RET-001727,ITEM-00014019,ORD-0015491,2022-08-11,Changed Mind,599.52
RET-001728,ITEM-00026648,ORD-0011671,2022-10-15,Changed Mind,1029.85
RET-001729,ITEM-00022805,ORD-0003357,2022-12-29,WrongItem,489.24
RET-001730,ITEM-00030109,ORD-0008886,2024-05-03,Changed Mind,530.4
RET-001731,ITEM-00019628,ORD-0003417,2024-11-01,Late Delivery,502.92
RET-001732,ITEM-00036745,ORD-0011525,2024-01-03,Changed Mind,347.36
RET-001733,ITEM-00031894,ORD-0017324,2024-02-16,Not as Described,612.65
RET-001734,ITEM-00034078,ORD-0020917,2023-08-11,WrongItem,453.48
RET-001735,ITEM-00032838,ORD-0007899,2024-02-25,Late Delivery,882.0
RET-001736,ITEM-00054568,ORD-0003365,2022-09-03,Not as Described,236.4
RET-001737,ITEM-00022825,ORD-0001742,2022-10-11,Damaged,374.68
RET-001738,ITEM-00032692,ORD-0013250,2025-03-21,Not as Described,30.18
RET-001739,ITEM-00028798,ORD-0020002,2024-08-29,Changed Mind,194.9
RET-001740,ITEM-00034429,ORD-0017078,2023-01-24,WrongItem,259.86
RET-001741,ITEM-00034735,ORD-0011418,2024-03-25,Late Delivery,261.45
RET-001742,ITEM-00035232,ORD-0021673,2022-08-10,Damaged,746.35
RET-001743,ITEM-00059413,ORD-0001875,2024-11-30,Late Delivery,162.56
RET-001744,ITEM-00024237,ORD-0024687,2023-03-30,Late Delivery,117.01
RET-001745,ITEM-00037086,ORD-0004204,2023-06-12,Late Delivery,626.3
RET-001746,ITEM-00043046,ORD-0009425,2024-09-22,WrongItem,664.32
RET-001747,ITEM-00006307,ORD-0006051,2022-10-15,Late Delivery,127.32
RET-001748,ITEM-00004055,ORD-0022493,2024-05-17,Not as Described,466.08
RET-001749,ITEM-00006687,ORD-0022372,2023-04-01,Damaged,498.93
RET-001750,ITEM-00003365,ORD-0001347,2024-03-13,Late Delivery,331.92
RET-001751,ITEM-00006946,ORD-0004627,2022-09-08,WrongItem,477.88
RET-001752,ITEM-00057131,ORD-0023232,2023-09-21,Damaged,154.64
RET-001753,ITEM-00015448,ORD-0007052,2023-01-05,Not as Described,234.8
RET-001754,ITEM-00046114,ORD-0012575,2023-11-30,Changed Mind,184.97
RET-001755,ITEM-00039580,ORD-0002467,2023-05-23,Damaged,668.55
RET-001756,ITEM-00031186,ORD-0022620,2023-12-03,Late Delivery,280.66
RET-001757,ITEM-00013985,ORD-0021104,2023-09-04,WrongItem,376.6
RET-001758,ITEM-00029088,ORD-0017173,2023-05-29,WrongItem,1080.85
RET-001759,ITEM-00067096,ORD-0020448,2022-04-19,WrongItem,918.48
RET-001760,ITEM-00056775,ORD-0011513,2022-05-29,Damaged,680.64
RET-001761,ITEM-00054208,ORD-0009956,2023-04-09,WrongItem,521.35
RET-001762,ITEM-00013500,ORD-0014199,2022-03-16,Late Delivery,812.15
RET-001763,ITEM-00049037,ORD-0017567,2024-02-14,Damaged,431.5
RET-001764,ITEM-00026513,ORD-0020093,2022-12-03,WrongItem,476.58
RET-001765,ITEM-00004965,ORD-0003930,2022-07-24,Late Delivery,701.01
RET-001766,ITEM-00014082,ORD-0004091,2024-11-01,Late Delivery,490.8
RET-001767,ITEM-00034047,ORD-0019337,2022-05-27,Late Delivery,527.49
RET-001768,ITEM-00027200,ORD-0013025,2024-07-10,Not as Described,144.48
RET-001769,ITEM-00042276,ORD-0011196,2022-12-12,Damaged,160.47
RET-001770,ITEM-00069779,ORD-0004904,2023-05-03,Damaged,121.0
RET-001771,ITEM-00052423,ORD-0011764,2022-04-18,Changed Mind,16.38
RET-001772,ITEM-00066645,ORD-0009725,2024-07-22,WrongItem,646.5
RET-001773,ITEM-00055833,ORD-0024402,2022-02-17,Changed Mind,743.3
RET-001774,ITEM-00068994,ORD-0021604,2024-05-21,Changed Mind,453.75
RET-001775,ITEM-00034495,ORD-0021574,2024-07-02,Damaged,360.88
RET-001776,ITEM-00014422,ORD-0001111,2023-03-31,Late Delivery,48.22
RET-001777,ITEM-00068029,ORD-0020635,2022-01-23,Damaged,214.66
RET-001778,ITEM-00032578,ORD-0019236,2023-01-08,WrongItem,479.62
RET-001779,ITEM-00012954,ORD-0013637,2024-01-04,WrongItem,876.3
RET-001780,ITEM-00028581,ORD-0018856,2022-09-12,Not as Described,237.16
RET-001781,ITEM-00051452,ORD-0000143,2022-09-27,Damaged,141.42
RET-001782,ITEM-00037915,ORD-0003529,2024-06-08,Damaged,214.72
RET-001783,ITEM-00061358,ORD-0011428,2022-05-21,,648.25
RET-001784,ITEM-00042567,ORD-0012507,2023-03-29,WrongItem,413.49
RET-001785,ITEM-00041494,ORD-0007530,2023-04-08,WrongItem,684.51
RET-001786,ITEM-00015896,ORD-0009861,2022-08-22,Late Delivery,88.61
RET-001787,ITEM-00026092,ORD-0006050,2024-06-18,Damaged,63.58
RET-001788,ITEM-00062812,ORD-0016957,2024-05-17,Not as Described,576.12
RET-001789,ITEM-00041658,ORD-0021398,2022-04-27,Changed Mind,684.93
RET-001790,ITEM-00034435,ORD-0004702,2023-07-04,Late Delivery,144.03
RET-001791,ITEM-00031882,ORD-0017463,2022-03-23,Late Delivery,676.47
RET-001792,ITEM-00011995,ORD-0020284,2022-06-09,Changed Mind,13.76
RET-001793,ITEM-00035712,ORD-0005553,2022-12-15,Changed Mind,527.95
RET-001794,ITEM-00057681,ORD-0003379,2022-12-16,WrongItem,234.69
RET-001795,ITEM-00004333,ORD-0021852,2024-04-29,Damaged,419.9
RET-001796,ITEM-00033518,ORD-0000105,2022-04-04,Not as Described,51.68
RET-001797,ITEM-00056678,ORD-0014693,2022-04-21,Damaged,741.4
RET-001798,ITEM-00053864,ORD-0010983,2023-12-26,Not as Described,524.43
RET-001799,ITEM-00019257,ORD-0023251,2024-07-17,Late Delivery,387.64
RET-001800,ITEM-00009732,ORD-0010190,2022-08-10,Changed Mind,184.71
RET-001801,ITEM-00046833,ORD-0016411,2024-08-30,Damaged,377.28
RET-001802,ITEM-00009772,ORD-0017397,2023-04-16,Not as Described,145.3
RET-001803,ITEM-00012000,ORD-0014114,2024-12-30,Changed Mind,1032.65
RET-001804,ITEM-00013646,ORD-0015723,2024-08-24,Changed Mind,109.17
RET-001805,ITEM-00063392,ORD-0022406,2023-02-02,Changed Mind,124.14
RET-001806,ITEM-00008859,ORD-0006322,2024-09-24,Not as Described,747.6
RET-001807,ITEM-00034294,ORD-0023601,2024-08-22,WrongItem,618.8
RET-001808,ITEM-00045207,ORD-0024654,2024-01-06,Changed Mind,171.86
RET-001809,ITEM-00041599,ORD-0017148,2023-12-08,Damaged,241.59
RET-001810,ITEM-00048751,ORD-0021535,2022-10-12,Not as Described,182.75
RET-001811,ITEM-00037820,ORD-0018591,2023-10-20,Changed Mind,212.65
RET-001812,ITEM-00039938,ORD-0021931,2022-02-16,Changed Mind,1224.85
RET-001813,ITEM-00044349,ORD-0008418,2024-01-21,Not as Described,590.12
RET-001814,ITEM-00064867,ORD-0008509,2024-07-29,Damaged,81.79
RET-001815,ITEM-00037455,ORD-0004049,2023-07-25,Damaged,311.56
RET-001816,ITEM-00026710,ORD-0014840,2025-02-06,Damaged,192.53
RET-001817,ITEM-00066249,ORD-0003751,2024-12-03,Not as Described,231.25
RET-001818,ITEM-00062439,ORD-0020346,2024-04-26,WrongItem,219.9
RET-001819,ITEM-00008764,ORD-0019436,2022-10-21,Changed Mind,452.44
RET-001820,ITEM-00060955,ORD-0006691,2023-10-26,Damaged,409.15
RET-001821,ITEM-00067948,ORD-0009723,2023-06-09,Damaged,67.5
RET-001822,ITEM-00051650,ORD-0013759,2022-03-08,Late Delivery,324.72
RET-001823,ITEM-00009835,ORD-0023191,2023-10-18,Late Delivery,38.6
RET-001824,ITEM-00023757,ORD-0012026,2023-06-13,Changed Mind,994.68
RET-001825,ITEM-00009546,ORD-0005171,2023-12-11,Late Delivery,1091.55
RET-001826,ITEM-00056797,ORD-0002425,2023-01-04,WrongItem,492.08
RET-001827,ITEM-00042255,ORD-0013247,2023-03-05,Late Delivery,89.04
RET-001828,ITEM-00039173,ORD-0011631,2024-05-02,Not as Described,591.1
RET-001829,ITEM-00031407,ORD-0020231,2023-01-23,Not as Described,226.59
RET-001830,ITEM-00010110,ORD-0005619,2022-07-17,Changed Mind,239.34
RET-001831,ITEM-00039244,ORD-0010278,2024-07-09,WrongItem,222.12
RET-001832,ITEM-00023675,ORD-0006332,2022-11-01,Late Delivery,452.44
RET-001833,ITEM-00005781,ORD-0007495,2023-07-30,Late Delivery,712.7
RET-001834,ITEM-00022952,ORD-0004896,2023-01-12,Damaged,531.09
RET-001835,ITEM-00037899,ORD-0013556,2024-10-25,Changed Mind,286.38
RET-001836,ITEM-00040810,ORD-0022373,2023-01-21,Not as Described,27.0
RET-001837,ITEM-00017622,ORD-0005308,2022-04-24,Late Delivery,1078.0
RET-001838,ITEM-00011549,ORD-0004500,2025-01-22,Changed Mind,343.2
RET-001839,ITEM-00025955,ORD-0009033,2024-12-14,Late Delivery,419.6
RET-001840,ITEM-00035189,ORD-0002460,2022-10-17,WrongItem,421.58
RET-001841,ITEM-00031512,ORD-0006073,2022-10-14,Damaged,180.22
RET-001842,ITEM-00024689,ORD-0003055,2024-09-14,Damaged,962.8
RET-001843,ITEM-00057461,ORD-0006285,2023-05-23,Changed Mind,285.68
RET-001844,ITEM-00024896,ORD-0004498,2024-05-24,WrongItem,368.44
RET-001845,ITEM-00007812,ORD-0018056,2023-03-16,Not as Described,1233.9
RET-001846,ITEM-00060416,ORD-0003641,2024-02-26,Late Delivery,509.31
RET-001847,ITEM-00057011,ORD-0010701,2022-09-22,WrongItem,741.92
RET-001848,ITEM-00069876,ORD-0012502,2024-03-25,Changed Mind,587.85
RET-001849,ITEM-00004518,ORD-0012390,2024-01-08,Not as Described,487.98
RET-001850,ITEM-00053305,ORD-0018334,2024-07-21,WrongItem,120.24
RET-001851,ITEM-00044989,ORD-0001557,2023-08-29,Not as Described,647.22
RET-001852,ITEM-00002021,ORD-0011194,2022-06-07,Changed Mind,746.9
RET-001853,ITEM-00008877,ORD-0018896,2024-05-01,Not as Described,413.4
RET-001854,ITEM-00020747,ORD-0011770,2023-03-06,Not as Described,489.18
RET-001855,ITEM-00046291,ORD-0004775,2025-01-02,Changed Mind,140.19
RET-001856,ITEM-00041919,ORD-0003809,2024-12-20,Late Delivery,89.47
RET-001857,ITEM-00023975,ORD-0008664,2023-12-11,Damaged,203.11
RET-001858,ITEM-00004060,ORD-0004728,2022-08-28,WrongItem,228.29
RET-001859,ITEM-00028603,ORD-0008038,2024-03-13,WrongItem,900.3
RET-001860,ITEM-00034073,ORD-0007696,2024-02-09,Damaged,251.68
RET-001861,ITEM-00005090,ORD-0008021,2022-08-20,Not as Described,129.79
RET-001862,ITEM-00038178,ORD-0022488,2023-05-26,Damaged,64.5
RET-001863,ITEM-00005285,ORD-0022160,2023-11-30,WrongItem,435.72
RET-001864,ITEM-00012991,ORD-0019474,2022-08-23,Not as Described,238.24
RET-001865,ITEM-00063664,ORD-0009895,2024-04-12,Not as Described,971.3
RET-001866,ITEM-00056900,ORD-0017737,2023-07-26,Not as Described,173.28
RET-001867,ITEM-00062256,ORD-0007322,2022-09-08,Damaged,7.98
RET-001868,ITEM-00030687,ORD-0021923,2023-07-27,Damaged,813.75
RET-001869,ITEM-00038946,ORD-0013562,2023-05-31,Not as Described,454.26
RET-001870,ITEM-00009666,ORD-0008496,2023-01-16,Late Delivery,575.96
RET-001871,ITEM-00018286,ORD-0011633,2024-06-09,Changed Mind,280.53
RET-001872,ITEM-00057940,ORD-0014020,2022-06-01,WrongItem,144.47
RET-001873,ITEM-00045931,ORD-0014898,2022-08-28,Late Delivery,203.1
RET-001874,ITEM-00047989,ORD-0023202,2022-07-28,Changed Mind,167.8
RET-001875,ITEM-00040844,ORD-0007275,2023-08-14,Damaged,462.52
RET-001876,ITEM-00019456,ORD-0007463,2023-10-13,Not as Described,945.2
RET-001877,ITEM-00051956,ORD-0008596,2023-11-17,WrongItem,140.46
RET-001878,ITEM-00006124,ORD-0023189,2023-05-31,Not as Described,26.46
RET-001879,ITEM-00000050,ORD-0013425,2024-11-10,Not as Described,485.22
RET-001880,ITEM-00009610,ORD-0016471,2022-12-12,Changed Mind,289.76
RET-001881,ITEM-00052537,ORD-0001629,2022-07-16,Changed Mind,135.77
RET-001882,ITEM-00066367,ORD-0014829,2022-07-04,WrongItem,340.28
RET-001883,ITEM-00016956,ORD-0020908,2022-04-03,Damaged,48.57
RET-001884,ITEM-00039356,ORD-0023305,2023-05-12,Damaged,65.96
RET-001885,ITEM-00044723,ORD-0011924,2022-11-06,WrongItem,345.15
RET-001886,ITEM-00040813,ORD-0019792,2024-11-10,Late Delivery,66.56
RET-001887,ITEM-00028042,ORD-0008196,2024-12-07,Damaged,775.08
RET-001888,ITEM-00055965,ORD-0017140,2022-08-28,Not as Described,122.05
RET-001889,ITEM-00061899,ORD-0014864,2024-09-30,Damaged,1106.9
RET-001890,ITEM-00055328,ORD-0021236,2022-05-13,Changed Mind,38.59
RET-001891,ITEM-00046230,ORD-0001800,2024-06-13,WrongItem,364.84
RET-001892,ITEM-00066062,ORD-0006591,2023-12-08,Damaged,353.88
RET-001893,ITEM-00008339,ORD-0002184,2023-01-10,Late Delivery,67.56
RET-001894,ITEM-00062415,ORD-0003619,2022-11-19,WrongItem,136.16
RET-001895,ITEM-00054178,ORD-0018824,2024-05-09,Late Delivery,125.07
RET-001896,ITEM-00023722,ORD-0015189,2023-01-15,Damaged,1022.05
RET-001897,ITEM-00014070,ORD-0016431,2024-07-18,WrongItem,345.99
RET-001898,ITEM-00029957,ORD-0000564,2023-03-04,Late Delivery,26.28
RET-001899,ITEM-00006261,ORD-0008978,2024-07-09,Damaged,341.32
RET-001900,ITEM-00050716,ORD-0009723,2023-10-13,WrongItem,251.16
RET-001901,ITEM-00019221,ORD-0014923,2022-01-26,Not as Described,341.64
RET-001902,ITEM-00005048,ORD-0015213,2024-02-05,WrongItem,336.84
RET-001903,ITEM-00011045,ORD-0009234,2022-05-16,Changed Mind,299.52
RET-001904,ITEM-00029629,ORD-0007025,2022-12-30,Changed Mind,260.82
RET-001905,ITEM-00028645,ORD-0012968,2023-08-25,Damaged,207.9
RET-001906,ITEM-00011849,ORD-0020882,2022-05-12,Changed Mind,425.02
RET-001907,ITEM-00064584,ORD-0005542,2023-04-06,Not as Described,108.63
RET-001908,ITEM-00007892,ORD-0019747,2024-07-05,Late Delivery,662.7
RET-001909,ITEM-00024902,ORD-0022869,2024-04-14,Changed Mind,939.52
RET-001910,ITEM-00057197,ORD-0024247,2024-06-20,Damaged,684.05
RET-001911,ITEM-00016100,ORD-0005923,2024-10-28,Not as Described,119.39
RET-001912,ITEM-00016761,ORD-0017742,2022-03-27,Not as Described,494.5
RET-001913,ITEM-00067412,ORD-0000803,2022-12-09,Changed Mind,981.5
RET-001914,ITEM-00040655,ORD-0010376,2025-01-11,Damaged,27.81
RET-001915,ITEM-00020694,ORD-0023338,2023-05-04,Late Delivery,154.48
RET-001916,ITEM-00021904,ORD-0008072,2022-07-23,Late Delivery,433.98
RET-001917,ITEM-00014776,ORD-0019831,2023-01-17,Changed Mind,129.08
RET-001918,ITEM-00019817,ORD-0013592,2023-08-03,WrongItem,72.88
RET-001919,ITEM-00046190,ORD-0015069,2025-01-07,WrongItem,646.05
RET-001920,ITEM-00056464,ORD-0020830,2023-08-04,WrongItem,142.94
RET-001921,ITEM-00029179,ORD-0019343,2024-04-04,Damaged,808.88
RET-001922,ITEM-00049642,ORD-0021298,2022-12-10,Damaged,265.3
RET-001923,ITEM-00014557,ORD-0014664,2023-04-22,WrongItem,278.52
RET-001924,ITEM-00062801,ORD-0010641,2023-10-22,Damaged,70.24
RET-001925,ITEM-00028679,ORD-0019849,2023-09-08,Late Delivery,820.64
RET-001926,ITEM-00008713,ORD-0006498,2024-05-14,Changed Mind,16.36
RET-001927,ITEM-00029678,ORD-0017725,2023-04-11,Not as Described,153.01
RET-001928,ITEM-00019956,ORD-0005699,2022-10-07,Changed Mind,192.04
RET-001929,ITEM-00060926,ORD-0022351,2024-06-11,Not as Described,388.59
RET-001930,ITEM-00013031,ORD-0009396,2022-05-25,Changed Mind,68.16
RET-001931,ITEM-00058056,ORD-0008065,2022-11-26,WrongItem,196.93
RET-001932,ITEM-00041044,ORD-0019644,2024-05-01,Late Delivery,71.55
RET-001933,ITEM-00010645,ORD-0013602,2024-10-20,Late Delivery,398.46
RET-001934,ITEM-00016038,ORD-0003592,2023-11-28,Late Delivery,85.29
RET-001935,ITEM-00038621,ORD-0004461,2024-03-05,WrongItem,534.88
RET-001936,ITEM-00019127,ORD-0018411,2024-03-15,Not as Described,233.41
RET-001937,ITEM-00066567,ORD-0020659,2023-09-17,Not as Described,925.48
RET-001938,ITEM-00025750,ORD-0009322,2023-09-20,Damaged,1030.9
RET-001939,ITEM-00069905,ORD-0023357,2023-08-06,Changed Mind,80.21
RET-001940,ITEM-00023502,ORD-0023876,2022-11-07,WrongItem,12.32
RET-001941,ITEM-00064848,ORD-0011428,2023-03-12,Late Delivery,117.0
RET-001942,ITEM-00056954,ORD-0008442,2022-11-18,WrongItem,432.56
RET-001943,ITEM-00005254,ORD-0023293,2025-01-09,Late Delivery,29.56
RET-001944,ITEM-00053002,ORD-0010060,2023-06-09,Changed Mind,411.64
RET-001945,ITEM-00030203,ORD-0002634,2022-07-25,Changed Mind,833.92
RET-001946,ITEM-00029083,ORD-0002168,2023-02-07,Changed Mind,903.76
RET-001947,ITEM-00017973,ORD-0016867,2025-01-25,Changed Mind,605.44
RET-001948,ITEM-00069964,ORD-0001606,2024-08-08,Damaged,1230.5
RET-001949,ITEM-00035993,ORD-0001064,2023-07-30,Late Delivery,304.83
RET-001950,ITEM-00050726,ORD-0015110,2024-10-12,Damaged,109.56
RET-001951,ITEM-00024195,ORD-0003772,2023-10-03,WrongItem,78.4
RET-001952,ITEM-00044580,ORD-0007695,2024-12-11,Late Delivery,294.9
RET-001953,ITEM-00002780,ORD-0012300,2024-03-25,Damaged,217.35
RET-001954,ITEM-00044506,ORD-0020549,2024-11-08,Changed Mind,912.48
RET-001955,ITEM-00006900,ORD-0021394,2022-03-15,Damaged,646.72
RET-001956,ITEM-00000834,ORD-0006417,2024-02-14,Changed Mind,858.95
RET-001957,ITEM-00002557,ORD-0009389,2022-09-25,Not as Described,988.16
RET-001958,ITEM-00005500,ORD-0021606,2022-06-11,Damaged,328.7
RET-001959,ITEM-00002892,ORD-0006858,2022-11-10,Late Delivery,695.0
RET-001960,ITEM-00030209,ORD-0008646,2023-07-24,Late Delivery,206.72
RET-001961,ITEM-00063541,ORD-0010262,2023-05-12,Not as Described,1201.5
RET-001962,ITEM-00053768,ORD-0006760,2024-09-30,Changed Mind,89.34
RET-001963,ITEM-00031081,ORD-0010339,2024-06-06,WrongItem,58.23
RET-001964,ITEM-00035326,ORD-0013746,2023-08-13,Changed Mind,49.11
RET-001965,ITEM-00007700,ORD-0015528,2022-02-15,Late Delivery,560.16
RET-001966,ITEM-00045687,ORD-0004492,2023-04-06,Damaged,1027.35
RET-001967,ITEM-00049529,ORD-0000131,2024-04-08,Late Delivery,660.32
RET-001968,ITEM-00056091,ORD-0016267,2023-10-01,Damaged,464.0
RET-001969,ITEM-00001455,ORD-0014320,2022-05-29,Late Delivery,639.2
RET-001970,ITEM-00025506,ORD-0014898,2024-03-18,WrongItem,123.92
RET-001971,ITEM-00019766,ORD-0017748,2022-06-03,Not as Described,238.67
RET-001972,ITEM-00023381,ORD-0008168,2023-05-10,Changed Mind,1168.5
RET-001973,ITEM-00022445,ORD-0016384,2023-05-22,Changed Mind,247.29
RET-001974,ITEM-00005075,ORD-0008369,2023-01-07,WrongItem,380.16
RET-001975,ITEM-00054487,ORD-0018912,2024-09-10,WrongItem,170.08
RET-001976,ITEM-00019641,ORD-0012027,2024-07-12,WrongItem,155.51
RET-001977,ITEM-00054536,ORD-0022177,2023-05-18,,1018.1
RET-001978,ITEM-00038719,ORD-0007916,2024-11-07,Changed Mind,582.8
RET-001979,ITEM-00023615,ORD-0020448,2024-03-27,Damaged,538.44
RET-001980,ITEM-00020155,ORD-0002487,2023-09-24,Damaged,209.44
RET-001981,ITEM-00006722,ORD-0007388,2023-05-04,Late Delivery,488.44
RET-001982,ITEM-00066848,ORD-0012113,2023-06-24,Damaged,116.28
RET-001983,ITEM-00020302,ORD-0024804,2024-03-02,WrongItem,415.65
RET-001984,ITEM-00003546,ORD-0011162,2022-04-21,Damaged,866.15
RET-001985,ITEM-00061901,ORD-0013471,2022-07-19,Late Delivery,1010.5
RET-001986,ITEM-00059862,ORD-0023234,2022-05-01,Not as Described,950.3
RET-001987,ITEM-00012483,ORD-0016138,2023-07-01,WrongItem,116.64
RET-001988,ITEM-00035683,ORD-0007726,2023-08-10,Late Delivery,954.12
RET-001989,ITEM-00046826,ORD-0022184,2023-01-01,Not as Described,116.06
RET-001990,ITEM-00041821,ORD-0014803,2024-06-04,Not as Described,244.72
RET-001991,ITEM-00007255,ORD-0017523,2024-08-14,WrongItem,1102.95
RET-001992,ITEM-00050369,ORD-0017173,2022-02-15,Damaged,167.65
RET-001993,ITEM-00027142,ORD-0022137,2022-06-05,Not as Described,424.95
RET-001994,ITEM-00041617,ORD-0017326,2022-12-01,Late Delivery,32.44
RET-001995,ITEM-00025512,ORD-0023765,2024-09-03,WrongItem,476.52
RET-001996,ITEM-00012111,ORD-0008631,2024-08-23,WrongItem,12.15
RET-001997,ITEM-00010879,ORD-0004551,2023-06-06,Late Delivery,127.9
RET-001998,ITEM-00069494,ORD-0024828,2022-04-11,Damaged,390.48
RET-001999,ITEM-00010914,ORD-0011144,2025-01-04,Not as Described,191.25
RET-002000,ITEM-00012187,ORD-0011331,2023-12-28,Not as Described,260.86
RET-002001,ITEM-00048709,ORD-0003853,2024-11-18,Late Delivery,59.4
RET-002002,ITEM-00009851,ORD-0020054,2023-05-12,Changed Mind,161.8
RET-002003,ITEM-00023927,ORD-0007229,2024-07-18,Not as Described,111.8
RET-002004,ITEM-00020905,ORD-0010591,2022-12-24,Damaged,162.52
RET-002005,ITEM-00047752,ORD-0018318,2023-07-27,Not as Described,590.79
RET-002006,ITEM-00055425,ORD-0024995,2024-08-26,Not as Described,182.68
RET-002007,ITEM-00042121,ORD-0024235,2022-01-07,Changed Mind,518.24
RET-002008,ITEM-00061640,ORD-0023332,2023-10-13,Changed Mind,193.4
RET-002009,ITEM-00007714,ORD-0020141,2023-07-26,Late Delivery,234.64
RET-002010,ITEM-00039016,ORD-0004567,2024-04-11,Not as Described,1016.6
RET-002011,ITEM-00051568,ORD-0024570,2022-09-17,Not as Described,870.1
RET-002012,ITEM-00033794,ORD-0000877,2024-05-01,Changed Mind,501.0
RET-002013,ITEM-00051442,ORD-0013936,2023-11-20,WrongItem,901.32
RET-002014,ITEM-00057641,ORD-0006341,2022-09-01,Not as Described,233.8
RET-002015,ITEM-00011877,ORD-0016904,2023-06-18,Not as Described,349.44
RET-002016,ITEM-00001965,ORD-0023218,2022-08-31,,303.06
RET-002017,ITEM-00042625,ORD-0007381,2023-05-31,Not as Described,21.54
RET-002018,ITEM-00011968,ORD-0016834,2022-07-21,Late Delivery,42.45
RET-002019,ITEM-00027629,ORD-0003889,2024-02-02,Changed Mind,448.52
RET-002020,ITEM-00038262,ORD-0000191,2023-07-22,Late Delivery,330.75
RET-002021,ITEM-00053961,ORD-0024216,2022-08-17,Not as Described,648.78
RET-002022,ITEM-00013315,ORD-0001207,2024-03-24,Changed Mind,537.12
RET-002023,ITEM-00054098,ORD-0001005,2023-10-25,WrongItem,113.46
RET-002024,ITEM-00044388,ORD-0021456,2024-03-11,Changed Mind,29.86
RET-002025,ITEM-00005073,ORD-0011829,2024-10-28,Not as Described,115.01
RET-002026,ITEM-00065516,ORD-0012035,2022-07-17,WrongItem,736.5
RET-002027,ITEM-00003314,ORD-0009735,2023-01-31,Late Delivery,143.34
RET-002028,ITEM-00014150,ORD-0020720,2024-10-27,WrongItem,149.62
RET-002029,ITEM-00016901,ORD-0004781,2024-03-24,Not as Described,343.4
RET-002030,ITEM-00006068,ORD-0016823,2024-09-11,WrongItem,172.36
RET-002031,ITEM-00036857,ORD-0010536,2022-05-25,Changed Mind,191.94
RET-002032,ITEM-00061496,ORD-0000351,2023-01-06,Damaged,121.96
RET-002033,ITEM-00006506,ORD-0019303,2022-03-29,Damaged,122.1
RET-002034,ITEM-00035283,ORD-0010986,2024-11-12,WrongItem,374.6
RET-002035,ITEM-00033898,ORD-0013722,2024-01-21,Late Delivery,321.2
RET-002036,ITEM-00057020,ORD-0022531,2023-03-12,Late Delivery,40.82
RET-002037,ITEM-00012719,ORD-0004067,2022-12-17,Not as Described,911.95
RET-002038,ITEM-00066010,ORD-0017064,2022-01-31,Not as Described,546.8
RET-002039,ITEM-00038566,ORD-0003720,2022-11-03,Changed Mind,877.95
RET-002040,ITEM-00059578,ORD-0018479,2024-07-18,Changed Mind,323.76
RET-002041,ITEM-00022607,ORD-0011015,2024-11-13,Late Delivery,548.3
RET-002042,ITEM-00046491,ORD-0014919,2022-09-27,Late Delivery,197.04
RET-002043,ITEM-00051772,ORD-0005977,2022-11-19,Changed Mind,31.0
RET-002044,ITEM-00047714,ORD-0009886,2022-04-20,Damaged,397.14
RET-002045,ITEM-00068137,ORD-0013633,2022-05-10,WrongItem,226.14
RET-002046,ITEM-00049049,ORD-0008714,2022-06-15,Late Delivery,288.05
RET-002047,ITEM-00058954,ORD-0011010,2022-05-07,Damaged,235.65
RET-002048,ITEM-00014888,ORD-0023555,2022-06-18,Late Delivery,504.3
RET-002049,ITEM-00023930,ORD-0014055,2024-04-03,WrongItem,193.7
RET-002050,ITEM-00052606,ORD-0020364,2025-01-16,WrongItem,418.64
RET-002051,ITEM-00035500,ORD-0012222,2024-01-24,Late Delivery,556.44
RET-002052,ITEM-00016381,ORD-0012207,2023-10-12,Changed Mind,493.68
RET-002053,ITEM-00021855,ORD-0023507,2024-05-02,Late Delivery,624.78
RET-002054,ITEM-00027560,ORD-0000444,2024-03-04,WrongItem,52.32
RET-002055,ITEM-00040213,ORD-0019211,2023-11-01,WrongItem,458.88
RET-002056,ITEM-00020486,ORD-0011504,2022-03-02,Changed Mind,744.05
RET-002057,ITEM-00065491,ORD-0005300,2023-06-08,Late Delivery,26.32
RET-002058,ITEM-00048183,ORD-0002538,2024-09-25,WrongItem,249.55
RET-002059,ITEM-00062650,ORD-0014334,2023-10-08,Late Delivery,200.11
RET-002060,ITEM-00066937,ORD-0021490,2024-04-28,WrongItem,561.6
RET-002061,ITEM-00006721,ORD-0012145,2024-07-05,Damaged,735.44
RET-002062,ITEM-00009683,ORD-0022426,2024-06-13,WrongItem,272.88
RET-002063,ITEM-00057434,ORD-0024977,2022-12-08,Not as Described,62.43
RET-002064,ITEM-00014463,ORD-0000910,2022-11-12,Late Delivery,99.39
RET-002065,ITEM-00016704,ORD-0018248,2024-03-21,Late Delivery,76.84
RET-002066,ITEM-00001846,ORD-0010094,2022-07-07,Not as Described,213.48
RET-002067,ITEM-00046508,ORD-0016682,2023-06-01,Damaged,446.34
RET-002068,ITEM-00061967,ORD-0018255,2022-06-30,Late Delivery,1033.7
RET-002069,ITEM-00017842,ORD-0002862,2022-03-01,Damaged,63.87
RET-002070,ITEM-00018192,ORD-0015510,2022-07-26,Late Delivery,78.8
RET-002071,ITEM-00023844,ORD-0008218,2023-05-24,Not as Described,641.76
RET-002072,ITEM-00057711,ORD-0002043,2023-09-26,Not as Described,1084.75
RET-002073,ITEM-00047381,ORD-0010083,2023-02-08,Changed Mind,188.48
RET-002074,ITEM-00060110,ORD-0003511,2022-11-12,WrongItem,447.08
RET-002075,ITEM-00028333,ORD-0016152,2022-04-26,Late Delivery,48.88
RET-002076,ITEM-00038252,ORD-0012356,2024-10-01,Changed Mind,96.06
RET-002077,ITEM-00055644,ORD-0013509,2023-07-22,Changed Mind,630.32
RET-002078,ITEM-00000745,ORD-0008998,2024-12-19,Changed Mind,852.8
RET-002079,ITEM-00006524,ORD-0011701,2023-10-30,Late Delivery,176.87
RET-002080,ITEM-00009193,ORD-0005323,2023-04-21,Changed Mind,740.16
RET-002081,ITEM-00056988,ORD-0000428,2024-03-17,Late Delivery,88.16
RET-002082,ITEM-00014976,ORD-0016845,2022-05-28,WrongItem,313.94
RET-002083,ITEM-00064028,ORD-0004095,2023-09-15,Changed Mind,233.55
RET-002084,ITEM-00025971,ORD-0022424,2023-05-06,Not as Described,581.61
RET-002085,ITEM-00046103,ORD-0007534,2023-04-28,Changed Mind,524.05
RET-002086,ITEM-00045217,ORD-0007441,2022-11-06,WrongItem,419.56
RET-002087,ITEM-00068861,ORD-0024175,2023-11-29,Changed Mind,123.56
RET-002088,ITEM-00035797,ORD-0020805,2022-04-28,Changed Mind,272.55
RET-002089,ITEM-00030885,ORD-0020277,2025-01-14,Not as Described,681.1
RET-002090,ITEM-00047382,ORD-0002243,2024-02-18,Damaged,88.75
RET-002091,ITEM-00069185,ORD-0015306,2022-11-23,Not as Described,726.33
RET-002092,ITEM-00024071,ORD-0011204,2023-12-12,Damaged,-280.8
RET-002093,ITEM-00060095,ORD-0016971,2024-12-19,Damaged,25.72
RET-002094,ITEM-00015387,ORD-0015506,2022-11-13,Not as Described,108.02
RET-002095,ITEM-00029013,ORD-0011947,2024-09-12,Late Delivery,618.35
RET-002096,ITEM-00069096,ORD-0013359,2023-02-11,Not as Described,680.4
RET-002097,ITEM-00042244,ORD-0011135,2022-03-26,WrongItem,348.48
RET-002098,ITEM-00021426,ORD-0018558,2024-02-22,Changed Mind,572.4
RET-002099,ITEM-00001134,ORD-0002933,2025-01-18,Not as Described,571.7
RET-002100,ITEM-00007241,ORD-0004439,2023-05-19,Late Delivery,587.05
RET-002101,ITEM-00041348,ORD-0007212,2022-02-10,WrongItem,967.64
RET-002102,ITEM-00034809,ORD-0010689,2022-09-30,Late Delivery,999.44
RET-002103,ITEM-00013872,ORD-0004576,2022-04-13,Damaged,459.48
RET-002104,ITEM-00054221,ORD-0004758,2023-10-28,Late Delivery,169.39
RET-002105,ITEM-00021872,ORD-0007343,2023-05-22,Changed Mind,504.65
RET-002106,ITEM-00061716,ORD-0000227,2023-03-30,WrongItem,47.61
RET-002107,ITEM-00059004,ORD-0000737,2024-03-07,Late Delivery,21.2
RET-002108,ITEM-00050324,ORD-0012713,2023-04-01,Late Delivery,240.1
RET-002109,ITEM-00046600,ORD-0020113,2024-03-17,Changed Mind,623.7
RET-002110,ITEM-00038669,ORD-0003282,2022-02-11,WrongItem,86.98
RET-002111,ITEM-00044016,ORD-0002549,2022-08-12,Damaged,691.53
RET-002112,ITEM-00032783,ORD-0003957,2022-10-27,Damaged,499.64
RET-002113,ITEM-00038713,ORD-0013562,2022-08-10,Not as Described,640.85
RET-002114,ITEM-00069473,ORD-0005997,2024-09-04,Damaged,50.96
RET-002115,ITEM-00023705,ORD-0011270,2023-07-11,Changed Mind,25.24
RET-002116,ITEM-00020891,ORD-0023101,2022-07-07,WrongItem,214.16
RET-002117,ITEM-00046876,ORD-0001544,2024-08-11,Late Delivery,568.92
RET-002118,ITEM-00025990,ORD-0013619,2023-03-19,WrongItem,1220.95
RET-002119,ITEM-00027610,ORD-0022373,2024-11-11,Not as Described,23.38
RET-002120,ITEM-00034408,ORD-0014882,2023-02-20,Not as Described,300.24
RET-002121,ITEM-00000423,ORD-0011611,2024-09-10,Changed Mind,39.3
RET-002122,ITEM-00056547,ORD-0021450,2024-08-05,Not as Described,64.11
RET-002123,ITEM-00014775,ORD-0002614,2022-03-26,Not as Described,361.28
RET-002124,ITEM-00042147,ORD-0006585,2024-07-21,Late Delivery,751.2
RET-002125,ITEM-00007552,ORD-0006059,2023-08-02,Late Delivery,237.53
RET-002126,ITEM-00060162,ORD-0006950,2023-04-25,WrongItem,46.2
RET-002127,ITEM-00029092,ORD-0015598,2022-04-29,Not as Described,350.05
RET-002128,ITEM-00008679,ORD-0017454,2023-09-05,Not as Described,112.47
RET-002129,ITEM-00026338,ORD-0009018,2024-05-07,Late Delivery,237.85
RET-002130,ITEM-00037245,ORD-0000997,2023-05-14,WrongItem,1181.6
RET-002131,ITEM-00056376,ORD-0018959,2024-02-08,Late Delivery,116.22
RET-002132,ITEM-00001388,ORD-0005151,2022-02-08,Damaged,102.41
RET-002133,ITEM-00027733,ORD-0011331,2022-06-12,WrongItem,359.76
RET-002134,ITEM-00015107,ORD-0024997,2023-08-03,Damaged,1090.65
RET-002135,ITEM-00038329,ORD-0022435,2025-01-02,Not as Described,295.48
RET-002136,ITEM-00022284,ORD-0020702,2024-06-12,Not as Described,1199.0
RET-002137,ITEM-00032071,ORD-0018555,2024-06-19,WrongItem,284.7
RET-002138,ITEM-00003003,ORD-0002638,2023-07-19,WrongItem,479.4
RET-002139,ITEM-00024036,ORD-0011115,2023-08-01,Changed Mind,437.36
RET-002140,ITEM-00021979,ORD-0015646,2022-08-01,Late Delivery,28.24
RET-002141,ITEM-00040329,ORD-0007921,2022-12-29,Late Delivery,496.88
RET-002142,ITEM-00051153,ORD-0009581,2022-11-20,WrongItem,288.96
RET-002143,ITEM-00043976,ORD-0003897,2022-02-26,Late Delivery,159.72
RET-002144,ITEM-00061187,ORD-0023099,2022-05-29,Changed Mind,200.1
RET-002145,ITEM-00012207,ORD-0023393,2022-04-30,Changed Mind,216.4
RET-002146,ITEM-00001091,ORD-0015217,2023-12-20,WrongItem,262.3
RET-002147,ITEM-00050289,ORD-0009149,2023-12-23,Changed Mind,365.88
RET-002148,ITEM-00059540,ORD-0022474,2023-01-10,Late Delivery,501.48
RET-002149,ITEM-00029574,ORD-0022383,2024-09-17,WrongItem,155.4
RET-002150,ITEM-00066473,ORD-0008801,2022-05-05,Late Delivery,113.32
RET-002151,ITEM-00068131,ORD-0007840,2022-11-10,Late Delivery,147.38
RET-002152,ITEM-00049734,ORD-0002518,2023-12-10,WrongItem,165.93
RET-002153,ITEM-00007269,ORD-0020050,2022-11-11,WrongItem,10.99
RET-002154,ITEM-00031453,ORD-0014752,2023-12-29,Changed Mind,834.55
RET-002155,ITEM-00019368,ORD-0015777,2022-07-06,Not as Described,584.0
RET-002156,ITEM-00032693,ORD-0015540,2024-05-19,Late Delivery,1176.85
RET-002157,ITEM-00058236,ORD-0020456,2024-09-07,Not as Described,155.64
RET-002158,ITEM-00067717,ORD-0023499,2022-08-04,Not as Described,318.98
RET-002159,ITEM-00025346,ORD-0001026,2022-03-13,WrongItem,321.6
RET-002160,ITEM-00058859,ORD-0017465,2022-08-27,Late Delivery,-488.85
RET-002161,ITEM-00034935,ORD-0003011,2022-09-04,WrongItem,183.06
RET-002162,ITEM-00007963,ORD-0021553,2023-10-08,Not as Described,446.36
RET-002163,ITEM-00068012,ORD-0001945,2023-03-31,Changed Mind,86.44
RET-002164,ITEM-00028585,ORD-0010626,2023-12-18,Changed Mind,129.24
RET-002165,ITEM-00044689,ORD-0001805,2024-02-02,WrongItem,565.56
RET-002166,ITEM-00060692,ORD-0009361,2022-09-17,Late Delivery,74.35
RET-002167,ITEM-00012711,ORD-0018500,2023-08-06,WrongItem,752.36
RET-002168,ITEM-00048702,,2022-07-04,WrongItem,60.22
RET-002169,ITEM-00050511,ORD-0016434,2022-06-02,Damaged,98.44
RET-002170,ITEM-00039497,ORD-0023384,2024-11-27,Not as Described,1082.4
RET-002171,ITEM-00039886,ORD-0005739,2023-05-22,Late Delivery,373.58
RET-002172,ITEM-00047748,ORD-0019572,2024-01-13,Damaged,503.28
RET-002173,ITEM-00029696,ORD-0001836,2022-11-08,Damaged,222.25
RET-002174,ITEM-00023959,ORD-0020723,2022-11-02,Changed Mind,595.98
RET-002175,ITEM-00020385,ORD-0000496,2022-06-06,Damaged,125.46
RET-002176,ITEM-00011524,ORD-0008146,2024-06-27,Damaged,69.32
RET-002177,ITEM-00049204,ORD-0010217,2023-12-06,WrongItem,482.74
RET-002178,ITEM-00013400,ORD-0021935,2022-01-25,Damaged,703.85
RET-002179,ITEM-00004189,ORD-0003669,2024-01-04,WrongItem,647.4
RET-002180,ITEM-00045443,ORD-0006450,2022-04-24,Late Delivery,355.74
RET-002181,ITEM-00047458,ORD-0009795,2024-04-16,Damaged,39.47
RET-002182,ITEM-00065464,ORD-0018347,2023-06-12,Damaged,492.99
RET-002183,ITEM-00044297,ORD-0000280,2024-04-28,Not as Described,699.3
RET-002184,ITEM-00032279,ORD-0019935,2025-01-21,WrongItem,790.32
RET-002185,ITEM-00017821,ORD-0012921,2023-02-15,Damaged,97.24
RET-002186,ITEM-00064937,ORD-0018336,2024-04-14,Not as Described,414.6
RET-002187,ITEM-00014359,ORD-0010690,2025-01-01,Changed Mind,846.72
RET-002188,ITEM-00042375,ORD-0008240,2022-03-23,Damaged,245.12
RET-002189,ITEM-00025354,ORD-0019579,2022-03-24,Not as Described,1123.25
RET-002190,ITEM-00051600,ORD-0022109,2024-04-08,WrongItem,901.28
RET-002191,ITEM-00039826,ORD-0021424,2022-12-31,Damaged,680.07
RET-002192,ITEM-00050347,ORD-0024118,2024-04-02,Damaged,93.99
RET-002193,ITEM-00051005,ORD-0017894,2023-07-04,Changed Mind,195.79
RET-002194,ITEM-00017847,ORD-0012453,2023-03-29,Changed Mind,767.2
RET-002195,ITEM-00043055,ORD-0004904,2023-01-01,Not as Described,462.12
RET-002196,ITEM-00050509,ORD-0021755,2022-05-27,Not as Described,554.58
RET-002197,ITEM-00013524,ORD-0022231,2023-11-21,Late Delivery,158.88
RET-002198,ITEM-00059247,ORD-0021043,2023-12-26,WrongItem,593.88
RET-002199,ITEM-00002131,ORD-0008712,2022-06-26,Not as Described,734.68
RET-002200,ITEM-00012778,ORD-0000665,2023-12-24,Damaged,100.95
RET-002201,ITEM-00062560,ORD-0004874,2023-11-10,Late Delivery,485.19
RET-002202,ITEM-00033256,ORD-0011343,2024-04-30,Changed Mind,121.92
RET-002203,ITEM-00037425,ORD-0016507,2022-11-05,Not as Described,459.04
RET-002204,ITEM-00067614,ORD-0002073,2022-02-14,Late Delivery,207.84
RET-002205,ITEM-00035117,ORD-0015566,2022-02-10,WrongItem,841.96
RET-002206,ITEM-00024081,ORD-0014545,2024-06-19,Changed Mind,211.44
RET-002207,ITEM-00001318,ORD-0024271,2022-11-15,Changed Mind,164.12
RET-002208,ITEM-00055082,ORD-0006130,2024-01-03,Late Delivery,1196.5
RET-002209,ITEM-00022746,ORD-0020014,2024-03-21,Late Delivery,113.05
RET-002210,ITEM-00067660,ORD-0017041,2024-05-25,Not as Described,946.68
RET-002211,ITEM-00016230,ORD-0016996,2022-02-09,Changed Mind,975.64
RET-002212,ITEM-00013442,ORD-0003422,2022-04-12,Damaged,534.52
RET-002213,ITEM-00011027,ORD-0021067,2023-11-06,Changed Mind,203.05
RET-002214,ITEM-00014048,ORD-0009544,2023-02-04,Late Delivery,489.75
RET-002215,ITEM-00033288,ORD-0016443,2024-02-20,Changed Mind,427.98
RET-002216,ITEM-00045743,ORD-0007586,2024-03-18,Not as Described,196.6
RET-002217,ITEM-00043871,ORD-0015854,2024-02-16,WrongItem,156.71
RET-002218,ITEM-00055536,ORD-0020189,2023-11-29,WrongItem,1215.1
RET-002219,ITEM-00028621,ORD-0012993,2023-03-05,Damaged,44.8
RET-002220,ITEM-00063096,ORD-0004141,2024-02-11,Late Delivery,124.29
RET-002221,ITEM-00008735,ORD-0010937,2024-11-26,WrongItem,165.88
RET-002222,ITEM-00052455,ORD-0001348,2024-03-15,Changed Mind,403.15
RET-002223,ITEM-00041032,ORD-0013259,2023-02-04,Not as Described,642.48
RET-002224,ITEM-00000728,ORD-0012040,2024-12-25,Changed Mind,974.84
RET-002225,ITEM-00025440,ORD-0016766,2023-01-08,WrongItem,319.14
RET-002226,ITEM-00009121,ORD-0003243,2024-03-25,WrongItem,255.24
RET-002227,ITEM-00027674,ORD-0003265,2024-06-26,Late Delivery,412.41
RET-002228,ITEM-00050003,ORD-0011774,2023-12-07,Damaged,23.88
RET-002229,ITEM-00059584,ORD-0001056,2023-08-12,Changed Mind,138.38
RET-002230,ITEM-00055212,ORD-0007961,2024-10-15,Late Delivery,410.64
RET-002231,ITEM-00019990,ORD-0007740,2024-11-04,Late Delivery,94.42
RET-002232,ITEM-00037755,ORD-0023572,2024-09-12,WrongItem,188.89
RET-002233,ITEM-00035873,ORD-0001208,2023-07-31,Not as Described,224.5
RET-002234,ITEM-00022751,ORD-0013345,2022-05-16,Late Delivery,96.7
RET-002235,ITEM-00022827,ORD-0018508,2023-08-16,Damaged,861.24
RET-002236,ITEM-00053521,ORD-0007918,2024-01-08,Damaged,128.46
RET-002237,ITEM-00033178,ORD-0008148,2023-11-25,Damaged,757.64
RET-002238,ITEM-00038509,ORD-0001967,2024-09-14,WrongItem,435.99
RET-002239,ITEM-00065851,ORD-0015108,2024-06-30,WrongItem,640.3
RET-002240,ITEM-00051697,ORD-0007637,2024-03-23,Not as Described,432.36
RET-002241,ITEM-00062374,ORD-0008458,2024-10-31,Changed Mind,156.3
RET-002242,ITEM-00038553,ORD-0007878,2023-10-19,Not as Described,666.99
RET-002243,ITEM-00061570,ORD-0022909,2024-05-23,Not as Described,163.47
RET-002244,ITEM-00023056,ORD-0009034,2024-03-24,Damaged,985.25
RET-002245,ITEM-00050990,ORD-0002433,2024-04-13,Not as Described,187.66
RET-002246,ITEM-00046307,ORD-0020461,2025-01-30,Changed Mind,198.65
RET-002247,ITEM-00003071,ORD-0017425,2022-04-04,Not as Described,493.9
RET-002248,ITEM-00043627,ORD-0002792,2022-12-15,Late Delivery,117.01
RET-002249,ITEM-00043873,ORD-0003551,2022-07-04,Damaged,626.96
RET-002250,ITEM-00062071,ORD-0012739,2022-10-14,Damaged,667.0
RET-002251,ITEM-00028148,ORD-0024318,2023-02-09,WrongItem,388.5
RET-002252,ITEM-00022435,ORD-0006556,2022-03-03,Damaged,375.27
RET-002253,ITEM-00058877,ORD-0008317,2025-01-06,WrongItem,36.76
RET-002254,ITEM-00035242,ORD-0017840,2024-12-21,Not as Described,822.12
RET-002255,ITEM-00008537,ORD-0023470,2024-02-08,Late Delivery,729.72
RET-002256,ITEM-00040622,ORD-0006046,2022-02-04,Changed Mind,618.32
RET-002257,ITEM-00035968,ORD-0001114,2023-12-02,Not as Described,693.2
RET-002258,ITEM-00029048,ORD-0002369,2024-06-25,Damaged,368.68
RET-002259,ITEM-00014993,ORD-0004768,2023-04-11,Late Delivery,911.96
RET-002260,ITEM-00069808,ORD-0006584,2022-02-01,Changed Mind,142.99
RET-002261,ITEM-00027335,ORD-0000557,2024-01-30,Changed Mind,434.54
RET-002262,ITEM-00059826,ORD-0019574,2023-06-29,Not as Described,391.86
RET-002263,ITEM-00032691,ORD-0006987,2022-03-08,Changed Mind,198.45
RET-002264,ITEM-00033258,ORD-0014074,2025-01-11,Not as Described,129.3
RET-002265,ITEM-00067813,ORD-0003417,2022-04-21,WrongItem,952.5
RET-002266,ITEM-00045945,ORD-0018952,2023-07-22,WrongItem,92.02
RET-002267,ITEM-00010316,ORD-0011677,2023-02-10,Changed Mind,235.74
RET-002268,ITEM-00041202,ORD-0011271,2024-04-30,Not as Described,930.4
RET-002269,ITEM-00052078,ORD-0009298,2022-04-30,Not as Described,281.92
RET-002270,ITEM-00024521,ORD-0002362,2024-02-27,Not as Described,38.61
RET-002271,ITEM-00036048,ORD-0022059,2024-07-07,Not as Described,766.96
RET-002272,ITEM-00026722,ORD-0023405,2022-03-18,Not as Described,78.53
RET-002273,ITEM-00027077,ORD-0016150,2024-07-16,Changed Mind,289.36
RET-002274,ITEM-00005813,ORD-0011576,2024-09-15,WrongItem,369.09
RET-002275,ITEM-00030948,ORD-0004946,2023-05-15,Late Delivery,707.15
RET-002276,ITEM-00044246,ORD-0003035,2023-08-02,Changed Mind,1175.65
RET-002277,ITEM-00041770,ORD-0012369,2023-10-25,Late Delivery,210.37
RET-002278,ITEM-00055214,ORD-0014859,2022-05-05,Changed Mind,102.99
RET-002279,ITEM-00014115,ORD-0000925,2022-10-19,Not as Described,394.35
RET-002280,ITEM-00046015,ORD-0012945,2023-08-15,Not as Described,749.28
RET-002281,ITEM-00038756,ORD-0001035,2023-05-10,Not as Described,1069.65
RET-002282,ITEM-00025210,ORD-0014254,2024-07-10,WrongItem,18.24
RET-002283,ITEM-00010697,ORD-0007924,2023-01-05,Damaged,98.78
RET-002284,ITEM-00007962,ORD-0024505,2022-01-18,Changed Mind,157.72
RET-002285,ITEM-00032697,ORD-0013720,2022-10-05,Not as Described,476.82
RET-002286,ITEM-00056511,ORD-0007132,2023-09-02,Not as Described,422.38
RET-002287,ITEM-00017462,ORD-0013727,2022-01-23,Damaged,235.47
RET-002288,ITEM-00014811,ORD-0020061,2023-12-10,Not as Described,161.52
RET-002289,ITEM-00033265,ORD-0017687,2024-01-09,Late Delivery,249.88
RET-002290,ITEM-00061535,ORD-0024286,2022-08-04,Late Delivery,748.95
RET-002291,ITEM-00065511,ORD-0013537,2023-11-18,Changed Mind,519.4
RET-002292,ITEM-00055484,ORD-0018548,2024-07-10,Late Delivery,180.88
RET-002293,ITEM-00044224,ORD-0005070,2024-02-13,Late Delivery,129.4
RET-002294,ITEM-00017733,ORD-0001306,2022-05-25,Damaged,386.61
RET-002295,ITEM-00011150,ORD-0020381,2023-09-13,Changed Mind,301.56
RET-002296,ITEM-00063847,ORD-0005716,2023-10-29,Late Delivery,73.0
RET-002297,ITEM-00022123,ORD-0007444,2023-12-12,Not as Described,703.11
RET-002298,ITEM-00032088,ORD-0004842,2024-07-04,Late Delivery,563.8
RET-002299,ITEM-00027118,ORD-0023872,2023-02-07,Damaged,308.04
RET-002300,ITEM-00068246,ORD-0014301,2023-10-19,Changed Mind,157.64
RET-002301,ITEM-00025829,ORD-0014028,2022-12-26,Changed Mind,69.51
RET-002302,ITEM-00012372,ORD-0003075,2023-08-28,Damaged,172.8
RET-002303,ITEM-00045447,ORD-0024060,2023-01-28,Late Delivery,1148.2
RET-002304,ITEM-00049374,ORD-0009775,2022-12-03,WrongItem,423.42
RET-002305,ITEM-00035277,ORD-0011140,2023-09-19,Damaged,291.68
RET-002306,ITEM-00036772,ORD-0020593,2024-02-03,Damaged,280.75
RET-002307,ITEM-00057509,ORD-0021236,2022-12-27,WrongItem,726.87
RET-002308,ITEM-00051210,ORD-0003166,2023-07-05,Damaged,642.16
RET-002309,ITEM-00001118,ORD-0020831,2024-05-01,Changed Mind,471.2
RET-002310,ITEM-00040528,ORD-0004604,2023-10-06,Late Delivery,983.05
RET-002311,ITEM-00060323,ORD-0018344,2023-04-30,Changed Mind,400.22
RET-002312,ITEM-00055992,ORD-0018759,2024-12-13,Damaged,663.65
RET-002313,ITEM-00051952,ORD-0010288,2022-08-18,Late Delivery,249.96
RET-002314,ITEM-00046075,ORD-0001177,2024-03-31,Changed Mind,558.48
RET-002315,ITEM-00016813,ORD-0000927,2024-10-06,Late Delivery,462.25
RET-002316,ITEM-00048597,ORD-0024309,2023-04-29,Late Delivery,277.53
RET-002317,ITEM-00021595,ORD-0002552,2022-01-14,WrongItem,346.12
RET-002318,ITEM-00017273,ORD-0013893,2023-06-06,Late Delivery,257.91
RET-002319,ITEM-00043662,ORD-0013945,2024-05-22,Damaged,543.96
RET-002320,ITEM-00026057,ORD-0002299,2024-10-04,Changed Mind,899.95
RET-002321,ITEM-00008266,ORD-0008765,2022-04-03,WrongItem,278.75
RET-002322,ITEM-00061549,ORD-0001615,2022-02-24,Changed Mind,522.3
RET-002323,ITEM-00061683,ORD-0001613,2022-08-25,Late Delivery,162.66
RET-002324,ITEM-00010711,ORD-0007015,2023-05-13,WrongItem,562.23
RET-002325,ITEM-00013553,ORD-0004788,2024-02-29,Damaged,638.7
RET-002326,ITEM-00022953,ORD-0022721,2024-05-22,Damaged,804.85
RET-002327,ITEM-00026503,ORD-0016334,2022-01-05,Damaged,144.48
RET-002328,ITEM-00031001,ORD-0005306,2022-07-06,Not as Described,262.22
RET-002329,ITEM-00045966,ORD-0012875,2024-10-16,Damaged,1190.15
RET-002330,ITEM-00002112,ORD-0022662,2023-06-07,Changed Mind,199.5
RET-002331,ITEM-00061887,ORD-0013588,2022-08-24,Changed Mind,428.49
RET-002332,ITEM-00021461,ORD-0017046,2023-03-24,Not as Described,430.52
RET-002333,ITEM-00041171,ORD-0001292,2022-09-14,Late Delivery,620.28
RET-002334,ITEM-00031337,ORD-0023782,2024-02-17,WrongItem,149.1
RET-002335,ITEM-00024518,ORD-0018512,2022-03-05,Not as Described,161.02
RET-002336,ITEM-00035372,ORD-0023987,2023-11-27,Damaged,664.62
RET-002337,ITEM-00012054,ORD-0022885,2022-04-14,Not as Described,1160.25
RET-002338,ITEM-00034387,ORD-0019541,2023-07-23,Changed Mind,293.8
RET-002339,ITEM-00064980,ORD-0023069,2022-12-31,WrongItem,461.73
RET-002340,ITEM-00063878,ORD-0024778,2022-05-13,Damaged,24.38
RET-002341,ITEM-00039451,ORD-0008836,2024-10-12,Changed Mind,-469.38
RET-002342,ITEM-00035622,ORD-0022277,2022-05-17,WrongItem,628.5
RET-002343,ITEM-00041504,ORD-0001415,2024-12-03,Changed Mind,112.94
RET-002344,ITEM-00042285,ORD-0006457,2022-03-16,Damaged,612.36
RET-002345,ITEM-00064085,ORD-0013153,2022-10-01,Changed Mind,132.39
RET-002346,ITEM-00009429,ORD-0004623,2022-11-27,Changed Mind,188.32
RET-002347,ITEM-00035428,ORD-0017379,2023-12-16,Damaged,706.65
RET-002348,ITEM-00011085,ORD-0004692,2024-04-18,Changed Mind,274.62
RET-002349,ITEM-00018214,ORD-0017673,2022-09-01,WrongItem,459.36
RET-002350,ITEM-00064325,ORD-0016913,2022-02-21,Not as Described,168.78
RET-002351,ITEM-00015066,ORD-0007680,2023-07-06,WrongItem,300.95
RET-002352,ITEM-00054469,ORD-0000102,2024-03-19,WrongItem,647.19
RET-002353,ITEM-00030896,ORD-0012865,2024-11-22,Not as Described,93.9
RET-002354,ITEM-00055927,ORD-0020007,2024-01-27,Damaged,481.17
RET-002355,ITEM-00004763,ORD-0006893,2024-12-11,WrongItem,84.32
RET-002356,ITEM-00021039,ORD-0021981,2023-08-29,WrongItem,162.38
RET-002357,ITEM-00012181,ORD-0008338,2024-09-06,Changed Mind,140.61
RET-002358,ITEM-00056624,ORD-0000039,2023-10-10,Late Delivery,34.94
RET-002359,ITEM-00051974,ORD-0004213,2024-05-25,Damaged,339.55
RET-002360,ITEM-00067288,ORD-0006528,2023-09-14,Not as Described,219.39
RET-002361,ITEM-00052246,ORD-0005164,2024-06-04,Damaged,977.1
RET-002362,ITEM-00033454,ORD-0001286,2023-10-26,WrongItem,230.69
RET-002363,ITEM-00040533,ORD-0020973,2025-01-15,WrongItem,578.6
RET-002364,ITEM-00036059,ORD-0005006,2022-11-13,Damaged,149.44
RET-002365,ITEM-00028770,ORD-0021552,2024-06-08,Not as Described,536.58
RET-002366,ITEM-00033645,ORD-0002478,2023-11-28,WrongItem,666.44
RET-002367,ITEM-00061424,ORD-0017561,2023-08-03,Late Delivery,220.32
RET-002368,ITEM-00050549,ORD-0015976,2024-02-06,Not as Described,206.4
RET-002369,ITEM-00033081,ORD-0002495,2023-09-10,Damaged,500.58
RET-002370,ITEM-00030773,ORD-0019804,2023-04-26,Late Delivery,95.55
RET-002371,ITEM-00042861,ORD-0011569,2023-10-17,WrongItem,201.09
RET-002372,ITEM-00043756,ORD-0019371,2023-10-17,Not as Described,485.24
RET-002373,ITEM-00063475,ORD-0018689,2022-03-29,Not as Described,307.17
RET-002374,ITEM-00040188,ORD-0021305,2023-10-23,Damaged,993.25
RET-002375,ITEM-00069505,ORD-0000486,2024-01-31,Damaged,194.7
RET-002376,ITEM-00005169,ORD-0001008,2022-10-05,Damaged,201.27
RET-002377,ITEM-00069020,ORD-0019999,2022-12-05,Late Delivery,8.71
RET-002378,ITEM-00066659,ORD-0013069,2023-05-21,Not as Described,1104.2
RET-002379,ITEM-00034084,ORD-0000690,2023-01-15,Changed Mind,601.02
RET-002380,ITEM-00008665,ORD-0016376,2022-08-20,Damaged,205.74
RET-002381,ITEM-00007193,ORD-0008912,2024-01-28,WrongItem,214.6
RET-002382,ITEM-00017658,ORD-0016440,2023-07-10,Damaged,191.54
RET-002383,ITEM-00030836,ORD-0002412,2022-07-11,Damaged,668.28
RET-002384,ITEM-00005326,ORD-0017185,2024-07-26,Not as Described,166.08
RET-002385,ITEM-00058037,ORD-0017052,2022-03-06,Damaged,190.13
RET-002386,ITEM-00003386,ORD-0018141,2023-05-10,WrongItem,211.7
RET-002387,ITEM-00009920,ORD-0003054,2024-10-19,Late Delivery,705.6
RET-002388,ITEM-00067444,ORD-0020766,2022-03-16,Late Delivery,198.06
RET-002389,ITEM-00041957,ORD-0017947,2023-07-28,Late Delivery,567.45
RET-002390,ITEM-00030197,ORD-0021632,2022-09-05,Not as Described,533.25
RET-002391,ITEM-00041638,ORD-0001940,2023-07-01,Not as Described,87.72
RET-002392,ITEM-00005308,ORD-0020825,2024-08-10,Changed Mind,620.28
RET-002393,ITEM-00043602,ORD-0001455,2022-10-23,Damaged,41.92
RET-002394,ITEM-00011566,ORD-0011835,2023-09-05,Late Delivery,155.3
RET-002395,ITEM-00026203,ORD-0017611,2024-12-22,Damaged,969.24
RET-002396,ITEM-00030632,ORD-0020109,2022-05-17,Late Delivery,277.98
RET-002397,ITEM-00053560,ORD-0009943,2023-05-21,Late Delivery,265.04
RET-002398,ITEM-00009050,ORD-0004618,2022-02-19,WrongItem,10.28
RET-002399,ITEM-00058340,ORD-0003865,2022-03-01,Late Delivery,404.25
RET-002400,ITEM-00023158,ORD-0011506,2024-11-10,Not as Described,54.81
RET-002401,ITEM-00064477,ORD-0012921,2022-02-28,Changed Mind,134.9
RET-002402,ITEM-00041021,ORD-0017551,2024-04-07,Changed Mind,735.15
RET-002403,ITEM-00026022,ORD-0003659,2024-04-21,WrongItem,206.62
RET-002404,ITEM-00030708,ORD-0010801,2024-10-23,WrongItem,866.65
RET-002405,ITEM-00069502,ORD-0021055,2023-01-01,Late Delivery,839.4
RET-002406,ITEM-00008197,ORD-0018114,2024-01-06,Late Delivery,7.9
RET-002407,ITEM-00017688,ORD-0010103,2022-04-02,Damaged,322.06
RET-002408,ITEM-00026266,ORD-0024102,2024-09-02,Not as Described,870.36
RET-002409,ITEM-00033911,ORD-0007804,2022-03-19,Not as Described,234.59
RET-002410,ITEM-00042799,ORD-0024172,2024-08-10,Changed Mind,85.55
RET-002411,ITEM-00026223,ORD-0011108,2024-01-18,Late Delivery,411.74
RET-002412,ITEM-00046934,ORD-0014927,2022-08-06,Late Delivery,46.09
RET-002413,ITEM-00027085,ORD-0007597,2023-05-06,Damaged,103.9
RET-002414,ITEM-00031414,ORD-0015853,2023-07-10,Changed Mind,18.12
RET-002415,ITEM-00009044,ORD-0005327,2024-02-19,WrongItem,572.19
RET-002416,ITEM-00002920,ORD-0017767,2022-09-17,Damaged,352.84
RET-002417,ITEM-00028813,ORD-0012102,2024-05-16,Not as Described,426.75
RET-002418,ITEM-00016914,ORD-0005253,2023-04-05,Changed Mind,742.5
RET-002419,ITEM-00014540,ORD-0004827,2022-10-16,Changed Mind,211.14
RET-002420,ITEM-00031302,ORD-0014601,2023-09-07,Not as Described,606.3
RET-002421,ITEM-00003807,ORD-0014384,2024-02-03,Not as Described,25.1
RET-002422,ITEM-00000044,ORD-0003476,2023-03-05,Changed Mind,43.56
RET-002423,ITEM-00025057,ORD-0000366,2024-10-02,WrongItem,628.35
RET-002424,ITEM-00001896,ORD-0024740,2024-08-12,WrongItem,679.83
RET-002425,ITEM-00037112,ORD-0007895,2022-04-13,WrongItem,116.92
RET-002426,ITEM-00026507,ORD-0024877,2022-08-20,WrongItem,1022.3
RET-002427,ITEM-00021013,ORD-0022297,2023-02-02,Late Delivery,235.43
RET-002428,ITEM-00034229,ORD-0021798,2024-10-08,Damaged,615.24
RET-002429,ITEM-00003302,ORD-0006133,2022-06-23,Changed Mind,68.49
RET-002430,ITEM-00059299,ORD-0005137,2023-07-26,Late Delivery,262.55
RET-002431,ITEM-00045894,ORD-0016318,2023-10-22,WrongItem,296.34
RET-002432,ITEM-00062840,ORD-0008955,2024-03-25,Not as Described,165.51
RET-002433,ITEM-00041660,ORD-0001343,2022-02-17,Damaged,122.17
RET-002434,ITEM-00057672,ORD-0002404,2023-12-30,Late Delivery,270.18
RET-002435,ITEM-00008328,ORD-0003178,2023-08-14,Late Delivery,214.96
RET-002436,ITEM-00011410,ORD-0003226,2022-03-13,Not as Described,207.75
RET-002437,ITEM-00009513,ORD-0019361,2022-02-17,Damaged,221.31
RET-002438,ITEM-00006803,ORD-0009090,2023-07-18,Changed Mind,971.5
RET-002439,ITEM-00012254,ORD-0006153,2023-09-21,Damaged,141.02
RET-002440,ITEM-00068441,ORD-0007042,2024-01-14,Damaged,121.62
RET-002441,ITEM-00056564,ORD-0019984,2024-06-02,Damaged,529.38
RET-002442,ITEM-00012382,ORD-0020455,2023-02-18,Late Delivery,462.8
RET-002443,ITEM-00036455,ORD-0011733,2022-05-17,WrongItem,122.9
RET-002444,ITEM-00018752,ORD-0011043,2024-10-08,Changed Mind,1249.5
RET-002445,ITEM-00028535,ORD-0005178,2022-11-11,Not as Described,636.24
RET-002446,ITEM-00002024,ORD-0002890,2024-03-21,Not as Described,510.15
RET-002447,ITEM-00036770,ORD-0008705,2022-05-09,WrongItem,799.4
RET-002448,ITEM-00039688,ORD-0003626,2024-05-05,Changed Mind,126.0
RET-002449,ITEM-00057290,ORD-0014107,2022-03-12,Late Delivery,282.6
RET-002450,ITEM-00003535,ORD-0009773,2022-03-22,Damaged,449.5
RET-002451,ITEM-00063524,ORD-0003534,2023-06-19,Damaged,744.72
RET-002452,ITEM-00038602,ORD-0010289,2022-09-22,Damaged,89.42
RET-002453,ITEM-00028377,ORD-0010732,2024-07-18,Not as Described,520.92
RET-002454,ITEM-00039341,ORD-0022779,2022-11-17,Changed Mind,718.48
RET-002455,ITEM-00051635,ORD-0016721,2023-11-14,Late Delivery,1205.15
RET-002456,ITEM-00066905,ORD-0020116,2023-03-02,Damaged,127.9
RET-002457,ITEM-00040218,ORD-0000343,2023-08-12,Not as Described,72.55
RET-002458,ITEM-00051911,ORD-0002238,2024-05-23,Changed Mind,187.24
RET-002459,ITEM-00047988,ORD-0010726,2022-05-23,Late Delivery,541.4
RET-002460,ITEM-00054123,ORD-0001105,2022-07-25,Not as Described,93.28
RET-002461,ITEM-00050607,ORD-0010059,2023-02-17,Late Delivery,749.35
RET-002462,ITEM-00065319,ORD-0000920,2025-03-21,Not as Described,268.92
RET-002463,ITEM-00022942,ORD-0004551,2022-08-19,WrongItem,102.62
RET-002464,ITEM-00050160,ORD-0016007,2023-12-03,Changed Mind,222.21
RET-002465,ITEM-00031036,ORD-0019695,2024-03-17,Changed Mind,36.81
RET-002466,ITEM-00065976,ORD-0018604,2023-04-15,Not as Described,378.6
RET-002467,ITEM-00055972,ORD-0011465,2024-06-26,Late Delivery,58.86
RET-002468,ITEM-00043703,ORD-0019650,2023-07-06,Changed Mind,329.7
RET-002469,ITEM-00054734,ORD-0015907,2022-10-14,Not as Described,113.76
RET-002470,ITEM-00067773,ORD-0006088,2024-12-27,Not as Described,55.32
RET-002471,ITEM-00031526,ORD-0010732,2022-06-21,WrongItem,56.53
RET-002472,ITEM-00021518,ORD-0011945,2024-07-10,Late Delivery,280.4
RET-002473,ITEM-00051280,ORD-0001491,2022-05-01,Damaged,834.52
RET-002474,ITEM-00039305,ORD-0015078,2024-10-05,,192.7
RET-002475,ITEM-00004449,ORD-0005062,2023-03-19,Changed Mind,87.34
RET-002476,ITEM-00027050,ORD-0004204,2024-09-08,Not as Described,37.45
RET-002477,ITEM-00056211,ORD-0016837,2022-02-18,Changed Mind,536.37
RET-002478,ITEM-00052305,ORD-0010155,2024-06-04,Late Delivery,117.2
RET-002479,ITEM-00060129,ORD-0022637,2024-04-13,Not as Described,242.7
RET-002480,ITEM-00047019,ORD-0019831,2022-04-24,WrongItem,698.68
RET-002481,ITEM-00044187,ORD-0004476,2024-06-29,Late Delivery,892.48
RET-002482,ITEM-00061244,ORD-0005676,2023-11-14,WrongItem,801.0
RET-002483,ITEM-00067647,ORD-0023902,2023-07-14,Damaged,62.92
RET-002484,ITEM-00061231,ORD-0015782,2022-04-22,WrongItem,10.54
RET-002485,ITEM-00011826,ORD-0004343,2023-09-27,WrongItem,52.86
RET-002486,ITEM-00003628,ORD-0020615,2024-05-30,Late Delivery,34.9
RET-002487,ITEM-00047901,ORD-0007758,2023-04-02,Not as Described,484.8
RET-002488,ITEM-00049553,ORD-0023160,2023-06-20,Late Delivery,409.32
RET-002489,ITEM-00001547,ORD-0021730,2023-03-18,Late Delivery,227.09
RET-002490,ITEM-00004343,ORD-0010145,2024-05-23,Damaged,668.4
RET-002491,ITEM-00004843,ORD-0002862,2023-12-31,Changed Mind,607.4
RET-002492,ITEM-00045782,ORD-0024983,2024-03-01,WrongItem,305.61
RET-002493,ITEM-00049480,ORD-0019578,2022-09-02,Damaged,492.08
RET-002494,ITEM-00067300,ORD-0008653,2023-09-08,Not as Described,287.84
RET-002495,ITEM-00011033,ORD-0007958,2022-06-23,Not as Described,312.22
RET-002496,ITEM-00059691,ORD-0021524,2024-11-24,Late Delivery,644.46
RET-002497,ITEM-00014941,ORD-0000394,2022-08-29,Changed Mind,120.94
RET-002498,ITEM-00038354,ORD-0021561,2022-02-04,Not as Described,676.68
RET-002499,ITEM-00064476,ORD-0016851,2023-08-30,Damaged,429.9
RET-002500,ITEM-00050383,ORD-0018035,2022-12-08,WrongItem,496.05
RET-002501,ITEM-00069140,ORD-0005827,2022-04-03,Damaged,592.55
RET-002502,ITEM-00029522,ORD-0007480,2023-01-13,Damaged,433.5
RET-002503,ITEM-00064392,ORD-0021229,2022-08-02,Changed Mind,204.64
RET-002504,ITEM-00007749,ORD-0022889,2023-05-21,WrongItem,6.48
RET-002505,ITEM-00045861,ORD-0020691,2024-08-06,Late Delivery,823.2
RET-002506,ITEM-00064871,ORD-0017344,2024-05-21,WrongItem,101.31
RET-002507,ITEM-00011436,ORD-0013462,2023-07-05,Changed Mind,379.46
RET-002508,ITEM-00029484,ORD-0021282,2022-11-22,Changed Mind,271.95
RET-002509,ITEM-00038028,ORD-0010269,2024-09-23,WrongItem,28.48
RET-002510,ITEM-00034139,ORD-0010960,2022-11-16,WrongItem,452.66
RET-002511,ITEM-00066215,ORD-0013372,2022-08-30,WrongItem,493.16
RET-002512,ITEM-00057516,ORD-0017037,2022-11-29,WrongItem,130.72
RET-002513,ITEM-00006908,ORD-0022368,2023-10-05,WrongItem,213.29
RET-002514,ITEM-00045209,ORD-0018578,2024-06-09,Late Delivery,292.8
RET-002515,ITEM-00065915,ORD-0008406,2022-05-17,Damaged,232.38
RET-002516,ITEM-00022571,ORD-0024165,2024-04-21,Damaged,705.3
RET-002517,ITEM-00057788,ORD-0014609,2022-08-18,WrongItem,240.65
RET-002518,ITEM-00030730,ORD-0001604,2022-05-19,WrongItem,227.68
RET-002519,ITEM-00066151,ORD-0009812,2023-08-02,Damaged,109.26
RET-002520,ITEM-00043338,ORD-0004873,2024-01-25,Not as Described,203.39
RET-002521,ITEM-00051503,ORD-0009292,2023-08-17,WrongItem,31.97
RET-002522,ITEM-00027653,ORD-0018626,2023-06-24,Damaged,135.82
RET-002523,ITEM-00029134,ORD-0008556,2023-02-28,Not as Described,368.22
RET-002524,ITEM-00024135,ORD-0022255,2024-12-19,Changed Mind,298.6
RET-002525,ITEM-00037021,ORD-0022839,2024-03-02,Late Delivery,53.52
RET-002526,ITEM-00042965,ORD-0003413,2023-08-18,Damaged,245.39
RET-002527,ITEM-00057865,ORD-0005976,2023-04-03,Not as Described,146.08
RET-002528,ITEM-00014729,ORD-0011524,2024-08-23,Changed Mind,802.85
RET-002529,ITEM-00018109,ORD-0003715,2024-03-08,Changed Mind,140.27
RET-002530,ITEM-00018969,ORD-0024389,2022-08-06,Late Delivery,929.88
RET-002531,ITEM-00049682,ORD-0014983,2022-07-23,Late Delivery,229.3
RET-002532,ITEM-00033389,ORD-0024759,2022-11-10,Not as Described,76.26
RET-002533,ITEM-00055104,ORD-0022925,2024-10-05,WrongItem,658.38
RET-002534,ITEM-00029636,ORD-0023727,2025-01-06,WrongItem,226.22
RET-002535,ITEM-00009019,ORD-0024112,2023-01-02,Damaged,123.92
RET-002536,ITEM-00003099,ORD-0011223,2024-12-27,Damaged,296.15
RET-002537,ITEM-00059375,ORD-0021631,2024-09-07,Damaged,92.31
RET-002538,ITEM-00017062,ORD-0004542,2023-08-12,Changed Mind,727.47
RET-002539,ITEM-00053689,ORD-0013470,2023-07-07,Not as Described,42.02
RET-002540,ITEM-00013497,ORD-0010886,2023-01-05,WrongItem,43.88
RET-002541,ITEM-00038814,ORD-0008673,2023-05-12,Damaged,369.2
RET-002542,ITEM-00046556,ORD-0020729,2022-03-30,WrongItem,1076.75
RET-002543,ITEM-00010348,ORD-0022458,2023-05-24,Late Delivery,115.64
RET-002544,ITEM-00056417,ORD-0013217,2023-03-23,Changed Mind,851.8
RET-002545,ITEM-00058382,ORD-0003932,2024-02-21,Changed Mind,104.76
RET-002546,ITEM-00064632,ORD-0003201,2022-10-24,WrongItem,129.92
RET-002547,ITEM-00016834,ORD-0009984,2024-08-14,Late Delivery,737.48
RET-002548,ITEM-00068886,ORD-0004614,2022-11-07,Late Delivery,364.5
RET-002549,ITEM-00069366,ORD-0000262,2023-11-27,Late Delivery,655.36
RET-002550,ITEM-00044343,ORD-0007517,2023-12-23,Changed Mind,162.29
RET-002551,ITEM-00044751,ORD-0003941,2024-10-31,Not as Described,86.87
RET-002552,ITEM-00005256,ORD-0012553,2024-06-15,Not as Described,15.65
RET-002553,ITEM-00057512,ORD-0023234,2024-11-19,Late Delivery,392.67
RET-002554,ITEM-00041050,ORD-0005187,2022-11-28,Not as Described,225.39
RET-002555,ITEM-00040945,ORD-0022286,2022-12-03,Damaged,107.1
RET-002556,ITEM-00044774,ORD-0016149,2023-03-05,Damaged,252.5
RET-002557,ITEM-00064321,ORD-0024286,2024-12-25,Damaged,191.0
RET-002558,ITEM-00033213,ORD-0013099,2023-07-15,WrongItem,967.6
RET-002559,ITEM-00053437,ORD-0001305,2022-03-20,Changed Mind,335.38
RET-002560,ITEM-00021906,ORD-0013315,2022-10-11,WrongItem,75.3
RET-002561,ITEM-00000782,ORD-0008176,2024-09-15,WrongItem,78.92
RET-002562,ITEM-00006843,ORD-0021763,2024-05-25,Damaged,473.12
RET-002563,ITEM-00038383,ORD-0000852,2022-08-25,WrongItem,119.56
RET-002564,ITEM-00002885,ORD-0019816,2024-05-05,Late Delivery,188.4
RET-002565,ITEM-00005558,ORD-0002444,2024-09-20,Damaged,10.21
RET-002566,ITEM-00009614,ORD-0004549,2022-11-15,Not as Described,719.64
RET-002567,ITEM-00020309,ORD-0014332,2023-08-28,WrongItem,14.79
RET-002568,ITEM-00061679,ORD-0021444,2023-03-21,Damaged,226.13
RET-002569,ITEM-00001779,ORD-0018131,2023-07-17,Changed Mind,251.76
RET-002570,ITEM-00068483,ORD-0015874,2023-02-11,Changed Mind,110.5
RET-002571,ITEM-00045386,ORD-0016300,2022-06-21,WrongItem,169.25
RET-002572,ITEM-00032476,ORD-0001867,2023-04-05,Changed Mind,192.6
RET-002573,ITEM-00012203,ORD-0012147,2023-07-18,Damaged,198.87
RET-002574,ITEM-00022287,ORD-0006496,2024-09-01,WrongItem,569.24
RET-002575,ITEM-00020959,ORD-0017892,2023-12-17,Late Delivery,69.0
RET-002576,ITEM-00052209,ORD-0015224,2023-12-15,Damaged,149.28
RET-002577,ITEM-00011934,ORD-0015733,2022-08-28,Late Delivery,103.35
RET-002578,ITEM-00023181,ORD-0002523,2023-03-03,Changed Mind,89.46
RET-002579,ITEM-00027039,ORD-0022415,2024-05-25,WrongItem,581.35
RET-002580,ITEM-00048200,ORD-0023966,2023-03-26,Late Delivery,747.88
RET-002581,ITEM-00069875,ORD-0011665,2022-07-25,Late Delivery,624.75
RET-002582,ITEM-00008986,ORD-0022148,2022-08-16,Late Delivery,161.38
RET-002583,ITEM-00058140,ORD-0008465,2023-07-14,WrongItem,425.1
RET-002584,ITEM-00066915,ORD-0005387,2024-11-06,Not as Described,102.48
RET-002585,ITEM-00062644,ORD-0018545,2023-01-30,Damaged,823.3
RET-002586,ITEM-00065417,ORD-0008557,2025-01-29,Late Delivery,176.7
RET-002587,ITEM-00050080,ORD-0023267,2023-01-21,Changed Mind,362.34
RET-002588,ITEM-00040565,ORD-0023061,2023-02-26,WrongItem,44.7
RET-002589,ITEM-00010924,ORD-0023674,2022-03-21,Late Delivery,482.15
RET-002590,ITEM-00065371,ORD-0004912,2022-07-14,Damaged,145.92
RET-002591,ITEM-00062026,ORD-0002757,2023-07-07,Late Delivery,1199.1
RET-002592,ITEM-00029392,ORD-0009579,2023-01-01,Late Delivery,47.92
RET-002593,ITEM-00007309,ORD-0022274,2022-12-01,WrongItem,169.66
RET-002594,ITEM-00016436,ORD-0011744,2023-10-18,Damaged,127.12
RET-002595,ITEM-00043379,ORD-0003024,2024-12-18,Damaged,171.7
RET-002596,ITEM-00066749,ORD-0000564,2022-07-03,WrongItem,620.64
RET-002597,ITEM-00027332,ORD-0005904,2022-09-30,Late Delivery,466.62
RET-002598,ITEM-00025035,ORD-0008354,2023-08-06,Not as Described,87.71
RET-002599,ITEM-00064002,ORD-0008304,2024-06-12,Damaged,423.33
RET-002600,ITEM-00001619,ORD-0004270,2024-07-02,Not as Described,1042.5
RET-002601,ITEM-00040940,ORD-0004681,2024-05-04,WrongItem,839.65
RET-002602,ITEM-00068449,ORD-0011009,2024-02-10,Late Delivery,216.84
RET-002603,ITEM-00035433,ORD-0003657,2024-04-27,Late Delivery,23.76
RET-002604,ITEM-00048082,ORD-0004663,2022-12-28,Damaged,705.3
RET-002605,ITEM-00010273,ORD-0021872,2023-10-23,Damaged,613.98
RET-002606,ITEM-00018249,ORD-0010713,2024-02-26,WrongItem,570.2
RET-002607,ITEM-00027976,ORD-0018109,2024-03-28,Late Delivery,335.8
RET-002608,ITEM-00048766,ORD-0021954,2023-11-16,Damaged,590.55
RET-002609,ITEM-00045950,ORD-0004614,2023-11-17,Late Delivery,96.13
RET-002610,ITEM-00031642,ORD-0011225,2024-04-20,Late Delivery,669.24
RET-002611,ITEM-00051268,ORD-0022990,2022-05-19,Not as Described,26.04
RET-002612,ITEM-00060756,ORD-0014841,2022-03-17,Damaged,118.26
RET-002613,ITEM-00037418,ORD-0016188,2023-08-01,Changed Mind,97.3
RET-002614,ITEM-00009026,ORD-0020849,2023-03-02,Not as Described,321.1
RET-002615,ITEM-00054282,ORD-0016797,2022-10-03,Late Delivery,1099.1
RET-002616,ITEM-00042405,ORD-0010725,2023-09-11,Late Delivery,824.15
RET-002617,ITEM-00042543,ORD-0004718,2023-03-12,Changed Mind,739.52
RET-002618,ITEM-00028518,ORD-0010894,2022-09-11,Late Delivery,976.92
RET-002619,ITEM-00032089,ORD-0007828,2022-06-11,Damaged,974.08
RET-002620,ITEM-00009819,ORD-0019598,2022-12-15,WrongItem,168.93
RET-002621,ITEM-00029746,ORD-0002674,2024-12-05,Changed Mind,138.87
RET-002622,ITEM-00045759,ORD-0003124,2022-10-04,Not as Described,959.4
RET-002623,ITEM-00064747,ORD-0021200,2022-04-22,Not as Described,76.24
RET-002624,ITEM-00006623,ORD-0009854,2024-10-03,WrongItem,79.08
RET-002625,ITEM-00001240,ORD-0010187,2023-12-03,WrongItem,195.63
RET-002626,ITEM-00004838,ORD-0001415,2023-01-15,WrongItem,155.28
RET-002627,ITEM-00063643,ORD-0018945,2022-02-26,Damaged,490.2
RET-002628,ITEM-00014204,ORD-0001392,2024-01-12,Damaged,145.92
RET-002629,ITEM-00003664,ORD-0024880,2024-11-16,WrongItem,977.36
RET-002630,ITEM-00023088,ORD-0009015,2022-11-19,Late Delivery,615.16
RET-002631,ITEM-00010205,ORD-0023444,2023-09-01,Late Delivery,492.78
RET-002632,ITEM-00053053,ORD-0023467,2025-03-21,WrongItem,801.25
RET-002633,ITEM-00057147,ORD-0018673,2024-02-18,Damaged,790.05
RET-002634,ITEM-00006540,ORD-0008591,2023-08-25,Late Delivery,521.04
RET-002635,ITEM-00004289,ORD-0010873,2023-12-02,Late Delivery,155.45
RET-002636,ITEM-00040139,ORD-0014798,2022-04-07,Late Delivery,200.82
RET-002637,ITEM-00053705,ORD-0009985,2024-10-03,WrongItem,62.58
RET-002638,ITEM-00069122,ORD-0002535,2024-03-29,Damaged,763.72
RET-002639,ITEM-00025559,ORD-0015266,2023-08-30,Changed Mind,239.77
RET-002640,ITEM-00037645,ORD-0017487,2022-12-04,Damaged,549.6
RET-002641,ITEM-00043707,ORD-0005540,2023-03-11,Damaged,642.96
RET-002642,ITEM-00063156,ORD-0006599,2022-07-14,Not as Described,245.41
RET-002643,ITEM-00007345,ORD-0023751,2024-09-24,Damaged,1233.8
RET-002644,ITEM-00066823,ORD-0016049,2024-06-30,Late Delivery,37.21
RET-002645,ITEM-00022279,ORD-0016695,2022-09-29,WrongItem,551.7
RET-002646,ITEM-00017059,ORD-0012058,2023-09-06,Not as Described,340.11
RET-002647,ITEM-00031711,ORD-0021463,2023-07-05,Late Delivery,992.3
RET-002648,ITEM-00004475,ORD-0018848,2023-08-10,Not as Described,246.53
RET-002649,ITEM-00000938,ORD-0017411,2022-12-18,Late Delivery,220.03
RET-002650,ITEM-00053102,ORD-0024402,2023-10-30,Changed Mind,243.5
RET-002651,ITEM-00007209,ORD-0019493,2022-10-07,WrongItem,86.52
RET-002652,ITEM-00057628,ORD-0004249,2022-03-20,Not as Described,899.84
RET-002653,ITEM-00017108,ORD-0000668,2023-05-06,WrongItem,930.45
RET-002654,ITEM-00002541,ORD-0010615,2022-06-06,WrongItem,578.04
RET-002655,ITEM-00033614,ORD-0013333,2022-07-07,Late Delivery,592.62
RET-002656,ITEM-00045442,ORD-0001061,2024-07-01,Damaged,111.56
RET-002657,ITEM-00068396,ORD-0023030,2023-07-02,Damaged,396.08
RET-002658,ITEM-00067283,ORD-0005074,2022-10-21,WrongItem,1117.6
RET-002659,ITEM-00027492,ORD-0013723,2023-01-23,Late Delivery,48.66
RET-002660,ITEM-00019942,ORD-0017962,2024-06-13,Late Delivery,111.32
RET-002661,ITEM-00056726,ORD-0001997,2023-03-24,Not as Described,202.68
RET-002662,ITEM-00046530,ORD-0017076,2022-09-24,WrongItem,364.72
RET-002663,ITEM-00041038,ORD-0013854,2024-04-14,Late Delivery,17.49
RET-002664,ITEM-00043608,ORD-0021446,2023-04-22,Changed Mind,365.44
RET-002665,ITEM-00052872,ORD-0022718,2024-03-18,Not as Described,479.58
RET-002666,ITEM-00056465,ORD-0012091,2023-06-23,Damaged,31.38
RET-002667,ITEM-00024487,ORD-0018594,2022-07-16,WrongItem,795.85
RET-002668,ITEM-00067792,ORD-0014082,2022-09-11,Late Delivery,134.0
RET-002669,ITEM-00037510,ORD-0018989,2022-05-03,Late Delivery,555.6
RET-002670,ITEM-00039032,ORD-0017846,2024-04-28,WrongItem,677.84
RET-002671,ITEM-00009788,ORD-0003364,2023-11-01,Damaged,104.66
RET-002672,ITEM-00018232,ORD-0000766,2023-06-22,Damaged,474.24
RET-002673,ITEM-00006688,ORD-0023663,2023-02-24,WrongItem,623.32
RET-002674,ITEM-00064554,ORD-0013010,2022-09-25,WrongItem,918.6
RET-002675,ITEM-00067280,ORD-0003962,2024-07-22,Late Delivery,887.28
RET-002676,ITEM-00008934,ORD-0008717,2023-08-08,Late Delivery,425.52
RET-002677,ITEM-00067500,ORD-0017174,2023-11-18,Not as Described,330.94
RET-002678,ITEM-00066276,ORD-0005093,2024-03-09,Not as Described,527.25
RET-002679,ITEM-00055546,ORD-0019951,2023-05-14,Late Delivery,99.57
RET-002680,ITEM-00026706,ORD-0002332,2023-04-26,Damaged,475.1
RET-002681,ITEM-00029119,ORD-0004562,2022-11-16,Damaged,76.71
RET-002682,ITEM-00038308,ORD-0019494,2024-08-24,Changed Mind,445.05
RET-002683,ITEM-00025997,ORD-0014444,2024-09-27,WrongItem,590.45
RET-002684,ITEM-00063918,ORD-0022499,2022-06-08,Late Delivery,222.16
RET-002685,ITEM-00057436,ORD-0008608,2024-02-13,Changed Mind,257.7
RET-002686,ITEM-00056054,ORD-0012581,2024-09-21,Damaged,241.5
RET-002687,ITEM-00004320,ORD-0005711,2024-02-12,WrongItem,738.56
RET-002688,ITEM-00000370,ORD-0013924,2023-12-18,Late Delivery,401.98
RET-002689,ITEM-00015015,ORD-0010499,2024-03-03,Damaged,116.12
RET-002690,ITEM-00012916,ORD-0000337,2022-05-13,Damaged,243.33
RET-002691,ITEM-00019643,ORD-0009724,2023-01-19,Damaged,328.48
RET-002692,ITEM-00020329,ORD-0003804,2023-09-11,Late Delivery,118.53
RET-002693,ITEM-00063718,ORD-0009220,2022-02-25,Not as Described,429.64
RET-002694,ITEM-00015958,ORD-0002704,2023-07-09,Changed Mind,76.18
RET-002695,ITEM-00002773,ORD-0015299,2023-08-01,Late Delivery,242.35
RET-002696,ITEM-00033103,ORD-0005910,2024-12-29,Changed Mind,237.6
RET-002697,ITEM-00051915,ORD-0015654,2024-03-24,Changed Mind,39.4
RET-002698,ITEM-00014817,ORD-0010678,2023-05-22,Changed Mind,444.6
RET-002699,ITEM-00041443,ORD-0007973,2023-11-16,Not as Described,235.62
RET-002700,ITEM-00027285,ORD-0011361,2023-06-03,Not as Described,168.73
RET-002701,ITEM-00063396,ORD-0003562,2024-11-30,Changed Mind,499.28
RET-002702,ITEM-00023656,ORD-0017692,2024-07-15,Not as Described,41.76
RET-002703,ITEM-00001036,ORD-0001868,2024-06-20,Damaged,34.68
RET-002704,ITEM-00066829,ORD-0022853,2024-05-17,,554.0
RET-002705,ITEM-00041693,ORD-0023537,2024-05-25,Changed Mind,128.08
RET-002706,ITEM-00016265,ORD-0023221,2024-04-13,Not as Described,107.17
RET-002707,ITEM-00028357,ORD-0007749,2022-04-10,Late Delivery,35.68
RET-002708,ITEM-00005810,ORD-0004776,2022-04-14,Not as Described,413.56
RET-002709,ITEM-00041564,ORD-0012515,2024-11-19,Late Delivery,890.04
RET-002710,ITEM-00046781,ORD-0018905,2022-06-03,Not as Described,351.22
RET-002711,ITEM-00025397,ORD-0011779,2024-02-04,Late Delivery,103.98
RET-002712,ITEM-00004223,ORD-0011399,2022-04-25,Not as Described,346.6
RET-002713,ITEM-00058530,ORD-0019405,2022-07-31,Damaged,71.83
RET-002714,ITEM-00047167,ORD-0016648,2023-02-16,Late Delivery,143.8
RET-002715,ITEM-00009793,ORD-0012357,2022-10-25,Damaged,101.52
RET-002716,ITEM-00062085,ORD-0010295,2022-09-23,Late Delivery,157.44
RET-002717,ITEM-00009096,ORD-0001010,2023-04-25,Damaged,131.75
RET-002718,ITEM-00042353,ORD-0007913,2023-08-04,Damaged,30.26
RET-002719,ITEM-00026888,ORD-0011860,2022-11-13,Damaged,401.01
RET-002720,ITEM-00032406,ORD-0002350,2023-03-11,Late Delivery,262.44
RET-002721,ITEM-00056020,ORD-0005433,2024-08-31,WrongItem,1134.25
RET-002722,ITEM-00067512,ORD-0003874,2023-04-03,Late Delivery,63.86
RET-002723,ITEM-00015257,ORD-0013375,2024-05-25,Late Delivery,466.52
RET-002724,ITEM-00011152,ORD-0024703,2023-07-21,Changed Mind,219.72
RET-002725,ITEM-00014802,ORD-0019289,2023-03-07,Changed Mind,462.48
RET-002726,ITEM-00049213,ORD-0020651,2023-11-25,Damaged,101.36
RET-002727,ITEM-00068784,ORD-0022796,2023-11-10,Changed Mind,144.89
RET-002728,ITEM-00052476,ORD-0016331,2024-08-18,Not as Described,711.54
RET-002729,ITEM-00031702,ORD-0022080,2024-11-09,Not as Described,98.61
RET-002730,ITEM-00001581,ORD-0021144,2024-05-08,Damaged,281.36
RET-002731,ITEM-00035007,ORD-0005272,2022-09-07,Damaged,523.02
RET-002732,ITEM-00000406,ORD-0003130,2022-04-02,Not as Described,126.38
RET-002733,ITEM-00060069,ORD-0004946,2023-07-01,Damaged,103.1
RET-002734,ITEM-00029492,ORD-0018284,2023-05-10,Changed Mind,315.14
RET-002735,ITEM-00059161,ORD-0002377,2023-10-05,Damaged,197.14
RET-002736,ITEM-00027412,ORD-0023615,2024-12-30,Changed Mind,901.1
RET-002737,ITEM-00016136,ORD-0006165,2024-03-13,Not as Described,147.51
RET-002738,ITEM-00009541,ORD-0005192,2025-01-05,Damaged,187.92
RET-002739,ITEM-00051589,ORD-0005189,2023-03-21,WrongItem,344.67
RET-002740,ITEM-00018863,ORD-0002130,2024-06-23,Damaged,1167.4
RET-002741,ITEM-00054212,ORD-0009708,2023-01-11,Changed Mind,223.04
RET-002742,ITEM-00003571,ORD-0023822,2024-02-22,WrongItem,843.64
RET-002743,ITEM-00048241,ORD-0015972,2022-08-05,WrongItem,175.38
RET-002744,ITEM-00026537,ORD-0016013,2024-07-08,Changed Mind,217.17
RET-002745,ITEM-00009597,ORD-0023504,2022-02-09,Damaged,374.79
RET-002746,ITEM-00062783,ORD-0020335,2023-07-27,Changed Mind,112.85
RET-002747,ITEM-00045998,ORD-0000517,2024-04-17,Damaged,90.38
RET-002748,ITEM-00024641,ORD-0008374,2024-12-23,Not as Described,26.28
RET-002749,ITEM-00021059,ORD-0006996,2023-11-16,WrongItem,86.98
RET-002750,ITEM-00046721,ORD-0008878,2023-09-11,Not as Described,743.65
RET-002751,ITEM-00028892,ORD-0013510,2024-04-26,WrongItem,417.16
RET-002752,ITEM-00024591,ORD-0012677,2024-01-23,Not as Described,124.12
RET-002753,ITEM-00004120,ORD-0011556,2023-08-26,Not as Described,518.45
RET-002754,ITEM-00066994,ORD-0017019,2022-06-11,Changed Mind,31.74
RET-002755,ITEM-00002720,ORD-0022391,2023-08-13,WrongItem,163.3
RET-002756,ITEM-00046520,ORD-0006461,2024-09-21,Damaged,191.35
RET-002757,ITEM-00068464,ORD-0014595,2024-02-28,Damaged,975.75
RET-002758,ITEM-00066188,ORD-0021264,2023-09-05,Late Delivery,155.29
RET-002759,ITEM-00014461,ORD-0009640,2023-10-28,Not as Described,114.37
RET-002760,ITEM-00002180,ORD-0012058,2023-01-19,Changed Mind,1202.6
RET-002761,ITEM-00064930,ORD-0010045,2022-03-22,Not as Described,341.8
RET-002762,ITEM-00010571,ORD-0008455,2022-11-19,Changed Mind,250.17
RET-002763,ITEM-00057103,ORD-0024764,2022-11-10,Damaged,736.41
RET-002764,ITEM-00068143,ORD-0015230,2022-09-13,Changed Mind,305.48
RET-002765,ITEM-00065717,ORD-0008454,2023-12-28,Not as Described,1136.6
RET-002766,ITEM-00015085,ORD-0002618,2023-11-22,Late Delivery,967.35
RET-002767,ITEM-00065524,ORD-0019594,2023-07-12,WrongItem,198.64
RET-002768,ITEM-00057435,ORD-0002592,2022-12-11,Not as Described,976.76
RET-002769,ITEM-00063383,ORD-0003265,2024-05-01,Not as Described,302.0
RET-002770,ITEM-00052637,ORD-0015228,2023-05-13,Late Delivery,228.08
RET-002771,ITEM-00010708,ORD-0001942,2023-11-15,WrongItem,881.0
RET-002772,ITEM-00018890,ORD-0012289,2024-05-30,WrongItem,235.65
RET-002773,ITEM-00011500,ORD-0021979,2024-09-23,Not as Described,1203.15
RET-002774,ITEM-00030233,ORD-0003807,2023-05-20,Not as Described,400.94
RET-002775,ITEM-00060927,ORD-0016073,2022-03-21,Not as Described,410.78
RET-002776,ITEM-00063284,ORD-0024231,2023-09-15,Damaged,37.13
RET-002777,ITEM-00050959,ORD-0002927,2022-06-16,Changed Mind,130.4
RET-002778,ITEM-00026073,ORD-0017180,2023-08-09,Damaged,467.28
RET-002779,ITEM-00046337,ORD-0024229,2023-11-18,Not as Described,562.64
RET-002780,ITEM-00008338,ORD-0023387,2024-03-05,Damaged,488.84
RET-002781,ITEM-00069256,ORD-0009921,2022-12-12,WrongItem,62.17
RET-002782,ITEM-00067983,ORD-0002691,2022-12-13,Late Delivery,140.04
RET-002783,ITEM-00062696,ORD-0013906,2023-02-10,Not as Described,1008.55
RET-002784,ITEM-00017222,ORD-0009662,2023-09-04,Damaged,479.7
RET-002785,ITEM-00062330,ORD-0024910,2024-03-20,Not as Described,216.98
RET-002786,ITEM-00060328,ORD-0018050,2023-06-09,Damaged,987.2
RET-002787,ITEM-00007354,ORD-0017472,2022-02-08,Not as Described,226.86
RET-002788,ITEM-00021713,ORD-0015408,2022-07-06,WrongItem,642.28
RET-002789,ITEM-00013447,ORD-0004016,2022-02-22,WrongItem,312.16
RET-002790,ITEM-00020260,ORD-0013144,2024-01-10,WrongItem,1160.45
RET-002791,ITEM-00029251,ORD-0010190,2023-10-19,Not as Described,1078.8
RET-002792,ITEM-00007326,ORD-0006405,2023-08-12,Late Delivery,122.7
RET-002793,ITEM-00009974,ORD-0002909,2023-12-10,WrongItem,361.54
RET-002794,ITEM-00028087,ORD-0007473,2024-08-28,Late Delivery,722.58
RET-002795,ITEM-00018979,ORD-0014421,2023-10-21,WrongItem,140.55
RET-002796,ITEM-00015227,ORD-0021461,2024-10-01,Damaged,153.28
RET-002797,ITEM-00041129,ORD-0006412,2023-05-17,Damaged,32.52
RET-002798,ITEM-00056347,ORD-0013837,2024-06-11,WrongItem,1010.15
RET-002799,ITEM-00016176,ORD-0014194,2022-10-10,Damaged,660.92
RET-002800,ITEM-00045903,ORD-0002164,2022-06-02,WrongItem,22.84
RET-002801,ITEM-00027437,ORD-0009107,2022-04-02,Late Delivery,128.15
RET-002802,ITEM-00065302,ORD-0024224,2024-02-12,Not as Described,72.08
RET-002803,ITEM-00047854,ORD-0015910,2024-05-12,Changed Mind,800.72
RET-002804,ITEM-00031390,ORD-0022745,2024-02-19,Not as Described,296.73
RET-002805,ITEM-00031479,ORD-0001315,2022-09-28,Changed Mind,1195.15
RET-002806,ITEM-00030227,ORD-0009114,2023-04-06,Late Delivery,568.2
RET-002807,ITEM-00012802,ORD-0003044,2024-07-09,Damaged,237.08
RET-002808,ITEM-00046492,ORD-0001342,2024-09-06,Damaged,604.1
RET-002809,ITEM-00002479,ORD-0010405,2024-10-07,WrongItem,102.51
RET-002810,ITEM-00043113,ORD-0023843,2023-06-12,Late Delivery,373.47
RET-002811,ITEM-00066396,ORD-0009124,2022-12-18,WrongItem,611.2
RET-002812,ITEM-00034656,ORD-0005820,2023-01-04,Changed Mind,331.66
RET-002813,ITEM-00017539,ORD-0021423,2022-06-02,Late Delivery,90.78
RET-002814,ITEM-00044986,ORD-0009664,2023-09-07,Changed Mind,128.0
RET-002815,ITEM-00057475,ORD-0004236,2023-04-01,Late Delivery,196.74
RET-002816,ITEM-00000529,ORD-0002529,2023-01-05,Not as Described,490.74
RET-002817,ITEM-00013657,ORD-0007309,2024-07-25,WrongItem,26.56
RET-002818,ITEM-00035977,ORD-0019303,2024-01-01,Late Delivery,184.3
RET-002819,ITEM-00055749,ORD-0011421,2023-07-05,WrongItem,133.88
RET-002820,ITEM-00047945,ORD-0011834,2022-10-30,Not as Described,161.08
RET-002821,ITEM-00005093,ORD-0022372,2025-01-04,Changed Mind,72.29
RET-002822,ITEM-00065507,ORD-0007647,2022-04-01,Damaged,351.08
RET-002823,ITEM-00064931,ORD-0016912,2022-05-14,Late Delivery,955.35
RET-002824,ITEM-00016929,ORD-0007370,2022-12-06,Late Delivery,429.95
RET-002825,ITEM-00069567,ORD-0004715,2024-12-20,Not as Described,190.24
RET-002826,ITEM-00011194,ORD-0003742,2022-10-13,WrongItem,297.0
RET-002827,ITEM-00019338,ORD-0005729,2022-11-24,Late Delivery,248.65
RET-002828,ITEM-00052754,ORD-0008409,2023-12-07,Damaged,543.35
RET-002829,ITEM-00054960,ORD-0014699,2024-05-17,Late Delivery,385.76
RET-002830,ITEM-00053742,ORD-0015135,2022-02-20,Late Delivery,931.32
RET-002831,ITEM-00039050,ORD-0010996,2024-10-15,Not as Described,135.3
RET-002832,ITEM-00048787,ORD-0009693,2022-12-29,Damaged,269.0
RET-002833,ITEM-00031378,ORD-0013232,2022-09-22,Late Delivery,43.6
RET-002834,ITEM-00000635,ORD-0015405,2023-01-23,Not as Described,-150.79
RET-002835,ITEM-00066839,ORD-0023141,2023-02-14,Damaged,59.92
RET-002836,ITEM-00049059,ORD-0011406,2022-03-06,WrongItem,842.0
RET-002837,ITEM-00008351,ORD-0000231,2022-09-17,Changed Mind,51.02
RET-002838,ITEM-00035387,ORD-0002679,2024-02-12,Damaged,43.07
RET-002839,ITEM-00006278,ORD-0015634,2024-11-11,WrongItem,83.89
RET-002840,ITEM-00043978,ORD-0000046,2024-06-20,WrongItem,572.19
RET-002841,ITEM-00031237,ORD-0000788,2024-10-27,WrongItem,223.14
RET-002842,ITEM-00023847,ORD-0002950,2023-10-26,Damaged,1097.7
RET-002843,ITEM-00069904,ORD-0015665,2024-04-18,Late Delivery,549.24
RET-002844,ITEM-00056903,ORD-0011917,2024-04-20,Late Delivery,17.61
RET-002845,ITEM-00017950,ORD-0006860,2024-12-04,Not as Described,88.97
RET-002846,ITEM-00018179,ORD-0013623,2024-05-24,Late Delivery,198.16
RET-002847,ITEM-00035537,ORD-0016396,2022-08-26,Changed Mind,191.13
RET-002848,ITEM-00034130,ORD-0022611,2025-01-21,WrongItem,881.15
RET-002849,ITEM-00053569,ORD-0003163,2022-10-08,Not as Described,131.11
RET-002850,ITEM-00065303,ORD-0023707,2023-05-25,Not as Described,246.68
RET-002851,ITEM-00065227,ORD-0019423,2024-10-02,WrongItem,482.38
RET-002852,ITEM-00039793,ORD-0019480,2023-08-31,Changed Mind,691.35
RET-002853,ITEM-00059785,ORD-0005403,2022-03-05,WrongItem,122.68
RET-002854,ITEM-00053021,ORD-0014197,2023-02-13,Not as Described,325.75
RET-002855,ITEM-00036866,ORD-0010924,2022-12-10,Late Delivery,424.02
RET-002856,ITEM-00053615,ORD-0016507,2022-06-29,WrongItem,639.3
RET-002857,ITEM-00062186,ORD-0018729,2023-04-07,Not as Described,119.48
RET-002858,ITEM-00021942,ORD-0017011,2024-04-18,Late Delivery,482.44
RET-002859,ITEM-00020392,ORD-0000516,2022-05-18,Not as Described,389.67
RET-002860,ITEM-00057621,ORD-0014335,2023-11-17,Changed Mind,275.5
RET-002861,ITEM-00005711,ORD-0006928,2024-11-29,Damaged,553.15
RET-002862,ITEM-00050481,ORD-0023352,2023-08-10,Changed Mind,580.05
RET-002863,ITEM-00015859,ORD-0013923,2022-04-05,WrongItem,293.9
RET-002864,ITEM-00044702,ORD-0003919,2023-09-14,Not as Described,472.42
RET-002865,ITEM-00031795,ORD-0008352,2024-02-28,WrongItem,86.82
RET-002866,ITEM-00049652,ORD-0004541,2023-09-03,Damaged,1222.75
RET-002867,ITEM-00049764,ORD-0019089,2024-08-30,Changed Mind,642.18
RET-002868,ITEM-00069913,ORD-0006179,2024-07-19,Late Delivery,718.6
RET-002869,ITEM-00033471,ORD-0019815,2024-11-04,Changed Mind,975.1
RET-002870,ITEM-00013482,ORD-0005656,2022-04-19,WrongItem,119.7
RET-002871,ITEM-00029355,ORD-0003127,2024-07-15,WrongItem,19.56
RET-002872,ITEM-00067566,ORD-0018058,2023-07-14,Damaged,68.74
RET-002873,ITEM-00018495,ORD-0015408,2023-05-24,Late Delivery,1049.2
RET-002874,ITEM-00022037,ORD-0005915,2022-07-11,Damaged,276.9
RET-002875,ITEM-00017808,ORD-0024078,2022-01-07,Damaged,160.89
RET-002876,ITEM-00025939,ORD-0021533,2022-10-04,WrongItem,400.29
RET-002877,ITEM-00017765,ORD-0009739,2024-10-23,Changed Mind,81.99
RET-002878,ITEM-00023362,ORD-0009215,2024-01-15,Changed Mind,636.84
RET-002879,ITEM-00019616,ORD-0005655,2023-12-27,Changed Mind,49.65
RET-002880,ITEM-00004368,ORD-0004766,2023-09-07,Not as Described,29.76
RET-002881,ITEM-00017872,ORD-0006167,2022-03-10,Changed Mind,179.24
RET-002882,ITEM-00049292,ORD-0024544,2022-08-06,Damaged,291.69
RET-002883,ITEM-00002596,ORD-0007775,2024-09-20,Late Delivery,27.76
RET-002884,ITEM-00012710,ORD-0017670,2022-09-07,Changed Mind,156.8
RET-002885,ITEM-00019982,ORD-0008395,2024-11-20,WrongItem,60.92
RET-002886,ITEM-00061361,ORD-0001586,2023-08-02,WrongItem,169.71
RET-002887,ITEM-00029654,ORD-0011853,2022-12-12,Not as Described,401.88
RET-002888,ITEM-00000673,ORD-0003296,2023-11-10,Not as Described,88.3
RET-002889,ITEM-00052116,ORD-0021969,2023-02-17,Not as Described,16.61
RET-002890,ITEM-00014690,ORD-0004733,2023-10-01,Changed Mind,15.67
RET-002891,ITEM-00021188,ORD-0019983,2023-08-18,Changed Mind,648.32
RET-002892,ITEM-00034092,ORD-0014986,2022-08-31,WrongItem,496.95
RET-002893,ITEM-00040897,ORD-0024602,2022-04-27,Damaged,29.05
RET-002894,ITEM-00068432,ORD-0007606,2023-04-09,Damaged,143.18
RET-002895,ITEM-00059167,ORD-0020407,2022-07-07,Damaged,123.26
RET-002896,ITEM-00011577,ORD-0011283,2022-06-21,Not as Described,268.0
RET-002897,ITEM-00050687,ORD-0017097,2024-04-26,Late Delivery,187.65
RET-002898,ITEM-00037128,ORD-0024122,2022-11-03,Not as Described,621.68
RET-002899,ITEM-00001506,ORD-0019993,2024-11-23,WrongItem,438.18
RET-002900,ITEM-00065816,ORD-0011323,2023-04-22,Damaged,146.6
RET-002901,ITEM-00032275,ORD-0020461,2022-08-16,WrongItem,499.05
RET-002902,ITEM-00028898,ORD-0011912,2023-07-30,Late Delivery,725.04
RET-002903,ITEM-00034451,ORD-0003642,2024-08-22,Not as Described,521.61
RET-002904,ITEM-00007167,ORD-0004422,2023-12-27,Damaged,709.05
RET-002905,ITEM-00055306,ORD-0023407,2024-10-12,WrongItem,529.2
RET-002906,ITEM-00013939,ORD-0008724,2024-09-12,Changed Mind,845.75
RET-002907,ITEM-00020479,ORD-0004717,2024-11-25,Late Delivery,690.36
RET-002908,ITEM-00035224,ORD-0006478,2024-11-07,Damaged,638.82
RET-002909,ITEM-00038536,ORD-0006282,2024-05-07,Late Delivery,555.27
RET-002910,ITEM-00015327,ORD-0001190,2023-07-11,WrongItem,354.06
RET-002911,ITEM-00050374,ORD-0009486,2024-12-10,Damaged,648.56
RET-002912,ITEM-00012431,ORD-0007661,2023-04-28,Damaged,489.76
RET-002913,ITEM-00038626,ORD-0005490,2022-10-24,Damaged,689.68
RET-002914,ITEM-00009114,ORD-0005629,2023-02-11,WrongItem,140.04
RET-002915,ITEM-00002756,ORD-0021305,2024-06-04,Changed Mind,343.94
RET-002916,ITEM-00049506,ORD-0000276,2023-07-01,Damaged,436.35
RET-002917,ITEM-00031258,,2023-06-19,Changed Mind,711.72
RET-002918,ITEM-00023385,ORD-0021364,2024-04-18,Changed Mind,105.48
RET-002919,ITEM-00042731,ORD-0014205,2023-11-22,Late Delivery,70.65
RET-002920,ITEM-00062611,ORD-0002140,2024-01-27,Damaged,236.94
RET-002921,ITEM-00062317,ORD-0017765,2022-04-25,Damaged,307.26
RET-002922,ITEM-00055711,ORD-0012029,2022-04-09,Changed Mind,459.8
RET-002923,ITEM-00022100,ORD-0019025,2024-03-31,Not as Described,192.68
RET-002924,ITEM-00055203,ORD-0024940,2024-10-05,Changed Mind,259.86
RET-002925,ITEM-00060875,ORD-0005970,2022-11-05,Not as Described,101.56
RET-002926,ITEM-00011858,ORD-0014593,2023-04-14,WrongItem,99.3
RET-002927,ITEM-00025714,ORD-0020424,2023-02-03,Changed Mind,78.42
RET-002928,ITEM-00055391,ORD-0013909,2022-03-11,WrongItem,514.3
RET-002929,ITEM-00019835,ORD-0017276,2024-06-10,Changed Mind,90.32
RET-002930,ITEM-00036842,ORD-0008427,2023-02-16,Not as Described,166.3
RET-002931,ITEM-00058971,ORD-0011759,2022-05-28,Changed Mind,693.72
RET-002932,ITEM-00032840,ORD-0005591,2024-07-13,Changed Mind,48.2
RET-002933,ITEM-00028909,ORD-0022164,2022-11-07,Damaged,487.24
RET-002934,ITEM-00021266,ORD-0010694,2023-12-08,WrongItem,95.56
RET-002935,ITEM-00024959,ORD-0023067,2024-03-31,WrongItem,293.44
RET-002936,ITEM-00030376,ORD-0020723,2024-03-24,Changed Mind,1102.4
RET-002937,ITEM-00010852,ORD-0002786,2023-08-24,WrongItem,848.1
RET-002938,ITEM-00022405,ORD-0002062,2024-10-06,WrongItem,664.32
RET-002939,ITEM-00057494,ORD-0011502,2023-11-06,Changed Mind,317.64
RET-002940,ITEM-00025351,ORD-0021143,2024-03-03,Late Delivery,72.36
RET-002941,ITEM-00025659,ORD-0017244,2022-06-19,Damaged,234.13
RET-002942,ITEM-00062287,ORD-0011094,2023-11-12,WrongItem,782.2
RET-002943,ITEM-00014234,ORD-0009178,2022-04-15,Changed Mind,609.15
RET-002944,ITEM-00046085,ORD-0005761,2023-11-26,Late Delivery,174.02
RET-002945,ITEM-00062782,ORD-0007527,2023-04-28,Not as Described,159.78
RET-002946,ITEM-00016986,ORD-0001286,2022-10-07,WrongItem,154.94
RET-002947,ITEM-00001022,ORD-0001248,2023-01-20,WrongItem,468.96
RET-002948,ITEM-00052678,ORD-0007824,2022-04-01,Late Delivery,424.77
RET-002949,ITEM-00006621,ORD-0019148,2024-11-05,Changed Mind,145.15
RET-002950,ITEM-00069407,ORD-0007808,2024-08-27,WrongItem,78.69
RET-002951,ITEM-00046008,ORD-0024419,2022-07-25,Changed Mind,171.28
RET-002952,ITEM-00052175,ORD-0008603,2024-05-20,Changed Mind,379.24
RET-002953,ITEM-00003621,ORD-0019005,2024-10-30,Damaged,224.32
RET-002954,ITEM-00029237,ORD-0019410,2024-11-15,Late Delivery,101.45
RET-002955,ITEM-00043124,ORD-0005675,2023-11-14,Damaged,628.14
RET-002956,ITEM-00062966,ORD-0024566,2022-10-23,Not as Described,246.8
RET-002957,ITEM-00052338,ORD-0000822,2024-09-29,Late Delivery,146.94
RET-002958,ITEM-00021120,ORD-0023195,2022-10-07,WrongItem,82.44
RET-002959,ITEM-00046417,ORD-0023956,2022-12-02,Damaged,550.6
RET-002960,ITEM-00038549,ORD-0006686,2024-08-28,WrongItem,238.76
RET-002961,ITEM-00015982,ORD-0003000,2024-08-31,Damaged,619.26
RET-002962,ITEM-00001018,ORD-0008627,2022-03-11,Not as Described,835.72
RET-002963,ITEM-00042635,ORD-0003976,2023-03-06,Not as Described,240.89
RET-002964,ITEM-00065655,ORD-0008420,2023-08-18,Damaged,95.8
RET-002965,ITEM-00047233,ORD-0019939,2024-08-08,Damaged,304.36
RET-002966,ITEM-00037444,ORD-0009063,2024-02-09,Not as Described,15.47
RET-002967,ITEM-00068547,ORD-0018886,2023-01-23,WrongItem,79.12
RET-002968,ITEM-00048856,ORD-0010774,2024-02-07,WrongItem,167.74
RET-002969,ITEM-00035312,ORD-0004156,2022-06-16,Changed Mind,198.15
RET-002970,ITEM-00067274,ORD-0005926,2023-01-26,WrongItem,885.52
RET-002971,ITEM-00031792,ORD-0004245,2023-08-24,Late Delivery,1069.25
RET-002972,ITEM-00007724,ORD-0024678,2023-03-28,Not as Described,258.06
RET-002973,ITEM-00062154,ORD-0011307,2023-04-06,Changed Mind,887.7
RET-002974,ITEM-00064976,ORD-0016484,2023-01-03,Changed Mind,693.12
RET-002975,ITEM-00027351,ORD-0019994,2024-11-30,Damaged,231.57
RET-002976,ITEM-00038575,ORD-0010653,2023-10-05,Late Delivery,910.08
RET-002977,ITEM-00060423,ORD-0006330,2022-07-19,WrongItem,228.39
RET-002978,ITEM-00022503,ORD-0000157,2022-06-05,Late Delivery,282.62
RET-002979,ITEM-00043916,ORD-0005365,2023-11-25,Late Delivery,473.6
RET-002980,ITEM-00043143,ORD-0008644,2023-11-18,Late Delivery,105.04
RET-002981,ITEM-00018624,ORD-0018205,2022-06-27,Late Delivery,28.65
RET-002982,ITEM-00058822,ORD-0007735,2022-03-07,Not as Described,84.44
RET-002983,ITEM-00011530,ORD-0008278,2024-02-12,Late Delivery,718.08
RET-002984,ITEM-00006600,ORD-0000772,2024-12-24,Damaged,227.88
RET-002985,ITEM-00009575,ORD-0014893,2023-01-03,Changed Mind,209.35
RET-002986,ITEM-00035801,ORD-0019338,2023-07-20,WrongItem,306.09
RET-002987,ITEM-00014369,ORD-0018069,2024-05-23,Not as Described,462.75
RET-002988,ITEM-00017092,ORD-0001565,2024-04-07,WrongItem,57.18
RET-002989,ITEM-00004717,ORD-0022694,2022-12-12,Not as Described,414.16
RET-002990,ITEM-00033310,ORD-0022289,2024-02-24,Damaged,641.25
RET-002991,ITEM-00021656,ORD-0001600,2024-07-05,Late Delivery,445.88
RET-002992,ITEM-00034275,ORD-0000376,2022-02-26,Changed Mind,178.35
RET-002993,ITEM-00010155,ORD-0001712,2024-07-20,Damaged,124.99
RET-002994,ITEM-00020521,ORD-0016452,2023-11-05,Not as Described,17.45
RET-002995,ITEM-00009049,ORD-0023416,2023-09-27,Late Delivery,1012.85
RET-002996,ITEM-00018905,ORD-0013946,2024-02-26,Not as Described,949.64
RET-002997,ITEM-00027362,ORD-0018784,2024-05-05,WrongItem,420.24
RET-002998,ITEM-00065907,ORD-0012019,2022-05-17,Not as Described,795.24
RET-002999,ITEM-00022875,ORD-0011299,2022-09-11,Not as Described,111.29
RET-003000,ITEM-00067806,ORD-0017992,2023-04-06,Changed Mind,227.56
RET-003001,ITEM-00000798,ORD-0010972,2024-10-25,Changed Mind,389.28
RET-003002,ITEM-00050536,ORD-0012840,2024-06-06,WrongItem,516.96
RET-003003,ITEM-00058565,ORD-0004203,2024-11-20,Late Delivery,908.15
RET-003004,ITEM-00035439,ORD-0009491,2023-05-21,Damaged,138.48
RET-003005,ITEM-00005083,ORD-0002607,2022-11-03,Changed Mind,337.78
RET-003006,ITEM-00064903,ORD-0006538,2024-02-19,Changed Mind,790.0
RET-003007,ITEM-00000842,ORD-0007609,2023-06-27,Late Delivery,195.15
RET-003008,ITEM-00020693,ORD-0008212,2023-10-06,Damaged,183.3
RET-003009,ITEM-00039146,ORD-0013465,2024-01-08,Late Delivery,77.68
RET-003010,ITEM-00016199,ORD-0000053,2022-07-01,WrongItem,634.84
RET-003011,ITEM-00015436,ORD-0009591,2024-09-13,WrongItem,405.22
RET-003012,ITEM-00039493,ORD-0021874,2022-02-17,Not as Described,22.5
RET-003013,ITEM-00005175,ORD-0004035,2023-09-21,Late Delivery,174.9
RET-003014,ITEM-00013490,ORD-0019351,2022-05-19,Changed Mind,527.72
RET-003015,ITEM-00040953,ORD-0020439,2022-12-27,Late Delivery,159.68
RET-003016,ITEM-00022701,ORD-0010998,2024-03-23,Not as Described,1116.65
RET-003017,ITEM-00069859,ORD-0007798,2022-03-22,Changed Mind,155.54
RET-003018,ITEM-00068089,ORD-0004400,2024-06-16,Damaged,639.04
RET-003019,ITEM-00046583,ORD-0012728,2023-11-26,Late Delivery,511.68
RET-003020,ITEM-00068487,ORD-0012006,2022-03-07,Changed Mind,323.95
RET-003021,ITEM-00039071,ORD-0007897,2023-11-27,Changed Mind,193.04
RET-003022,ITEM-00019329,ORD-0002423,2024-03-21,WrongItem,317.75
RET-003023,ITEM-00065377,ORD-0006582,2023-10-09,WrongItem,123.66
RET-003024,ITEM-00016080,ORD-0007315,2022-07-20,Late Delivery,206.88
RET-003025,ITEM-00059284,ORD-0008088,2024-04-29,Not as Described,481.2
RET-003026,ITEM-00000580,ORD-0003342,2022-10-25,WrongItem,781.8
RET-003027,ITEM-00067883,ORD-0006257,2024-03-04,Changed Mind,836.85
RET-003028,ITEM-00044981,ORD-0001094,2024-11-14,Late Delivery,601.05
RET-003029,ITEM-00039770,ORD-0023866,2024-09-25,Not as Described,1053.35
RET-003030,ITEM-00006018,ORD-0006150,2024-10-21,WrongItem,672.72
RET-003031,ITEM-00018941,ORD-0004631,2022-10-03,Changed Mind,637.2
RET-003032,ITEM-00010559,ORD-0007655,2023-06-12,Not as Described,413.05
RET-003033,ITEM-00046053,ORD-0018822,2024-06-01,WrongItem,219.88
RET-003034,ITEM-00053528,ORD-0007525,2024-08-24,Damaged,470.22
RET-003035,ITEM-00063050,ORD-0004236,2023-08-02,WrongItem,569.64
RET-003036,ITEM-00063107,ORD-0010722,2022-03-03,Not as Described,746.08
RET-003037,ITEM-00052681,ORD-0004169,2024-12-01,Changed Mind,409.65
RET-003038,ITEM-00032657,ORD-0000535,2023-11-05,Late Delivery,1145.0
RET-003039,ITEM-00025833,ORD-0007134,2024-05-21,WrongItem,59.42
RET-003040,ITEM-00020343,ORD-0020095,2023-12-27,Late Delivery,133.52
RET-003041,ITEM-00048269,ORD-0001312,2022-04-04,WrongItem,399.68
RET-003042,ITEM-00019846,ORD-0001052,2022-02-17,WrongItem,72.07
RET-003043,ITEM-00042507,ORD-0001708,2023-10-22,Not as Described,22.53
RET-003044,ITEM-00037997,ORD-0000376,2023-09-20,Not as Described,1015.9
RET-003045,ITEM-00034501,ORD-0020129,2025-01-31,WrongItem,191.7
RET-003046,ITEM-00028719,ORD-0010835,2023-12-06,Changed Mind,448.56
RET-003047,ITEM-00048139,ORD-0023348,2022-07-05,Not as Described,78.69
RET-003048,ITEM-00058511,ORD-0003999,2023-04-13,Changed Mind,633.9
RET-003049,ITEM-00032643,ORD-0011559,2023-08-26,Damaged,16.49
RET-003050,ITEM-00005991,ORD-0004569,2022-02-12,Late Delivery,265.66
RET-003051,ITEM-00015630,ORD-0024488,2022-03-09,Late Delivery,458.52
RET-003052,ITEM-00026162,ORD-0014530,2023-07-26,WrongItem,672.0
RET-003053,ITEM-00037586,ORD-0010962,2024-02-08,Not as Described,52.32
RET-003054,ITEM-00028291,ORD-0016370,2024-09-18,Not as Described,60.86
RET-003055,ITEM-00018799,ORD-0007381,2024-03-25,Not as Described,1117.95
RET-003056,ITEM-00011189,ORD-0010739,2022-02-19,WrongItem,78.94
RET-003057,ITEM-00047801,ORD-0019196,2023-04-02,Changed Mind,100.06
RET-003058,ITEM-00057860,ORD-0000566,2024-06-09,Changed Mind,281.45
RET-003059,ITEM-00067053,ORD-0007892,2024-05-06,Not as Described,428.7
RET-003060,ITEM-00026016,ORD-0000539,2022-04-29,Changed Mind,77.98
RET-003061,ITEM-00029451,ORD-0023446,2023-02-08,Damaged,430.2
RET-003062,ITEM-00033559,ORD-0019738,2023-02-24,WrongItem,209.24
RET-003063,ITEM-00048111,ORD-0015602,2023-06-16,WrongItem,401.82
RET-003064,ITEM-00063896,ORD-0007956,2024-03-30,Damaged,596.84
RET-003065,ITEM-00061502,ORD-0001143,2023-07-14,Late Delivery,85.48
RET-003066,ITEM-00063099,ORD-0014592,2023-01-01,Late Delivery,567.55
RET-003067,ITEM-00025796,ORD-0001194,2024-11-22,WrongItem,47.88
RET-003068,ITEM-00046996,ORD-0024589,2024-05-27,Not as Described,13.08
RET-003069,ITEM-00003062,ORD-0002805,2024-01-10,Changed Mind,229.25
RET-003070,ITEM-00045698,ORD-0011853,2024-12-13,Not as Described,229.8
RET-003071,ITEM-00063769,ORD-0015082,2024-09-25,Late Delivery,292.3
RET-003072,ITEM-00051796,ORD-0002752,2022-07-05,Changed Mind,946.32
RET-003073,ITEM-00011092,ORD-0003748,2022-12-19,Changed Mind,654.96
RET-003074,ITEM-00008898,ORD-0019771,2023-05-19,Damaged,1120.35
RET-003075,ITEM-00010573,ORD-0020484,2024-03-29,WrongItem,813.15
RET-003076,ITEM-00067238,ORD-0008097,2024-04-19,WrongItem,327.76
RET-003077,ITEM-00034873,ORD-0003183,2022-06-16,Not as Described,219.66
RET-003078,ITEM-00001978,ORD-0019826,2022-04-28,Late Delivery,464.05
RET-003079,ITEM-00008729,ORD-0010657,2022-05-22,Not as Described,276.3
RET-003080,ITEM-00011626,ORD-0008089,2024-03-27,Changed Mind,217.39
RET-003081,ITEM-00038947,ORD-0016349,2023-05-16,WrongItem,41.56
RET-003082,ITEM-00029481,ORD-0024756,2024-09-16,WrongItem,119.94
RET-003083,ITEM-00012462,ORD-0011817,2022-10-29,Damaged,261.15
RET-003084,ITEM-00031221,ORD-0008153,2024-10-25,WrongItem,100.68
RET-003085,ITEM-00067778,ORD-0016457,2022-05-12,Damaged,1020.2
RET-003086,ITEM-00035996,ORD-0012117,2023-06-07,Not as Described,1078.75
RET-003087,ITEM-00040732,ORD-0010619,2023-07-30,WrongItem,923.04
RET-003088,ITEM-00040745,ORD-0005699,2022-11-18,Damaged,979.08
RET-003089,ITEM-00018965,ORD-0015196,2022-05-07,Not as Described,782.88
RET-003090,ITEM-00069231,ORD-0006286,2023-06-29,WrongItem,1098.15
RET-003091,ITEM-00065945,ORD-0000757,2024-04-12,WrongItem,120.9
RET-003092,ITEM-00017327,ORD-0015842,2023-06-02,Damaged,241.45
RET-003093,ITEM-00055612,ORD-0000825,2022-08-02,Changed Mind,76.92
RET-003094,ITEM-00029361,ORD-0019310,2024-01-20,Damaged,591.7
RET-003095,ITEM-00002023,ORD-0003304,2023-11-02,,144.35
RET-003096,ITEM-00022727,ORD-0003112,2024-07-03,Changed Mind,107.08
RET-003097,ITEM-00040786,ORD-0014639,2024-07-10,Damaged,213.12
RET-003098,ITEM-00036408,ORD-0002799,2023-07-11,Changed Mind,975.25
RET-003099,ITEM-00065920,ORD-0023040,2024-06-28,WrongItem,821.75
RET-003100,ITEM-00024749,ORD-0008809,2022-06-06,Damaged,371.76
RET-003101,ITEM-00027811,ORD-0023730,2022-07-23,Not as Described,276.85
RET-003102,ITEM-00013142,ORD-0001804,2024-03-26,Not as Described,591.21
RET-003103,ITEM-00041798,ORD-0004676,2024-01-31,Not as Described,499.23
RET-003104,ITEM-00068818,ORD-0016778,2024-05-20,Not as Described,26.64
RET-003105,ITEM-00031176,ORD-0010869,2022-02-02,WrongItem,344.45
RET-003106,ITEM-00015331,ORD-0002959,2023-08-06,Late Delivery,123.28
RET-003107,ITEM-00041343,ORD-0011738,2024-12-22,Damaged,429.08
RET-003108,ITEM-00047722,ORD-0021398,2024-11-18,WrongItem,97.95
RET-003109,ITEM-00020612,ORD-0018065,2023-02-24,Late Delivery,455.84
RET-003110,ITEM-00026163,ORD-0011060,2023-04-23,Late Delivery,1234.1
RET-003111,ITEM-00065000,ORD-0015446,2022-08-13,Damaged,122.12
RET-003112,ITEM-00066660,ORD-0001344,2023-09-24,Late Delivery,489.8
RET-003113,ITEM-00004150,ORD-0011924,2022-04-03,Not as Described,183.6
RET-003114,ITEM-00040092,ORD-0018605,2024-12-23,Damaged,917.8
RET-003115,ITEM-00044635,ORD-0003308,2024-06-30,Late Delivery,627.12
RET-003116,ITEM-00054024,ORD-0014391,2022-12-28,Changed Mind,203.14
RET-003117,ITEM-00017964,ORD-0020131,2024-07-06,Changed Mind,63.25
RET-003118,ITEM-00032117,ORD-0023494,2024-11-08,WrongItem,419.2
RET-003119,ITEM-00036774,ORD-0013557,2022-06-25,Damaged,144.58
RET-003120,ITEM-00066049,ORD-0010958,2023-03-01,WrongItem,129.44
RET-003121,ITEM-00032052,ORD-0011935,2023-11-26,WrongItem,225.57
RET-003122,ITEM-00032934,ORD-0008630,2023-03-08,Changed Mind,201.6
RET-003123,ITEM-00041364,ORD-0000838,2022-10-29,Damaged,478.8
RET-003124,ITEM-00001710,ORD-0014213,2023-11-24,Changed Mind,875.05
RET-003125,ITEM-00031191,ORD-0014042,2023-03-02,Late Delivery,317.08
RET-003126,ITEM-00043947,ORD-0015602,2023-03-15,Damaged,148.48
RET-003127,ITEM-00049343,ORD-0010149,2023-03-12,Changed Mind,1141.45
RET-003128,ITEM-00055691,ORD-0008120,2022-05-20,Changed Mind,62.8
RET-003129,ITEM-00036511,ORD-0011974,2024-05-15,WrongItem,304.6
RET-003130,ITEM-00050743,ORD-0022876,2024-06-10,WrongItem,351.6
RET-003131,ITEM-00037765,ORD-0008796,2024-04-01,WrongItem,123.29
RET-003132,ITEM-00058336,ORD-0021002,2024-02-06,Damaged,392.74
RET-003133,ITEM-00041820,ORD-0008873,2022-07-24,WrongItem,976.0
RET-003134,ITEM-00066028,ORD-0013743,2023-10-21,Not as Described,174.45
RET-003135,ITEM-00017596,ORD-0001469,2024-10-15,Changed Mind,21.33
RET-003136,ITEM-00052463,ORD-0003536,2024-06-28,Changed Mind,12.57
RET-003137,ITEM-00031207,ORD-0018245,2025-02-04,Not as Described,731.19
RET-003138,ITEM-00068070,ORD-0002189,2022-02-28,Damaged,545.2
RET-003139,ITEM-00043930,ORD-0022610,2022-11-10,Damaged,318.18
RET-003140,ITEM-00012127,ORD-0009496,2023-01-02,Changed Mind,378.36
RET-003141,ITEM-00046259,ORD-0021893,2024-08-19,Late Delivery,236.3
RET-003142,ITEM-00019415,ORD-0016687,2023-05-25,WrongItem,388.84
RET-003143,ITEM-00061217,ORD-0023718,2024-06-24,Damaged,680.12
RET-003144,ITEM-00042668,ORD-0012916,2024-05-28,Late Delivery,140.86
RET-003145,ITEM-00055388,ORD-0021352,2024-09-15,Damaged,202.14
RET-003146,ITEM-00027986,ORD-0015969,2022-04-22,Late Delivery,467.1
RET-003147,ITEM-00056358,ORD-0013587,2025-01-25,WrongItem,5.09
RET-003148,ITEM-00032328,ORD-0015265,2023-11-14,Changed Mind,390.24
RET-003149,ITEM-00004245,ORD-0005460,2023-07-02,Not as Described,707.85
RET-003150,ITEM-00045044,ORD-0011817,2022-07-26,WrongItem,677.92
RET-003151,ITEM-00062905,ORD-0024805,2024-08-10,WrongItem,156.8
RET-003152,ITEM-00044889,ORD-0010330,2024-01-26,Damaged,889.76
RET-003153,ITEM-00014304,ORD-0021849,2022-05-01,Late Delivery,169.35
RET-003154,ITEM-00012943,ORD-0008640,2024-09-10,Late Delivery,1214.5
RET-003155,ITEM-00054148,ORD-0019434,2024-12-16,Changed Mind,312.36
RET-003156,ITEM-00061009,ORD-0004868,2024-03-26,Damaged,317.64
RET-003157,ITEM-00024128,ORD-0016115,2023-05-26,Damaged,624.12
RET-003158,ITEM-00066071,ORD-0009933,2024-03-23,Changed Mind,164.44
RET-003159,ITEM-00046162,ORD-0002503,2022-09-15,Damaged,162.78
RET-003160,ITEM-00034345,ORD-0010877,2023-10-04,Late Delivery,129.31
RET-003161,ITEM-00047745,ORD-0018663,2023-12-04,Not as Described,64.6
RET-003162,ITEM-00048644,ORD-0018976,2023-04-02,Damaged,121.76
RET-003163,ITEM-00067242,ORD-0013851,2024-10-07,Not as Described,226.48
RET-003164,ITEM-00013091,ORD-0008387,2022-02-18,Changed Mind,353.4
RET-003165,ITEM-00013231,ORD-0007504,2024-12-27,Not as Described,161.26
RET-003166,ITEM-00057845,ORD-0012551,2023-08-10,Not as Described,210.09
RET-003167,ITEM-00063681,ORD-0018454,2022-10-01,Changed Mind,245.68
RET-003168,ITEM-00014766,ORD-0016733,2022-08-02,WrongItem,191.76
RET-003169,ITEM-00060838,ORD-0024636,2024-03-13,WrongItem,51.24
RET-003170,ITEM-00026415,ORD-0008449,2022-07-19,Not as Described,262.3
RET-003171,ITEM-00052929,ORD-0023768,2022-11-08,Not as Described,70.48
RET-003172,ITEM-00059391,ORD-0015428,2022-07-07,Changed Mind,439.72
RET-003173,ITEM-00042282,ORD-0012058,2023-08-24,Changed Mind,311.25
RET-003174,ITEM-00055553,ORD-0014672,2024-03-19,Changed Mind,620.34
RET-003175,ITEM-00011795,ORD-0024574,2022-04-21,Damaged,366.16
RET-003176,ITEM-00069155,ORD-0001151,2024-03-06,Damaged,574.32
RET-003177,ITEM-00025595,ORD-0018307,2022-07-21,Late Delivery,265.92
RET-003178,ITEM-00005926,ORD-0007030,2023-03-14,Late Delivery,79.16
RET-003179,ITEM-00046460,ORD-0013790,2022-07-21,Late Delivery,562.8
RET-003180,ITEM-00067569,ORD-0023171,2023-06-06,Not as Described,632.97
RET-003181,ITEM-00059141,ORD-0022887,2022-10-10,Not as Described,952.25
RET-003182,ITEM-00052993,ORD-0004972,2023-04-28,WrongItem,358.88
RET-003183,ITEM-00050965,ORD-0014644,2022-04-15,Changed Mind,619.35
RET-003184,ITEM-00037470,ORD-0021085,2022-09-03,Late Delivery,66.95
RET-003185,ITEM-00069314,ORD-0005686,2023-03-28,Not as Described,594.95
RET-003186,ITEM-00021286,ORD-0018267,2023-11-21,Not as Described,149.15
RET-003187,ITEM-00069328,ORD-0007570,2024-12-21,Changed Mind,126.46
RET-003188,ITEM-00003384,ORD-0001927,2022-11-10,Not as Described,595.41
RET-003189,ITEM-00049692,ORD-0001670,2022-02-22,Late Delivery,584.58
RET-003190,ITEM-00069744,ORD-0003198,2024-03-13,Damaged,483.24
RET-003191,ITEM-00041944,ORD-0017544,2022-12-26,Not as Described,441.65
RET-003192,ITEM-00061774,ORD-0021929,2023-06-09,WrongItem,586.41
RET-003193,ITEM-00050018,ORD-0000543,2023-03-12,Not as Described,283.55
RET-003194,ITEM-00033247,ORD-0012970,2024-06-21,WrongItem,230.16
RET-003195,ITEM-00035811,ORD-0005803,2022-11-04,Not as Described,485.76
RET-003196,ITEM-00003876,ORD-0023183,2024-06-05,Not as Described,589.45
RET-003197,ITEM-00044688,ORD-0016456,2022-05-24,Changed Mind,177.7
RET-003198,ITEM-00051784,ORD-0013437,2022-12-19,Changed Mind,292.4
RET-003199,ITEM-00009989,ORD-0008228,2023-12-02,Late Delivery,880.45
RET-003200,ITEM-00001133,ORD-0019586,2022-06-19,Changed Mind,158.22
RET-003201,ITEM-00035361,ORD-0014422,2023-01-27,Changed Mind,101.73
RET-003202,ITEM-00065948,ORD-0001499,2023-11-16,Damaged,90.9
RET-003203,ITEM-00012874,ORD-0016402,2022-02-16,Changed Mind,204.18
RET-003204,ITEM-00024078,ORD-0001891,2023-04-14,Changed Mind,57.24
RET-003205,ITEM-00067084,ORD-0019434,2022-11-28,Changed Mind,1198.3
RET-003206,ITEM-00036478,ORD-0012540,2022-05-02,Not as Described,757.1
RET-003207,ITEM-00045171,ORD-0001354,2023-05-24,WrongItem,243.82
RET-003208,ITEM-00058926,ORD-0018415,2024-05-22,Damaged,296.86
RET-003209,ITEM-00040811,ORD-0022153,2023-03-09,Late Delivery,167.56
RET-003210,ITEM-00063783,ORD-0016538,2023-03-03,Late Delivery,805.04
RET-003211,ITEM-00048045,ORD-0009987,2022-09-30,WrongItem,1210.35
RET-003212,ITEM-00018725,ORD-0018582,2022-03-28,WrongItem,-262.68
RET-003213,ITEM-00011287,ORD-0012973,2022-06-13,Not as Described,232.59
RET-003214,ITEM-00069453,ORD-0014827,2024-11-20,WrongItem,247.88
RET-003215,ITEM-00033840,ORD-0014433,2023-03-05,Changed Mind,979.56
RET-003216,ITEM-00035379,ORD-0008723,2023-04-04,Late Delivery,731.64
RET-003217,ITEM-00013322,ORD-0018038,2024-06-20,WrongItem,825.68
RET-003218,ITEM-00019708,ORD-0020119,2023-03-10,Damaged,168.12
RET-003219,ITEM-00050115,ORD-0008466,2022-05-25,,468.63
RET-003220,ITEM-00047148,ORD-0004030,2023-08-14,Not as Described,246.78
RET-003221,ITEM-00022502,ORD-0012092,2023-07-16,Not as Described,119.16
RET-003222,ITEM-00042907,ORD-0012720,2025-01-23,Late Delivery,10.7
RET-003223,ITEM-00015606,ORD-0001099,2022-03-25,Changed Mind,136.04
RET-003224,ITEM-00037892,ORD-0011826,2022-12-03,WrongItem,9.75
RET-003225,ITEM-00047209,ORD-0019103,2022-08-01,Changed Mind,903.1
RET-003226,ITEM-00052439,ORD-0010228,2022-07-13,Not as Described,33.37
RET-003227,ITEM-00069098,ORD-0017926,2022-12-19,Damaged,132.62
RET-003228,ITEM-00030019,ORD-0007478,2023-05-26,Late Delivery,48.36
RET-003229,ITEM-00068932,ORD-0008169,2022-05-21,Damaged,80.24
RET-003230,ITEM-00037803,ORD-0001252,2022-08-21,WrongItem,590.64
RET-003231,ITEM-00058982,ORD-0016081,2023-08-30,Late Delivery,436.22
RET-003232,ITEM-00068190,ORD-0008302,2024-06-28,Not as Described,171.0
RET-003233,ITEM-00035947,ORD-0007023,2022-12-14,Changed Mind,170.08
RET-003234,ITEM-00069909,ORD-0002389,2024-03-30,Changed Mind,912.05
RET-003235,ITEM-00052578,ORD-0021205,2023-09-17,WrongItem,104.0
RET-003236,ITEM-00040111,ORD-0010337,2024-02-07,Not as Described,439.84
RET-003237,ITEM-00051174,ORD-0013267,2024-12-11,WrongItem,21.7
RET-003238,ITEM-00068470,ORD-0022768,2023-11-15,Not as Described,418.18
RET-003239,ITEM-00032207,ORD-0019200,2023-12-14,Damaged,23.48
RET-003240,ITEM-00029745,ORD-0008280,2024-10-12,Changed Mind,64.94
RET-003241,ITEM-00008406,ORD-0023073,2023-05-20,Damaged,629.22
RET-003242,ITEM-00015558,ORD-0009818,2024-07-13,Damaged,778.7
RET-003243,ITEM-00018791,ORD-0019359,2023-10-02,Not as Described,86.04
RET-003244,ITEM-00052786,ORD-0000282,2024-07-10,Late Delivery,721.28
RET-003245,ITEM-00047792,ORD-0003759,2023-06-14,WrongItem,883.96
RET-003246,ITEM-00020926,ORD-0003868,2023-08-02,Not as Described,78.44
RET-003247,ITEM-00006492,ORD-0001746,2022-10-04,Not as Described,522.32
RET-003248,ITEM-00068550,ORD-0022231,2024-05-30,Damaged,326.64
RET-003249,ITEM-00065204,ORD-0000582,2024-03-22,Late Delivery,911.35
RET-003250,ITEM-00010350,ORD-0018382,2022-02-27,Damaged,1011.05
RET-003251,ITEM-00068617,ORD-0002658,2023-03-19,Changed Mind,438.93
RET-003252,ITEM-00007797,ORD-0011959,2024-10-06,Not as Described,446.98
RET-003253,ITEM-00056694,ORD-0005403,2022-05-27,WrongItem,68.68
RET-003254,ITEM-00019454,ORD-0016996,2023-07-26,Changed Mind,367.17
RET-003255,ITEM-00017752,ORD-0004438,2024-06-20,Late Delivery,407.35
RET-003256,ITEM-00029926,ORD-0010345,2022-12-08,Not as Described,425.44
RET-003257,ITEM-00040555,ORD-0007141,2023-03-23,WrongItem,77.94
RET-003258,ITEM-00022460,ORD-0024424,2023-09-22,Damaged,60.05
RET-003259,ITEM-00004652,ORD-0019604,2022-12-26,Damaged,209.75
RET-003260,ITEM-00049009,ORD-0024147,2022-12-30,Changed Mind,855.5
RET-003261,ITEM-00043388,ORD-0002580,2022-05-13,WrongItem,217.44
RET-003262,ITEM-00043407,ORD-0011944,2023-10-25,Late Delivery,232.44
RET-003263,ITEM-00058192,ORD-0001180,2022-04-27,Not as Described,73.03
RET-003264,ITEM-00018587,ORD-0009802,2023-12-24,Changed Mind,67.2
RET-003265,ITEM-00054959,ORD-0008629,2022-07-14,Damaged,952.45
RET-003266,ITEM-00047916,ORD-0023113,2024-07-02,WrongItem,702.16
RET-003267,ITEM-00021456,ORD-0013790,2023-03-18,Not as Described,19.78
RET-003268,ITEM-00056153,ORD-0015436,2024-03-25,Late Delivery,155.82
RET-003269,ITEM-00012486,ORD-0010080,2023-02-10,Not as Described,126.04
RET-003270,ITEM-00028428,ORD-0023704,2022-05-04,Not as Described,226.09
RET-003271,ITEM-00025112,ORD-0004983,2022-06-22,Late Delivery,806.96
RET-003272,ITEM-00045184,ORD-0009520,2022-02-16,Late Delivery,612.85
RET-003273,ITEM-00066480,ORD-0008894,2023-05-14,Late Delivery,76.22
RET-003274,ITEM-00043762,ORD-0000006,2023-09-19,WrongItem,554.88
RET-003275,ITEM-00063152,ORD-0001999,2023-09-01,Damaged,80.61
RET-003276,ITEM-00012246,ORD-0009310,2022-09-16,Changed Mind,1064.3
RET-003277,ITEM-00042122,ORD-0011382,2024-12-17,Late Delivery,281.76
RET-003278,ITEM-00011550,ORD-0015717,2022-08-31,Changed Mind,847.36
RET-003279,ITEM-00014852,ORD-0003682,2022-12-09,WrongItem,164.79
RET-003280,ITEM-00043584,ORD-0023713,2024-03-11,Not as Described,117.84
RET-003281,ITEM-00037662,ORD-0006933,2023-01-18,Damaged,28.68
RET-003282,ITEM-00038061,ORD-0013280,2023-02-22,Changed Mind,719.9
RET-003283,ITEM-00007822,ORD-0022683,2023-10-16,Damaged,350.54
RET-003284,ITEM-00037442,ORD-0017027,2024-06-29,Changed Mind,240.24
RET-003285,ITEM-00067947,ORD-0017553,2024-08-10,Changed Mind,21.96
RET-003286,ITEM-00059192,ORD-0010098,2024-12-31,Late Delivery,434.06
RET-003287,ITEM-00040355,ORD-0020462,2022-08-05,Changed Mind,768.84
RET-003288,ITEM-00025703,ORD-0016447,2024-07-01,Changed Mind,1114.55
RET-003289,ITEM-00036940,ORD-0011866,2024-03-09,Damaged,93.05
RET-003290,ITEM-00049778,ORD-0011090,2022-08-15,Changed Mind,735.39
RET-003291,ITEM-00006527,ORD-0021012,2023-03-11,Not as Described,86.42
RET-003292,ITEM-00049201,ORD-0023692,2024-01-13,Damaged,914.55
RET-003293,ITEM-00005053,ORD-0024511,2024-03-22,WrongItem,248.36
RET-003294,ITEM-00068302,ORD-0017922,2024-04-16,Not as Described,113.32
RET-003295,ITEM-00025706,ORD-0012989,2023-09-08,Damaged,46.12
RET-003296,ITEM-00021756,ORD-0009457,2023-05-03,Damaged,255.14
RET-003297,ITEM-00032505,ORD-0021047,2023-10-06,WrongItem,1146.8
RET-003298,ITEM-00035264,ORD-0018967,2022-09-05,WrongItem,272.56
RET-003299,ITEM-00052344,ORD-0024013,2024-11-30,Late Delivery,280.78
RET-003300,ITEM-00002757,ORD-0015489,2022-03-13,Not as Described,489.4
RET-003301,ITEM-00055515,ORD-0013849,2024-01-22,Damaged,313.4
RET-003302,ITEM-00058031,ORD-0015123,2022-02-15,,44.5
RET-003303,ITEM-00035868,ORD-0005613,2025-01-15,WrongItem,224.19
RET-003304,ITEM-00020285,ORD-0007206,2023-05-08,Late Delivery,561.75
RET-003305,ITEM-00019640,ORD-0024636,2023-11-28,Changed Mind,348.1
RET-003306,ITEM-00012667,ORD-0001760,2022-02-19,WrongItem,190.9
RET-003307,ITEM-00003118,ORD-0010921,2024-02-26,Changed Mind,647.75
RET-003308,ITEM-00048798,ORD-0008190,2022-04-13,WrongItem,368.91
RET-003309,ITEM-00015810,ORD-0012156,2023-03-17,Not as Described,15.49
RET-003310,ITEM-00022646,ORD-0004725,2022-08-27,Late Delivery,25.3
RET-003311,ITEM-00022937,ORD-0022770,2023-09-09,Late Delivery,636.92
RET-003312,ITEM-00035091,ORD-0001731,2022-11-26,Not as Described,296.85
RET-003313,ITEM-00033612,ORD-0009449,2022-01-29,Not as Described,675.84
RET-003314,ITEM-00051564,ORD-0002052,2024-06-10,Not as Described,923.52
RET-003315,ITEM-00061835,ORD-0004722,2023-05-18,Not as Described,775.5
RET-003316,ITEM-00044913,ORD-0024675,2022-08-12,Late Delivery,90.16
RET-003317,ITEM-00038250,ORD-0018277,2023-11-14,Damaged,597.42
RET-003318,ITEM-00036614,ORD-0019724,2023-03-02,Damaged,636.54
RET-003319,ITEM-00063860,ORD-0019356,2024-10-06,WrongItem,958.2
RET-003320,ITEM-00060856,ORD-0016599,2022-09-11,,130.39
RET-003321,ITEM-00066824,ORD-0014610,2022-10-15,Changed Mind,557.82
RET-003322,ITEM-00039610,ORD-0001207,2023-04-12,Late Delivery,873.44
RET-003323,ITEM-00044015,ORD-0011103,2023-04-12,WrongItem,31.05
RET-003324,ITEM-00010384,ORD-0009028,2024-07-31,Changed Mind,167.74
RET-003325,ITEM-00033605,ORD-0008021,2023-10-22,Late Delivery,249.2
RET-003326,ITEM-00008824,ORD-0022476,2022-05-25,WrongItem,845.72
RET-003327,ITEM-00045089,ORD-0002704,2022-06-03,Late Delivery,192.12
RET-003328,ITEM-00025063,ORD-0014429,2024-06-24,Late Delivery,72.12
RET-003329,ITEM-00032061,ORD-0007608,2023-07-11,Not as Described,60.8
RET-003330,ITEM-00034392,ORD-0011520,2022-08-20,WrongItem,682.08
RET-003331,ITEM-00054084,ORD-0009360,2024-09-27,Damaged,177.81
RET-003332,ITEM-00022538,ORD-0014753,2022-06-17,Damaged,48.22
RET-003333,ITEM-00052200,ORD-0011515,2023-03-04,Changed Mind,379.56
RET-003334,ITEM-00052935,ORD-0005249,2022-10-11,Late Delivery,65.55
RET-003335,ITEM-00039722,ORD-0014303,2024-05-07,WrongItem,525.12
RET-003336,ITEM-00020665,ORD-0005231,2023-06-11,Damaged,24.9
RET-003337,ITEM-00066446,ORD-0007872,2022-08-08,WrongItem,233.69
RET-003338,ITEM-00060994,ORD-0013933,2023-07-19,Damaged,247.35
RET-003339,ITEM-00064333,ORD-0020425,2022-03-01,Not as Described,112.72
RET-003340,ITEM-00039210,ORD-0018938,2023-03-11,Late Delivery,710.96
RET-003341,ITEM-00061367,ORD-0006992,2022-09-11,WrongItem,425.85
RET-003342,ITEM-00057383,ORD-0017618,2023-01-07,WrongItem,12.36
RET-003343,ITEM-00011780,ORD-0012401,2024-01-28,WrongItem,257.38
RET-003344,ITEM-00039078,ORD-0007818,2022-05-13,Damaged,66.6
RET-003345,ITEM-00025963,ORD-0000631,2022-04-04,Changed Mind,660.75
RET-003346,ITEM-00019880,ORD-0015397,2024-01-29,Not as Described,84.54
RET-003347,ITEM-00061285,ORD-0003271,2022-10-27,Late Delivery,261.4
RET-003348,ITEM-00008186,ORD-0004298,2022-11-09,Late Delivery,221.19
RET-003349,ITEM-00050141,ORD-0021500,2024-08-27,Not as Described,617.92
RET-003350,ITEM-00051674,ORD-0009752,2024-10-09,Changed Mind,80.46
RET-003351,ITEM-00027760,ORD-0013662,2025-02-03,WrongItem,301.38
RET-003352,ITEM-00028434,ORD-0005669,2022-03-15,WrongItem,458.0
RET-003353,ITEM-00023558,ORD-0014149,2023-08-08,Damaged,108.61
RET-003354,ITEM-00000388,ORD-0017843,2024-07-28,Changed Mind,70.44
RET-003355,ITEM-00004720,ORD-0012892,2024-12-23,Changed Mind,515.36
RET-003356,ITEM-00068602,ORD-0024743,2022-12-30,Changed Mind,204.94
RET-003357,ITEM-00027025,ORD-0015547,2022-12-29,Late Delivery,208.3
RET-003358,ITEM-00022344,ORD-0000372,2024-09-07,Damaged,440.28
RET-003359,ITEM-00020477,ORD-0007940,2023-03-20,Damaged,663.15
RET-003360,ITEM-00044286,ORD-0005211,2022-09-14,Changed Mind,60.95
RET-003361,ITEM-00003142,ORD-0014091,2023-07-08,Not as Described,398.48
RET-003362,ITEM-00066693,ORD-0006587,2022-12-24,Damaged,638.25
RET-003363,ITEM-00008553,ORD-0022768,2024-09-19,Late Delivery,446.74
RET-003364,ITEM-00066019,ORD-0014573,2024-10-24,Not as Described,114.65
RET-003365,ITEM-00020161,ORD-0023290,2024-07-10,Late Delivery,581.67
RET-003366,ITEM-00021160,ORD-0004927,2024-04-03,Not as Described,722.25
RET-003367,ITEM-00043880,ORD-0000340,2024-01-20,Damaged,334.88
RET-003368,ITEM-00047739,ORD-0023724,2022-04-16,WrongItem,279.38
RET-003369,ITEM-00014978,ORD-0014819,2024-11-03,Late Delivery,713.88
RET-003370,ITEM-00065288,ORD-0008416,2024-10-26,Damaged,150.77
RET-003371,ITEM-00049296,ORD-0019065,2023-07-21,Damaged,543.63
RET-003372,ITEM-00022728,ORD-0021199,2023-08-26,Not as Described,19.83
RET-003373,ITEM-00003815,ORD-0021545,2022-03-24,Late Delivery,740.05
RET-003374,ITEM-00017089,ORD-0016001,2024-08-13,Not as Described,210.8
RET-003375,ITEM-00008811,ORD-0016707,2022-06-06,Changed Mind,562.1
RET-003376,ITEM-00066410,ORD-0018987,2022-04-09,Damaged,352.05
RET-003377,ITEM-00042025,ORD-0018708,2022-03-12,Damaged,585.96
RET-003378,ITEM-00031974,ORD-0005383,2024-12-08,WrongItem,618.8
RET-003379,ITEM-00023902,ORD-0005153,2023-02-13,Changed Mind,244.94
RET-003380,ITEM-00023257,ORD-0017256,2022-04-06,Late Delivery,1229.95
RET-003381,ITEM-00031365,ORD-0015194,2023-04-16,Changed Mind,402.27
RET-003382,ITEM-00016522,ORD-0024592,2024-07-12,Changed Mind,561.39
RET-003383,ITEM-00060864,ORD-0011653,2023-10-01,Not as Described,954.4
RET-003384,ITEM-00048713,ORD-0022466,2022-03-15,Changed Mind,491.2
RET-003385,ITEM-00007921,ORD-0024230,2024-06-12,WrongItem,566.44
RET-003386,ITEM-00061191,ORD-0015639,2024-03-08,Not as Described,970.48
RET-003387,ITEM-00005660,ORD-0014379,2022-07-22,Not as Described,957.3
RET-003388,ITEM-00056388,ORD-0024522,2024-02-22,Late Delivery,569.96
RET-003389,ITEM-00008026,ORD-0004644,2023-04-05,Changed Mind,309.22
RET-003390,ITEM-00027091,ORD-0008055,2023-07-13,Not as Described,66.27
RET-003391,ITEM-00046778,ORD-0006240,2023-07-14,WrongItem,658.7
RET-003392,ITEM-00018506,ORD-0014857,2022-11-24,Changed Mind,567.45
RET-003393,ITEM-00006137,ORD-0005562,2023-03-11,Damaged,154.36
RET-003394,ITEM-00033211,ORD-0017995,2022-09-08,Not as Described,814.4
RET-003395,ITEM-00030173,ORD-0015452,2024-01-13,Late Delivery,812.7
RET-003396,ITEM-00032851,ORD-0001522,2023-11-27,Damaged,158.44
RET-003397,ITEM-00043097,ORD-0005341,2022-10-30,Changed Mind,122.58
RET-003398,ITEM-00045325,ORD-0020555,2023-06-08,Damaged,206.13
RET-003399,ITEM-00030953,ORD-0008365,2023-12-25,Not as Described,91.2
RET-003400,ITEM-00053229,ORD-0022023,2022-09-21,Damaged,89.0
RET-003401,ITEM-00042642,ORD-0015505,2024-11-23,Not as Described,431.4
RET-003402,ITEM-00030555,ORD-0018150,2022-09-07,Changed Mind,372.6
RET-003403,ITEM-00052460,ORD-0016259,2023-12-13,Changed Mind,647.2
RET-003404,ITEM-00025681,ORD-0000051,2022-12-04,Late Delivery,363.96
RET-003405,ITEM-00020932,ORD-0003966,2022-05-15,Changed Mind,513.0
RET-003406,ITEM-00037938,ORD-0006419,2022-11-11,Damaged,259.98
RET-003407,ITEM-00057127,ORD-0011288,2022-04-21,Late Delivery,16.28
RET-003408,ITEM-00054201,ORD-0012656,2024-08-31,Damaged,926.08
RET-003409,ITEM-00052841,ORD-0000164,2024-07-17,Not as Described,819.64
RET-003410,ITEM-00039142,ORD-0012615,2022-04-13,Late Delivery,753.04
RET-003411,ITEM-00069276,ORD-0023377,2022-12-31,Late Delivery,165.79
RET-003412,ITEM-00048412,ORD-0011724,2023-04-09,Damaged,358.34
RET-003413,ITEM-00000222,ORD-0024387,2022-09-02,Not as Described,688.75
RET-003414,ITEM-00023484,ORD-0008620,2024-09-14,Late Delivery,61.65
RET-003415,ITEM-00058794,ORD-0016679,2024-08-04,Changed Mind,67.43
RET-003416,ITEM-00046866,ORD-0013511,2022-04-18,Late Delivery,238.92
RET-003417,ITEM-00013192,ORD-0022613,2025-01-22,Not as Described,648.24
RET-003418,ITEM-00005822,ORD-0015652,2025-01-24,Not as Described,378.62
RET-003419,ITEM-00065840,ORD-0002514,2023-06-26,Damaged,695.16
RET-003420,ITEM-00038057,ORD-0003830,2022-05-22,Late Delivery,238.83
RET-003421,ITEM-00016645,ORD-0009464,2022-06-25,WrongItem,1190.5
RET-003422,ITEM-00017983,ORD-0008831,2023-12-05,Changed Mind,444.92
RET-003423,ITEM-00003248,ORD-0023866,2022-05-10,Changed Mind,465.82
RET-003424,ITEM-00038743,ORD-0022885,2024-05-29,,877.64
RET-003425,ITEM-00049438,ORD-0002496,2023-01-21,WrongItem,111.81
RET-003426,ITEM-00061983,ORD-0016874,2023-09-08,WrongItem,183.0
RET-003427,ITEM-00048722,ORD-0012865,2022-12-07,Late Delivery,81.96
RET-003428,ITEM-00011414,ORD-0001951,2022-06-02,WrongItem,102.74
RET-003429,ITEM-00000671,ORD-0000177,2022-04-29,Damaged,240.32
RET-003430,ITEM-00040277,ORD-0019459,2023-08-18,Not as Described,439.8
RET-003431,ITEM-00001444,ORD-0011787,2024-11-04,Damaged,269.84
RET-003432,ITEM-00050652,ORD-0020315,2023-11-16,WrongItem,88.94
RET-003433,ITEM-00024100,ORD-0004035,2024-01-01,Late Delivery,351.44
RET-003434,ITEM-00011081,ORD-0011059,2022-10-23,Changed Mind,641.55
RET-003435,ITEM-00018820,ORD-0006970,2024-01-22,Not as Described,420.48
RET-003436,ITEM-00069319,ORD-0019920,2023-07-01,Changed Mind,233.28
RET-003437,ITEM-00052875,ORD-0004308,2024-05-22,Damaged,235.08
RET-003438,ITEM-00030309,ORD-0006624,2023-07-16,WrongItem,79.71
RET-003439,ITEM-00023690,ORD-0015010,2022-09-17,Damaged,499.2
RET-003440,ITEM-00020712,ORD-0006381,2024-03-27,Late Delivery,555.35
RET-003441,ITEM-00048122,ORD-0002117,2023-01-04,Not as Described,142.45
RET-003442,ITEM-00027123,ORD-0009770,2022-12-10,Not as Described,726.12
RET-003443,ITEM-00069732,ORD-0010300,2023-09-26,Not as Described,177.12
RET-003444,ITEM-00004902,ORD-0015622,2023-08-17,Not as Described,37.48
RET-003445,ITEM-00030533,ORD-0010584,2023-03-21,Late Delivery,124.88
RET-003446,ITEM-00019696,ORD-0015425,2022-02-07,Late Delivery,482.08
RET-003447,ITEM-00024787,ORD-0008149,2022-07-20,Not as Described,175.95
RET-003448,ITEM-00012531,ORD-0019206,2023-03-07,Changed Mind,575.36
RET-003449,ITEM-00034076,ORD-0011791,2023-09-10,Damaged,291.33
RET-003450,ITEM-00036682,ORD-0005468,2022-07-04,Late Delivery,33.15
RET-003451,ITEM-00025072,ORD-0013914,2022-05-20,Damaged,52.5
RET-003452,ITEM-00057308,ORD-0022172,2022-01-12,Late Delivery,312.96
RET-003453,ITEM-00030313,ORD-0010007,2024-11-09,Late Delivery,422.56
RET-003454,ITEM-00005902,ORD-0020623,2023-05-20,Damaged,140.55
RET-003455,ITEM-00014371,ORD-0022813,2024-03-14,Damaged,172.65
RET-003456,ITEM-00057073,ORD-0021659,2022-08-01,Late Delivery,736.28
RET-003457,ITEM-00030164,ORD-0009552,2023-05-04,Late Delivery,63.93
RET-003458,ITEM-00028860,ORD-0002543,2024-05-29,WrongItem,255.06
RET-003459,ITEM-00052247,ORD-0010371,2022-09-12,Late Delivery,359.75
RET-003460,ITEM-00048945,ORD-0007042,2022-05-24,Damaged,208.86
RET-003461,ITEM-00035775,ORD-0017264,2024-06-25,Damaged,658.08
RET-003462,ITEM-00037017,ORD-0004759,2024-05-24,Changed Mind,19.2
RET-003463,ITEM-00049147,ORD-0000205,2023-06-19,Late Delivery,165.52
RET-003464,ITEM-00047652,ORD-0011159,2022-10-30,Late Delivery,363.24
RET-003465,ITEM-00014417,ORD-0002094,2022-08-31,WrongItem,-151.93
RET-003466,ITEM-00021522,ORD-0021076,2024-03-25,Not as Described,881.48
RET-003467,ITEM-00009837,ORD-0021057,2022-07-19,Changed Mind,49.04
RET-003468,ITEM-00040670,ORD-0007830,2024-02-17,Changed Mind,890.45
RET-003469,ITEM-00032708,ORD-0014310,2024-10-14,Late Delivery,268.9
RET-003470,ITEM-00066394,ORD-0011363,2022-07-02,Changed Mind,239.25
RET-003471,ITEM-00037469,ORD-0019589,2024-12-19,Late Delivery,251.1
RET-003472,ITEM-00025533,ORD-0006938,2024-12-19,Damaged,140.8
RET-003473,ITEM-00007215,ORD-0017349,2022-02-26,WrongItem,516.87
RET-003474,ITEM-00057568,ORD-0016591,2022-06-13,Damaged,712.95
RET-003475,ITEM-00069043,ORD-0019525,2022-09-27,Changed Mind,145.71
RET-003476,ITEM-00034367,ORD-0021723,2024-09-01,Damaged,467.76
RET-003477,ITEM-00041698,ORD-0020906,2024-11-02,Damaged,489.2
RET-003478,ITEM-00046097,ORD-0020933,2022-09-30,Changed Mind,436.22
RET-003479,ITEM-00018381,ORD-0013952,2022-06-03,Damaged,262.06
RET-003480,ITEM-00054708,ORD-0004163,2023-11-10,WrongItem,970.04
RET-003481,ITEM-00027297,ORD-0014241,2022-12-26,Damaged,475.28
RET-003482,ITEM-00018668,ORD-0000570,2022-02-22,Damaged,256.76
RET-003483,ITEM-00013505,ORD-0022487,2024-10-26,Late Delivery,245.03
RET-003484,ITEM-00043373,ORD-0010822,2023-09-06,Changed Mind,190.16
RET-003485,ITEM-00048330,ORD-0022539,2022-02-25,Damaged,166.74
RET-003486,ITEM-00037246,ORD-0004526,2024-07-03,Damaged,150.22
RET-003487,ITEM-00021734,ORD-0015375,2022-06-15,WrongItem,458.22
RET-003488,ITEM-00030022,ORD-0005559,2023-04-22,Changed Mind,104.76
RET-003489,ITEM-00030208,ORD-0024873,2023-02-02,Late Delivery,262.8
RET-003490,ITEM-00059699,ORD-0024980,2023-05-31,Not as Described,243.82
RET-003491,ITEM-00052257,ORD-0000876,2024-06-25,Damaged,815.95
RET-003492,ITEM-00059920,ORD-0020217,2024-01-18,Changed Mind,759.55
RET-003493,ITEM-00048454,ORD-0009832,2024-03-06,Damaged,260.15
RET-003494,ITEM-00037619,ORD-0000421,2023-04-25,Damaged,980.55
RET-003495,ITEM-00030564,ORD-0012218,2024-11-12,Not as Described,402.27
RET-003496,ITEM-00002731,ORD-0018164,2024-10-22,Changed Mind,225.88
RET-003497,ITEM-00061921,ORD-0017407,2023-04-13,Damaged,303.9
RET-003498,ITEM-00022475,ORD-0006763,2023-09-20,Not as Described,478.75
RET-003499,ITEM-00062804,ORD-0001679,2023-11-01,Late Delivery,64.67
RET-003500,ITEM-00030769,ORD-0010069,2023-09-26,Not as Described,392.52
RET-003501,ITEM-00043108,ORD-0006232,2024-01-17,Damaged,119.68
RET-003502,ITEM-00033447,ORD-0004100,2024-06-22,WrongItem,680.64
RET-003503,ITEM-00035689,ORD-0006540,2022-06-26,Not as Described,37.8
RET-003504,ITEM-00057291,ORD-0009143,2023-05-13,Damaged,340.17
RET-003505,ITEM-00059080,ORD-0024091,2023-09-27,WrongItem,93.85
RET-003506,ITEM-00035696,ORD-0016528,2024-03-30,Damaged,661.08
RET-003507,ITEM-00011861,ORD-0009727,2024-05-21,WrongItem,100.71
RET-003508,ITEM-00059427,ORD-0016838,2024-06-13,WrongItem,243.8
RET-003509,ITEM-00065326,ORD-0018914,2022-05-17,Changed Mind,249.4
RET-003510,ITEM-00009928,ORD-0001390,2023-12-30,Not as Described,824.4
RET-003511,ITEM-00020265,ORD-0004325,2024-08-27,WrongItem,89.48
RET-003512,ITEM-00022371,ORD-0022517,2022-05-25,WrongItem,159.5
RET-003513,ITEM-00019896,ORD-0010421,2024-08-29,Not as Described,242.54
RET-003514,ITEM-00006427,ORD-0012454,2024-01-19,WrongItem,706.44
RET-003515,ITEM-00041216,ORD-0012035,2022-04-01,Damaged,42.6
RET-003516,ITEM-00003210,ORD-0008478,2024-09-19,WrongItem,598.92
RET-003517,ITEM-00030485,ORD-0019354,2023-02-03,Changed Mind,943.04
RET-003518,ITEM-00005015,ORD-0012591,2022-02-12,WrongItem,306.76
RET-003519,ITEM-00065481,ORD-0018279,2023-09-14,Not as Described,130.18
RET-003520,ITEM-00015925,ORD-0001883,2022-01-30,Late Delivery,207.68
RET-003521,ITEM-00048209,ORD-0000644,2023-12-21,Changed Mind,281.52
RET-003522,ITEM-00027860,ORD-0017087,2024-12-23,Not as Described,560.25
RET-003523,ITEM-00057237,ORD-0001827,2024-01-18,Late Delivery,318.56
RET-003524,ITEM-00059858,ORD-0000766,2022-06-18,Damaged,508.77
RET-003525,ITEM-00002850,ORD-0024962,2023-09-05,WrongItem,8.27
RET-003526,ITEM-00066553,ORD-0011717,2022-11-08,WrongItem,253.6
RET-003527,ITEM-00059170,ORD-0015214,2022-02-05,Changed Mind,818.36
RET-003528,ITEM-00020543,ORD-0007927,2022-08-04,Changed Mind,6.23
RET-003529,ITEM-00006875,ORD-0003428,2024-05-30,WrongItem,120.72
RET-003530,ITEM-00001456,ORD-0008468,2025-01-14,WrongItem,280.14
RET-003531,ITEM-00051255,ORD-0018082,2022-03-06,Not as Described,145.62
RET-003532,ITEM-00045726,ORD-0008922,2022-07-10,Late Delivery,466.48
RET-003533,ITEM-00067695,ORD-0011075,2022-05-16,Damaged,267.46
RET-003534,ITEM-00045858,ORD-0010468,2025-01-08,Changed Mind,410.18
RET-003535,ITEM-00043699,ORD-0021067,2024-07-15,Not as Described,635.67
RET-003536,ITEM-00047498,ORD-0017712,2024-06-11,Not as Described,143.67
RET-003537,ITEM-00060355,ORD-0004576,2022-09-15,Not as Described,102.68
RET-003538,ITEM-00049060,ORD-0017242,2023-10-06,Changed Mind,620.4
RET-003539,ITEM-00042773,ORD-0007164,2022-07-03,Not as Described,128.46
RET-003540,ITEM-00006130,ORD-0016679,2024-06-20,Late Delivery,64.9
RET-003541,ITEM-00011635,ORD-0015452,2022-06-30,Changed Mind,178.08
RET-003542,ITEM-00006626,ORD-0012119,2023-05-15,Changed Mind,489.1
RET-003543,ITEM-00011298,ORD-0001405,2023-02-01,Changed Mind,209.72
RET-003544,ITEM-00046699,ORD-0024190,2023-04-19,WrongItem,333.96
RET-003545,ITEM-00006650,ORD-0017659,2023-03-24,WrongItem,1129.6
RET-003546,ITEM-00011208,ORD-0008844,2022-12-24,Late Delivery,611.65
RET-003547,ITEM-00033594,ORD-0013225,2022-12-24,Damaged,559.8
RET-003548,ITEM-00000035,ORD-0012198,2024-09-19,Damaged,21.33
RET-003549,ITEM-00034958,ORD-0014141,2024-02-04,WrongItem,752.84
RET-003550,ITEM-00060555,ORD-0023038,2022-07-23,WrongItem,128.9
RET-003551,ITEM-00049782,ORD-0012660,2023-10-30,Late Delivery,26.94
RET-003552,ITEM-00053092,ORD-0022702,2022-04-17,Changed Mind,674.24
RET-003553,ITEM-00059064,ORD-0006370,2022-10-26,Damaged,117.08
RET-003554,ITEM-00036065,ORD-0002825,2024-09-15,Not as Described,679.36
RET-003555,ITEM-00024968,ORD-0002550,2022-09-05,Changed Mind,323.12
RET-003556,ITEM-00015494,ORD-0001706,2024-02-20,Damaged,887.45
RET-003557,ITEM-00015348,ORD-0000087,2024-08-25,Changed Mind,486.94
RET-003558,ITEM-00059373,ORD-0006276,2022-06-02,Not as Described,170.12
RET-003559,ITEM-00063443,ORD-0002256,2024-12-26,Changed Mind,147.96
RET-003560,ITEM-00019510,ORD-0002445,2023-07-29,Damaged,67.04
RET-003561,ITEM-00066217,ORD-0006240,2025-01-28,Damaged,571.44
RET-003562,ITEM-00025059,ORD-0017055,2022-05-29,WrongItem,848.65
RET-003563,ITEM-00050353,ORD-0000500,2022-09-25,WrongItem,564.27
RET-003564,ITEM-00040994,ORD-0013601,2024-08-01,Not as Described,72.24
RET-003565,ITEM-00016024,ORD-0012498,2023-01-16,Damaged,267.24
RET-003566,ITEM-00010974,ORD-0000009,2023-09-11,Not as Described,90.88
RET-003567,ITEM-00010424,ORD-0013274,2022-01-29,Not as Described,137.75
RET-003568,ITEM-00061817,ORD-0005977,2024-02-28,Damaged,117.28
RET-003569,ITEM-00051663,ORD-0021036,2024-02-07,Damaged,120.54
RET-003570,ITEM-00041691,ORD-0024296,2023-04-12,Damaged,411.32
RET-003571,ITEM-00025572,ORD-0012605,2023-10-30,Changed Mind,431.44
RET-003572,ITEM-00061378,ORD-0016561,2024-02-11,Changed Mind,104.06
RET-003573,ITEM-00017535,ORD-0017905,2022-02-02,WrongItem,241.08
RET-003574,ITEM-00040726,ORD-0008967,2022-08-23,,937.36
RET-003575,ITEM-00065090,ORD-0014102,2022-06-26,Not as Described,143.34
RET-003576,ITEM-00063013,ORD-0009207,2024-04-22,WrongItem,139.43
RET-003577,ITEM-00016621,ORD-0016863,2024-08-05,Late Delivery,207.06
RET-003578,ITEM-00031524,ORD-0017187,2022-09-26,WrongItem,88.96
RET-003579,ITEM-00064354,ORD-0023023,2022-03-10,Not as Described,619.64
RET-003580,ITEM-00045470,ORD-0001445,2024-12-20,,464.92
RET-003581,ITEM-00050004,ORD-0006600,2022-12-03,Not as Described,1065.45
RET-003582,ITEM-00001567,ORD-0019863,2022-05-13,Not as Described,136.71
RET-003583,ITEM-00050573,ORD-0017653,2024-01-08,WrongItem,678.99
RET-003584,ITEM-00009245,ORD-0008848,2022-04-05,Changed Mind,349.02
RET-003585,ITEM-00011492,ORD-0018910,2022-05-03,Damaged,442.92
RET-003586,ITEM-00000367,ORD-0002169,2023-06-23,Changed Mind,309.96
RET-003587,ITEM-00065557,ORD-0003892,2022-12-01,Late Delivery,11.77
RET-003588,ITEM-00008787,ORD-0007639,2024-07-29,Changed Mind,96.75
RET-003589,ITEM-00060180,ORD-0013499,2023-06-25,Not as Described,178.06
RET-003590,ITEM-00040384,ORD-0017236,2024-01-17,WrongItem,637.08
RET-003591,ITEM-00023836,ORD-0000842,2023-09-18,Not as Described,888.24
RET-003592,ITEM-00035026,ORD-0000875,2024-09-23,WrongItem,350.22
RET-003593,ITEM-00012009,ORD-0023830,2024-06-27,WrongItem,452.92
RET-003594,ITEM-00010494,ORD-0001012,2024-06-19,Damaged,292.12
RET-003595,ITEM-00017637,ORD-0004764,2023-11-26,Not as Described,472.35
RET-003596,ITEM-00008317,ORD-0020454,2024-01-30,Not as Described,422.13
RET-003597,ITEM-00018901,,2022-11-08,Damaged,69.26
RET-003598,ITEM-00044837,ORD-0023520,2023-05-16,Not as Described,401.15
RET-003599,ITEM-00033685,ORD-0018392,2022-04-10,Not as Described,72.57
RET-003600,ITEM-00057622,ORD-0008740,2023-07-24,Changed Mind,429.28
RET-003601,ITEM-00019828,ORD-0016061,2024-05-05,Damaged,48.79
RET-003602,ITEM-00010267,ORD-0021497,2024-02-13,Changed Mind,67.89
RET-003603,ITEM-00000980,ORD-0000422,2023-07-26,Damaged,539.85
RET-003604,ITEM-00015233,ORD-0002759,2024-11-27,Not as Described,417.18
RET-003605,ITEM-00027748,ORD-0002025,2022-11-19,Not as Described,279.75
RET-003606,ITEM-00039320,ORD-0014703,2024-05-29,Damaged,209.96
RET-003607,ITEM-00039990,ORD-0003574,2023-09-06,Changed Mind,282.84
RET-003608,ITEM-00015781,ORD-0015584,2023-03-08,WrongItem,451.2
RET-003609,ITEM-00031506,ORD-0020333,2024-03-24,Not as Described,39.65
RET-003610,ITEM-00041222,ORD-0010893,2022-11-07,Damaged,527.04
RET-003611,ITEM-00040661,ORD-0011532,2023-08-12,Not as Described,327.3
RET-003612,ITEM-00052394,ORD-0011550,2023-12-12,Late Delivery,792.28
RET-003613,ITEM-00017154,ORD-0003156,2024-01-27,Changed Mind,186.9
RET-003614,ITEM-00052704,ORD-0024752,2024-03-09,Late Delivery,964.88
RET-003615,ITEM-00029672,ORD-0012690,2024-08-15,Changed Mind,258.48
RET-003616,ITEM-00057739,ORD-0000047,2022-11-12,WrongItem,213.59
RET-003617,ITEM-00011818,ORD-0010642,2024-11-22,WrongItem,618.36
RET-003618,ITEM-00001706,ORD-0012561,2023-09-08,WrongItem,99.22
RET-003619,ITEM-00053579,ORD-0017268,2022-05-11,Not as Described,388.48
RET-003620,ITEM-00034781,ORD-0021079,2022-03-19,Damaged,35.45
RET-003621,ITEM-00048093,ORD-0000278,2022-02-14,Late Delivery,109.56
RET-003622,ITEM-00039205,ORD-0004494,2022-03-07,WrongItem,58.85
RET-003623,ITEM-00022845,ORD-0008757,2024-03-12,WrongItem,494.22
RET-003624,ITEM-00046021,ORD-0023310,2023-07-19,Changed Mind,859.95
RET-003625,ITEM-00066788,ORD-0011307,2024-02-22,Late Delivery,342.96
RET-003626,ITEM-00065512,ORD-0004026,2022-04-28,Changed Mind,88.89
RET-003627,ITEM-00026858,ORD-0022533,2022-07-22,Damaged,351.92
RET-003628,ITEM-00066326,ORD-0023097,2024-10-31,WrongItem,944.08
RET-003629,ITEM-00033056,ORD-0020398,2024-05-18,,238.78
RET-003630,ITEM-00040667,ORD-0014733,2023-08-06,WrongItem,537.12
RET-003631,ITEM-00023737,ORD-0005522,2023-09-07,Not as Described,390.3
RET-003632,ITEM-00005651,ORD-0001981,2024-01-20,Damaged,907.48
RET-003633,ITEM-00060427,ORD-0003193,2023-03-21,WrongItem,130.23
RET-003634,ITEM-00065502,ORD-0011376,2022-02-26,WrongItem,705.3
RET-003635,ITEM-00034343,ORD-0010231,2023-05-26,Damaged,322.2
RET-003636,ITEM-00029126,ORD-0015430,2023-09-04,Damaged,482.0
RET-003637,ITEM-00006501,ORD-0002097,2023-01-06,Damaged,336.9
RET-003638,ITEM-00067333,ORD-0019973,2024-06-21,Changed Mind,436.55
RET-003639,ITEM-00051365,ORD-0002861,2024-12-15,Changed Mind,104.68
RET-003640,ITEM-00018526,ORD-0024256,2024-04-01,Changed Mind,549.18
RET-003641,ITEM-00003611,ORD-0002372,2023-05-06,Changed Mind,146.45
RET-003642,ITEM-00047993,ORD-0019497,2023-07-28,Changed Mind,37.58
RET-003643,ITEM-00023443,ORD-0021296,2022-02-14,Not as Described,97.07
RET-003644,ITEM-00017452,ORD-0024015,2023-09-06,Damaged,547.12
RET-003645,ITEM-00017663,ORD-0013126,2024-04-24,Late Delivery,132.76
RET-003646,ITEM-00000791,ORD-0024796,2022-11-06,Late Delivery,43.92
RET-003647,ITEM-00032402,ORD-0018437,2023-09-28,Late Delivery,433.65
RET-003648,ITEM-00017085,ORD-0001256,2022-08-28,Late Delivery,550.9
RET-003649,ITEM-00008509,ORD-0017700,2023-05-26,WrongItem,58.14
RET-003650,ITEM-00035085,ORD-0024149,2023-05-29,Late Delivery,216.63
RET-003651,ITEM-00059238,ORD-0005986,2022-05-15,WrongItem,40.11
RET-003652,ITEM-00010132,ORD-0005561,2022-10-14,Late Delivery,185.92
RET-003653,ITEM-00040682,ORD-0021699,2023-09-29,Damaged,955.05
RET-003654,ITEM-00018608,ORD-0013399,2023-02-19,Not as Described,236.72
RET-003655,ITEM-00065805,ORD-0015337,2023-04-16,Damaged,87.03
RET-003656,ITEM-00068378,ORD-0016027,2022-03-16,Changed Mind,214.83
RET-003657,ITEM-00028368,ORD-0021281,2024-10-29,Changed Mind,201.3
RET-003658,ITEM-00056714,ORD-0002640,2024-10-01,Changed Mind,263.86
RET-003659,ITEM-00060305,ORD-0006990,2024-06-23,Not as Described,73.0
RET-003660,ITEM-00030078,ORD-0010564,2024-01-29,Not as Described,550.83
RET-003661,ITEM-00051921,ORD-0007273,2024-11-20,WrongItem,737.91
RET-003662,ITEM-00017270,ORD-0005063,2023-10-30,Late Delivery,204.85
RET-003663,ITEM-00012782,ORD-0020866,2022-10-26,Late Delivery,197.1
RET-003664,ITEM-00043597,ORD-0009025,2023-01-02,Changed Mind,868.7
RET-003665,ITEM-00018186,ORD-0013784,2024-08-18,WrongItem,177.64
RET-003666,ITEM-00005618,ORD-0011256,2023-09-13,Changed Mind,599.25
RET-003667,ITEM-00068418,ORD-0016956,2022-12-01,Damaged,1125.3
RET-003668,ITEM-00010296,ORD-0012556,2022-03-07,Changed Mind,158.6
RET-003669,ITEM-00045467,ORD-0019068,2024-10-07,Damaged,696.88
RET-003670,ITEM-00002254,ORD-0021535,2023-05-10,WrongItem,153.57
RET-003671,ITEM-00006358,ORD-0004610,2024-10-21,Changed Mind,84.3
RET-003672,ITEM-00044775,ORD-0018936,2024-10-17,Not as Described,577.71
RET-003673,ITEM-00042431,ORD-0001049,2023-06-29,Damaged,148.0
RET-003674,ITEM-00000115,ORD-0021295,2022-12-29,Damaged,53.7
RET-003675,ITEM-00008981,ORD-0021466,2023-03-02,Changed Mind,187.08
RET-003676,ITEM-00053507,ORD-0016106,2023-07-19,Late Delivery,205.49
RET-003677,ITEM-00007268,ORD-0015092,2022-09-13,Changed Mind,488.94
RET-003678,ITEM-00063855,ORD-0022500,2024-01-31,Damaged,241.54
RET-003679,ITEM-00033800,ORD-0013292,2024-12-03,Not as Described,305.52
RET-003680,ITEM-00044094,ORD-0012867,2022-06-14,Changed Mind,523.23
RET-003681,ITEM-00062057,ORD-0000680,2022-10-15,Changed Mind,193.85
RET-003682,ITEM-00040588,ORD-0003092,2024-04-21,Damaged,50.54
RET-003683,ITEM-00065694,ORD-0011363,2022-11-28,Not as Described,446.8
RET-003684,ITEM-00041942,ORD-0009944,2024-11-07,Changed Mind,151.5
RET-003685,ITEM-00048397,ORD-0016374,2022-06-28,Not as Described,162.72
RET-003686,ITEM-00069234,ORD-0006737,2022-12-16,WrongItem,263.28
RET-003687,ITEM-00057058,ORD-0021741,2023-07-28,WrongItem,917.55
RET-003688,ITEM-00025296,ORD-0018004,2022-05-22,WrongItem,248.12
RET-003689,ITEM-00032299,ORD-0014918,2022-07-16,WrongItem,223.05
RET-003690,ITEM-00019617,ORD-0015999,2024-11-12,Changed Mind,308.16
RET-003691,ITEM-00062541,ORD-0007053,2024-07-05,Changed Mind,365.25
RET-003692,ITEM-00008056,ORD-0004473,2024-06-14,Late Delivery,499.02
RET-003693,ITEM-00026324,ORD-0011316,2023-04-24,Not as Described,399.28
RET-003694,ITEM-00066274,ORD-0005746,2023-05-23,Late Delivery,431.43
RET-003695,ITEM-00048423,ORD-0011095,2024-04-28,Late Delivery,105.7
RET-003696,ITEM-00020568,ORD-0019864,2023-09-09,Damaged,97.98
RET-003697,ITEM-00048191,ORD-0023159,2023-10-25,Not as Described,213.29
RET-003698,ITEM-00041142,ORD-0007497,2024-11-15,WrongItem,631.68
RET-003699,ITEM-00064114,ORD-0001415,2022-09-08,Changed Mind,782.2
RET-003700,ITEM-00027011,ORD-0023096,2022-08-26,Late Delivery,191.1
RET-003701,ITEM-00064141,ORD-0015184,2023-06-04,Not as Described,984.25
RET-003702,ITEM-00023439,ORD-0019696,2022-08-20,WrongItem,356.07
RET-003703,ITEM-00055524,ORD-0018875,2023-05-09,Changed Mind,24.18
RET-003704,ITEM-00011915,ORD-0010443,2024-05-21,WrongItem,105.96
RET-003705,ITEM-00032764,ORD-0012657,2024-04-26,Changed Mind,526.45
RET-003706,ITEM-00016814,ORD-0020931,2023-10-21,WrongItem,264.76
RET-003707,ITEM-00031115,ORD-0021640,2023-06-25,Late Delivery,990.6
RET-003708,ITEM-00003511,ORD-0018731,2022-10-23,Not as Described,5.52
RET-003709,ITEM-00057459,ORD-0007721,2023-10-20,Late Delivery,233.15
RET-003710,ITEM-00003150,ORD-0001720,2024-08-11,WrongItem,242.36
RET-003711,ITEM-00059082,ORD-0010453,2022-08-09,Late Delivery,23.46
RET-003712,ITEM-00023460,ORD-0015995,2022-10-19,Changed Mind,97.2
RET-003713,ITEM-00047937,ORD-0022374,2022-12-15,WrongItem,204.24
RET-003714,ITEM-00057200,ORD-0008785,2024-08-24,Late Delivery,141.0
RET-003715,ITEM-00056841,ORD-0023512,2024-04-26,WrongItem,733.32
RET-003716,ITEM-00014294,ORD-0009598,2023-03-24,Late Delivery,-105.94
RET-003717,ITEM-00024426,ORD-0010769,2024-01-17,Late Delivery,1150.25
RET-003718,ITEM-00042409,ORD-0008357,2022-11-27,Late Delivery,923.25
RET-003719,ITEM-00068673,ORD-0009157,2024-04-13,Changed Mind,202.14
RET-003720,ITEM-00015822,ORD-0002794,2023-07-08,Changed Mind,959.48
RET-003721,ITEM-00011330,ORD-0023017,2023-07-15,Changed Mind,270.12
RET-003722,ITEM-00038698,ORD-0009581,2022-08-07,Damaged,478.98
RET-003723,ITEM-00015886,ORD-0011533,2023-02-03,Not as Described,303.26
RET-003724,ITEM-00008556,ORD-0011210,2024-11-05,Late Delivery,748.48
RET-003725,ITEM-00041315,ORD-0017985,2023-11-09,WrongItem,371.66
RET-003726,ITEM-00039267,ORD-0015731,2022-05-24,Damaged,132.09
RET-003727,ITEM-00044407,ORD-0003674,2023-08-13,Changed Mind,416.76
RET-003728,ITEM-00051393,ORD-0017976,2022-10-30,Damaged,197.85
RET-003729,ITEM-00006244,ORD-0013679,2024-04-22,Late Delivery,200.67
RET-003730,ITEM-00030383,ORD-0024139,2023-11-16,Damaged,317.32
RET-003731,ITEM-00047907,ORD-0000172,2024-03-29,WrongItem,254.1
RET-003732,ITEM-00061747,ORD-0024677,2023-01-15,Not as Described,275.5
RET-003733,ITEM-00064334,ORD-0024671,2023-07-05,Damaged,739.84
RET-003734,ITEM-00013797,ORD-0020650,2024-06-05,Not as Described,447.92
RET-003735,ITEM-00047665,ORD-0019836,2025-01-28,Late Delivery,171.16
RET-003736,ITEM-00023053,ORD-0007963,2024-01-20,Not as Described,707.4
RET-003737,ITEM-00042114,ORD-0004428,2022-08-06,Changed Mind,117.31
RET-003738,ITEM-00056869,ORD-0015298,2023-12-15,WrongItem,200.96
RET-003739,ITEM-00031222,ORD-0004070,2025-01-27,Not as Described,772.35
RET-003740,ITEM-00050627,ORD-0010901,2024-05-03,Damaged,504.65
RET-003741,ITEM-00054135,ORD-0017669,2022-04-28,WrongItem,462.52
RET-003742,ITEM-00022660,ORD-0017772,2023-02-24,Damaged,702.45
RET-003743,ITEM-00064283,ORD-0016257,2022-11-20,Changed Mind,366.92
RET-003744,ITEM-00016022,ORD-0006459,2024-05-09,Changed Mind,1052.15
RET-003745,ITEM-00016696,ORD-0000313,2022-06-14,Late Delivery,668.34
RET-003746,ITEM-00000067,ORD-0003274,2023-01-23,WrongItem,80.06
RET-003747,ITEM-00005207,ORD-0011303,2024-02-24,Damaged,132.26
RET-003748,ITEM-00062608,ORD-0014942,2024-01-01,Changed Mind,472.75
RET-003749,ITEM-00051440,ORD-0019120,2023-12-21,Changed Mind,134.8
RET-003750,ITEM-00022278,ORD-0017862,2022-07-15,Late Delivery,835.9
RET-003751,ITEM-00048865,ORD-0021576,2024-11-26,Changed Mind,397.7
RET-003752,ITEM-00020222,ORD-0017337,2022-08-05,Changed Mind,588.4
RET-003753,ITEM-00007183,ORD-0022836,2024-03-28,Late Delivery,62.11
RET-003754,ITEM-00020400,ORD-0005129,2024-07-04,Late Delivery,355.83
RET-003755,ITEM-00061965,ORD-0016187,2022-03-14,WrongItem,225.97
RET-003756,ITEM-00009883,ORD-0016543,2023-11-04,Changed Mind,115.97
RET-003757,ITEM-00024882,ORD-0022057,2023-09-26,Damaged,412.44
RET-003758,ITEM-00016775,ORD-0023442,2024-08-09,Not as Described,723.18
RET-003759,ITEM-00035074,ORD-0014629,2024-04-28,Damaged,70.8
RET-003760,ITEM-00051765,ORD-0015886,2023-10-19,Changed Mind,781.3
RET-003761,ITEM-00009195,ORD-0024426,2024-02-29,Changed Mind,986.28
RET-003762,ITEM-00040193,ORD-0008880,2023-02-26,Late Delivery,129.3
RET-003763,ITEM-00017350,ORD-0017509,2024-07-17,WrongItem,301.24
RET-003764,ITEM-00045065,ORD-0011779,2022-06-14,WrongItem,375.2
RET-003765,ITEM-00043665,ORD-0005765,2024-08-05,Damaged,778.75
RET-003766,ITEM-00018455,ORD-0007927,2022-06-26,Changed Mind,688.6
RET-003767,ITEM-00002693,ORD-0011743,2023-07-20,,184.92
RET-003768,ITEM-00036544,ORD-0002825,2024-07-01,Late Delivery,660.36
RET-003769,ITEM-00038376,ORD-0009420,2023-06-16,Late Delivery,644.28
RET-003770,ITEM-00011741,ORD-0016605,2022-07-26,WrongItem,475.16
RET-003771,ITEM-00004731,ORD-0020749,2023-03-15,Damaged,65.84
RET-003772,ITEM-00013801,ORD-0019948,2024-04-10,Changed Mind,158.89
RET-003773,ITEM-00017611,ORD-0010555,2024-07-05,Changed Mind,328.71
RET-003774,ITEM-00029268,ORD-0000024,2023-04-05,Not as Described,761.4
RET-003775,ITEM-00020097,ORD-0018513,2023-03-27,Late Delivery,815.7
RET-003776,ITEM-00064413,ORD-0007849,2023-07-26,WrongItem,25.36
RET-003777,ITEM-00068740,ORD-0013935,2024-10-06,Damaged,106.02
RET-003778,ITEM-00027510,ORD-0022821,2022-05-06,Late Delivery,80.28
RET-003779,ITEM-00064899,ORD-0021028,2024-04-05,Changed Mind,818.5
RET-003780,ITEM-00007211,ORD-0000204,2025-01-19,WrongItem,426.63
RET-003781,ITEM-00048943,ORD-0006476,2023-03-13,Changed Mind,205.69
RET-003782,ITEM-00009125,ORD-0007140,2024-06-20,WrongItem,110.24
RET-003783,ITEM-00000599,ORD-0010061,2024-12-28,Not as Described,479.3
RET-003784,ITEM-00043902,ORD-0011813,2023-10-14,Not as Described,119.28
RET-003785,ITEM-00015667,ORD-0013547,2022-12-20,Damaged,193.19
RET-003786,ITEM-00061543,ORD-0007225,2023-02-13,WrongItem,93.05
RET-003787,ITEM-00067008,ORD-0020062,2023-02-06,WrongItem,62.5
RET-003788,ITEM-00059679,ORD-0008111,2022-08-02,WrongItem,381.76
RET-003789,ITEM-00060585,ORD-0000355,2022-06-30,Damaged,836.76
RET-003790,ITEM-00048646,ORD-0009370,2022-04-21,Late Delivery,24.39
RET-003791,ITEM-00058742,ORD-0006992,2024-09-05,WrongItem,109.14
RET-003792,ITEM-00036694,ORD-0022504,2022-03-25,Changed Mind,253.9
RET-003793,ITEM-00062126,ORD-0023051,2024-02-11,Not as Described,432.96
RET-003794,ITEM-00053201,ORD-0014962,2024-03-02,Not as Described,123.87
RET-003795,ITEM-00013817,ORD-0007571,2024-01-29,Not as Described,1191.85
RET-003796,ITEM-00022618,ORD-0024266,2022-02-22,Damaged,746.13
RET-003797,ITEM-00006541,ORD-0023958,2023-03-25,Late Delivery,176.04
RET-003798,ITEM-00041563,ORD-0020475,2023-08-29,Late Delivery,233.0
RET-003799,ITEM-00002064,ORD-0024817,2023-05-02,,615.56
RET-003800,ITEM-00020569,ORD-0019227,2022-05-10,Not as Described,601.4
RET-003801,ITEM-00023627,ORD-0011308,2024-08-31,WrongItem,464.08
RET-003802,ITEM-00003870,ORD-0006662,2022-05-22,WrongItem,560.04
RET-003803,ITEM-00060936,ORD-0005547,2023-08-16,Changed Mind,112.29
RET-003804,ITEM-00000910,ORD-0014854,2022-03-25,Late Delivery,1150.15
RET-003805,ITEM-00029731,ORD-0003168,2023-10-23,Not as Described,41.85
RET-003806,ITEM-00067479,ORD-0023155,2022-05-23,WrongItem,465.28
RET-003807,ITEM-00012909,ORD-0013949,2022-02-19,Not as Described,231.47
RET-003808,ITEM-00061219,ORD-0006522,2022-06-28,Not as Described,1169.75
RET-003809,ITEM-00063219,ORD-0006915,2024-12-28,Not as Described,347.28
RET-003810,ITEM-00006099,ORD-0024513,2024-05-08,Not as Described,1195.05
RET-003811,ITEM-00042831,ORD-0011553,2023-02-18,Damaged,167.94
RET-003812,ITEM-00044821,ORD-0011396,2024-08-22,Damaged,144.08
RET-003813,ITEM-00064506,ORD-0020467,2023-03-14,Changed Mind,511.0
RET-003814,ITEM-00039224,ORD-0020892,2024-09-04,Not as Described,216.16
RET-003815,ITEM-00004773,ORD-0012812,2024-08-19,WrongItem,156.09
RET-003816,ITEM-00047471,ORD-0006447,2023-04-16,WrongItem,185.0
RET-003817,ITEM-00035586,ORD-0006910,2022-12-30,Late Delivery,703.92
RET-003818,ITEM-00050975,ORD-0000927,2024-09-02,Damaged,176.02
RET-003819,ITEM-00038840,ORD-0010365,2024-09-28,Late Delivery,217.65
RET-003820,ITEM-00045435,ORD-0016495,2023-09-15,Damaged,194.49
RET-003821,ITEM-00005499,ORD-0017017,2024-05-31,Changed Mind,77.04
RET-003822,ITEM-00026904,ORD-0018548,2025-01-12,Damaged,608.52
RET-003823,ITEM-00018215,ORD-0000051,2023-06-29,Damaged,845.4
RET-003824,ITEM-00005025,ORD-0004011,2022-09-16,Not as Described,149.46
RET-003825,ITEM-00039876,ORD-0017878,2023-06-10,Changed Mind,239.24
RET-003826,ITEM-00025166,ORD-0000804,2022-07-20,WrongItem,453.36
RET-003827,ITEM-00060172,ORD-0005796,2022-05-21,Changed Mind,236.64
RET-003828,ITEM-00040047,ORD-0003095,2023-08-13,Changed Mind,609.9
RET-003829,ITEM-00012543,ORD-0009535,2024-08-02,Late Delivery,203.01
RET-003830,ITEM-00041773,ORD-0016084,2022-12-26,Damaged,212.32
RET-003831,ITEM-00061812,ORD-0022256,2022-10-04,Not as Described,138.66
RET-003832,ITEM-00041366,ORD-0013736,2023-03-07,Late Delivery,236.6
RET-003833,ITEM-00015491,ORD-0020813,2024-10-23,Late Delivery,753.4
RET-003834,ITEM-00033365,ORD-0007990,2023-05-03,Late Delivery,24.4
RET-003835,ITEM-00000118,ORD-0011405,2024-10-02,Damaged,92.75
RET-003836,ITEM-00042491,ORD-0018988,2024-09-30,Not as Described,493.7
RET-003837,ITEM-00028939,ORD-0009682,2025-01-03,Damaged,287.4
RET-003838,ITEM-00036704,ORD-0007004,2024-08-12,Late Delivery,975.08
RET-003839,ITEM-00029047,ORD-0005158,2022-08-14,Late Delivery,120.53
RET-003840,ITEM-00014388,ORD-0016260,2024-05-07,Damaged,526.83
RET-003841,ITEM-00056653,ORD-0006159,2022-02-19,Not as Described,1166.15
RET-003842,ITEM-00018235,ORD-0019897,2023-09-27,WrongItem,125.67
RET-003843,ITEM-00004837,ORD-0003781,2023-08-13,Changed Mind,220.26
RET-003844,ITEM-00018452,ORD-0001204,2024-03-13,WrongItem,565.83
RET-003845,ITEM-00036865,ORD-0016565,2022-09-29,Late Delivery,23.8
RET-003846,ITEM-00034508,ORD-0023792,2022-03-21,Not as Described,291.92
RET-003847,ITEM-00003728,ORD-0013441,2023-01-04,WrongItem,193.44
RET-003848,ITEM-00011467,ORD-0018633,2024-04-11,Damaged,725.24
RET-003849,ITEM-00016211,ORD-0011905,2024-11-18,Damaged,880.88
RET-003850,ITEM-00061956,ORD-0004738,2022-01-29,Damaged,56.67
RET-003851,ITEM-00045612,ORD-0003475,2023-07-13,Not as Described,87.1
RET-003852,ITEM-00020211,ORD-0017020,2022-11-26,Damaged,268.92
RET-003853,ITEM-00013712,ORD-0017346,2022-11-17,Changed Mind,180.76
RET-003854,ITEM-00001709,ORD-0018907,2024-06-11,Not as Described,137.17
RET-003855,ITEM-00008564,ORD-0008270,2024-06-10,WrongItem,697.35
RET-003856,ITEM-00021880,ORD-0004893,2024-09-21,Changed Mind,394.32
RET-003857,ITEM-00048535,ORD-0019034,2023-03-14,Changed Mind,299.65
RET-003858,ITEM-00069431,ORD-0014042,2025-01-12,Late Delivery,1176.7
RET-003859,ITEM-00054390,ORD-0021550,2023-04-14,Not as Described,202.88
RET-003860,ITEM-00039558,ORD-0013335,2024-01-26,Changed Mind,272.94
RET-003861,ITEM-00010300,ORD-0011491,2022-06-27,Changed Mind,200.01
RET-003862,ITEM-00029272,ORD-0011699,2023-08-11,Not as Described,486.24
RET-003863,ITEM-00014455,ORD-0015101,2023-04-12,Damaged,148.29
RET-003864,ITEM-00038747,ORD-0019293,2024-10-03,WrongItem,391.4
RET-003865,ITEM-00042339,ORD-0020349,2023-08-09,Damaged,331.56
RET-003866,ITEM-00041392,ORD-0005216,2022-09-27,Late Delivery,16.28
RET-003867,ITEM-00065763,ORD-0010197,2023-03-27,,246.24
RET-003868,ITEM-00042344,ORD-0013949,2022-07-15,Changed Mind,275.13
RET-003869,ITEM-00058561,ORD-0017387,2023-11-13,Changed Mind,5.08
RET-003870,ITEM-00017660,ORD-0014255,2023-01-02,Late Delivery,861.48
RET-003871,ITEM-00049744,ORD-0010933,2024-09-14,Changed Mind,694.38
RET-003872,ITEM-00036170,ORD-0019337,2022-05-12,Late Delivery,362.7
RET-003873,ITEM-00061751,ORD-0020097,2024-04-10,Not as Described,128.4
RET-003874,ITEM-00048525,ORD-0001710,2025-01-12,Damaged,136.28
RET-003875,ITEM-00069376,ORD-0010168,2022-04-01,Changed Mind,147.04
RET-003876,ITEM-00030322,ORD-0009655,2022-04-19,Changed Mind,437.25
RET-003877,ITEM-00060338,ORD-0021097,2023-12-12,Not as Described,473.76
RET-003878,ITEM-00038097,ORD-0009773,2023-02-07,Changed Mind,282.1
RET-003879,ITEM-00058245,ORD-0012665,2023-10-05,Changed Mind,258.66
RET-003880,ITEM-00023601,ORD-0024545,2024-02-24,Late Delivery,737.7
RET-003881,ITEM-00010647,ORD-0010669,2023-03-25,Damaged,518.44
RET-003882,ITEM-00008837,ORD-0021100,2023-02-20,Damaged,771.95
RET-003883,ITEM-00046279,ORD-0022740,2023-07-08,Late Delivery,21.78
RET-003884,ITEM-00063416,ORD-0023949,2024-03-16,Not as Described,342.15
RET-003885,ITEM-00043529,ORD-0012077,2024-12-01,Changed Mind,1082.35
RET-003886,ITEM-00018368,ORD-0009544,2024-06-01,Changed Mind,457.14
RET-003887,ITEM-00055345,ORD-0009215,2024-02-11,Late Delivery,703.41
RET-003888,ITEM-00032676,ORD-0001318,2024-05-31,Late Delivery,37.65
RET-003889,ITEM-00057399,ORD-0021554,2022-05-05,Late Delivery,383.96
RET-003890,ITEM-00039949,ORD-0015468,2022-10-24,WrongItem,238.11
RET-003891,ITEM-00038503,ORD-0001911,2022-08-01,Damaged,820.68
RET-003892,ITEM-00057571,ORD-0003571,2022-04-06,Changed Mind,34.62
RET-003893,ITEM-00038242,ORD-0011438,2022-05-23,Late Delivery,489.54
RET-003894,ITEM-00012671,ORD-0000494,2022-04-23,WrongItem,203.64
RET-003895,ITEM-00029615,ORD-0018354,2022-06-04,Late Delivery,27.72
RET-003896,ITEM-00019320,ORD-0024407,2022-12-01,Not as Described,254.9
RET-003897,ITEM-00054370,ORD-0006709,2024-12-08,Damaged,227.54
RET-003898,ITEM-00066253,ORD-0014299,2024-01-24,Damaged,217.8
RET-003899,ITEM-00055444,ORD-0005695,2022-06-11,Not as Described,40.78
RET-003900,ITEM-00040012,ORD-0024902,2023-08-21,Not as Described,941.0
RET-003901,ITEM-00042211,ORD-0015208,2022-03-02,Not as Described,192.86
RET-003902,ITEM-00004370,ORD-0005401,2024-03-10,Late Delivery,135.74
RET-003903,ITEM-00001558,ORD-0009419,2024-02-22,Damaged,395.76
RET-003904,ITEM-00035393,ORD-0011177,2022-08-30,Late Delivery,341.72
RET-003905,ITEM-00049471,ORD-0014981,2024-12-23,Not as Described,681.3
RET-003906,ITEM-00001657,ORD-0005446,2023-06-01,Not as Described,806.0
RET-003907,ITEM-00017540,ORD-0012420,2022-11-06,Damaged,97.34
RET-003908,ITEM-00010648,ORD-0003879,2023-12-21,Late Delivery,385.0
RET-003909,ITEM-00036521,ORD-0006054,2023-12-14,Damaged,56.88
RET-003910,ITEM-00013422,ORD-0005866,2024-07-02,Changed Mind,478.72
RET-003911,ITEM-00021678,ORD-0000272,2024-09-27,Not as Described,1211.6
RET-003912,ITEM-00036289,ORD-0011183,2023-02-20,Not as Described,305.66
RET-003913,ITEM-00005608,ORD-0004099,2023-05-07,Changed Mind,91.32
RET-003914,ITEM-00040209,ORD-0007654,2022-01-25,Late Delivery,1032.4
RET-003915,ITEM-00059094,ORD-0011669,2022-06-10,Damaged,193.13
RET-003916,ITEM-00052796,ORD-0024809,2022-10-19,Late Delivery,188.53
RET-003917,ITEM-00033425,ORD-0011984,2024-07-14,WrongItem,696.87
RET-003918,ITEM-00019167,ORD-0010802,2023-01-19,WrongItem,-588.52
RET-003919,ITEM-00031966,ORD-0023429,2023-02-01,WrongItem,138.2
RET-003920,ITEM-00008616,ORD-0012329,2023-02-07,Late Delivery,445.06
RET-003921,ITEM-00018454,ORD-0017168,2022-05-04,Late Delivery,218.34
RET-003922,ITEM-00004690,ORD-0009534,2022-10-10,Late Delivery,659.49
RET-003923,ITEM-00037925,ORD-0017702,2024-05-10,Late Delivery,109.67
RET-003924,ITEM-00016642,ORD-0015016,2023-12-17,Changed Mind,669.96
RET-003925,ITEM-00013691,ORD-0009149,2023-08-25,,126.48
RET-003926,ITEM-00005032,ORD-0019854,2022-05-20,Changed Mind,68.04
RET-003927,ITEM-00020478,ORD-0017764,2023-04-04,Changed Mind,654.95
RET-003928,ITEM-00055029,ORD-0010278,2024-10-12,Damaged,174.88
RET-003929,ITEM-00059955,ORD-0009511,2024-06-14,Late Delivery,188.7
RET-003930,ITEM-00036568,ORD-0003681,2023-06-23,Changed Mind,393.66
RET-003931,ITEM-00005351,ORD-0023327,2022-12-12,WrongItem,134.67
RET-003932,ITEM-00021937,ORD-0009346,2024-08-05,Damaged,438.99
RET-003933,ITEM-00059965,ORD-0013412,2022-06-25,Not as Described,222.15
RET-003934,ITEM-00059447,ORD-0003637,2024-04-08,Changed Mind,402.04
RET-003935,ITEM-00022742,ORD-0001834,2023-02-19,WrongItem,431.82
RET-003936,ITEM-00008625,ORD-0000410,2025-01-01,Late Delivery,488.5
RET-003937,ITEM-00019215,ORD-0010043,2023-01-27,Not as Described,15.4
RET-003938,ITEM-00066255,ORD-0004201,2024-02-05,WrongItem,531.06
RET-003939,ITEM-00002308,ORD-0004900,2023-04-05,Changed Mind,162.9
RET-003940,ITEM-00044229,ORD-0018107,2022-05-16,Changed Mind,277.64
RET-003941,ITEM-00032220,ORD-0022266,2024-06-18,WrongItem,1014.8
RET-003942,ITEM-00002877,ORD-0015435,2022-05-03,Damaged,86.91
RET-003943,ITEM-00023457,ORD-0021380,2022-03-14,Not as Described,132.52
RET-003944,ITEM-00047264,ORD-0005506,2023-10-13,Changed Mind,60.15
RET-003945,ITEM-00030253,ORD-0011306,2023-02-03,Changed Mind,133.44
RET-003946,ITEM-00057156,ORD-0018711,2022-02-21,WrongItem,965.0
RET-003947,ITEM-00048559,ORD-0006685,2022-02-12,Changed Mind,588.2
RET-003948,ITEM-00058889,ORD-0020473,2022-08-29,Not as Described,497.19
RET-003949,ITEM-00041833,ORD-0003610,2022-12-10,Changed Mind,381.45
RET-003950,ITEM-00019387,ORD-0003294,2024-11-12,Not as Described,330.9
RET-003951,ITEM-00016200,ORD-0018996,2022-08-29,Changed Mind,204.94
RET-003952,ITEM-00034120,ORD-0010963,2022-01-27,Changed Mind,408.09
RET-003953,ITEM-00023963,ORD-0023921,2024-09-06,Not as Described,183.14
RET-003954,ITEM-00014760,ORD-0004014,2022-02-26,Not as Described,951.48
RET-003955,ITEM-00067643,ORD-0006317,2023-07-09,WrongItem,576.1
RET-003956,ITEM-00022843,ORD-0015888,2023-05-11,Late Delivery,264.2
RET-003957,ITEM-00013196,ORD-0006138,2022-05-22,Damaged,81.14
RET-003958,ITEM-00021335,ORD-0001397,2022-02-19,Changed Mind,420.32
RET-003959,ITEM-00040551,ORD-0021010,2024-01-19,Late Delivery,138.15
RET-003960,ITEM-00006341,ORD-0019629,2022-06-29,Changed Mind,216.25
RET-003961,ITEM-00005079,ORD-0000091,2024-01-07,Late Delivery,451.58
RET-003962,ITEM-00036165,ORD-0013399,2022-11-27,Not as Described,127.99
RET-003963,ITEM-00020154,ORD-0019134,2023-02-28,WrongItem,88.62
RET-003964,ITEM-00042041,ORD-0014664,2023-05-16,Changed Mind,672.15
RET-003965,ITEM-00049583,ORD-0020673,2022-08-09,Changed Mind,437.25
RET-003966,ITEM-00022905,ORD-0015687,2022-04-02,Changed Mind,571.95
RET-003967,ITEM-00024966,ORD-0002221,2023-02-05,Changed Mind,137.46
RET-003968,ITEM-00009084,ORD-0001199,2023-03-23,Damaged,26.96
RET-003969,ITEM-00053797,ORD-0012439,2024-11-13,Not as Described,43.33
RET-003970,ITEM-00006150,ORD-0004448,2024-08-20,Late Delivery,60.2
RET-003971,ITEM-00023329,ORD-0003787,2024-02-16,Late Delivery,175.66
RET-003972,ITEM-00026348,ORD-0007136,2023-09-22,Changed Mind,127.2
RET-003973,ITEM-00040521,ORD-0016924,2023-12-02,Not as Described,625.71
RET-003974,ITEM-00011918,ORD-0011803,2024-09-21,Late Delivery,818.68
RET-003975,ITEM-00054754,ORD-0001389,2024-05-20,Not as Described,444.75
RET-003976,ITEM-00019192,ORD-0020073,2023-01-12,WrongItem,810.7
RET-003977,ITEM-00066754,ORD-0006426,2024-11-04,Not as Described,677.88
RET-003978,ITEM-00027527,ORD-0016508,2022-07-19,Changed Mind,1039.6
RET-003979,ITEM-00006333,ORD-0011172,2024-02-05,Late Delivery,427.05
RET-003980,ITEM-00030293,ORD-0007562,2023-11-27,Late Delivery,908.2
RET-003981,ITEM-00064135,ORD-0012039,2023-06-01,Not as Described,49.69
RET-003982,ITEM-00034647,ORD-0003081,2023-07-26,Not as Described,1062.8
RET-003983,ITEM-00033629,ORD-0023803,2024-11-05,Not as Described,230.2
RET-003984,ITEM-00066841,ORD-0018341,2022-01-28,Changed Mind,69.65
RET-003985,ITEM-00006994,ORD-0018834,2023-12-17,WrongItem,987.56
RET-003986,ITEM-00032223,ORD-0003279,2024-05-15,Changed Mind,22.8
RET-003987,ITEM-00036498,ORD-0017886,2024-10-11,WrongItem,34.88
RET-003988,ITEM-00052160,ORD-0014579,2022-04-01,Changed Mind,685.23
RET-003989,ITEM-00026472,ORD-0013365,2022-10-02,Not as Described,252.75
RET-003990,ITEM-00011608,ORD-0015971,2022-11-11,Changed Mind,1214.2
RET-003991,ITEM-00041738,ORD-0000595,2025-01-27,WrongItem,773.12
RET-003992,ITEM-00042581,ORD-0014220,2024-02-05,Changed Mind,148.72
RET-003993,ITEM-00031997,ORD-0002431,2022-04-14,Late Delivery,-57.92
RET-003994,ITEM-00014244,ORD-0008916,2024-04-24,Damaged,86.06
RET-003995,ITEM-00040664,ORD-0007318,2022-12-11,Not as Described,153.83
RET-003996,ITEM-00011101,ORD-0002206,2022-04-24,Late Delivery,372.03
RET-003997,ITEM-00046436,ORD-0017476,2023-10-09,Late Delivery,932.85
RET-003998,ITEM-00013976,ORD-0006679,2024-08-07,Late Delivery,259.04
RET-003999,ITEM-00010154,ORD-0003483,2022-11-06,Damaged,106.53
RET-004000,ITEM-00028510,ORD-0004248,2022-07-04,Changed Mind,195.19
RET-004001,ITEM-00069149,ORD-0006949,2023-05-21,Not as Described,451.8
RET-004002,ITEM-00010950,ORD-0006216,2024-04-14,Changed Mind,90.29
RET-004003,ITEM-00020622,ORD-0016754,2022-04-01,Late Delivery,204.65
RET-004004,ITEM-00030070,ORD-0022966,2024-06-13,Late Delivery,319.45
RET-004005,ITEM-00042089,ORD-0012019,2023-10-14,Late Delivery,844.8
RET-004006,ITEM-00059079,ORD-0021065,2025-01-01,Not as Described,455.4
RET-004007,ITEM-00051289,ORD-0011808,2024-04-15,WrongItem,238.98
RET-004008,ITEM-00009971,ORD-0002623,2022-10-22,Not as Described,568.4
RET-004009,ITEM-00067289,ORD-0014111,2023-05-10,Damaged,462.85
RET-004010,ITEM-00028998,ORD-0001707,2023-05-11,Damaged,347.5
RET-004011,ITEM-00009343,ORD-0001305,2023-10-12,Damaged,471.92
RET-004012,ITEM-00015633,ORD-0017117,2023-11-09,Not as Described,421.08
RET-004013,ITEM-00061789,ORD-0005062,2023-01-08,Damaged,723.75
RET-004014,ITEM-00041166,ORD-0012515,2022-02-18,Damaged,170.7
RET-004015,ITEM-00059062,ORD-0019508,2022-09-27,Damaged,950.4
RET-004016,ITEM-00024892,ORD-0021127,2022-02-14,Not as Described,924.28
RET-004017,ITEM-00002732,ORD-0013333,2024-08-09,Changed Mind,135.34
RET-004018,ITEM-00048531,ORD-0004561,2022-09-11,Not as Described,802.6
RET-004019,ITEM-00065314,ORD-0015598,2023-12-21,Changed Mind,194.49
RET-004020,ITEM-00010222,ORD-0000293,2023-03-18,Damaged,103.38
RET-004021,ITEM-00027592,ORD-0018994,2023-03-02,Late Delivery,184.79
RET-004022,ITEM-00007687,ORD-0021468,2022-06-11,WrongItem,18.5
RET-004023,ITEM-00031827,ORD-0021672,2023-08-15,Damaged,575.36
RET-004024,ITEM-00014816,ORD-0002582,2023-07-23,Not as Described,60.15
RET-004025,ITEM-00045707,ORD-0011397,2023-11-05,WrongItem,555.2
RET-004026,ITEM-00068228,ORD-0001257,2025-03-21,Not as Described,502.36
RET-004027,ITEM-00046245,ORD-0016609,2022-02-22,Not as Described,842.7
RET-004028,ITEM-00023472,ORD-0014799,2024-09-01,WrongItem,801.64
RET-004029,ITEM-00017674,ORD-0013461,2024-10-31,Not as Described,180.87
RET-004030,ITEM-00026172,ORD-0005177,2022-10-13,Changed Mind,128.59
RET-004031,ITEM-00025550,ORD-0010983,2023-02-08,Damaged,454.12
RET-004032,ITEM-00061580,ORD-0008530,2023-10-28,Late Delivery,230.76
RET-004033,ITEM-00058512,ORD-0011569,2023-02-01,Changed Mind,400.68
RET-004034,ITEM-00015989,ORD-0012924,2022-09-03,Not as Described,154.02
RET-004035,ITEM-00043121,ORD-0022388,2023-11-10,Late Delivery,286.82
RET-004036,ITEM-00032794,ORD-0011719,2023-03-17,Changed Mind,274.4
RET-004037,ITEM-00036799,ORD-0022151,2024-04-02,WrongItem,192.28
RET-004038,ITEM-00064864,ORD-0011263,2022-08-06,Late Delivery,376.56
RET-004039,ITEM-00015273,ORD-0000968,2024-01-13,Changed Mind,642.32
RET-004040,ITEM-00069941,ORD-0010299,2022-06-19,Not as Described,85.75
RET-004041,ITEM-00068232,ORD-0006317,2024-10-15,Changed Mind,1133.95
RET-004042,ITEM-00013206,ORD-0015803,2024-06-12,WrongItem,29.44
RET-004043,ITEM-00020204,ORD-0011032,2024-12-27,Changed Mind,311.3
RET-004044,ITEM-00042857,ORD-0006817,2024-12-06,Changed Mind,309.68
RET-004045,ITEM-00025454,ORD-0002141,2022-05-29,Not as Described,41.21
RET-004046,ITEM-00066731,ORD-0002133,2024-02-15,Changed Mind,847.16
RET-004047,ITEM-00030199,ORD-0008446,2023-11-27,WrongItem,101.57
RET-004048,ITEM-00010783,ORD-0002076,2023-09-11,WrongItem,26.36
RET-004049,ITEM-00048696,ORD-0000535,2023-02-24,Damaged,367.32
RET-004050,ITEM-00024247,ORD-0008691,2023-07-26,WrongItem,581.16
RET-004051,ITEM-00041760,ORD-0017436,2023-10-19,Damaged,213.75
RET-004052,ITEM-00029743,ORD-0022190,2023-10-12,WrongItem,110.86
RET-004053,ITEM-00037056,ORD-0013477,2024-06-27,Damaged,20.27
RET-004054,ITEM-00002365,ORD-0013555,2023-09-05,Damaged,137.58
RET-004055,ITEM-00041164,ORD-0019811,2024-12-05,WrongItem,773.16
RET-004056,ITEM-00030601,ORD-0018009,2023-03-04,WrongItem,438.92
RET-004057,ITEM-00066293,ORD-0022706,2023-06-30,Not as Described,784.25
RET-004058,ITEM-00000979,ORD-0011584,2022-07-30,Late Delivery,627.4
RET-004059,ITEM-00052467,ORD-0012819,2024-08-05,Changed Mind,234.33
RET-004060,ITEM-00060558,ORD-0020977,2022-06-21,Damaged,298.64
RET-004061,ITEM-00021471,ORD-0005934,2025-01-19,WrongItem,487.38
RET-004062,ITEM-00042584,ORD-0007723,2022-09-10,Changed Mind,198.85
RET-004063,ITEM-00020146,ORD-0008204,2024-12-31,Damaged,314.16
RET-004064,ITEM-00050061,ORD-0008425,2024-09-19,Late Delivery,82.28
RET-004065,ITEM-00005836,ORD-0017323,2023-09-24,Damaged,192.32
RET-004066,ITEM-00021056,ORD-0019151,2024-05-11,Not as Described,40.92
RET-004067,ITEM-00039276,ORD-0015278,2022-06-22,Late Delivery,105.24
RET-004068,ITEM-00000205,ORD-0013107,2024-04-12,Changed Mind,444.51
RET-004069,ITEM-00010089,ORD-0005114,2024-08-24,Changed Mind,445.44
RET-004070,ITEM-00061258,ORD-0013312,2022-05-26,Not as Described,109.64
RET-004071,ITEM-00062779,ORD-0018679,2024-05-27,Damaged,518.92
RET-004072,ITEM-00031742,ORD-0007211,2024-02-23,WrongItem,556.86
RET-004073,ITEM-00054541,ORD-0000905,2025-03-21,Late Delivery,968.76
RET-004074,ITEM-00006746,ORD-0022506,2024-01-26,,377.26
RET-004075,ITEM-00047569,ORD-0006792,2023-02-05,Late Delivery,75.09
RET-004076,ITEM-00031394,ORD-0003160,2024-04-05,WrongItem,106.9
RET-004077,ITEM-00044902,ORD-0013918,2023-10-01,WrongItem,181.66
RET-004078,ITEM-00031883,ORD-0005055,2022-07-17,WrongItem,199.89
RET-004079,ITEM-00025315,ORD-0002497,2023-10-26,Changed Mind,94.26
RET-004080,ITEM-00024769,ORD-0008163,2023-02-07,Not as Described,1040.4
RET-004081,ITEM-00033172,ORD-0024593,2022-10-22,Not as Described,128.85
RET-004082,ITEM-00053157,ORD-0001483,2023-02-23,Changed Mind,257.98
RET-004083,ITEM-00053438,ORD-0013841,2023-04-26,Changed Mind,242.02
RET-004084,ITEM-00027868,ORD-0004526,2024-08-19,Changed Mind,75.38
RET-004085,ITEM-00007799,ORD-0001795,2023-09-01,Changed Mind,732.39
RET-004086,ITEM-00055417,ORD-0003397,2022-10-23,Damaged,175.59
RET-004087,ITEM-00015824,ORD-0006164,2025-03-21,WrongItem,270.4
RET-004088,ITEM-00055627,ORD-0007509,2022-06-17,Changed Mind,203.61
RET-004089,ITEM-00066056,ORD-0002059,2022-07-02,Damaged,63.97
RET-004090,ITEM-00017255,ORD-0020556,2024-09-23,Late Delivery,48.7
RET-004091,ITEM-00065652,ORD-0024979,2022-05-04,Not as Described,90.04
RET-004092,ITEM-00015903,ORD-0002556,2022-05-22,Changed Mind,38.52
RET-004093,ITEM-00007264,ORD-0018179,2022-04-03,Damaged,406.56
RET-004094,ITEM-00014192,ORD-0007410,2023-07-24,WrongItem,209.56
RET-004095,ITEM-00036221,ORD-0022628,2023-04-12,Late Delivery,251.3
RET-004096,ITEM-00057797,ORD-0012701,2024-06-16,WrongItem,470.24
RET-004097,ITEM-00037976,ORD-0007777,2024-09-02,Not as Described,780.6
RET-004098,ITEM-00011674,ORD-0000516,2022-12-22,Changed Mind,571.12
RET-004099,ITEM-00046392,ORD-0004145,2022-11-30,WrongItem,449.9
RET-004100,ITEM-00045190,ORD-0024119,2025-01-27,Changed Mind,259.5
RET-004101,ITEM-00033535,ORD-0008695,2023-03-22,Not as Described,935.72
RET-004102,ITEM-00022909,ORD-0017472,2022-08-15,Late Delivery,347.7
RET-004103,ITEM-00013818,ORD-0024630,2024-07-07,Late Delivery,500.4
RET-004104,ITEM-00052990,ORD-0008921,2024-04-16,Late Delivery,617.28
RET-004105,ITEM-00006326,ORD-0006238,2024-03-02,Late Delivery,16.77
RET-004106,ITEM-00026581,ORD-0009895,2023-04-10,Late Delivery,85.74
RET-004107,ITEM-00043670,ORD-0004667,2022-09-14,Changed Mind,409.75
RET-004108,ITEM-00057752,ORD-0008743,2024-05-15,Not as Described,341.66
RET-004109,ITEM-00018327,ORD-0003028,2024-09-11,Changed Mind,619.04
RET-004110,ITEM-00064717,ORD-0021781,2022-01-16,Late Delivery,224.26
RET-004111,ITEM-00049992,ORD-0021229,2022-12-22,WrongItem,675.81
RET-004112,ITEM-00061563,ORD-0007393,2024-11-12,Not as Described,174.48
RET-004113,ITEM-00044827,ORD-0022085,2023-10-30,Late Delivery,53.01
RET-004114,ITEM-00051855,ORD-0021295,2022-02-13,Changed Mind,33.72
RET-004115,ITEM-00065260,ORD-0008495,2024-04-25,Changed Mind,1065.05
RET-004116,ITEM-00025928,ORD-0012146,2022-10-17,WrongItem,502.84
RET-004117,ITEM-00024066,ORD-0017925,2023-05-04,Not as Described,309.48
RET-004118,ITEM-00017500,ORD-0022657,2023-01-30,Late Delivery,37.46
RET-004119,ITEM-00033813,ORD-0008941,2024-02-16,WrongItem,65.28
RET-004120,ITEM-00002309,ORD-0004493,2022-09-23,Changed Mind,185.6
RET-004121,ITEM-00008777,ORD-0019454,2022-07-15,Changed Mind,610.55
RET-004122,ITEM-00056416,ORD-0015336,2024-12-10,Changed Mind,22.64
RET-004123,ITEM-00062570,ORD-0016789,2024-09-24,Not as Described,61.96
RET-004124,ITEM-00011742,ORD-0007505,2023-04-24,Changed Mind,562.05
RET-004125,ITEM-00019385,ORD-0024869,2024-08-07,Late Delivery,159.06
RET-004126,ITEM-00069218,ORD-0008137,2024-06-22,Not as Described,27.7
RET-004127,ITEM-00008649,ORD-0017613,2022-04-03,Damaged,389.16
RET-004128,ITEM-00002188,ORD-0002972,2023-06-08,Late Delivery,334.16
RET-004129,ITEM-00023678,ORD-0024716,2022-02-22,Not as Described,389.97
RET-004130,ITEM-00016476,ORD-0017712,2022-10-31,Changed Mind,73.8
RET-004131,ITEM-00020507,ORD-0023630,2024-07-20,WrongItem,624.45
RET-004132,ITEM-00056494,ORD-0017726,2023-01-03,Damaged,34.09
RET-004133,ITEM-00006457,ORD-0024286,2023-06-29,Changed Mind,1075.35
RET-004134,ITEM-00037931,ORD-0009312,2024-12-08,WrongItem,1052.05
RET-004135,ITEM-00015294,ORD-0024207,2024-09-12,Late Delivery,1212.95
RET-004136,ITEM-00049252,ORD-0009314,2024-02-28,WrongItem,236.12
RET-004137,ITEM-00059346,ORD-0021808,2022-11-08,Changed Mind,50.84
RET-004138,ITEM-00006479,ORD-0008127,2024-03-22,Not as Described,687.63
RET-004139,ITEM-00010069,ORD-0005597,2024-12-21,Damaged,286.92
RET-004140,ITEM-00007197,ORD-0005208,2023-12-20,Not as Described,378.6
RET-004141,ITEM-00021469,ORD-0008466,2023-09-17,Late Delivery,835.8
RET-004142,ITEM-00009427,ORD-0009814,2024-04-28,Damaged,97.98
RET-004143,ITEM-00040538,ORD-0008728,2023-06-05,Late Delivery,923.7
RET-004144,ITEM-00011420,ORD-0013152,2024-05-13,Damaged,93.4
RET-004145,ITEM-00058174,ORD-0005799,2024-01-31,Damaged,103.22
RET-004146,ITEM-00063063,ORD-0002306,2023-07-28,WrongItem,505.44
RET-004147,ITEM-00062623,ORD-0005225,2022-12-17,Late Delivery,427.74
RET-004148,ITEM-00061744,ORD-0007633,2022-11-25,WrongItem,103.69
RET-004149,ITEM-00069173,ORD-0018146,2023-12-21,Damaged,379.2
RET-004150,ITEM-00007340,ORD-0013233,2022-06-19,WrongItem,1238.15
RET-004151,ITEM-00005898,ORD-0020574,2023-04-18,Damaged,488.82
RET-004152,ITEM-00055437,ORD-0008842,2024-06-25,Not as Described,88.65
RET-004153,ITEM-00055497,ORD-0017999,2023-05-05,Changed Mind,490.02
RET-004154,ITEM-00041191,ORD-0009428,2024-03-23,Late Delivery,49.56
RET-004155,ITEM-00028149,ORD-0011682,2024-02-14,Late Delivery,227.84
RET-004156,ITEM-00020203,ORD-0007751,2024-08-14,WrongItem,119.83
RET-004157,ITEM-00000208,ORD-0000175,2023-05-09,Changed Mind,1119.1
RET-004158,ITEM-00060147,ORD-0016928,2024-08-04,Late Delivery,75.42
RET-004159,ITEM-00039000,ORD-0011175,2024-08-27,Changed Mind,426.84
RET-004160,ITEM-00052269,ORD-0019751,2023-06-25,Changed Mind,174.62
RET-004161,ITEM-00026896,ORD-0008407,2024-05-12,Changed Mind,227.19
RET-004162,ITEM-00039141,ORD-0024091,2024-08-25,Changed Mind,337.52
RET-004163,ITEM-00033289,ORD-0014569,2023-12-29,Changed Mind,362.1
RET-004164,ITEM-00025657,ORD-0002702,2024-07-08,WrongItem,457.56
RET-004165,ITEM-00019948,ORD-0001509,2024-05-07,WrongItem,667.2
RET-004166,ITEM-00042524,ORD-0008144,2024-12-09,Changed Mind,481.14
RET-004167,ITEM-00018742,ORD-0004547,2025-01-14,Late Delivery,578.64
RET-004168,ITEM-00024598,ORD-0006201,2023-06-16,WrongItem,693.36
RET-004169,ITEM-00028308,ORD-0013766,2024-07-12,Damaged,30.96
RET-004170,ITEM-00043768,ORD-0010594,2024-03-04,WrongItem,225.78
RET-004171,ITEM-00068289,ORD-0002477,2024-04-11,Damaged,59.58
RET-004172,ITEM-00003277,ORD-0003399,2023-07-30,Late Delivery,1183.95
RET-004173,ITEM-00068832,ORD-0007649,2024-07-02,Damaged,425.28
RET-004174,ITEM-00058754,ORD-0000241,2022-10-10,WrongItem,716.49
RET-004175,ITEM-00031701,ORD-0009891,2022-12-06,Late Delivery,497.1
RET-004176,ITEM-00066522,ORD-0016967,2023-03-28,Not as Described,349.1
RET-004177,ITEM-00047110,ORD-0018507,2024-02-07,Changed Mind,36.33
RET-004178,ITEM-00026682,ORD-0011695,2022-05-12,Changed Mind,62.24
RET-004179,ITEM-00020583,ORD-0009690,2023-03-07,WrongItem,752.28
RET-004180,ITEM-00051245,ORD-0024852,2023-04-14,Changed Mind,149.76
RET-004181,ITEM-00036211,ORD-0001111,2023-05-09,Changed Mind,219.3
RET-004182,ITEM-00007312,ORD-0020065,2023-06-26,Late Delivery,1016.25
RET-004183,ITEM-00046767,ORD-0009767,2024-03-06,Damaged,468.24
RET-004184,ITEM-00000662,ORD-0023516,2022-12-25,Late Delivery,72.78
RET-004185,ITEM-00036739,ORD-0007774,2024-02-05,WrongItem,328.55
RET-004186,ITEM-00060790,ORD-0010900,2022-09-29,Not as Described,84.36
RET-004187,ITEM-00032766,ORD-0006496,2024-09-21,Changed Mind,402.54
RET-004188,ITEM-00062298,ORD-0012399,2024-12-06,Damaged,1062.2
RET-004189,ITEM-00056822,ORD-0005731,2023-01-16,Late Delivery,89.81
RET-004190,ITEM-00007480,ORD-0005697,2024-03-26,WrongItem,383.64
RET-004191,ITEM-00048134,ORD-0010149,2023-07-24,WrongItem,114.75
RET-004192,ITEM-00068972,ORD-0014406,2024-03-05,Damaged,170.12
RET-004193,ITEM-00037705,ORD-0012668,2024-08-15,WrongItem,490.2
RET-004194,ITEM-00043847,ORD-0002789,2023-11-24,Damaged,738.33
RET-004195,ITEM-00039618,ORD-0024183,2022-05-26,Late Delivery,102.61
RET-004196,ITEM-00007798,ORD-0008571,2023-04-03,WrongItem,1223.9
RET-004197,ITEM-00058659,ORD-0006244,2024-01-20,WrongItem,117.45
RET-004198,ITEM-00024359,ORD-0015381,2023-03-13,Not as Described,92.16
RET-004199,ITEM-00066347,ORD-0000913,2022-04-16,Changed Mind,150.29
RET-004200,ITEM-00055317,ORD-0005874,2023-09-27,Not as Described,188.55
RET-004201,ITEM-00056194,ORD-0005798,2024-12-18,Damaged,183.98
RET-004202,ITEM-00056637,ORD-0008020,2024-10-01,Changed Mind,717.28
RET-004203,ITEM-00038630,ORD-0005900,2024-08-31,Not as Described,217.96
RET-004204,ITEM-00056026,ORD-0012150,2023-12-04,Changed Mind,743.85
RET-004205,ITEM-00039089,ORD-0000494,2023-06-28,Late Delivery,175.19
RET-004206,ITEM-00023333,ORD-0021855,2022-06-29,WrongItem,339.18
RET-004207,ITEM-00028388,ORD-0002883,2022-03-10,Late Delivery,134.55
RET-004208,ITEM-00031466,ORD-0017610,2023-01-22,Not as Described,116.6
RET-004209,ITEM-00058948,ORD-0017800,2023-09-27,WrongItem,1242.6
RET-004210,ITEM-00011759,ORD-0022415,2022-03-02,Not as Described,53.82
RET-004211,ITEM-00022757,ORD-0021768,2023-01-13,Not as Described,130.94
RET-004212,ITEM-00025162,ORD-0003368,2023-12-12,Not as Described,757.08
RET-004213,ITEM-00012721,ORD-0001827,2024-02-01,Damaged,448.6
RET-004214,ITEM-00069050,ORD-0018137,2024-04-22,Damaged,71.57
RET-004215,ITEM-00062215,ORD-0013695,2023-02-03,Damaged,326.34
RET-004216,ITEM-00033715,ORD-0012272,2024-09-01,Late Delivery,460.48
RET-004217,ITEM-00016130,ORD-0000002,2023-07-19,Not as Described,798.72
RET-004218,ITEM-00009161,ORD-0006834,2024-04-22,Late Delivery,-138.73
RET-004219,ITEM-00043421,ORD-0024852,2024-10-12,Damaged,698.64
RET-004220,ITEM-00005742,ORD-0007780,2022-03-01,Not as Described,577.56
RET-004221,ITEM-00047893,ORD-0002756,2024-10-18,Changed Mind,445.04
RET-004222,ITEM-00049394,ORD-0013591,2022-06-21,Changed Mind,117.51
RET-004223,ITEM-00018582,ORD-0017012,2022-06-13,WrongItem,49.99
RET-004224,ITEM-00000752,ORD-0002599,2023-10-04,Late Delivery,135.0
RET-004225,ITEM-00033739,ORD-0016313,2024-08-13,Late Delivery,428.2
RET-004226,ITEM-00043043,ORD-0024590,2024-06-14,Not as Described,458.32
RET-004227,ITEM-00021401,ORD-0019356,2023-08-29,Not as Described,154.56
RET-004228,ITEM-00057289,ORD-0005714,2024-03-19,Damaged,587.9
RET-004229,ITEM-00016068,ORD-0003425,2023-08-28,Damaged,128.32
RET-004230,ITEM-00037946,ORD-0018544,2023-05-25,Changed Mind,617.35
RET-004231,ITEM-00018433,ORD-0008446,2023-03-30,Damaged,411.36
RET-004232,ITEM-00057369,ORD-0007533,2024-01-14,Damaged,228.26
RET-004233,ITEM-00017472,ORD-0019509,2022-09-09,Not as Described,42.87
RET-004234,ITEM-00004034,ORD-0024435,2022-09-24,WrongItem,296.73
RET-004235,ITEM-00064614,ORD-0008796,2022-03-25,Changed Mind,1101.5
RET-004236,ITEM-00065282,ORD-0007008,2024-12-04,Changed Mind,495.05
RET-004237,ITEM-00031395,ORD-0011485,2022-07-21,Damaged,150.87
RET-004238,ITEM-00034950,ORD-0016692,2023-01-28,Not as Described,82.36
RET-004239,ITEM-00036000,ORD-0017190,2022-04-17,Not as Described,78.62
RET-004240,ITEM-00046692,ORD-0002056,2022-05-18,Damaged,160.12
RET-004241,ITEM-00053637,ORD-0018421,2024-08-07,Not as Described,898.4
RET-004242,ITEM-00019544,ORD-0007193,2024-09-25,Damaged,367.9
RET-004243,ITEM-00024886,ORD-0003330,2022-09-14,Late Delivery,605.12
RET-004244,ITEM-00016428,ORD-0009516,2024-06-10,Damaged,1016.7
RET-004245,ITEM-00030240,ORD-0009210,2022-09-15,Damaged,522.09
RET-004246,ITEM-00026174,ORD-0005506,2024-10-22,Changed Mind,224.12
RET-004247,ITEM-00010039,ORD-0007804,2023-09-24,Late Delivery,571.0
RET-004248,ITEM-00065801,ORD-0012932,2023-04-25,Late Delivery,454.2
RET-004249,ITEM-00026614,ORD-0014583,2023-11-28,WrongItem,160.71
RET-004250,ITEM-00026277,ORD-0004022,2023-07-29,Changed Mind,62.19
RET-004251,ITEM-00020128,ORD-0019213,2022-10-22,Damaged,158.63
RET-004252,ITEM-00031091,ORD-0011201,2023-08-17,WrongItem,329.08
RET-004253,ITEM-00039725,ORD-0006073,2023-05-27,Damaged,434.68
RET-004254,ITEM-00048096,ORD-0016064,2022-09-21,Late Delivery,216.05
RET-004255,ITEM-00032124,ORD-0011412,2024-04-04,Late Delivery,523.08
RET-004256,ITEM-00055133,ORD-0021888,2024-06-04,Not as Described,141.21
RET-004257,ITEM-00041004,ORD-0007866,2022-05-12,Changed Mind,363.34
RET-004258,ITEM-00015565,ORD-0009803,2022-05-26,Late Delivery,118.82
RET-004259,ITEM-00067912,ORD-0013957,2022-05-12,Late Delivery,136.15
RET-004260,ITEM-00040604,ORD-0010989,2022-02-07,WrongItem,89.77
RET-004261,ITEM-00048331,ORD-0020441,2023-11-29,WrongItem,698.15
RET-004262,ITEM-00051904,ORD-0008758,2022-10-08,Changed Mind,566.9
RET-004263,ITEM-00012744,ORD-0009433,2022-03-30,Changed Mind,583.6
RET-004264,ITEM-00017352,ORD-0021571,2023-09-20,Late Delivery,103.21
RET-004265,ITEM-00027912,ORD-0006671,2024-11-29,WrongItem,438.72
RET-004266,ITEM-00049297,ORD-0014539,2024-10-01,Late Delivery,369.57
RET-004267,ITEM-00015304,ORD-0004331,2024-06-04,Damaged,206.4
RET-004268,ITEM-00004748,ORD-0001263,2023-01-28,Not as Described,153.45
RET-004269,ITEM-00010191,ORD-0005483,2024-12-28,Damaged,223.6
RET-004270,ITEM-00029131,ORD-0012082,2024-02-20,Changed Mind,0.0
RET-004271,ITEM-00050948,ORD-0009545,2023-09-30,WrongItem,138.14
RET-004272,ITEM-00028409,ORD-0022548,2022-09-07,Not as Described,136.78
RET-004273,ITEM-00062932,ORD-0022167,2024-05-24,WrongItem,487.02
RET-004274,ITEM-00016183,ORD-0015263,2022-08-19,Changed Mind,470.42
RET-004275,ITEM-00013781,ORD-0017860,2024-04-14,WrongItem,514.14
RET-004276,ITEM-00051395,ORD-0001158,2024-01-16,Not as Described,380.94
RET-004277,ITEM-00044147,ORD-0015203,2024-05-29,WrongItem,358.28
RET-004278,ITEM-00038111,ORD-0014702,2022-08-11,Changed Mind,649.7
RET-004279,ITEM-00053056,ORD-0023187,2022-10-05,Not as Described,154.3
RET-004280,ITEM-00033729,ORD-0022405,2024-10-07,Late Delivery,271.54
RET-004281,ITEM-00025798,ORD-0013297,2024-07-10,Damaged,10.13
RET-004282,ITEM-00007346,ORD-0012957,2024-08-16,Not as Described,132.41
RET-004283,ITEM-00025665,ORD-0012511,2023-02-05,Damaged,135.12
RET-004284,ITEM-00027624,ORD-0008767,2022-03-04,Not as Described,207.34
RET-004285,ITEM-00031573,ORD-0007130,2024-04-30,Not as Described,664.2
RET-004286,ITEM-00036481,ORD-0021785,2024-01-23,Late Delivery,92.25
RET-004287,ITEM-00047384,ORD-0020120,2024-12-28,Changed Mind,105.28
RET-004288,ITEM-00054828,ORD-0006131,2022-07-28,WrongItem,65.85
RET-004289,ITEM-00026267,ORD-0019437,2024-12-02,Changed Mind,251.34
RET-004290,ITEM-00009299,ORD-0011007,2023-06-12,Damaged,77.38
RET-004291,ITEM-00042559,ORD-0008297,2023-03-09,Not as Described,489.57
RET-004292,ITEM-00068342,ORD-0003733,2022-08-09,WrongItem,9.54
RET-004293,ITEM-00026478,ORD-0005373,2022-04-25,Changed Mind,743.15
RET-004294,ITEM-00010169,ORD-0011567,2024-06-23,Damaged,212.56
RET-004295,ITEM-00027359,ORD-0005632,2024-08-22,Late Delivery,617.64
RET-004296,ITEM-00023003,ORD-0012987,2024-08-06,Late Delivery,529.84
RET-004297,ITEM-00040421,ORD-0021123,2023-08-24,Late Delivery,149.82
RET-004298,ITEM-00056937,ORD-0017732,2022-11-02,Damaged,74.3
RET-004299,ITEM-00037486,ORD-0020397,2024-05-19,Changed Mind,286.92
RET-004300,ITEM-00015123,ORD-0017598,2023-11-30,Late Delivery,578.25
RET-004301,ITEM-00006559,ORD-0018054,2024-12-17,WrongItem,814.36
RET-004302,ITEM-00017803,ORD-0022653,2024-03-30,Damaged,193.74
RET-004303,ITEM-00028140,ORD-0021597,2022-02-28,Late Delivery,279.28
RET-004304,ITEM-00043126,ORD-0014362,2023-10-26,Damaged,1145.5
RET-004305,ITEM-00061699,ORD-0015548,2023-04-27,WrongItem,505.25
RET-004306,ITEM-00026559,ORD-0002827,2022-03-25,Damaged,0.0
RET-004307,ITEM-00005537,ORD-0002018,2022-04-08,Changed Mind,267.63
RET-004308,ITEM-00014183,ORD-0006347,2024-04-30,Damaged,75.34
RET-004309,ITEM-00012626,ORD-0018721,2023-12-30,Not as Described,41.84
RET-004310,ITEM-00057863,ORD-0003281,2024-04-24,Not as Described,456.36
RET-004311,ITEM-00013991,ORD-0006679,2023-10-08,Not as Described,303.6
RET-004312,ITEM-00057824,ORD-0002104,2023-08-28,Damaged,241.85
RET-004313,ITEM-00021752,ORD-0018546,2023-10-30,Changed Mind,436.4
RET-004314,ITEM-00044157,ORD-0018925,2024-06-26,Changed Mind,131.76
RET-004315,ITEM-00063843,ORD-0024582,2024-09-16,Late Delivery,160.41
RET-004316,ITEM-00040928,ORD-0020894,2024-08-29,Changed Mind,110.8
RET-004317,ITEM-00031053,ORD-0006534,2023-11-18,Damaged,188.29
RET-004318,ITEM-00059980,ORD-0013992,2024-03-18,Not as Described,626.92
RET-004319,ITEM-00007733,ORD-0009047,2022-07-14,Not as Described,302.84
RET-004320,ITEM-00056461,ORD-0000866,2024-07-13,Not as Described,414.4
RET-004321,ITEM-00069582,ORD-0023640,2023-03-17,Not as Described,176.85
RET-004322,ITEM-00060166,ORD-0022312,2023-09-10,Late Delivery,631.17
RET-004323,ITEM-00068815,ORD-0017165,2023-02-07,WrongItem,405.12
RET-004324,ITEM-00060663,ORD-0008626,2022-09-23,WrongItem,786.05
RET-004325,ITEM-00014930,ORD-0011354,2022-08-27,Changed Mind,223.12
RET-004326,ITEM-00033953,ORD-0023929,2024-08-24,Damaged,118.51
RET-004327,ITEM-00036252,ORD-0000216,2023-11-14,,389.2
RET-004328,ITEM-00061096,ORD-0010648,2024-08-02,Damaged,321.0
RET-004329,ITEM-00053441,ORD-0012891,2023-02-24,WrongItem,12.94
RET-004330,ITEM-00009162,ORD-0008594,2022-05-15,Damaged,450.68
RET-004331,ITEM-00065164,ORD-0003293,2022-03-01,Changed Mind,1058.8
RET-004332,ITEM-00042639,ORD-0016586,2024-09-17,Late Delivery,171.24
RET-004333,ITEM-00012901,ORD-0001173,2022-09-14,Not as Described,802.56
RET-004334,ITEM-00043036,ORD-0022951,2024-03-30,Late Delivery,220.94
RET-004335,ITEM-00003431,ORD-0021388,2022-10-31,Damaged,924.6
RET-004336,ITEM-00025062,ORD-0021434,2023-08-04,Changed Mind,165.11
RET-004337,ITEM-00067060,ORD-0020913,2024-08-17,Changed Mind,864.56
RET-004338,ITEM-00061263,ORD-0011669,2022-10-13,Changed Mind,684.99
RET-004339,ITEM-00049314,ORD-0011763,2024-05-06,WrongItem,213.12
RET-004340,ITEM-00006903,ORD-0018824,2022-11-05,Damaged,428.05
RET-004341,ITEM-00010752,ORD-0023445,2023-05-04,Late Delivery,53.7
RET-004342,ITEM-00037073,ORD-0013690,2024-06-05,Late Delivery,19.23
RET-004343,ITEM-00053631,ORD-0022787,2024-08-24,Late Delivery,55.04
RET-004344,ITEM-00022907,ORD-0023279,2023-05-23,Damaged,81.04
RET-004345,ITEM-00003953,ORD-0023207,2022-03-17,WrongItem,346.26
RET-004346,ITEM-00062448,ORD-0014747,2024-02-07,Damaged,50.1
RET-004347,ITEM-00007249,ORD-0000440,2022-04-30,WrongItem,43.18
RET-004348,ITEM-00024455,ORD-0011202,2024-04-11,Changed Mind,483.54
RET-004349,ITEM-00061311,ORD-0004255,2023-12-14,Late Delivery,-134.72
RET-004350,ITEM-00031538,ORD-0001446,2022-11-15,Not as Described,699.12
RET-004351,ITEM-00023424,ORD-0015006,2025-01-16,WrongItem,215.31
RET-004352,ITEM-00008040,ORD-0011395,2024-11-15,WrongItem,448.44
RET-004353,ITEM-00035841,ORD-0006428,2023-07-10,Changed Mind,1062.25
RET-004354,ITEM-00068697,ORD-0019946,2022-03-25,Changed Mind,37.8
RET-004355,ITEM-00058855,ORD-0020212,2023-06-07,Changed Mind,326.43
RET-004356,ITEM-00001765,ORD-0007032,2023-06-01,Late Delivery,168.06
RET-004357,ITEM-00066194,ORD-0008245,2022-11-25,WrongItem,662.01
RET-004358,ITEM-00016301,ORD-0010972,2022-09-29,WrongItem,37.33
RET-004359,ITEM-00035249,ORD-0009164,2022-06-11,Late Delivery,370.23
RET-004360,ITEM-00008340,ORD-0016012,2025-03-21,Changed Mind,744.85
RET-004361,ITEM-00010536,ORD-0013451,2024-10-09,Not as Described,51.32
RET-004362,ITEM-00002555,ORD-0021849,2022-08-14,Damaged,806.5
RET-004363,ITEM-00021736,ORD-0023282,2022-01-16,Late Delivery,17.53
RET-004364,ITEM-00069420,ORD-0023517,2024-09-01,Damaged,458.76
RET-004365,ITEM-00043064,ORD-0016287,2022-07-18,WrongItem,246.76
RET-004366,ITEM-00011513,ORD-0019119,2022-09-09,WrongItem,261.9
RET-004367,ITEM-00020167,ORD-0023960,2024-06-01,Changed Mind,157.51
RET-004368,ITEM-00046235,ORD-0016313,2024-06-26,Not as Described,206.21
RET-004369,ITEM-00039279,ORD-0000783,2022-03-03,WrongItem,30.56
RET-004370,ITEM-00060761,ORD-0013954,2022-08-20,WrongItem,208.95
RET-004371,ITEM-00021422,ORD-0018900,2024-01-12,Damaged,262.32
RET-004372,ITEM-00024296,ORD-0004037,2024-10-21,Late Delivery,32.51
RET-004373,ITEM-00056392,ORD-0017816,2023-05-01,Changed Mind,917.44
RET-004374,ITEM-00011544,ORD-0016854,2025-01-01,Damaged,330.15
RET-004375,ITEM-00001539,ORD-0003362,2022-03-17,Damaged,598.6
RET-004376,ITEM-00036555,ORD-0010402,2024-12-14,Changed Mind,43.07
RET-004377,ITEM-00027211,ORD-0009684,2024-05-03,Damaged,212.88
RET-004378,ITEM-00060789,ORD-0024419,2023-09-28,Changed Mind,714.9
RET-004379,ITEM-00035941,ORD-0017582,2023-09-23,Late Delivery,210.99
RET-004380,ITEM-00025044,,2022-06-29,Damaged,187.95
RET-004381,ITEM-00030389,ORD-0004916,2022-06-11,Late Delivery,37.44
RET-004382,ITEM-00057517,ORD-0008310,2023-02-12,Not as Described,304.56
RET-004383,ITEM-00052128,ORD-0013355,2022-05-02,Not as Described,209.6
RET-004384,ITEM-00044447,ORD-0003315,2024-01-13,Not as Described,34.78
RET-004385,ITEM-00006513,ORD-0016695,2022-12-08,Not as Described,370.16
RET-004386,ITEM-00043876,ORD-0004781,2023-05-27,WrongItem,13.67
RET-004387,ITEM-00008768,ORD-0005689,2024-12-11,WrongItem,651.72
RET-004388,ITEM-00047642,ORD-0006150,2022-03-29,Not as Described,73.04
RET-004389,ITEM-00010707,ORD-0021362,2022-10-11,Not as Described,583.92
RET-004390,ITEM-00005801,ORD-0024260,2022-05-21,Changed Mind,632.91
RET-004391,ITEM-00060197,ORD-0014883,2022-07-02,Changed Mind,231.65
RET-004392,ITEM-00011846,ORD-0015343,2024-08-07,WrongItem,640.2
RET-004393,ITEM-00019679,ORD-0004757,2022-07-20,Not as Described,146.3
RET-004394,ITEM-00027151,ORD-0017731,2024-06-24,Damaged,114.01
RET-004395,ITEM-00069789,ORD-0006284,2023-05-30,WrongItem,591.9
RET-004396,ITEM-00061388,ORD-0005057,2024-01-09,Not as Described,719.52
RET-004397,ITEM-00066159,ORD-0010601,2023-05-15,Changed Mind,107.61
RET-004398,ITEM-00039821,ORD-0009910,2024-05-09,WrongItem,744.35
RET-004399,ITEM-00021576,ORD-0007656,2023-08-01,Not as Described,185.97
RET-004400,ITEM-00028335,ORD-0006805,2023-08-28,WrongItem,853.0
RET-004401,ITEM-00060412,ORD-0016697,2022-05-21,Not as Described,178.04
RET-004402,ITEM-00058737,ORD-0005019,2023-05-04,Changed Mind,200.64
RET-004403,ITEM-00019004,ORD-0009557,2024-02-16,Changed Mind,424.44
RET-004404,ITEM-00004497,ORD-0003580,2025-01-22,Changed Mind,125.96
RET-004405,ITEM-00014669,ORD-0014637,2024-08-29,WrongItem,199.53
RET-004406,ITEM-00061872,ORD-0001457,2024-02-25,Changed Mind,77.0
RET-004407,ITEM-00029079,ORD-0019951,2023-06-12,WrongItem,964.4
RET-004408,ITEM-00025768,ORD-0014797,2023-11-15,WrongItem,85.88
RET-004409,ITEM-00029254,ORD-0011774,2022-04-18,Damaged,480.94
RET-004410,ITEM-00068939,ORD-0008385,2023-02-27,Late Delivery,686.12
RET-004411,ITEM-00020603,ORD-0000437,2023-08-21,Not as Described,475.05
RET-004412,ITEM-00058973,ORD-0015743,2023-07-26,Changed Mind,331.76
RET-004413,ITEM-00068219,ORD-0008950,2022-10-31,Changed Mind,551.85
RET-004414,ITEM-00013759,ORD-0016646,2024-12-03,,555.16
RET-004415,ITEM-00057548,ORD-0022147,2024-05-13,WrongItem,372.45
RET-004416,ITEM-00038276,ORD-0010261,2024-09-16,Changed Mind,26.28
RET-004417,ITEM-00015831,ORD-0003072,2024-11-20,Late Delivery,130.6
RET-004418,ITEM-00043551,ORD-0014001,2022-08-17,Damaged,166.02
RET-004419,ITEM-00058503,ORD-0012171,2022-04-12,Damaged,829.76
RET-004420,ITEM-00045482,ORD-0000521,2023-05-14,Not as Described,879.88
RET-004421,ITEM-00048395,ORD-0009579,2022-08-12,Changed Mind,422.8
RET-004422,ITEM-00036969,ORD-0022149,2022-07-21,WrongItem,247.17
RET-004423,ITEM-00043325,ORD-0005113,2022-05-01,Changed Mind,529.45
RET-004424,ITEM-00032954,ORD-0021887,2023-08-18,Damaged,518.76
RET-004425,ITEM-00050683,ORD-0011991,2024-02-28,Late Delivery,98.64
RET-004426,ITEM-00017347,ORD-0010859,2024-08-02,Not as Described,449.32
RET-004427,ITEM-00036040,ORD-0023984,2024-03-16,Not as Described,554.46
RET-004428,ITEM-00041667,ORD-0023124,2024-10-30,Not as Described,64.5
RET-004429,ITEM-00033385,ORD-0004164,2022-09-26,Damaged,120.51
RET-004430,ITEM-00029441,ORD-0010541,2023-07-26,Late Delivery,157.2
RET-004431,ITEM-00021568,ORD-0006431,2023-03-03,WrongItem,410.98
RET-004432,ITEM-00069333,ORD-0022318,2022-02-02,Damaged,194.26
RET-004433,ITEM-00046423,ORD-0003604,2024-08-03,Damaged,786.65
RET-004434,ITEM-00032069,ORD-0021476,2023-05-18,Damaged,208.32
RET-004435,ITEM-00065444,ORD-0016357,2022-12-26,Late Delivery,482.01
RET-004436,ITEM-00022333,ORD-0004766,2023-03-23,Changed Mind,108.88
RET-004437,ITEM-00061124,ORD-0021202,2022-05-29,WrongItem,247.32
RET-004438,ITEM-00002332,ORD-0001364,2023-06-03,Damaged,502.08
RET-004439,ITEM-00008757,ORD-0012775,2024-02-11,Not as Described,107.46
RET-004440,ITEM-00018916,,2024-01-11,Damaged,204.25
RET-004441,ITEM-00065223,ORD-0011498,2022-06-01,Damaged,216.51
RET-004442,ITEM-00011907,ORD-0014715,2024-12-10,WrongItem,147.82
RET-004443,ITEM-00013777,ORD-0024732,2022-08-31,Changed Mind,462.33
RET-004444,ITEM-00016501,ORD-0008776,2022-10-15,Late Delivery,491.0
RET-004445,ITEM-00040650,ORD-0015205,2025-01-02,Late Delivery,88.36
RET-004446,ITEM-00064227,ORD-0003013,2023-12-31,WrongItem,683.79
RET-004447,ITEM-00039211,ORD-0007541,2024-01-19,WrongItem,42.75
RET-004448,ITEM-00063418,ORD-0008882,2023-10-30,Changed Mind,106.98
RET-004449,ITEM-00055084,ORD-0019712,2023-05-19,WrongItem,107.54
RET-004450,ITEM-00010167,ORD-0003448,2024-04-24,Damaged,588.1
RET-004451,ITEM-00056379,ORD-0001058,2024-04-24,Late Delivery,213.6
RET-004452,ITEM-00037446,ORD-0013662,2022-06-08,Changed Mind,455.72
RET-004453,ITEM-00025457,ORD-0024844,2024-03-10,Not as Described,90.48
RET-004454,ITEM-00056295,ORD-0014021,2024-03-27,Not as Described,181.36
RET-004455,ITEM-00035697,ORD-0018483,2024-10-28,Damaged,60.27
RET-004456,ITEM-00061342,ORD-0009681,2024-06-09,Not as Described,214.38
RET-004457,ITEM-00046711,ORD-0000756,2024-08-25,WrongItem,751.48
RET-004458,ITEM-00039792,ORD-0003709,2024-07-10,Changed Mind,15.68
RET-004459,ITEM-00010940,ORD-0001575,2024-04-02,Not as Described,151.6
RET-004460,ITEM-00032097,ORD-0003424,2022-10-04,Damaged,280.89
RET-004461,ITEM-00005681,ORD-0019385,2022-02-24,Damaged,502.8
RET-004462,ITEM-00065596,ORD-0010772,2023-08-06,Not as Described,345.48
RET-004463,ITEM-00060819,ORD-0009491,2024-10-02,WrongItem,242.32
RET-004464,ITEM-00005564,ORD-0002845,2023-02-09,WrongItem,811.2
RET-004465,ITEM-00006544,ORD-0002202,2022-04-07,WrongItem,6.26
RET-004466,ITEM-00039761,ORD-0016491,2023-09-23,Not as Described,27.12
RET-004467,ITEM-00031993,ORD-0014858,2023-05-05,Damaged,426.9
RET-004468,ITEM-00046647,ORD-0023005,2022-10-21,Not as Described,499.2
RET-004469,ITEM-00018600,ORD-0001970,2023-05-11,Late Delivery,289.05
RET-004470,ITEM-00066318,ORD-0017375,2024-10-08,Late Delivery,780.32
RET-004471,ITEM-00002985,ORD-0015855,2024-08-11,Damaged,250.3
RET-004472,ITEM-00061853,ORD-0006317,2025-01-15,Late Delivery,453.84
RET-004473,ITEM-00009722,ORD-0008019,2023-07-04,Late Delivery,176.76
RET-004474,ITEM-00008358,ORD-0021058,2022-05-05,Damaged,433.53
RET-004475,ITEM-00019677,ORD-0007932,2023-10-16,Not as Described,113.38
RET-004476,ITEM-00029034,ORD-0001778,2023-01-12,WrongItem,592.53
RET-004477,ITEM-00039074,ORD-0016021,2022-08-19,Changed Mind,1186.55
RET-004478,ITEM-00053446,ORD-0002231,2023-06-09,Not as Described,437.61
RET-004479,ITEM-00031652,ORD-0014343,2022-03-26,Damaged,-218.85
RET-004480,ITEM-00049840,ORD-0012437,2024-06-12,Damaged,427.8
RET-004481,ITEM-00023260,ORD-0010186,2022-01-24,Late Delivery,1225.3
RET-004482,ITEM-00032611,,2023-08-13,WrongItem,300.2
RET-004483,ITEM-00039513,ORD-0009669,2024-04-13,Late Delivery,241.95
RET-004484,ITEM-00005484,ORD-0019101,2023-12-19,WrongItem,717.81
RET-004485,ITEM-00015793,ORD-0010829,2023-07-05,Changed Mind,559.29
RET-004486,ITEM-00008190,ORD-0008158,2023-04-27,Late Delivery,29.1
RET-004487,ITEM-00008958,ORD-0023163,2024-06-27,Changed Mind,573.15
RET-004488,ITEM-00055494,ORD-0017633,2024-01-15,WrongItem,138.48
RET-004489,ITEM-00022824,ORD-0005712,2023-10-19,WrongItem,195.8
RET-004490,ITEM-00026656,ORD-0014658,2022-05-11,Not as Described,985.84
RET-004491,ITEM-00034913,ORD-0014663,2024-03-01,Late Delivery,726.69
RET-004492,ITEM-00006536,ORD-0005145,2023-02-28,Damaged,411.6
RET-004493,ITEM-00018217,ORD-0019062,2022-02-28,Damaged,494.4
RET-004494,ITEM-00024667,ORD-0016469,2022-02-17,Not as Described,622.2
RET-004495,ITEM-00061986,ORD-0010194,2023-05-11,Not as Described,1157.65
RET-004496,ITEM-00031964,ORD-0020275,2022-11-24,WrongItem,650.85
RET-004497,ITEM-00037126,ORD-0009495,2023-12-24,Late Delivery,110.49
RET-004498,ITEM-00048590,ORD-0003634,2024-01-17,Late Delivery,305.28
RET-004499,ITEM-00037407,ORD-0002053,2025-01-03,WrongItem,229.27
RET-004500,ITEM-00017041,ORD-0017093,2023-09-16,Changed Mind,20.14
RET-004501,ITEM-00059589,ORD-0014408,2022-04-19,Not as Described,330.18
RET-004502,ITEM-00068574,ORD-0014502,2024-06-19,Not as Described,650.6
RET-004503,ITEM-00014143,ORD-0001271,2024-03-15,Not as Described,189.91
RET-004504,ITEM-00037890,ORD-0014872,2023-07-11,Late Delivery,615.28
RET-004505,ITEM-00008440,ORD-0019402,2022-08-01,Not as Described,194.49
RET-004506,ITEM-00066312,ORD-0017280,2023-10-08,Changed Mind,649.45
RET-004507,ITEM-00044721,ORD-0009269,2024-11-18,Not as Described,657.76
RET-004508,ITEM-00019102,ORD-0009066,2024-09-27,WrongItem,609.5
RET-004509,ITEM-00033304,ORD-0010144,2023-01-09,Not as Described,671.28
RET-004510,ITEM-00069719,ORD-0016496,2024-01-18,WrongItem,179.0
RET-004511,ITEM-00043773,ORD-0001900,2023-09-28,WrongItem,235.32
RET-004512,ITEM-00062670,ORD-0007953,2024-01-10,WrongItem,168.33
RET-004513,ITEM-00031037,ORD-0006570,2022-08-02,Damaged,219.3
RET-004514,ITEM-00018586,ORD-0000797,2024-09-19,Damaged,671.52
RET-004515,ITEM-00042254,ORD-0001369,2025-01-27,Not as Described,129.34
RET-004516,ITEM-00061752,ORD-0018533,2022-02-11,Late Delivery,160.39
RET-004517,ITEM-00069228,ORD-0024660,2023-10-08,Damaged,350.56
RET-004518,ITEM-00047927,ORD-0022390,2024-11-29,Changed Mind,29.05
RET-004519,ITEM-00019182,ORD-0010568,2023-07-09,Not as Described,944.75
RET-004520,ITEM-00027179,ORD-0001561,2023-02-05,Changed Mind,364.72
RET-004521,ITEM-00068275,ORD-0010337,2023-04-04,Damaged,227.92
RET-004522,ITEM-00024010,ORD-0012163,2024-01-10,WrongItem,563.95
RET-004523,ITEM-00060610,ORD-0001776,2024-01-25,WrongItem,117.81
RET-004524,ITEM-00047448,ORD-0024603,2022-11-02,Not as Described,736.2
RET-004525,ITEM-00006098,ORD-0000565,2023-09-21,Damaged,533.94
RET-004526,ITEM-00027205,ORD-0008397,2023-03-21,Changed Mind,7.65
RET-004527,ITEM-00016648,ORD-0003535,2024-05-26,Damaged,534.68
RET-004528,ITEM-00043519,ORD-0013928,2024-05-29,Changed Mind,722.61
RET-004529,ITEM-00022196,ORD-0023770,2024-02-07,Changed Mind,37.96
RET-004530,ITEM-00053065,ORD-0001325,2022-12-27,Damaged,80.86
RET-004531,ITEM-00043591,ORD-0003483,2023-11-07,WrongItem,352.5
RET-004532,ITEM-00046950,ORD-0003765,2024-10-31,Late Delivery,203.48
RET-004533,ITEM-00005702,ORD-0021166,2024-07-31,Late Delivery,964.1
RET-004534,ITEM-00040826,ORD-0002626,2023-04-22,Not as Described,289.44
RET-004535,ITEM-00064174,ORD-0023359,2023-03-11,Damaged,39.86
RET-004536,ITEM-00065672,ORD-0010384,2024-05-16,Damaged,519.36
RET-004537,ITEM-00016363,ORD-0007963,2024-04-29,Late Delivery,21.49
RET-004538,ITEM-00055464,ORD-0021933,2025-01-12,Late Delivery,182.72
RET-004539,ITEM-00065812,ORD-0021460,2023-10-23,Damaged,52.16
RET-004540,ITEM-00015050,ORD-0023471,2023-09-17,Damaged,680.75
RET-004541,ITEM-00020624,ORD-0016503,2023-11-07,Changed Mind,225.48
RET-004542,ITEM-00044325,ORD-0009324,2023-03-29,WrongItem,265.02
RET-004543,ITEM-00051683,ORD-0023430,2022-07-29,WrongItem,610.32
RET-004544,ITEM-00058064,ORD-0012303,2023-03-05,WrongItem,116.18
RET-004545,ITEM-00069669,ORD-0006045,2024-01-07,WrongItem,602.04
RET-004546,ITEM-00040483,ORD-0008718,2024-02-08,Changed Mind,339.9
RET-004547,ITEM-00023272,ORD-0016304,2022-10-22,Damaged,151.84
RET-004548,ITEM-00053520,ORD-0013327,2024-02-24,Damaged,678.63
RET-004549,ITEM-00058747,ORD-0006911,2022-01-19,Damaged,832.5
RET-004550,ITEM-00038330,ORD-0018960,2023-10-18,Not as Described,498.26
RET-004551,ITEM-00058873,ORD-0020992,2023-09-18,Damaged,204.8
RET-004552,ITEM-00005929,ORD-0008932,2024-11-10,WrongItem,179.1
RET-004553,ITEM-00014096,ORD-0008601,2022-07-16,Not as Described,967.65
RET-004554,ITEM-00005050,ORD-0018291,2023-08-29,Late Delivery,261.0
RET-004555,ITEM-00010731,ORD-0003603,2023-06-08,Not as Described,485.6
RET-004556,ITEM-00066189,ORD-0004777,2024-12-10,Late Delivery,817.68
RET-004557,ITEM-00010720,ORD-0012633,2022-03-27,Damaged,107.52
RET-004558,ITEM-00039198,ORD-0001475,2022-04-26,Damaged,126.39
RET-004559,ITEM-00038995,ORD-0006876,2024-12-30,WrongItem,225.09
RET-004560,ITEM-00067232,ORD-0012403,2022-04-17,Late Delivery,47.0
RET-004561,ITEM-00055908,ORD-0024281,2024-12-15,Late Delivery,49.32
RET-004562,ITEM-00047334,ORD-0003070,2025-01-02,WrongItem,6.19
RET-004563,ITEM-00023645,ORD-0000532,2023-11-04,Changed Mind,76.02
RET-004564,ITEM-00000071,ORD-0022091,2024-09-17,WrongItem,461.48
RET-004565,ITEM-00033562,ORD-0014276,2024-12-25,WrongItem,915.4
RET-004566,ITEM-00022715,ORD-0000165,2023-03-11,Late Delivery,361.04
RET-004567,ITEM-00055337,ORD-0002083,2024-02-14,Late Delivery,706.4
RET-004568,ITEM-00022476,ORD-0008710,2023-03-07,WrongItem,187.74
RET-004569,ITEM-00030237,ORD-0001472,2023-09-01,Not as Described,257.34
RET-004570,ITEM-00018493,ORD-0010463,2023-04-13,Not as Described,159.34
RET-004571,ITEM-00051491,ORD-0002272,2024-11-01,Damaged,59.44
RET-004572,ITEM-00006296,ORD-0012287,2024-05-07,Damaged,146.56
RET-004573,ITEM-00034871,ORD-0008171,2022-05-30,WrongItem,77.74
RET-004574,ITEM-00013388,ORD-0014389,2022-03-15,Damaged,152.61
RET-004575,ITEM-00031423,ORD-0000300,2024-11-08,WrongItem,892.36
RET-004576,ITEM-00050602,ORD-0019875,2022-06-21,WrongItem,306.0
RET-004577,ITEM-00003742,ORD-0000922,2022-12-29,Late Delivery,22.48
RET-004578,ITEM-00035087,ORD-0024187,2023-05-21,Damaged,321.16
RET-004579,ITEM-00039301,ORD-0022153,2022-06-22,Changed Mind,155.93
RET-004580,ITEM-00041461,ORD-0014454,2023-08-17,WrongItem,617.85
RET-004581,ITEM-00015000,ORD-0021085,2022-04-05,WrongItem,271.59
RET-004582,ITEM-00049807,ORD-0021383,2023-09-14,WrongItem,139.4
RET-004583,ITEM-00001433,ORD-0014864,2022-12-22,Not as Described,160.02
RET-004584,ITEM-00000986,ORD-0013889,2022-11-18,WrongItem,214.28
RET-004585,ITEM-00009948,ORD-0012110,2025-01-21,WrongItem,211.78
RET-004586,ITEM-00052707,ORD-0011223,2023-08-01,Changed Mind,132.51
RET-004587,ITEM-00013323,ORD-0022491,2023-10-10,Not as Described,432.92
RET-004588,ITEM-00048578,ORD-0014507,2022-12-21,Late Delivery,939.7
RET-004589,ITEM-00059085,ORD-0001418,2025-02-01,Late Delivery,114.36
RET-004590,ITEM-00021287,ORD-0014145,2024-10-22,Damaged,519.1
RET-004591,ITEM-00008041,ORD-0012217,2022-06-18,Damaged,377.76
RET-004592,ITEM-00046212,ORD-0024820,2022-08-22,WrongItem,89.3
RET-004593,ITEM-00055769,ORD-0005880,2024-08-19,WrongItem,244.2
RET-004594,ITEM-00036662,ORD-0021171,2022-08-15,Damaged,877.0
RET-004595,ITEM-00025163,ORD-0016306,2024-08-22,Not as Described,33.48
RET-004596,ITEM-00034698,ORD-0009751,2023-09-04,WrongItem,902.56
RET-004597,ITEM-00024141,ORD-0006386,2024-11-16,Late Delivery,883.35
RET-004598,ITEM-00037238,ORD-0000939,2022-05-09,Damaged,786.75
RET-004599,ITEM-00011359,ORD-0019784,2022-08-11,Changed Mind,94.46
RET-004600,ITEM-00061726,ORD-0019294,2023-04-23,Damaged,643.56
RET-004601,ITEM-00063125,ORD-0009011,2024-12-02,Late Delivery,856.48
RET-004602,ITEM-00004216,ORD-0018857,2023-11-02,Late Delivery,439.28
RET-004603,ITEM-00010257,ORD-0015043,2024-02-26,Damaged,202.1
RET-004604,ITEM-00007570,ORD-0019272,2024-12-26,WrongItem,678.52
RET-004605,ITEM-00001604,ORD-0022819,2022-09-11,Late Delivery,796.3
RET-004606,ITEM-00014973,ORD-0004274,2024-08-27,Damaged,238.51
RET-004607,ITEM-00062520,ORD-0017284,2024-06-02,Damaged,247.6
RET-004608,ITEM-00050503,ORD-0018025,2023-07-28,Not as Described,64.6
RET-004609,ITEM-00020417,ORD-0015150,2024-03-31,Late Delivery,137.13
RET-004610,ITEM-00003910,ORD-0001003,2025-02-04,Late Delivery,719.12
RET-004611,ITEM-00069201,ORD-0009420,2022-11-06,Not as Described,361.48
RET-004612,ITEM-00024334,ORD-0014131,2023-04-15,Damaged,511.25
RET-004613,ITEM-00006877,ORD-0022255,2024-11-02,Not as Described,316.05
RET-004614,ITEM-00036538,ORD-0000236,2023-12-12,Damaged,295.06
RET-004615,ITEM-00011262,ORD-0007283,2022-08-27,Not as Described,104.84
RET-004616,ITEM-00066027,ORD-0012593,2023-09-08,WrongItem,300.36
RET-004617,ITEM-00009393,ORD-0022804,2022-04-19,Late Delivery,924.88
RET-004618,ITEM-00009986,ORD-0011532,2024-08-30,Damaged,354.15
RET-004619,ITEM-00004633,ORD-0022271,2022-09-21,Late Delivery,111.39
RET-004620,ITEM-00001012,ORD-0019122,2023-09-21,Late Delivery,1107.0
RET-004621,ITEM-00014603,ORD-0015478,2024-05-20,WrongItem,343.06
RET-004622,ITEM-00012869,ORD-0016985,2023-09-28,Changed Mind,478.62
RET-004623,ITEM-00022181,ORD-0012540,2023-05-06,Changed Mind,193.17
RET-004624,ITEM-00038066,ORD-0012750,2022-08-31,Changed Mind,593.43
RET-004625,ITEM-00058632,ORD-0007485,2024-03-25,WrongItem,985.3
RET-004626,ITEM-00027833,ORD-0000335,2023-01-06,Not as Described,213.52
RET-004627,ITEM-00055751,ORD-0018365,2022-01-03,WrongItem,737.85
RET-004628,ITEM-00013067,ORD-0016786,2024-05-16,Changed Mind,833.15
RET-004629,ITEM-00044085,ORD-0017708,2022-07-19,Not as Described,216.5
RET-004630,ITEM-00047036,ORD-0024777,2023-01-21,WrongItem,946.8
RET-004631,ITEM-00032613,ORD-0007359,2023-07-20,Damaged,129.6
RET-004632,ITEM-00028115,ORD-0005066,2022-11-20,Late Delivery,102.92
RET-004633,ITEM-00067535,ORD-0001281,2025-02-01,WrongItem,628.83
RET-004634,ITEM-00028538,ORD-0003675,2023-05-03,Changed Mind,926.5
RET-004635,ITEM-00007535,ORD-0000115,2025-01-22,WrongItem,1148.4
RET-004636,ITEM-00039661,ORD-0007856,2023-03-19,WrongItem,966.6
RET-004637,ITEM-00014133,ORD-0024512,2024-06-09,Late Delivery,104.33
RET-004638,ITEM-00054046,ORD-0005955,2023-12-03,WrongItem,269.12
RET-004639,ITEM-00051666,ORD-0020355,2024-08-04,Damaged,69.76
RET-004640,ITEM-00008915,ORD-0010045,2022-11-23,Damaged,673.17
RET-004641,ITEM-00043274,ORD-0023918,2024-08-14,Damaged,87.43
RET-004642,ITEM-00055430,ORD-0001895,2023-06-12,Changed Mind,637.7
RET-004643,ITEM-00046164,ORD-0019577,2023-12-30,Changed Mind,209.24
RET-004644,ITEM-00027894,ORD-0012559,2023-11-22,Damaged,353.82
RET-004645,ITEM-00056592,ORD-0003764,2024-03-13,Changed Mind,303.48
RET-004646,ITEM-00069068,ORD-0007463,2024-06-18,Damaged,308.2
RET-004647,ITEM-00052309,ORD-0003477,2022-12-10,WrongItem,32.55
RET-004648,ITEM-00035984,ORD-0013901,2024-02-11,Late Delivery,465.76
RET-004649,ITEM-00055792,ORD-0012176,2023-01-06,WrongItem,579.57
RET-004650,ITEM-00027788,ORD-0010214,2023-08-01,Damaged,101.65
RET-004651,ITEM-00009424,ORD-0019941,2023-09-01,Late Delivery,384.78
RET-004652,ITEM-00045943,ORD-0019322,2022-12-21,Late Delivery,443.84
RET-004653,ITEM-00011786,ORD-0002106,2022-02-13,WrongItem,385.65
RET-004654,ITEM-00032732,ORD-0006498,2022-12-15,WrongItem,340.85
RET-004655,ITEM-00035397,ORD-0012678,2022-08-31,WrongItem,622.2
RET-004656,ITEM-00048827,ORD-0000357,2024-04-20,Damaged,306.8
RET-004657,ITEM-00012041,ORD-0008478,2023-05-26,Changed Mind,13.63
RET-004658,ITEM-00062348,ORD-0024745,2022-09-15,WrongItem,90.7
RET-004659,ITEM-00038855,ORD-0005628,2023-01-04,Damaged,443.67
RET-004660,ITEM-00008803,ORD-0020993,2024-04-10,Late Delivery,245.12
RET-004661,ITEM-00025067,ORD-0008553,2022-06-09,Damaged,435.9
RET-004662,ITEM-00033048,ORD-0003271,2024-10-01,Damaged,1198.9
RET-004663,ITEM-00044108,ORD-0010215,2022-02-13,Late Delivery,125.9
RET-004664,ITEM-00067913,ORD-0006515,2024-01-10,Not as Described,603.4
RET-004665,ITEM-00036995,ORD-0018913,2022-08-13,Changed Mind,326.34
RET-004666,ITEM-00002747,ORD-0023827,2024-09-24,Late Delivery,85.96
RET-004667,ITEM-00032535,ORD-0018683,2022-12-20,Late Delivery,423.08
RET-004668,ITEM-00045232,ORD-0017569,2022-03-28,Not as Described,635.97
RET-004669,ITEM-00011793,ORD-0001918,2024-12-10,Late Delivery,213.79
RET-004670,ITEM-00015708,ORD-0011938,2024-12-01,Damaged,154.96
RET-004671,ITEM-00006482,ORD-0005429,2023-05-03,WrongItem,371.49
RET-004672,ITEM-00028948,ORD-0012695,2024-11-22,Changed Mind,923.05
RET-004673,ITEM-00037549,ORD-0008343,2022-01-19,Not as Described,277.32
RET-004674,ITEM-00063606,ORD-0000241,2024-11-26,WrongItem,67.12
RET-004675,ITEM-00010285,ORD-0020215,2022-01-27,Damaged,113.92
RET-004676,ITEM-00028222,ORD-0003443,2022-03-15,WrongItem,32.36
RET-004677,ITEM-00001554,ORD-0013871,2023-04-30,Late Delivery,174.18
RET-004678,ITEM-00056725,ORD-0013196,2022-06-24,Late Delivery,488.24
RET-004679,ITEM-00000781,ORD-0005110,2024-07-06,WrongItem,336.16
RET-004680,ITEM-00050168,ORD-0019516,2022-10-31,WrongItem,988.08
RET-004681,ITEM-00008017,ORD-0012600,2023-10-26,Changed Mind,415.5
RET-004682,ITEM-00011820,ORD-0005363,2023-12-16,WrongItem,738.95
RET-004683,ITEM-00067450,ORD-0018337,2022-11-05,Not as Described,1084.55
RET-004684,ITEM-00060315,ORD-0011048,2023-03-17,Changed Mind,116.41
RET-004685,ITEM-00069483,ORD-0004449,2022-07-28,Changed Mind,567.12
RET-004686,ITEM-00038794,ORD-0024267,2023-08-15,Changed Mind,874.25
RET-004687,ITEM-00021960,ORD-0023299,2024-10-08,Not as Described,88.97
RET-004688,ITEM-00039100,,2022-04-22,Late Delivery,407.45
RET-004689,ITEM-00063432,ORD-0007513,2024-06-12,Damaged,965.04
RET-004690,ITEM-00058222,ORD-0009427,2024-02-26,Damaged,200.46
RET-004691,ITEM-00037426,ORD-0015295,2022-12-20,Damaged,462.15
RET-004692,ITEM-00056944,ORD-0008020,2023-04-28,Not as Described,197.02
RET-004693,ITEM-00037941,ORD-0016267,2024-12-04,Late Delivery,143.98
RET-004694,ITEM-00057243,ORD-0021130,2022-02-09,Late Delivery,783.3
RET-004695,ITEM-00018231,ORD-0010109,2024-09-28,Late Delivery,85.5
RET-004696,ITEM-00042988,ORD-0009486,2023-05-10,WrongItem,417.81
RET-004697,ITEM-00043436,ORD-0023528,2022-06-27,Not as Described,85.76
RET-004698,ITEM-00041055,ORD-0019182,2022-10-03,Damaged,123.03
RET-004699,ITEM-00056016,ORD-0013491,2022-11-15,Damaged,984.48
RET-004700,ITEM-00053109,ORD-0020048,2023-04-26,WrongItem,154.7
RET-004701,ITEM-00063380,ORD-0007776,2023-12-14,WrongItem,467.79
RET-004702,ITEM-00039769,ORD-0003914,2024-12-27,WrongItem,23.09
RET-004703,ITEM-00046024,ORD-0017017,2024-04-15,Changed Mind,860.44
RET-004704,ITEM-00057964,ORD-0000464,2022-10-29,Not as Described,144.94
RET-004705,ITEM-00046729,ORD-0014187,2024-02-11,Not as Described,603.12
RET-004706,ITEM-00063503,ORD-0012237,2023-04-13,Changed Mind,226.15
RET-004707,ITEM-00037715,ORD-0021659,2023-08-12,Damaged,155.73
RET-004708,ITEM-00014608,ORD-0011866,2022-10-27,Damaged,30.94
RET-004709,ITEM-00008488,ORD-0003865,2024-03-10,Not as Described,253.44
RET-004710,ITEM-00053941,ORD-0006354,2023-07-20,Not as Described,184.48
RET-004711,ITEM-00064693,ORD-0011640,2022-12-31,Changed Mind,70.53
RET-004712,ITEM-00065307,ORD-0014277,2023-11-05,Not as Described,427.59
RET-004713,ITEM-00016260,ORD-0008090,2022-12-22,Damaged,279.48
RET-004714,ITEM-00031599,ORD-0001618,2023-04-26,Damaged,58.95
RET-004715,ITEM-00057858,ORD-0013995,2022-04-19,Late Delivery,136.94
RET-004716,ITEM-00045481,ORD-0021600,2023-09-13,WrongItem,150.81
RET-004717,ITEM-00039708,ORD-0003479,2024-07-19,Damaged,245.28
RET-004718,ITEM-00024732,ORD-0010892,2023-04-23,Damaged,378.21
RET-004719,ITEM-00053663,ORD-0004316,2024-06-10,Changed Mind,332.04
RET-004720,ITEM-00002964,ORD-0022184,2024-10-03,Late Delivery,576.7
RET-004721,ITEM-00023599,ORD-0002218,2022-07-02,Not as Described,247.02
RET-004722,ITEM-00044443,ORD-0023186,2024-04-10,Changed Mind,224.28
RET-004723,ITEM-00029653,ORD-0013021,2022-03-26,Late Delivery,285.44
RET-004724,ITEM-00009244,ORD-0000249,2022-07-25,Damaged,80.48
RET-004725,ITEM-00032587,ORD-0012315,2022-05-02,Changed Mind,638.7
RET-004726,ITEM-00027619,ORD-0021062,2024-05-09,Damaged,567.96
RET-004727,ITEM-00055957,ORD-0002833,2024-04-04,Damaged,333.39
RET-004728,ITEM-00052586,ORD-0017931,2024-11-07,Damaged,558.75
RET-004729,ITEM-00055770,ORD-0023195,2023-06-07,Changed Mind,81.28
RET-004730,ITEM-00008631,ORD-0014467,2023-08-29,Not as Described,36.72
RET-004731,ITEM-00036037,ORD-0013286,2023-04-27,Not as Described,173.2
RET-004732,ITEM-00025861,ORD-0020059,2023-08-05,Not as Described,230.64
RET-004733,ITEM-00006782,ORD-0016133,2023-11-02,Not as Described,964.4
RET-004734,ITEM-00033410,ORD-0021655,2023-05-04,Not as Described,824.05
RET-004735,ITEM-00058496,ORD-0021009,2023-04-27,Not as Described,186.04
RET-004736,ITEM-00007593,ORD-0011276,2023-05-29,Damaged,169.08
RET-004737,ITEM-00024000,ORD-0010220,2024-04-30,Changed Mind,168.04
RET-004738,ITEM-00006127,ORD-0024298,2022-05-02,Late Delivery,524.22
RET-004739,ITEM-00018542,ORD-0019862,2022-06-06,Late Delivery,506.55
RET-004740,ITEM-00056504,ORD-0019103,2024-01-21,Changed Mind,595.25
RET-004741,ITEM-00061958,ORD-0019646,2024-05-06,Changed Mind,444.3
RET-004742,ITEM-00011812,ORD-0003172,2022-11-23,Late Delivery,264.2
RET-004743,ITEM-00068017,ORD-0007204,2022-01-18,Changed Mind,123.24
RET-004744,ITEM-00044734,ORD-0011641,2022-01-18,Late Delivery,476.64
RET-004745,ITEM-00037305,ORD-0006535,2023-10-01,Changed Mind,31.87
RET-004746,ITEM-00042673,ORD-0023163,2024-12-24,WrongItem,169.98
RET-004747,ITEM-00069209,ORD-0013875,2022-09-07,Not as Described,257.67
RET-004748,ITEM-00030307,ORD-0001097,2023-02-20,WrongItem,774.8
RET-004749,ITEM-00012319,ORD-0016473,2023-07-24,Not as Described,471.76
RET-004750,ITEM-00010599,ORD-0012624,2023-12-08,Not as Described,436.85
RET-004751,ITEM-00043302,ORD-0016684,2023-11-01,Changed Mind,405.56
RET-004752,ITEM-00035813,ORD-0019556,2023-08-13,Changed Mind,88.4
RET-004753,ITEM-00069309,ORD-0022891,2022-02-05,Changed Mind,525.2
RET-004754,ITEM-00055812,ORD-0003017,2024-09-16,Late Delivery,312.05
RET-004755,ITEM-00022070,ORD-0020973,2023-08-01,Late Delivery,670.95
RET-004756,ITEM-00042471,ORD-0006760,2022-01-21,WrongItem,63.65
RET-004757,ITEM-00026411,ORD-0006544,2022-06-15,Damaged,690.1
RET-004758,ITEM-00056430,ORD-0016801,2022-06-21,WrongItem,308.84
RET-004759,ITEM-00017363,ORD-0015095,2024-09-09,Not as Described,85.9
RET-004760,ITEM-00042578,ORD-0002402,2022-06-10,WrongItem,384.88
RET-004761,ITEM-00009991,ORD-0002045,2022-09-21,Not as Described,454.18
RET-004762,ITEM-00019290,ORD-0015582,2022-12-18,Not as Described,973.96
RET-004763,ITEM-00029502,ORD-0018586,2025-01-31,Damaged,288.08
RET-004764,ITEM-00065347,ORD-0015102,2022-07-27,Late Delivery,533.68
RET-004765,ITEM-00013615,ORD-0002832,2024-04-09,Damaged,422.4
RET-004766,ITEM-00026085,ORD-0024808,2023-08-04,Changed Mind,128.22
RET-004767,ITEM-00059779,ORD-0010079,2022-03-02,Not as Described,425.56
RET-004768,ITEM-00042552,ORD-0020185,2023-06-18,Damaged,20.97
RET-004769,ITEM-00057024,ORD-0017287,2022-04-11,WrongItem,203.73
RET-004770,ITEM-00017627,ORD-0018498,2022-03-11,Changed Mind,442.9
RET-004771,ITEM-00001234,ORD-0024723,2022-06-10,Changed Mind,46.86
RET-004772,ITEM-00067788,ORD-0001505,2023-04-24,Not as Described,21.44
RET-004773,ITEM-00048058,ORD-0000933,2022-12-19,Late Delivery,110.7
RET-004774,ITEM-00008229,ORD-0003622,2025-01-06,Changed Mind,411.5
RET-004775,ITEM-00026618,ORD-0002232,2023-10-07,Damaged,854.2
RET-004776,ITEM-00013163,ORD-0015824,2024-11-15,Not as Described,1082.35
RET-004777,ITEM-00012882,ORD-0019532,2024-09-25,Changed Mind,186.99
RET-004778,ITEM-00033648,ORD-0020227,2024-01-26,Late Delivery,601.28
RET-004779,ITEM-00069095,ORD-0013238,2022-05-13,Damaged,137.76
RET-004780,ITEM-00001947,ORD-0012065,2023-10-08,Late Delivery,152.8
RET-004781,ITEM-00023461,ORD-0020889,2024-01-12,Damaged,244.24
RET-004782,ITEM-00033790,ORD-0017731,2024-07-21,Late Delivery,220.62
RET-004783,ITEM-00035857,ORD-0022188,2024-05-09,Not as Described,322.64
RET-004784,ITEM-00009472,ORD-0010103,2025-01-27,Late Delivery,425.4
RET-004785,ITEM-00038277,ORD-0007545,2022-02-16,Changed Mind,458.88
RET-004786,ITEM-00059091,ORD-0007979,2023-08-16,Damaged,58.59
RET-004787,ITEM-00017424,ORD-0013631,2024-03-27,Not as Described,-679.11
RET-004788,ITEM-00051382,ORD-0009893,2023-08-27,Not as Described,699.2
RET-004789,ITEM-00023210,ORD-0015526,2023-07-07,Late Delivery,222.33
RET-004790,ITEM-00023016,ORD-0014181,2023-12-31,Changed Mind,560.3
RET-004791,ITEM-00033250,ORD-0018860,2022-04-17,WrongItem,205.59
RET-004792,ITEM-00058224,ORD-0009430,2023-10-15,Late Delivery,35.21
RET-004793,ITEM-00044491,ORD-0015484,2023-03-08,Late Delivery,274.89
RET-004794,ITEM-00050260,ORD-0005054,2024-11-17,Late Delivery,133.74
RET-004795,ITEM-00061373,ORD-0007890,2023-10-14,WrongItem,402.46
RET-004796,ITEM-00035693,ORD-0024324,2023-08-08,Damaged,194.46
RET-004797,ITEM-00036746,ORD-0001078,2023-04-09,Damaged,851.32
RET-004798,ITEM-00014560,ORD-0002204,2022-09-27,Not as Described,233.52
RET-004799,ITEM-00021031,ORD-0000256,2022-06-29,WrongItem,693.15
RET-004800,ITEM-00031050,ORD-0002464,2023-05-28,Not as Described,174.55
RET-004801,ITEM-00026557,ORD-0008492,2023-04-12,Damaged,368.0
RET-004802,ITEM-00060498,ORD-0013831,2023-10-19,WrongItem,283.25
RET-004803,ITEM-00013742,ORD-0016094,2023-05-13,Late Delivery,255.52
RET-004804,ITEM-00041060,ORD-0015552,2024-10-28,Late Delivery,624.85
RET-004805,ITEM-00012831,ORD-0016872,2022-11-10,WrongItem,957.88
RET-004806,ITEM-00063627,ORD-0017386,2022-09-06,Changed Mind,114.97
RET-004807,ITEM-00048993,ORD-0016050,2023-06-29,Changed Mind,156.56
RET-004808,ITEM-00014615,ORD-0018393,2023-09-22,Late Delivery,301.3
RET-004809,ITEM-00033740,ORD-0011772,2022-12-14,Not as Described,170.14
RET-004810,ITEM-00045632,ORD-0010695,2023-01-18,WrongItem,537.09
RET-004811,ITEM-00016485,ORD-0012135,2022-11-01,Not as Described,423.0
RET-004812,ITEM-00041677,ORD-0014527,2022-09-30,WrongItem,722.31
RET-004813,ITEM-00015418,ORD-0018205,2023-07-15,Not as Described,363.78
RET-004814,ITEM-00022102,ORD-0021126,2023-10-31,Damaged,151.88
RET-004815,ITEM-00064523,ORD-0016894,2023-05-30,Changed Mind,472.4
RET-004816,ITEM-00022020,ORD-0013759,2024-11-14,Late Delivery,144.63
RET-004817,ITEM-00038069,ORD-0019363,2022-12-21,Damaged,677.8
RET-004818,ITEM-00035862,ORD-0021630,2023-09-30,Not as Described,403.74
RET-004819,ITEM-00053726,ORD-0015173,2022-06-16,Late Delivery,689.7
RET-004820,ITEM-00033655,ORD-0000491,2023-01-03,Late Delivery,238.92
RET-004821,ITEM-00050725,ORD-0000018,2024-03-19,Late Delivery,265.54
RET-004822,ITEM-00037488,ORD-0006972,2023-07-17,Late Delivery,418.5
RET-004823,ITEM-00061400,ORD-0003797,2024-05-01,Not as Described,487.9
RET-004824,ITEM-00012214,ORD-0008531,2023-08-22,Damaged,353.1
RET-004825,ITEM-00065676,ORD-0013099,2022-11-20,WrongItem,51.78
RET-004826,ITEM-00008669,ORD-0004947,2024-08-21,Damaged,702.95
RET-004827,ITEM-00021481,ORD-0006883,2023-06-02,Damaged,369.21
RET-004828,ITEM-00005440,ORD-0011858,2023-05-16,Not as Described,980.95
RET-004829,ITEM-00031031,ORD-0018821,2023-12-26,Late Delivery,480.6
RET-004830,ITEM-00025536,ORD-0019972,2022-09-14,Not as Described,256.84
RET-004831,ITEM-00025707,ORD-0006706,2023-09-24,Damaged,53.42
RET-004832,ITEM-00068170,ORD-0001494,2023-03-17,Changed Mind,133.53
RET-004833,ITEM-00009243,ORD-0021487,2023-05-25,Not as Described,353.0
RET-004834,ITEM-00006967,ORD-0015712,2025-03-21,Not as Described,884.9
RET-004835,ITEM-00004913,ORD-0018259,2024-12-19,Late Delivery,463.32
RET-004836,ITEM-00052322,ORD-0005623,2023-08-09,Damaged,137.88
RET-004837,ITEM-00035729,ORD-0016583,2022-10-14,Late Delivery,146.23
RET-004838,ITEM-00036197,ORD-0011758,2024-04-07,Damaged,420.2
RET-004839,ITEM-00010730,ORD-0002206,2023-09-21,WrongItem,27.8
RET-004840,ITEM-00041781,ORD-0021966,2024-03-09,Late Delivery,623.82
RET-004841,ITEM-00019068,ORD-0004252,2024-03-15,Changed Mind,252.8
RET-004842,ITEM-00068346,ORD-0024547,2022-08-23,Not as Described,1244.15
RET-004843,ITEM-00055045,ORD-0008392,2024-01-07,Late Delivery,564.68
RET-004844,ITEM-00007223,ORD-0005571,2023-06-21,Not as Described,415.5
RET-004845,ITEM-00029932,ORD-0020303,2023-05-29,Changed Mind,57.52
RET-004846,ITEM-00034531,ORD-0019719,2024-11-05,Late Delivery,563.15
RET-004847,ITEM-00034193,ORD-0014180,2023-07-21,Not as Described,384.9
RET-004848,ITEM-00065374,ORD-0015756,2023-04-09,Not as Described,1135.75
RET-004849,ITEM-00033317,ORD-0003134,2022-02-13,WrongItem,740.72
RET-004850,ITEM-00030229,ORD-0022337,2022-03-01,Changed Mind,213.51
RET-004851,ITEM-00066009,ORD-0000394,2023-12-22,Changed Mind,147.99
RET-004852,ITEM-00010551,ORD-0003103,2022-12-10,Late Delivery,693.64
RET-004853,ITEM-00001885,ORD-0004211,2024-10-08,Changed Mind,126.92
RET-004854,ITEM-00014869,ORD-0001636,2024-03-16,Changed Mind,57.46
RET-004855,ITEM-00004996,ORD-0021235,2023-02-10,Not as Described,656.44
RET-004856,ITEM-00007107,ORD-0003052,2023-12-04,WrongItem,726.27
RET-004857,ITEM-00019692,ORD-0018205,2022-08-20,Changed Mind,354.78
RET-004858,ITEM-00022797,ORD-0017645,2024-07-03,Damaged,207.72
RET-004859,ITEM-00014698,ORD-0017672,2024-06-19,Not as Described,237.25
RET-004860,ITEM-00027231,ORD-0000936,2023-04-23,Damaged,773.28
RET-004861,ITEM-00055818,ORD-0012833,2022-01-17,Changed Mind,629.76
RET-004862,ITEM-00042895,ORD-0009743,2022-04-18,Not as Described,166.14
RET-004863,ITEM-00025647,ORD-0003974,2022-02-19,Damaged,212.94
RET-004864,ITEM-00020442,ORD-0014113,2023-11-06,WrongItem,49.52
RET-004865,ITEM-00047289,ORD-0014730,2022-11-29,Damaged,730.12
RET-004866,ITEM-00029565,ORD-0023759,2024-08-30,Damaged,698.32
RET-004867,ITEM-00031500,ORD-0015449,2022-05-17,Changed Mind,244.28
RET-004868,ITEM-00014235,ORD-0013872,2023-09-13,Damaged,64.08
RET-004869,ITEM-00045402,ORD-0002701,2023-02-17,Changed Mind,64.06
RET-004870,ITEM-00064818,ORD-0020152,2024-03-12,Damaged,716.6
RET-004871,ITEM-00006379,ORD-0015518,2022-08-22,Late Delivery,744.36
RET-004872,ITEM-00044667,ORD-0004103,2024-10-18,Not as Described,403.56
RET-004873,ITEM-00021361,ORD-0010115,2024-03-06,Changed Mind,624.36
RET-004874,ITEM-00013994,ORD-0004276,2024-10-18,Changed Mind,64.42
RET-004875,ITEM-00058931,ORD-0009465,2022-02-08,Damaged,279.12
RET-004876,ITEM-00026422,ORD-0022494,2023-04-27,Late Delivery,345.12
RET-004877,ITEM-00040246,,2024-03-02,Not as Described,649.89
RET-004878,ITEM-00012390,ORD-0009990,2023-03-24,Late Delivery,409.86
RET-004879,ITEM-00002661,ORD-0017232,2024-02-26,WrongItem,996.6
RET-004880,ITEM-00048197,ORD-0007961,2024-11-08,Not as Described,85.26
RET-004881,ITEM-00001791,ORD-0022882,2022-12-20,Late Delivery,129.05
RET-004882,ITEM-00039188,ORD-0015935,2023-01-08,WrongItem,449.01
RET-004883,ITEM-00068163,ORD-0014240,2024-01-31,Late Delivery,163.64
RET-004884,ITEM-00064242,ORD-0007679,2023-05-01,Changed Mind,721.14
RET-004885,ITEM-00069953,ORD-0018165,2022-06-19,Changed Mind,229.72
RET-004886,ITEM-00034182,ORD-0021953,2023-01-14,Damaged,195.05
RET-004887,ITEM-00026377,ORD-0008723,2023-08-22,Late Delivery,135.56
RET-004888,ITEM-00060943,ORD-0013186,2024-10-28,Damaged,241.42
RET-004889,ITEM-00002727,ORD-0012879,2022-07-20,Damaged,26.91
RET-004890,ITEM-00056301,ORD-0000999,2022-09-27,Changed Mind,17.26
RET-004891,ITEM-00028740,ORD-0017379,2024-03-02,Damaged,142.16
RET-004892,ITEM-00051699,ORD-0001384,2025-01-01,Damaged,685.71
RET-004893,ITEM-00057284,ORD-0018520,2022-02-16,Damaged,61.94
RET-004894,ITEM-00007566,ORD-0023584,2024-04-09,WrongItem,594.2
RET-004895,ITEM-00027046,ORD-0016373,2024-07-24,Not as Described,60.11
RET-004896,ITEM-00032788,ORD-0018881,2023-08-20,Damaged,258.48
RET-004897,ITEM-00035858,ORD-0003601,2024-10-23,Damaged,568.92
RET-004898,ITEM-00054308,ORD-0013543,2023-09-01,WrongItem,197.76
RET-004899,ITEM-00048322,ORD-0016417,2024-05-07,Damaged,64.54
RET-004900,ITEM-00055999,ORD-0009427,2023-11-01,Late Delivery,325.68
RET-004901,ITEM-00015044,ORD-0002415,2023-12-26,WrongItem,364.2
RET-004902,ITEM-00064627,ORD-0024273,2023-01-23,WrongItem,300.9
RET-004903,ITEM-00033920,ORD-0016278,2022-07-10,Changed Mind,341.22
RET-004904,ITEM-00052747,ORD-0000182,2024-08-29,WrongItem,156.97
RET-004905,ITEM-00012966,ORD-0014554,2025-01-14,Late Delivery,1002.3
RET-004906,ITEM-00034184,ORD-0024881,2024-08-16,Not as Described,596.49
RET-004907,ITEM-00048995,ORD-0017467,2023-06-19,Late Delivery,477.58
RET-004908,ITEM-00045311,ORD-0017439,2024-08-22,Late Delivery,117.1
RET-004909,ITEM-00040870,ORD-0012472,2023-04-17,WrongItem,708.56
RET-004910,ITEM-00032170,ORD-0000025,2023-07-06,Changed Mind,45.08
RET-004911,ITEM-00024735,ORD-0020240,2023-08-19,WrongItem,46.9
RET-004912,ITEM-00055966,ORD-0008635,2022-09-07,Not as Described,653.0
RET-004913,ITEM-00050297,ORD-0009804,2023-08-25,WrongItem,175.47
RET-004914,ITEM-00058919,ORD-0018461,2024-06-06,Changed Mind,162.77
RET-004915,ITEM-00031543,ORD-0016747,2022-04-16,Not as Described,931.85
RET-004916,ITEM-00053176,ORD-0000608,2023-07-04,WrongItem,737.48
RET-004917,ITEM-00026779,ORD-0009838,2022-08-23,Not as Described,540.66
RET-004918,ITEM-00065359,ORD-0011879,2023-07-21,Late Delivery,220.99
RET-004919,ITEM-00067895,ORD-0013753,2024-01-05,Not as Described,58.72
RET-004920,ITEM-00057924,ORD-0019802,2022-05-17,Changed Mind,165.63
RET-004921,ITEM-00065497,ORD-0022167,2022-09-15,Changed Mind,140.15
RET-004922,ITEM-00015711,ORD-0016937,2024-12-31,WrongItem,174.32
RET-004923,ITEM-00018459,ORD-0015978,2024-02-10,Late Delivery,609.63
RET-004924,ITEM-00028453,ORD-0001223,2024-04-26,WrongItem,377.5
RET-004925,ITEM-00022341,ORD-0010799,2022-10-09,Changed Mind,548.88
RET-004926,ITEM-00043253,ORD-0022636,2023-11-24,Changed Mind,326.73
RET-004927,ITEM-00036634,ORD-0005579,2023-02-20,Damaged,1107.55
RET-004928,ITEM-00051783,ORD-0016962,2023-05-30,Not as Described,294.1
RET-004929,ITEM-00006582,ORD-0000056,2023-01-14,Damaged,130.01
RET-004930,ITEM-00059251,ORD-0007716,2023-12-21,WrongItem,145.89
RET-004931,ITEM-00068811,ORD-0014511,2024-12-01,Changed Mind,240.15
RET-004932,ITEM-00045761,ORD-0018892,2022-09-08,Late Delivery,150.57
RET-004933,ITEM-00047871,ORD-0002232,2022-12-04,Damaged,62.86
RET-004934,ITEM-00009712,ORD-0018867,2023-07-12,Damaged,126.44
RET-004935,ITEM-00039145,ORD-0005391,2023-01-13,Not as Described,1125.2
RET-004936,ITEM-00019343,ORD-0008091,2022-04-19,Not as Described,52.0
RET-004937,ITEM-00012996,ORD-0022274,2024-08-12,Changed Mind,267.7
RET-004938,ITEM-00047565,ORD-0022302,2024-01-26,Not as Described,165.08
RET-004939,ITEM-00042898,ORD-0024376,2024-06-20,WrongItem,139.55
RET-004940,ITEM-00060941,ORD-0003928,2024-08-16,Late Delivery,159.72
RET-004941,ITEM-00059919,ORD-0000487,2022-02-08,Changed Mind,25.58
RET-004942,ITEM-00040520,ORD-0010862,2024-07-22,WrongItem,247.08
RET-004943,ITEM-00039665,ORD-0018684,2024-05-25,Damaged,724.53
RET-004944,ITEM-00037905,ORD-0001909,2024-02-02,Changed Mind,340.66
RET-004945,ITEM-00069461,ORD-0002747,2022-06-30,Changed Mind,180.75
RET-004946,ITEM-00023951,ORD-0023518,2023-04-15,Damaged,727.4
RET-004947,ITEM-00038501,ORD-0001048,2022-09-09,Not as Described,456.78
RET-004948,ITEM-00053145,ORD-0010727,2024-12-18,Not as Described,552.81
RET-004949,ITEM-00045108,ORD-0000916,2024-08-25,Changed Mind,619.55
RET-004950,ITEM-00064504,ORD-0002077,2024-10-06,Late Delivery,89.02
RET-004951,ITEM-00029578,ORD-0019029,2024-02-28,Damaged,-358.96
RET-004952,ITEM-00031531,ORD-0022546,2024-03-11,Not as Described,132.78
RET-004953,ITEM-00069864,ORD-0014306,2022-12-20,Changed Mind,616.4
RET-004954,ITEM-00062910,ORD-0020099,2025-01-06,Changed Mind,50.35
RET-004955,ITEM-00069067,ORD-0009386,2024-01-26,Late Delivery,371.8
RET-004956,ITEM-00057850,ORD-0009767,2022-12-25,Not as Described,678.42
RET-004957,ITEM-00013908,ORD-0023007,2023-11-27,Damaged,299.38
RET-004958,ITEM-00047082,ORD-0010497,2024-05-09,Changed Mind,174.6
RET-004959,ITEM-00034217,ORD-0009083,2022-06-05,Not as Described,567.36
RET-004960,ITEM-00061926,ORD-0013178,2022-07-13,Late Delivery,94.63
RET-004961,ITEM-00031495,ORD-0020516,2022-04-12,Not as Described,637.72
RET-004962,ITEM-00063754,ORD-0018770,2022-07-08,Damaged,140.92
RET-004963,ITEM-00046061,ORD-0006288,2023-03-10,Changed Mind,227.48
RET-004964,ITEM-00005669,ORD-0021316,2023-10-10,Changed Mind,301.04
RET-004965,ITEM-00034860,ORD-0001924,2023-01-05,Late Delivery,223.04
RET-004966,ITEM-00030705,ORD-0013902,2022-01-20,Not as Described,202.46
RET-004967,ITEM-00004070,ORD-0005332,2023-08-02,Late Delivery,461.08
RET-004968,ITEM-00042909,ORD-0020229,2022-12-24,WrongItem,774.72
RET-004969,ITEM-00068592,ORD-0023031,2024-11-11,Not as Described,502.86
RET-004970,ITEM-00055589,ORD-0024928,2025-01-10,Changed Mind,186.35
RET-004971,ITEM-00019757,ORD-0016549,2023-03-16,Not as Described,426.24
RET-004972,ITEM-00027398,ORD-0004242,2024-04-03,Damaged,645.36
RET-004973,ITEM-00053876,ORD-0006848,2024-09-04,Late Delivery,84.27
RET-004974,ITEM-00047505,ORD-0024747,2024-02-20,WrongItem,178.21
RET-004975,ITEM-00043562,ORD-0022556,2023-03-27,Not as Described,193.7
RET-004976,ITEM-00015690,ORD-0004417,2022-10-21,Damaged,67.85
RET-004977,ITEM-00059921,ORD-0000175,2023-08-22,WrongItem,403.5
RET-004978,ITEM-00044714,ORD-0023517,2023-11-28,Not as Described,243.12
RET-004979,ITEM-00050616,ORD-0001634,2024-10-21,Changed Mind,59.57
RET-004980,ITEM-00052045,ORD-0007242,2022-04-02,Late Delivery,978.4
RET-004981,ITEM-00019615,ORD-0004974,2023-08-25,Late Delivery,180.32
RET-004982,ITEM-00008178,ORD-0002490,2024-02-14,WrongItem,421.47
RET-004983,ITEM-00065201,ORD-0020561,2022-03-21,Changed Mind,324.74
RET-004984,ITEM-00020196,ORD-0001039,2023-03-20,Not as Described,215.55
RET-004985,ITEM-00034404,ORD-0010656,2023-12-18,WrongItem,671.9
RET-004986,ITEM-00067073,ORD-0022414,2024-01-13,WrongItem,189.12
RET-004987,ITEM-00056402,ORD-0018514,2022-02-28,Damaged,622.28
RET-004988,ITEM-00048264,ORD-0001166,2024-01-18,Damaged,407.25
RET-004989,ITEM-00027766,ORD-0020748,2022-07-26,Damaged,722.16
RET-004990,ITEM-00031868,ORD-0000866,2022-08-05,,543.44
RET-004991,ITEM-00034807,ORD-0006365,2025-01-05,,9.99
RET-004992,ITEM-00018563,ORD-0011169,2023-10-31,Changed Mind,136.26
RET-004993,ITEM-00067427,ORD-0012668,2024-03-07,Not as Described,702.24
RET-004994,ITEM-00037132,ORD-0022350,2024-02-26,Damaged,730.86
RET-004995,ITEM-00052321,ORD-0011620,2024-10-13,Changed Mind,19.4
RET-004996,ITEM-00029882,ORD-0002417,2024-05-25,Not as Described,447.56
RET-004997,ITEM-00045039,ORD-0011290,2023-03-31,Changed Mind,238.39
RET-004998,ITEM-00057827,ORD-0024464,2024-04-19,Not as Described,419.76
RET-004999,ITEM-00011581,ORD-0016260,2022-10-03,Damaged,1105.5
RET-005000,ITEM-00067564,ORD-0010855,2022-07-11,Not as Described,133.23
RET-005001,ITEM-00030926,ORD-0001202,2023-05-19,Damaged,424.84
RET-005002,ITEM-00059799,ORD-0022590,2024-04-27,Changed Mind,221.58
RET-005003,ITEM-00067862,ORD-0021451,2023-12-04,Not as Described,189.3
RET-005004,ITEM-00042995,ORD-0007863,2023-07-26,Not as Described,349.65
RET-005005,ITEM-00033788,ORD-0017410,2023-06-15,Changed Mind,-20.31
RET-005006,ITEM-00017392,ORD-0018143,2022-11-06,Late Delivery,198.9
RET-005007,ITEM-00062370,ORD-0012248,2024-12-19,Late Delivery,110.54
RET-005008,ITEM-00066105,ORD-0024601,2023-05-06,Damaged,97.19
RET-005009,ITEM-00042348,ORD-0002760,2022-06-14,Not as Described,48.0
RET-005010,ITEM-00049465,ORD-0012880,2024-07-27,Late Delivery,69.75
RET-005011,ITEM-00004287,ORD-0004615,2023-09-15,Changed Mind,794.28
RET-005012,ITEM-00027244,ORD-0005717,2024-01-07,Late Delivery,1139.8
RET-005013,ITEM-00042020,ORD-0016758,2022-12-14,WrongItem,376.95
RET-005014,ITEM-00022910,ORD-0012148,2022-04-26,Damaged,951.05
RET-005015,ITEM-00044044,ORD-0019347,2024-11-01,WrongItem,18.76
RET-005016,ITEM-00008889,ORD-0013350,2024-02-12,Not as Described,463.12
RET-005017,ITEM-00043002,ORD-0018087,2023-05-27,Late Delivery,954.24
RET-005018,ITEM-00030923,ORD-0013604,2024-07-31,Damaged,562.2
RET-005019,ITEM-00053444,ORD-0011622,2024-06-15,WrongItem,186.4
RET-005020,ITEM-00050773,ORD-0013637,2023-04-25,WrongItem,1210.9
RET-005021,ITEM-00060417,ORD-0017824,2023-09-26,Late Delivery,244.52
RET-005022,ITEM-00005945,ORD-0005352,2022-11-20,Damaged,404.12
RET-005023,ITEM-00044326,ORD-0022334,2023-06-13,Not as Described,149.35
RET-005024,ITEM-00020316,ORD-0006445,2022-07-26,Not as Described,198.77
RET-005025,ITEM-00028987,ORD-0009488,2022-08-18,WrongItem,45.76
RET-005026,ITEM-00000688,ORD-0016265,2022-10-14,Not as Described,699.36
RET-005027,ITEM-00022446,ORD-0020783,2022-06-09,Not as Described,73.2
RET-005028,ITEM-00063574,ORD-0024836,2022-09-20,Late Delivery,288.32
RET-005029,ITEM-00008300,ORD-0023919,2023-12-05,Changed Mind,416.84
RET-005030,ITEM-00002650,ORD-0014347,2024-11-13,Damaged,595.05
RET-005031,ITEM-00054889,ORD-0015831,2023-08-22,Changed Mind,187.08
RET-005032,ITEM-00064414,ORD-0008369,2022-02-05,Not as Described,644.43
RET-005033,ITEM-00036107,ORD-0006717,2023-09-23,WrongItem,479.1
RET-005034,ITEM-00010150,ORD-0015152,2022-02-07,WrongItem,733.74
RET-005035,ITEM-00019915,ORD-0012101,2022-07-16,WrongItem,71.68
RET-005036,ITEM-00062130,ORD-0002016,2024-06-07,Damaged,825.36
RET-005037,ITEM-00052870,ORD-0020987,2022-02-11,Changed Mind,249.12
RET-005038,ITEM-00011249,ORD-0015474,2022-03-26,Damaged,624.96
RET-005039,ITEM-00008185,ORD-0015915,2024-07-16,Damaged,717.76
RET-005040,ITEM-00008962,ORD-0024064,2024-05-21,Damaged,266.06
RET-005041,ITEM-00031143,ORD-0006077,2022-09-15,Not as Described,693.81
RET-005042,ITEM-00044762,ORD-0016788,2023-12-12,WrongItem,296.4
RET-005043,ITEM-00012587,ORD-0022575,2023-03-12,Not as Described,406.08
RET-005044,ITEM-00007783,ORD-0024168,2024-01-17,Damaged,330.52
RET-005045,ITEM-00019205,ORD-0015508,2022-03-04,Changed Mind,353.5
RET-005046,ITEM-00020587,ORD-0020744,2022-05-14,Late Delivery,56.68
RET-005047,ITEM-00052812,ORD-0008863,2022-11-25,Late Delivery,569.67
RET-005048,ITEM-00042478,ORD-0009796,2024-08-08,Changed Mind,324.6
RET-005049,ITEM-00024277,ORD-0017149,2023-01-29,Changed Mind,488.68
RET-005050,ITEM-00069139,ORD-0019445,2024-05-29,Late Delivery,815.2
RET-005051,ITEM-00007761,ORD-0008500,2024-01-23,Damaged,70.45
RET-005052,ITEM-00019009,ORD-0013161,2024-07-04,Changed Mind,275.58
RET-005053,ITEM-00019933,ORD-0009529,2024-03-26,Changed Mind,318.48
RET-005054,ITEM-00018968,ORD-0008917,2024-08-04,Late Delivery,470.42
RET-005055,ITEM-00025128,ORD-0019455,2023-08-16,Changed Mind,426.1
RET-005056,ITEM-00059090,ORD-0019400,2023-03-02,WrongItem,518.16
RET-005057,ITEM-00014191,ORD-0006551,2022-08-11,Changed Mind,33.72
RET-005058,ITEM-00014762,ORD-0017313,2022-03-19,Not as Described,189.74
RET-005059,ITEM-00055816,ORD-0018259,2023-01-17,Damaged,568.1
RET-005060,ITEM-00033618,ORD-0021740,2023-04-04,Changed Mind,472.38
RET-005061,ITEM-00066133,ORD-0001468,2023-04-13,Late Delivery,99.77
RET-005062,ITEM-00039790,ORD-0000521,2022-07-11,Damaged,88.62
RET-005063,ITEM-00019610,ORD-0014211,2023-12-29,Changed Mind,354.96
RET-005064,ITEM-00022160,ORD-0006827,2023-01-19,Changed Mind,501.72
RET-005065,ITEM-00021559,ORD-0004866,2024-09-15,Late Delivery,167.74
RET-005066,ITEM-00039926,ORD-0021101,2022-04-05,Late Delivery,53.72
RET-005067,ITEM-00037053,ORD-0024563,2023-12-02,Damaged,229.61
RET-005068,ITEM-00057726,ORD-0023271,2022-10-27,Damaged,171.41
RET-005069,ITEM-00069286,ORD-0008288,2024-08-17,WrongItem,476.13
RET-005070,ITEM-00039311,ORD-0010815,2022-04-18,Damaged,840.6
RET-005071,ITEM-00023852,ORD-0011634,2023-07-18,WrongItem,479.04
RET-005072,ITEM-00026541,ORD-0006994,2023-12-29,Not as Described,728.25
RET-005073,ITEM-00055746,ORD-0021205,2024-10-25,Changed Mind,89.7
RET-005074,ITEM-00069537,ORD-0017990,2024-05-29,Changed Mind,352.84
RET-005075,ITEM-00016249,ORD-0015647,2022-11-05,WrongItem,742.11
RET-005076,ITEM-00032686,ORD-0023965,2024-09-04,Changed Mind,672.55
RET-005077,ITEM-00045528,ORD-0000086,2025-01-10,Damaged,906.12
RET-005078,ITEM-00027103,ORD-0004068,2024-10-25,Damaged,137.67
RET-005079,ITEM-00023731,ORD-0002445,2023-09-26,Changed Mind,483.28
RET-005080,ITEM-00069855,ORD-0014081,2022-03-03,Damaged,279.0
RET-005081,ITEM-00042670,ORD-0014892,2022-03-14,Late Delivery,870.64
RET-005082,ITEM-00025053,ORD-0005446,2023-01-04,WrongItem,400.86
RET-005083,ITEM-00009731,ORD-0024843,2023-09-04,Damaged,994.35
RET-005084,ITEM-00052684,ORD-0005138,2022-01-30,Late Delivery,60.34
RET-005085,ITEM-00049115,ORD-0006736,2022-12-12,WrongItem,974.32
RET-005086,ITEM-00053623,ORD-0005471,2023-06-06,Damaged,74.48
RET-005087,ITEM-00069622,ORD-0010252,2023-02-20,Changed Mind,64.94
RET-005088,ITEM-00056664,ORD-0000882,2024-02-04,Not as Described,18.4
RET-005089,ITEM-00026808,ORD-0011800,2022-08-08,Damaged,698.75
RET-005090,ITEM-00041943,ORD-0013879,2023-03-17,WrongItem,241.27
RET-005091,ITEM-00007735,ORD-0001945,2023-05-21,Changed Mind,202.62
RET-005092,ITEM-00022520,ORD-0012939,2024-01-06,Late Delivery,175.54
RET-005093,ITEM-00040414,ORD-0023387,2022-10-05,Late Delivery,136.2
RET-005094,ITEM-00000483,ORD-0002331,2024-01-08,Late Delivery,683.8
RET-005095,ITEM-00059895,ORD-0005081,2022-09-23,WrongItem,439.32
RET-005096,ITEM-00010442,ORD-0009056,2023-12-26,WrongItem,439.92
RET-005097,ITEM-00012834,ORD-0023374,2023-04-14,Damaged,31.42
RET-005098,ITEM-00039209,ORD-0024509,2022-03-01,Late Delivery,671.08
RET-005099,ITEM-00004684,ORD-0007437,2024-08-12,Damaged,311.56
RET-005100,ITEM-00013901,ORD-0008950,2022-03-01,WrongItem,592.92
RET-005101,ITEM-00034133,ORD-0024199,2022-06-13,Changed Mind,501.36
RET-005102,ITEM-00057350,ORD-0011900,2023-03-04,Not as Described,726.51
RET-005103,ITEM-00052713,ORD-0014365,2024-11-06,Not as Described,19.34
RET-005104,ITEM-00036166,ORD-0020571,2023-05-19,Changed Mind,213.52
RET-005105,ITEM-00004970,ORD-0005240,2023-07-14,WrongItem,702.64
RET-005106,ITEM-00034981,ORD-0006406,2022-02-24,WrongItem,563.55
RET-005107,ITEM-00053531,ORD-0008805,2024-09-01,Changed Mind,839.95
RET-005108,ITEM-00043760,ORD-0024819,2023-12-19,Damaged,132.35
RET-005109,ITEM-00030440,ORD-0017911,2023-02-25,Late Delivery,495.88
RET-005110,ITEM-00034375,ORD-0012646,2023-08-20,WrongItem,583.38
RET-005111,ITEM-00025910,ORD-0008992,2024-09-20,WrongItem,74.38
RET-005112,ITEM-00012762,ORD-0018998,2023-06-14,Not as Described,297.48
RET-005113,ITEM-00005266,ORD-0009216,2024-05-06,Late Delivery,144.4
RET-005114,ITEM-00037147,ORD-0003202,2023-06-05,Not as Described,364.36
RET-005115,ITEM-00030039,ORD-0017831,2022-02-21,WrongItem,533.19
RET-005116,ITEM-00017254,ORD-0017826,2024-06-02,Changed Mind,437.55
RET-005117,ITEM-00038420,ORD-0024333,2023-01-02,Not as Described,12.69
RET-005118,ITEM-00023274,ORD-0023310,2023-10-01,WrongItem,35.3
RET-005119,ITEM-00014629,ORD-0024768,2022-06-22,Damaged,502.96
RET-005120,ITEM-00059429,ORD-0014922,2023-11-16,Not as Described,979.5
RET-005121,ITEM-00039958,ORD-0009396,2024-06-02,Late Delivery,224.84
RET-005122,ITEM-00059977,ORD-0006207,2023-07-17,Not as Described,195.0
RET-005123,ITEM-00025982,ORD-0024539,2024-08-12,Not as Described,-891.55
RET-005124,ITEM-00055832,ORD-0018103,2023-06-02,Late Delivery,143.97
RET-005125,ITEM-00034504,ORD-0018562,2022-07-03,Damaged,1070.65
RET-005126,ITEM-00033661,ORD-0020168,2022-05-15,Late Delivery,227.65
RET-005127,ITEM-00017672,ORD-0023969,2024-08-11,Changed Mind,416.76
RET-005128,ITEM-00057533,ORD-0005264,2022-08-01,Late Delivery,44.88
RET-005129,ITEM-00045874,ORD-0015077,2024-11-03,Late Delivery,206.6
RET-005130,ITEM-00034240,ORD-0023498,2022-12-05,WrongItem,803.35
RET-005131,ITEM-00007668,ORD-0020229,2024-06-06,Damaged,20.04
RET-005132,ITEM-00037944,ORD-0006566,2023-05-05,Not as Described,61.26
RET-005133,ITEM-00012341,ORD-0003787,2022-08-23,Damaged,137.62
RET-005134,ITEM-00034317,ORD-0021019,2025-01-27,Damaged,107.06
RET-005135,ITEM-00054294,ORD-0020198,2023-06-24,Damaged,653.76
RET-005136,ITEM-00050028,ORD-0008363,2023-11-17,Late Delivery,671.94
RET-005137,ITEM-00069672,ORD-0006665,2023-04-28,Late Delivery,32.56
RET-005138,ITEM-00063376,ORD-0018875,2024-06-01,Late Delivery,537.75
RET-005139,ITEM-00023914,ORD-0008995,2023-06-04,WrongItem,470.04
RET-005140,ITEM-00008901,ORD-0005528,2024-05-03,Damaged,829.15
RET-005141,ITEM-00036168,ORD-0010940,2022-03-28,Late Delivery,434.8
RET-005142,ITEM-00024620,ORD-0013297,2023-07-28,Not as Described,140.46
RET-005143,ITEM-00032062,ORD-0012126,2023-10-09,Late Delivery,133.59
RET-005144,ITEM-00008460,ORD-0020541,2022-07-08,Changed Mind,255.2
RET-005145,ITEM-00052599,ORD-0009605,2023-10-07,Changed Mind,202.86
RET-005146,ITEM-00057653,ORD-0000107,2024-10-25,Not as Described,350.55
RET-005147,ITEM-00017982,ORD-0024327,2024-05-17,Damaged,26.82
RET-005148,ITEM-00065353,ORD-0015361,2023-08-08,Not as Described,881.96
RET-005149,ITEM-00055787,ORD-0011379,2023-11-14,Not as Described,1044.1
RET-005150,ITEM-00025437,ORD-0019847,2023-09-08,Changed Mind,260.88
RET-005151,ITEM-00006652,ORD-0007379,2023-08-14,Changed Mind,430.24
RET-005152,ITEM-00054264,ORD-0013737,2022-03-30,Late Delivery,641.85
RET-005153,ITEM-00065728,ORD-0022854,2023-06-20,Changed Mind,16.88
RET-005154,ITEM-00002846,ORD-0020583,2022-09-11,WrongItem,92.61
RET-005155,ITEM-00044464,ORD-0011062,2022-03-11,Not as Described,457.44
RET-005156,ITEM-00066146,ORD-0023452,2024-07-19,WrongItem,553.55
RET-005157,ITEM-00015644,ORD-0020334,2022-09-18,Changed Mind,545.73
RET-005158,ITEM-00015725,ORD-0000655,2022-12-06,Not as Described,52.7
RET-005159,ITEM-00020358,ORD-0008804,2024-04-27,Damaged,830.95
RET-005160,ITEM-00039833,ORD-0002056,2023-06-07,Damaged,857.55
RET-005161,ITEM-00026206,ORD-0006058,2023-10-07,WrongItem,101.35
RET-005162,ITEM-00021371,ORD-0022696,2023-12-01,Late Delivery,162.32
RET-005163,ITEM-00067044,ORD-0012190,2024-12-22,Not as Described,625.17
RET-005164,ITEM-00041498,ORD-0017712,2022-09-01,WrongItem,236.36
RET-005165,ITEM-00064191,ORD-0002303,2022-03-29,Late Delivery,219.45
RET-005166,ITEM-00051567,ORD-0000092,2024-06-05,Damaged,325.52
RET-005167,ITEM-00047194,ORD-0019181,2023-04-30,Damaged,394.05
RET-005168,ITEM-00023489,ORD-0000712,2022-04-29,Damaged,109.68
RET-005169,ITEM-00004975,ORD-0017864,2022-05-26,Changed Mind,484.29
RET-005170,ITEM-00042579,ORD-0003612,2024-05-27,Not as Described,374.1
RET-005171,ITEM-00065545,ORD-0008973,2023-04-08,WrongItem,146.29
RET-005172,ITEM-00004937,ORD-0021713,2022-07-04,Late Delivery,220.35
RET-005173,ITEM-00034571,ORD-0006219,2022-03-12,Damaged,22.62
RET-005174,ITEM-00027828,ORD-0001259,2023-10-07,WrongItem,181.22
RET-005175,ITEM-00032700,ORD-0010169,2023-11-29,Late Delivery,454.76
RET-005176,ITEM-00022738,ORD-0018047,2022-12-15,Late Delivery,32.48
RET-005177,ITEM-00055012,ORD-0023167,2022-02-06,Changed Mind,218.95
RET-005178,ITEM-00040742,ORD-0019533,2023-07-30,Changed Mind,334.95
RET-005179,ITEM-00043485,ORD-0016114,2023-08-31,Not as Described,144.06
RET-005180,ITEM-00060786,ORD-0015155,2024-04-01,WrongItem,1050.45
RET-005181,ITEM-00059502,ORD-0010035,2023-09-18,Damaged,277.8
RET-005182,ITEM-00030682,ORD-0021643,2023-02-24,WrongItem,352.95
RET-005183,ITEM-00047298,ORD-0006102,2022-04-22,Changed Mind,918.68
RET-005184,ITEM-00025729,ORD-0015127,2022-09-17,Damaged,223.45
RET-005185,ITEM-00002824,ORD-0004817,2023-03-09,WrongItem,453.05
RET-005186,ITEM-00057715,ORD-0016737,2022-08-08,Damaged,393.48
RET-005187,ITEM-00025249,ORD-0001588,2024-01-07,WrongItem,83.7
RET-005188,ITEM-00027716,ORD-0011773,2023-04-12,Changed Mind,8.47
RET-005189,ITEM-00039095,ORD-0024779,2024-03-24,WrongItem,692.04
RET-005190,ITEM-00052885,ORD-0018839,2025-01-26,Late Delivery,469.8
RET-005191,ITEM-00026634,ORD-0006711,2023-09-14,Not as Described,339.57
RET-005192,ITEM-00050742,ORD-0001954,2023-06-13,Changed Mind,423.42
RET-005193,ITEM-00054303,ORD-0014935,2022-06-15,Damaged,319.72
RET-005194,ITEM-00025983,ORD-0001916,2023-04-26,Late Delivery,457.6
RET-005195,ITEM-00042494,ORD-0001325,2022-12-04,,1143.05
RET-005196,ITEM-00014752,ORD-0021443,2024-12-18,,144.56
RET-005197,ITEM-00052130,ORD-0019689,2023-06-10,Damaged,134.81
RET-005198,ITEM-00044215,ORD-0011983,2024-04-25,WrongItem,410.52
RET-005199,ITEM-00055004,ORD-0018210,2022-04-28,Damaged,288.42
RET-005200,ITEM-00021815,ORD-0023648,2022-05-31,Not as Described,506.65
RET-005201,ITEM-00016410,ORD-0018229,2023-10-14,Damaged,235.61
RET-005202,ITEM-00069793,ORD-0000050,2022-09-18,Damaged,628.56
RET-005203,ITEM-00037109,ORD-0005930,2023-04-03,Damaged,138.66
RET-005204,ITEM-00028707,ORD-0006581,2024-03-10,Not as Described,332.94
RET-005205,ITEM-00047480,ORD-0017951,2022-05-11,Late Delivery,94.09
RET-005206,ITEM-00057904,ORD-0022354,2022-02-03,Damaged,1024.25
RET-005207,ITEM-00048339,ORD-0000847,2023-04-02,Late Delivery,598.24
RET-005208,ITEM-00002814,ORD-0014786,2022-05-09,Damaged,246.52
RET-005209,ITEM-00004935,ORD-0024315,2023-05-15,Changed Mind,78.16
RET-005210,ITEM-00005358,ORD-0009577,2024-08-05,Damaged,749.88
RET-005211,ITEM-00022118,ORD-0006134,2023-05-30,Changed Mind,182.38
RET-005212,ITEM-00025489,ORD-0023624,2023-02-20,Changed Mind,734.24
RET-005213,ITEM-00007375,ORD-0017558,2023-10-13,Changed Mind,716.52
RET-005214,ITEM-00059777,ORD-0001222,2024-02-25,WrongItem,122.86
RET-005215,ITEM-00057540,ORD-0004487,2023-04-30,Late Delivery,905.88
RET-005216,ITEM-00043612,ORD-0024065,2024-07-27,Damaged,377.94
RET-005217,ITEM-00040301,ORD-0016260,2023-02-17,WrongItem,859.76
RET-005218,ITEM-00048470,ORD-0012950,2024-09-29,Changed Mind,749.2
RET-005219,ITEM-00022172,ORD-0001848,2022-04-25,Damaged,237.76
RET-005220,ITEM-00039621,ORD-0001708,2022-05-19,Late Delivery,202.1
RET-005221,ITEM-00022183,ORD-0016781,2022-06-02,Changed Mind,32.1
RET-005222,ITEM-00016119,ORD-0018354,2022-05-19,WrongItem,73.05
RET-005223,ITEM-00011961,ORD-0002469,2023-08-30,Late Delivery,366.3
RET-005224,ITEM-00024292,ORD-0014686,2022-06-24,Changed Mind,124.22
RET-005225,ITEM-00021586,ORD-0019217,2022-12-10,Late Delivery,133.77
RET-005226,ITEM-00028224,ORD-0014888,2023-04-01,Not as Described,756.7
RET-005227,ITEM-00059032,ORD-0006898,2024-11-24,Not as Described,17.36
RET-005228,ITEM-00015279,ORD-0023507,2023-08-16,Damaged,64.54
RET-005229,ITEM-00063899,ORD-0017232,2024-11-13,Changed Mind,214.36
RET-005230,ITEM-00010549,ORD-0022730,2023-10-23,Changed Mind,990.96
RET-005231,ITEM-00012921,ORD-0002660,2024-04-24,Not as Described,294.96
RET-005232,ITEM-00026406,ORD-0020333,2023-06-24,WrongItem,24.69
RET-005233,ITEM-00026450,ORD-0022235,2022-06-24,Changed Mind,636.72
RET-005234,ITEM-00060008,ORD-0020564,2023-11-27,WrongItem,706.6
RET-005235,ITEM-00049603,ORD-0020411,2024-04-15,Changed Mind,654.45
RET-005236,ITEM-00056761,ORD-0012685,2024-02-06,Changed Mind,107.32
RET-005237,ITEM-00008832,ORD-0013057,2024-01-29,Changed Mind,1074.7
RET-005238,ITEM-00052458,ORD-0015245,2022-02-16,Not as Described,149.96
RET-005239,ITEM-00054656,ORD-0016407,2023-04-08,WrongItem,678.3
RET-005240,ITEM-00055944,ORD-0012447,2024-08-01,Late Delivery,805.6
RET-005241,ITEM-00033061,ORD-0011988,2023-07-12,WrongItem,667.26
RET-005242,ITEM-00055764,ORD-0011751,2024-03-13,Not as Described,147.14
RET-005243,ITEM-00032729,ORD-0018618,2022-10-26,,38.75
RET-005244,ITEM-00042058,ORD-0004602,2024-11-22,WrongItem,245.37
RET-005245,ITEM-00003389,ORD-0020017,2024-08-11,Not as Described,42.74
RET-005246,ITEM-00044997,ORD-0021521,2023-05-17,WrongItem,209.86
RET-005247,ITEM-00036664,ORD-0017292,2023-01-03,Late Delivery,218.39
RET-005248,ITEM-00046605,ORD-0009599,2023-05-23,WrongItem,591.96
RET-005249,ITEM-00017357,ORD-0020766,2023-10-20,Changed Mind,859.28
RET-005250,ITEM-00021897,ORD-0005172,2022-10-14,WrongItem,201.71
RET-005251,ITEM-00014266,ORD-0000846,2024-02-06,Damaged,83.6
RET-005252,ITEM-00067252,ORD-0000243,2023-08-03,Damaged,59.4
RET-005253,ITEM-00007165,ORD-0020195,2022-02-22,WrongItem,47.18
RET-005254,ITEM-00058548,ORD-0000315,2022-10-26,Damaged,106.05
RET-005255,ITEM-00005371,ORD-0001366,2023-12-29,WrongItem,98.48
RET-005256,ITEM-00029395,ORD-0022744,2023-12-22,Late Delivery,405.48
RET-005257,ITEM-00004722,ORD-0022967,2024-12-30,Not as Described,15.33
RET-005258,ITEM-00041894,ORD-0016298,2022-04-28,Not as Described,589.0
RET-005259,ITEM-00044597,ORD-0015432,2023-09-23,Damaged,683.13
RET-005260,ITEM-00042236,ORD-0011992,2022-11-11,WrongItem,217.96
RET-005261,ITEM-00003829,ORD-0015223,2023-07-21,Damaged,643.68
RET-005262,ITEM-00029278,ORD-0010325,2023-06-13,Changed Mind,429.66
RET-005263,ITEM-00008895,ORD-0024286,2023-06-23,WrongItem,350.35
RET-005264,ITEM-00049429,ORD-0001518,2022-11-06,Not as Described,526.6
RET-005265,ITEM-00049074,ORD-0004440,2022-02-07,Not as Described,102.8
RET-005266,ITEM-00049425,ORD-0021745,2024-07-14,Not as Described,203.6
RET-005267,ITEM-00005494,ORD-0008346,2024-02-11,Damaged,119.63
RET-005268,ITEM-00044139,ORD-0000156,2024-09-12,WrongItem,351.9
RET-005269,ITEM-00007949,ORD-0003662,2024-06-06,WrongItem,95.48
RET-005270,ITEM-00015466,ORD-0017739,2023-12-13,WrongItem,1227.05
RET-005271,ITEM-00063506,ORD-0010705,2022-10-25,WrongItem,50.51
RET-005272,ITEM-00034589,ORD-0007661,2022-12-12,WrongItem,139.7
RET-005273,ITEM-00039274,ORD-0011936,2024-06-16,Damaged,123.68
RET-005274,ITEM-00044239,ORD-0017285,2023-07-03,Damaged,354.16
RET-005275,ITEM-00048363,ORD-0014468,2022-06-06,WrongItem,189.85
RET-005276,ITEM-00052074,ORD-0022074,2022-08-14,Not as Described,9.01
RET-005277,ITEM-00057802,ORD-0007707,2024-04-08,Changed Mind,199.06
RET-005278,ITEM-00021940,ORD-0019238,2022-01-19,WrongItem,355.88
RET-005279,ITEM-00065637,ORD-0005693,2022-10-18,Changed Mind,109.25
RET-005280,ITEM-00020174,ORD-0011061,2024-12-04,Late Delivery,125.36
RET-005281,ITEM-00063704,ORD-0008717,2022-04-20,Not as Described,172.4
RET-005282,ITEM-00021517,ORD-0016369,2023-04-05,Damaged,722.25
RET-005283,ITEM-00066730,ORD-0017307,2022-08-09,WrongItem,424.6
RET-005284,ITEM-00026780,ORD-0005616,2022-10-28,Changed Mind,192.92
RET-005285,ITEM-00007620,ORD-0000616,2024-12-09,Damaged,1192.9
RET-005286,ITEM-00000273,ORD-0019980,2023-07-30,Damaged,609.48
RET-005287,ITEM-00045509,ORD-0004659,2024-09-30,Damaged,424.9
RET-005288,ITEM-00032853,ORD-0013413,2022-02-11,Late Delivery,116.06
RET-005289,ITEM-00048376,ORD-0005536,2024-03-06,Damaged,513.72
RET-005290,ITEM-00004429,ORD-0018266,2023-02-20,Late Delivery,288.39
RET-005291,ITEM-00023012,ORD-0020325,2023-02-28,Late Delivery,104.88
RET-005292,ITEM-00001862,ORD-0004036,2024-04-26,Not as Described,589.2
RET-005293,ITEM-00022708,ORD-0012423,2023-07-30,Not as Described,49.02
RET-005294,ITEM-00006352,ORD-0013589,2024-12-05,Changed Mind,47.44
RET-005295,ITEM-00021019,ORD-0009569,2024-08-08,WrongItem,133.72
RET-005296,ITEM-00045867,ORD-0012540,2022-09-24,Not as Described,782.1
RET-005297,ITEM-00041634,ORD-0003934,2022-05-17,Not as Described,183.95
RET-005298,ITEM-00023909,ORD-0017993,2023-01-03,Not as Described,493.56
RET-005299,ITEM-00050936,ORD-0024618,2022-03-26,Changed Mind,834.9
RET-005300,ITEM-00013113,ORD-0012445,2022-06-14,Changed Mind,73.02
RET-005301,ITEM-00049576,ORD-0024021,2022-10-19,Changed Mind,57.75
RET-005302,ITEM-00055342,ORD-0012989,2024-04-22,Damaged,223.39
RET-005303,ITEM-00005960,ORD-0018511,2024-02-05,WrongItem,147.69
RET-005304,ITEM-00003893,ORD-0002752,2025-01-04,Not as Described,810.96
RET-005305,ITEM-00034140,ORD-0019535,2022-08-05,Damaged,500.12
RET-005306,ITEM-00042323,ORD-0017205,2022-03-03,Late Delivery,286.86
RET-005307,ITEM-00047538,ORD-0002549,2024-09-30,Late Delivery,81.14
RET-005308,ITEM-00013731,ORD-0004932,2023-05-06,Not as Described,525.16
RET-005309,ITEM-00048505,ORD-0016141,2023-07-17,Late Delivery,500.2
RET-005310,ITEM-00024630,ORD-0020128,2022-06-03,Not as Described,79.52
RET-005311,ITEM-00038518,ORD-0006221,2024-06-21,Late Delivery,35.26
RET-005312,ITEM-00007129,ORD-0024274,2022-07-26,WrongItem,18.62
RET-005313,ITEM-00022950,ORD-0000192,2024-08-26,Damaged,58.55
RET-005314,ITEM-00048513,ORD-0020091,2022-03-01,Damaged,1201.65
RET-005315,ITEM-00008862,ORD-0007660,2022-02-19,WrongItem,292.74
RET-005316,ITEM-00034152,ORD-0019030,2022-09-13,Changed Mind,135.83
RET-005317,ITEM-00059444,ORD-0022281,2023-07-19,Late Delivery,585.8
RET-005318,ITEM-00019936,ORD-0008644,2022-04-26,Not as Described,242.64
RET-005319,ITEM-00039695,ORD-0011744,2023-05-03,Damaged,382.65
RET-005320,ITEM-00049785,ORD-0001802,2023-05-31,WrongItem,736.32
RET-005321,ITEM-00031306,ORD-0019242,2023-01-29,Changed Mind,290.61
RET-005322,ITEM-00017798,ORD-0002459,2023-01-11,Damaged,139.86
RET-005323,ITEM-00042897,ORD-0000568,2024-06-04,Changed Mind,359.14
RET-005324,ITEM-00023981,ORD-0006426,2024-11-21,Not as Described,181.38
RET-005325,ITEM-00056120,ORD-0021922,2022-03-12,Late Delivery,145.14
RET-005326,ITEM-00044176,ORD-0005764,2022-06-01,Changed Mind,341.56
RET-005327,ITEM-00012206,ORD-0000681,2022-09-06,Late Delivery,76.26
RET-005328,ITEM-00068026,ORD-0004836,2023-03-03,Changed Mind,229.55
RET-005329,ITEM-00031963,ORD-0008964,2022-04-03,WrongItem,207.94
RET-005330,ITEM-00030522,ORD-0009636,2022-06-24,Changed Mind,356.31
RET-005331,ITEM-00023338,ORD-0002903,2024-03-22,Changed Mind,258.3
RET-005332,ITEM-00016785,,2023-04-14,Late Delivery,332.74
RET-005333,ITEM-00054467,ORD-0010211,2022-09-19,WrongItem,498.72
RET-005334,ITEM-00040824,ORD-0012157,2022-07-27,Changed Mind,781.6
RET-005335,ITEM-00025338,ORD-0019114,2022-07-14,Changed Mind,136.0
RET-005336,ITEM-00031682,ORD-0015570,2022-09-02,Damaged,785.88
RET-005337,ITEM-00036094,ORD-0011019,2022-05-09,WrongItem,433.59
RET-005338,ITEM-00010712,ORD-0023675,2024-06-27,Changed Mind,643.32
RET-005339,ITEM-00016851,ORD-0014126,2025-03-21,Damaged,241.5
RET-005340,ITEM-00068064,ORD-0016121,2024-05-24,WrongItem,350.95
RET-005341,ITEM-00004924,ORD-0011968,2024-12-26,Changed Mind,758.24
RET-005342,ITEM-00019664,ORD-0003524,2024-05-20,WrongItem,812.96
RET-005343,ITEM-00060037,ORD-0020151,2022-02-01,WrongItem,335.24
RET-005344,ITEM-00016092,ORD-0015650,2023-09-08,WrongItem,47.71
RET-005345,ITEM-00064460,ORD-0024542,2024-03-21,Changed Mind,1220.1
RET-005346,ITEM-00043122,ORD-0011253,2024-05-07,Changed Mind,211.9
RET-005347,ITEM-00049417,ORD-0009815,2023-11-08,WrongItem,67.58
RET-005348,ITEM-00009328,ORD-0008983,2023-09-01,Late Delivery,416.49
RET-005349,ITEM-00045068,ORD-0006298,2024-10-03,Late Delivery,341.6
RET-005350,ITEM-00024956,ORD-0013541,2024-10-01,Damaged,1145.4
RET-005351,ITEM-00034490,ORD-0012982,2022-12-12,Changed Mind,137.55
RET-005352,ITEM-00024825,ORD-0021268,2022-06-11,Changed Mind,674.19
RET-005353,ITEM-00008524,ORD-0024460,2023-01-10,Damaged,316.83
RET-005354,ITEM-00050291,ORD-0017597,2023-03-13,WrongItem,381.22
RET-005355,ITEM-00024674,ORD-0017941,2023-08-22,Late Delivery,771.08
RET-005356,ITEM-00069745,ORD-0013011,2024-05-18,Not as Described,755.9
RET-005357,ITEM-00010534,ORD-0022463,2022-08-15,Late Delivery,470.72
RET-005358,ITEM-00029049,ORD-0019096,2023-07-02,Damaged,185.88
RET-005359,ITEM-00029559,ORD-0007946,2023-02-22,WrongItem,178.14
RET-005360,ITEM-00013694,ORD-0012850,2023-12-25,Not as Described,1216.0
RET-005361,ITEM-00033754,ORD-0008220,2023-04-29,Late Delivery,348.06
RET-005362,ITEM-00015062,ORD-0018476,2024-09-17,Late Delivery,278.54
RET-005363,ITEM-00060921,ORD-0005096,2022-06-05,Not as Described,411.9
RET-005364,ITEM-00026977,ORD-0009627,2022-06-28,WrongItem,58.7
RET-005365,ITEM-00033627,ORD-0006003,2022-05-22,Changed Mind,157.92
RET-005366,ITEM-00053134,ORD-0021427,2025-01-27,Changed Mind,479.82
RET-005367,ITEM-00022479,ORD-0007047,2024-07-25,WrongItem,147.34
RET-005368,ITEM-00020296,ORD-0024217,2022-07-06,WrongItem,247.99
RET-005369,ITEM-00065079,ORD-0009425,2023-04-20,Damaged,22.36
RET-005370,ITEM-00046248,ORD-0018750,2023-01-24,Not as Described,323.7
RET-005371,ITEM-00041937,ORD-0005292,2022-08-16,WrongItem,291.95
RET-005372,ITEM-00001200,ORD-0006650,2024-05-22,WrongItem,1155.9
RET-005373,ITEM-00026594,ORD-0023241,2022-03-04,Late Delivery,332.02
RET-005374,ITEM-00040578,ORD-0009662,2023-08-27,Late Delivery,290.73
RET-005375,ITEM-00064612,ORD-0007779,2023-06-01,Damaged,187.45
RET-005376,ITEM-00002737,ORD-0002421,2022-06-18,Changed Mind,13.75
RET-005377,ITEM-00015965,ORD-0005960,2023-07-03,Late Delivery,209.04
RET-005378,ITEM-00034710,ORD-0010662,2022-03-02,WrongItem,150.78
RET-005379,ITEM-00037856,ORD-0016064,2023-05-24,Late Delivery,200.96
RET-005380,ITEM-00018175,ORD-0004368,2023-12-29,Not as Described,162.6
RET-005381,ITEM-00063277,ORD-0014676,2023-07-13,Changed Mind,118.4
RET-005382,ITEM-00047625,ORD-0008572,2022-08-29,Changed Mind,562.04
RET-005383,ITEM-00011230,ORD-0019451,2022-09-29,Damaged,810.48
RET-005384,ITEM-00044372,ORD-0012241,2022-06-11,Changed Mind,198.17
RET-005385,ITEM-00031426,ORD-0007052,2024-05-16,Late Delivery,480.45
RET-005386,ITEM-00042038,ORD-0004861,2023-09-05,Changed Mind,873.92
RET-005387,ITEM-00055065,ORD-0019297,2022-07-11,Late Delivery,999.0
RET-005388,ITEM-00023589,ORD-0003634,2023-01-22,Changed Mind,543.9
RET-005389,ITEM-00047357,ORD-0010445,2023-02-22,Not as Described,813.48
RET-005390,ITEM-00056543,ORD-0011135,2024-06-07,Late Delivery,412.55
RET-005391,ITEM-00055960,ORD-0001269,2023-08-02,Changed Mind,488.74
RET-005392,ITEM-00058706,ORD-0021160,2023-06-01,Damaged,352.8
RET-005393,ITEM-00068924,ORD-0012898,2022-10-21,WrongItem,173.68
RET-005394,ITEM-00064102,ORD-0003710,2022-04-30,WrongItem,1006.2
RET-005395,ITEM-00026940,ORD-0002658,2023-03-06,Late Delivery,122.05
RET-005396,ITEM-00038401,ORD-0023331,2024-02-21,Damaged,200.8
RET-005397,ITEM-00051464,ORD-0002629,2023-12-26,WrongItem,1189.75
RET-005398,ITEM-00046014,ORD-0024526,2024-10-23,WrongItem,191.16
RET-005399,ITEM-00063485,ORD-0020161,2023-05-15,WrongItem,137.5
RET-005400,ITEM-00053818,ORD-0022164,2023-04-28,Damaged,179.4
RET-005401,ITEM-00027550,ORD-0001800,2022-01-30,Late Delivery,594.33
RET-005402,ITEM-00066854,ORD-0014243,2022-09-17,Late Delivery,538.41
RET-005403,ITEM-00037217,ORD-0022475,2024-11-25,Late Delivery,623.12
RET-005404,ITEM-00067180,ORD-0006505,2023-04-25,Changed Mind,16.1
RET-005405,ITEM-00055678,ORD-0001672,2024-03-17,Damaged,223.32
RET-005406,ITEM-00059255,ORD-0005651,2022-06-03,Changed Mind,39.08
RET-005407,ITEM-00012348,ORD-0019281,2024-09-01,Damaged,247.71
RET-005408,ITEM-00025165,ORD-0013593,2022-12-13,Changed Mind,713.28
RET-005409,ITEM-00029463,ORD-0013326,2024-06-09,Damaged,157.47
RET-005410,ITEM-00026660,ORD-0022952,2022-12-24,Damaged,792.28
RET-005411,ITEM-00003074,ORD-0017848,2023-06-04,WrongItem,188.05
RET-005412,ITEM-00020710,ORD-0010809,2024-04-07,Late Delivery,80.6
RET-005413,ITEM-00049808,ORD-0018156,2024-08-14,Changed Mind,307.5
RET-005414,ITEM-00009107,ORD-0006543,2024-03-08,Changed Mind,48.65
RET-005415,ITEM-00055398,ORD-0005257,2022-02-16,Late Delivery,43.55
RET-005416,ITEM-00024771,ORD-0018286,2024-04-20,Changed Mind,536.82
RET-005417,ITEM-00038915,ORD-0007999,2023-03-05,Changed Mind,459.5
RET-005418,ITEM-00065911,ORD-0011024,2022-01-19,Damaged,211.04
RET-005419,ITEM-00066012,ORD-0021276,2022-06-11,Late Delivery,13.69
RET-005420,ITEM-00001224,ORD-0001359,2024-03-30,Damaged,754.9
RET-005421,ITEM-00062451,ORD-0015929,2023-04-12,Late Delivery,448.48
RET-005422,ITEM-00050672,ORD-0018386,2022-11-21,Damaged,268.24
RET-005423,ITEM-00062539,ORD-0015124,2023-02-25,Late Delivery,205.14
RET-005424,ITEM-00018108,ORD-0011670,2023-04-24,Late Delivery,889.3
RET-005425,ITEM-00005623,ORD-0018287,2024-09-19,Not as Described,471.76
RET-005426,ITEM-00043098,ORD-0024865,2023-11-04,WrongItem,227.64
RET-005427,ITEM-00032706,ORD-0013911,2024-02-18,Changed Mind,564.51
RET-005428,ITEM-00055062,ORD-0001691,2022-05-22,Changed Mind,372.3
RET-005429,ITEM-00017075,ORD-0016793,2023-06-04,Damaged,807.28
RET-005430,ITEM-00066322,ORD-0012372,2024-04-18,Late Delivery,1078.2
RET-005431,ITEM-00057908,ORD-0017236,2023-07-14,WrongItem,946.0
RET-005432,ITEM-00015577,ORD-0011646,2022-03-10,WrongItem,95.54
RET-005433,ITEM-00012174,ORD-0005700,2023-12-13,Changed Mind,522.65
RET-005434,ITEM-00037314,ORD-0019068,2024-05-13,Late Delivery,135.36
RET-005435,ITEM-00065687,ORD-0021362,2022-06-15,Late Delivery,268.44
RET-005436,ITEM-00015192,ORD-0000878,2023-09-18,Damaged,35.1
RET-005437,ITEM-00024576,ORD-0019902,2024-05-20,Late Delivery,699.25
RET-005438,ITEM-00030299,ORD-0021325,2023-01-17,Damaged,964.72
RET-005439,ITEM-00024905,ORD-0001296,2022-11-21,Late Delivery,189.71
RET-005440,ITEM-00027026,ORD-0006630,2022-12-29,Changed Mind,179.72
RET-005441,ITEM-00000789,ORD-0003470,2023-02-02,Damaged,788.72
RET-005442,ITEM-00010092,ORD-0004663,2024-11-06,Changed Mind,502.75
RET-005443,ITEM-00066230,ORD-0009203,2023-02-08,Damaged,242.38
RET-005444,ITEM-00008657,ORD-0020058,2023-10-25,Damaged,949.1
RET-005445,ITEM-00041354,ORD-0019251,2022-12-27,Damaged,450.35
RET-005446,ITEM-00058802,ORD-0024572,2024-06-25,WrongItem,199.14
RET-005447,ITEM-00059596,ORD-0006287,2024-08-25,Changed Mind,215.0
RET-005448,ITEM-00045043,ORD-0005590,2024-02-13,Damaged,111.36
RET-005449,ITEM-00034979,ORD-0015406,2024-03-31,Damaged,289.34
RET-005450,ITEM-00015171,ORD-0024571,2022-04-29,Not as Described,223.8
RET-005451,ITEM-00060283,ORD-0015337,2024-09-25,Changed Mind,139.62
RET-005452,ITEM-00032596,ORD-0001523,2023-07-26,Not as Described,368.1
RET-005453,ITEM-00016462,ORD-0013491,2023-11-19,Not as Described,183.51
RET-005454,ITEM-00029862,ORD-0015252,2024-05-08,Not as Described,194.77
RET-005455,ITEM-00030418,ORD-0011297,2023-09-03,WrongItem,570.51
RET-005456,ITEM-00007871,ORD-0019778,2023-07-22,Damaged,258.6
RET-005457,ITEM-00051040,ORD-0015699,2022-08-20,Damaged,163.07
RET-005458,ITEM-00055564,ORD-0014811,2023-03-31,Damaged,597.7
RET-005459,ITEM-00032804,ORD-0016711,2022-08-05,Damaged,12.65
RET-005460,ITEM-00039933,ORD-0016510,2023-06-20,Late Delivery,405.72
RET-005461,ITEM-00056913,,2022-06-11,WrongItem,697.04
RET-005462,ITEM-00010913,ORD-0011231,2023-09-15,Not as Described,69.87
RET-005463,ITEM-00043349,ORD-0022361,2022-09-19,Not as Described,103.14
RET-005464,ITEM-00044311,ORD-0017457,2024-08-02,Late Delivery,136.64
RET-005465,ITEM-00054103,ORD-0009220,2022-01-29,Changed Mind,232.38
RET-005466,ITEM-00059364,ORD-0008501,2022-11-19,Not as Described,358.83
RET-005467,ITEM-00025387,ORD-0003527,2023-05-27,Not as Described,632.34
RET-005468,ITEM-00022540,ORD-0015654,2024-12-02,WrongItem,70.14
RET-005469,ITEM-00010840,ORD-0022726,2023-09-12,WrongItem,160.86
RET-005470,ITEM-00044225,ORD-0016658,2024-02-11,Damaged,474.14
RET-005471,ITEM-00067845,ORD-0020093,2022-05-21,Damaged,96.36
RET-005472,ITEM-00010970,ORD-0023164,2024-10-18,Late Delivery,525.57
RET-005473,ITEM-00036278,ORD-0010346,2023-11-03,Changed Mind,340.9
RET-005474,ITEM-00055119,ORD-0001718,2023-05-19,Late Delivery,411.35
RET-005475,ITEM-00015891,ORD-0000112,2022-07-16,WrongItem,520.05
RET-005476,ITEM-00027475,ORD-0019364,2024-02-08,Changed Mind,435.94
RET-005477,ITEM-00030650,ORD-0002407,2022-07-03,Late Delivery,202.12
RET-005478,ITEM-00059629,ORD-0020914,2024-03-02,Late Delivery,466.12
RET-005479,ITEM-00048628,ORD-0007812,2023-03-29,Late Delivery,213.55
RET-005480,ITEM-00003100,ORD-0017980,2023-09-24,Damaged,482.01
RET-005481,ITEM-00001904,ORD-0020780,2024-08-19,Not as Described,278.08
RET-005482,ITEM-00001680,ORD-0021008,2023-01-13,Changed Mind,672.0
RET-005483,ITEM-00047109,ORD-0006377,2022-01-26,Late Delivery,462.78
RET-005484,ITEM-00063526,ORD-0023227,2022-11-30,Not as Described,62.28
RET-005485,ITEM-00046251,ORD-0006304,2024-01-22,Damaged,14.13
RET-005486,ITEM-00043524,ORD-0020412,2023-05-07,Not as Described,188.7
RET-005487,ITEM-00052699,ORD-0016173,2022-10-28,Late Delivery,746.04
RET-005488,ITEM-00065080,ORD-0002501,2022-10-18,Changed Mind,486.25
RET-005489,ITEM-00050411,ORD-0005984,2024-04-08,WrongItem,265.14
RET-005490,ITEM-00009580,ORD-0006169,2024-02-18,Changed Mind,637.89
RET-005491,ITEM-00011866,ORD-0008870,2024-01-09,Changed Mind,79.45
RET-005492,ITEM-00030486,ORD-0021505,2022-12-16,Damaged,695.9
RET-005493,ITEM-00011018,ORD-0019895,2024-10-04,Damaged,77.85
RET-005494,ITEM-00017022,ORD-0014600,2022-09-02,,198.18
RET-005495,ITEM-00003944,ORD-0014979,2023-02-13,Changed Mind,449.78
RET-005496,ITEM-00043078,ORD-0001937,2022-10-31,Not as Described,110.53
RET-005497,ITEM-00053246,ORD-0017926,2022-10-27,WrongItem,46.67
RET-005498,ITEM-00065734,ORD-0002185,2024-08-19,WrongItem,212.15
RET-005499,ITEM-00067438,ORD-0001550,2023-10-28,Changed Mind,203.2
RET-005500,ITEM-00005672,ORD-0011831,2022-04-12,Changed Mind,472.7
RET-005501,ITEM-00043931,ORD-0009797,2024-02-21,Late Delivery,585.18
RET-005502,ITEM-00056514,ORD-0002352,2024-05-20,Late Delivery,745.2
RET-005503,ITEM-00011135,ORD-0005211,2023-02-06,Changed Mind,283.1
RET-005504,ITEM-00061933,ORD-0004576,2024-02-24,Not as Described,271.17
RET-005505,ITEM-00009590,ORD-0006128,2023-07-06,Damaged,21.1
RET-005506,ITEM-00010310,ORD-0023677,2024-06-03,WrongItem,947.75
RET-005507,ITEM-00024361,ORD-0013758,2023-06-02,Late Delivery,140.76
RET-005508,ITEM-00068770,ORD-0019568,2024-07-10,Changed Mind,158.55
RET-005509,ITEM-00051847,ORD-0022625,2023-02-06,Damaged,37.34
RET-005510,ITEM-00039025,ORD-0013796,2023-05-04,Not as Described,228.9
RET-005511,ITEM-00029816,ORD-0008152,2023-05-05,Late Delivery,499.8
RET-005512,ITEM-00047889,ORD-0019852,2022-05-27,Late Delivery,88.62
RET-005513,ITEM-00019578,ORD-0017741,2023-06-17,Damaged,26.4
RET-005514,ITEM-00027994,ORD-0012279,2024-08-16,Not as Described,549.44
RET-005515,ITEM-00046766,ORD-0002952,2024-07-21,Changed Mind,1225.7
RET-005516,ITEM-00014108,ORD-0003213,2024-08-11,Late Delivery,583.96
RET-005517,ITEM-00050363,ORD-0001821,2022-03-27,Damaged,34.16
RET-005518,ITEM-00011963,ORD-0005801,2023-10-29,WrongItem,677.22
RET-005519,ITEM-00036727,ORD-0021798,2024-10-31,Changed Mind,654.81
RET-005520,ITEM-00037315,ORD-0002272,2023-03-02,Not as Described,235.92
RET-005521,ITEM-00009092,ORD-0016631,2023-02-20,Late Delivery,197.91
RET-005522,ITEM-00061275,ORD-0000836,2022-03-05,Late Delivery,313.78
RET-005523,ITEM-00038940,ORD-0014044,2022-02-20,Late Delivery,235.95
RET-005524,ITEM-00017519,ORD-0000900,2023-06-30,WrongItem,35.64
RET-005525,ITEM-00027521,ORD-0013032,2022-11-02,Late Delivery,369.88
RET-005526,ITEM-00019647,ORD-0014845,2024-09-30,Not as Described,948.12
RET-005527,ITEM-00003653,ORD-0023952,2023-09-03,WrongItem,599.05
RET-005528,ITEM-00021032,ORD-0007155,2022-03-05,Late Delivery,107.52
RET-005529,ITEM-00030231,ORD-0006723,2024-08-06,Damaged,149.68
RET-005530,ITEM-00053124,ORD-0018306,2025-01-07,Changed Mind,789.84
RET-005531,ITEM-00053107,ORD-0012780,2024-03-12,Changed Mind,438.15
RET-005532,ITEM-00000409,ORD-0019004,2023-07-20,WrongItem,7.09
RET-005533,ITEM-00031002,ORD-0023304,2022-04-25,Not as Described,905.65
RET-005534,ITEM-00063798,ORD-0024887,2022-09-04,Late Delivery,522.57
RET-005535,ITEM-00031796,ORD-0005350,2024-10-03,Damaged,110.3
RET-005536,ITEM-00069188,ORD-0020902,2023-03-22,Damaged,610.47
RET-005537,ITEM-00067229,ORD-0007289,2022-03-28,WrongItem,181.0
RET-005538,ITEM-00021537,ORD-0014212,2023-06-25,Not as Described,41.98
RET-005539,ITEM-00059000,ORD-0016672,2024-07-13,Changed Mind,203.36
RET-005540,ITEM-00045697,ORD-0020903,2023-06-04,Damaged,666.4
RET-005541,ITEM-00044061,ORD-0001296,2024-06-01,Late Delivery,556.26
RET-005542,ITEM-00059969,ORD-0008089,2023-01-20,Late Delivery,300.38
RET-005543,ITEM-00048867,ORD-0005704,2022-01-18,Changed Mind,745.8
RET-005544,ITEM-00017015,ORD-0003515,2023-01-20,Not as Described,711.12
RET-005545,ITEM-00007144,ORD-0008032,2022-05-24,WrongItem,29.99
RET-005546,ITEM-00044167,ORD-0018164,2022-04-09,Not as Described,780.84
RET-005547,ITEM-00025993,ORD-0020751,2022-04-21,WrongItem,33.4
RET-005548,ITEM-00010615,ORD-0004812,2024-03-07,Late Delivery,924.3
RET-005549,ITEM-00022652,ORD-0021947,2023-06-17,Changed Mind,897.88
RET-005550,ITEM-00018782,ORD-0007103,2024-07-13,Late Delivery,60.48
RET-005551,ITEM-00020042,ORD-0014026,2023-02-05,Not as Described,115.27
RET-005552,ITEM-00010366,ORD-0010690,2023-06-10,Late Delivery,479.24
RET-005553,ITEM-00061316,ORD-0016898,2022-08-27,Not as Described,472.85
RET-005554,ITEM-00022996,ORD-0009549,2023-04-06,WrongItem,451.88
RET-005555,ITEM-00035511,ORD-0011163,2023-06-27,Late Delivery,295.08
RET-005556,ITEM-00002089,ORD-0024709,2024-01-03,Changed Mind,202.29
RET-005557,ITEM-00047724,ORD-0010731,2024-11-30,Not as Described,681.87
RET-005558,ITEM-00063415,ORD-0003825,2022-04-04,WrongItem,55.85
RET-005559,ITEM-00028666,ORD-0014835,2022-06-27,Damaged,67.08
RET-005560,ITEM-00010953,ORD-0016238,2023-09-09,WrongItem,78.52
RET-005561,ITEM-00008070,ORD-0020937,2023-12-12,Damaged,227.18
RET-005562,ITEM-00046336,ORD-0021419,2024-10-07,Changed Mind,1017.2
RET-005563,ITEM-00042360,ORD-0014641,2024-09-26,WrongItem,79.16
RET-005564,ITEM-00036145,ORD-0004075,2023-01-26,Changed Mind,470.58
RET-005565,ITEM-00024900,ORD-0019148,2022-10-26,Changed Mind,347.49
RET-005566,ITEM-00012554,ORD-0022247,2023-08-02,Late Delivery,1120.3
RET-005567,ITEM-00054341,ORD-0017845,2024-12-01,Changed Mind,213.99
RET-005568,ITEM-00067433,ORD-0023642,2023-06-15,WrongItem,650.04
RET-005569,ITEM-00068841,ORD-0001237,2023-10-12,Damaged,368.9
RET-005570,ITEM-00056970,ORD-0015472,2024-06-14,Damaged,659.92
RET-005571,ITEM-00020782,ORD-0009906,2024-06-18,Not as Described,62.73
RET-005572,ITEM-00063863,ORD-0004756,2023-12-10,Late Delivery,437.12
RET-005573,ITEM-00064564,ORD-0016398,2023-12-08,Late Delivery,315.87
RET-005574,ITEM-00055593,ORD-0007483,2023-08-27,Changed Mind,130.14
RET-005575,ITEM-00055531,ORD-0023421,2022-03-09,Late Delivery,633.54
RET-005576,ITEM-00033845,ORD-0013367,2023-02-25,Changed Mind,486.54
RET-005577,ITEM-00069073,ORD-0003749,2023-11-12,Changed Mind,478.65
RET-005578,ITEM-00003310,ORD-0003545,2023-01-13,Not as Described,179.99
RET-005579,ITEM-00049660,ORD-0020288,2023-09-20,Damaged,479.7
RET-005580,ITEM-00064513,ORD-0022045,2023-12-26,Changed Mind,428.64
RET-005581,ITEM-00022400,ORD-0023006,2025-03-21,Late Delivery,831.88
RET-005582,ITEM-00021493,ORD-0013528,2022-05-16,Damaged,161.23
RET-005583,ITEM-00000615,ORD-0002232,2023-01-11,WrongItem,971.2
RET-005584,ITEM-00027140,ORD-0007266,2024-11-13,Damaged,129.0
RET-005585,ITEM-00030064,ORD-0011116,2024-06-19,Damaged,300.6
RET-005586,ITEM-00016336,ORD-0022496,2022-10-18,Changed Mind,137.66
RET-005587,ITEM-00062980,ORD-0017769,2022-09-21,Not as Described,396.12
RET-005588,ITEM-00033112,ORD-0012376,2024-12-24,Damaged,316.7
RET-005589,ITEM-00027232,ORD-0011853,2024-03-05,Late Delivery,1137.75
RET-005590,ITEM-00034852,ORD-0001920,2022-07-06,Not as Described,660.16
RET-005591,ITEM-00066896,ORD-0016026,2023-11-04,Not as Described,339.16
RET-005592,ITEM-00040791,ORD-0001816,2023-03-14,Damaged,128.99
RET-005593,ITEM-00012957,ORD-0009569,2024-03-17,Late Delivery,384.05
RET-005594,ITEM-00047720,ORD-0013506,2024-08-26,Late Delivery,304.26
RET-005595,ITEM-00043958,ORD-0007055,2024-07-05,Changed Mind,303.8
RET-005596,ITEM-00008465,ORD-0021396,2022-02-07,WrongItem,470.46
RET-005597,ITEM-00003492,ORD-0001551,2024-03-18,Late Delivery,240.87
RET-005598,ITEM-00034529,ORD-0020715,2023-10-27,Changed Mind,211.67
RET-005599,ITEM-00068614,ORD-0004548,2022-08-24,Not as Described,610.53
RET-005600,ITEM-00026983,ORD-0021495,2025-01-11,Not as Described,904.1
RET-001584,ITEM-00056222,ORD-0006989,2024-07-20,WrongItem,781.0
RET-001370,ITEM-00010834,ORD-0012144,2022-06-23,Not as Described,443.9
RET-001903,ITEM-00011045,ORD-0009234,2022-05-16,Changed Mind,299.52
RET-000641,ITEM-00016051,ORD-0015206,2023-06-11,WrongItem,802.92
RET-001103,ITEM-00065024,ORD-0016745,2024-07-04,Damaged,97.99
RET-004717,ITEM-00039708,ORD-0003479,2024-07-19,Damaged,245.28
RET-000145,ITEM-00030642,ORD-0005557,2022-05-30,Changed Mind,37.36
RET-004253,ITEM-00039725,ORD-0006073,2023-05-27,Damaged,434.68
RET-001583,ITEM-00047567,ORD-0000498,2022-11-10,WrongItem,778.24
RET-001329,ITEM-00062958,ORD-0022191,2023-02-19,Changed Mind,14.96
RET-001955,ITEM-00006900,ORD-0021394,2022-03-15,Damaged,646.72
RET-004119,ITEM-00033813,ORD-0008941,2024-02-16,WrongItem,65.28
RET-001596,ITEM-00045004,ORD-0018929,2022-12-06,Damaged,135.96
RET-005379,ITEM-00037856,ORD-0016064,2023-05-24,Late Delivery,200.96
RET-002980,ITEM-00043143,ORD-0008644,2023-11-18,Late Delivery,105.04
RET-002729,ITEM-00031702,ORD-0022080,2024-11-09,Not as Described,98.61
RET-002355,ITEM-00004763,ORD-0006893,2024-12-11,WrongItem,84.32
RET-001406,ITEM-00068317,ORD-0003703,2023-10-19,Late Delivery,644.1
RET-003050,ITEM-00005991,ORD-0004569,2022-02-12,Late Delivery,265.66
RET-005075,ITEM-00016249,ORD-0015647,2022-11-05,WrongItem,742.11
RET-001234,ITEM-00009497,ORD-0020421,2024-09-17,Late Delivery,140.15
RET-002332,ITEM-00021461,ORD-0017046,2023-03-24,Not as Described,430.52
RET-001601,ITEM-00022310,ORD-0007067,2024-12-08,Damaged,33.95
RET-002931,ITEM-00058971,ORD-0011759,2022-05-28,Changed Mind,693.72
RET-005380,ITEM-00018175,ORD-0004368,2023-12-29,Not as Described,162.6
RET-001860,ITEM-00034073,ORD-0007696,2024-02-09,Damaged,251.68
RET-000690,ITEM-00000517,ORD-0018071,2023-08-24,Changed Mind,675.48
RET-000694,ITEM-00009355,ORD-0013288,2024-01-04,Damaged,499.44
RET-000528,ITEM-00051123,ORD-0007482,2024-09-15,Changed Mind,973.64
RET-001051,ITEM-00035919,ORD-0006869,2022-09-28,WrongItem,1231.3
